reference_date,target,horizon,target_end_date,location,output_type,output_type_id,value
2026-10-10,wk inc rsv hosp,-1,2026-10-03,01,quantile,0.01,2
2026-10-10,wk inc rsv hosp,-1,2026-10-03,01,quantile,0.025,6
2026-10-10,wk inc rsv hosp,-1,2026-10-03,01,quantile,0.05,7
2026-10-10,wk inc rsv hosp,-1,2026-10-03,01,quantile,0.1,9
2026-10-10,wk inc rsv hosp,-1,2026-10-03,01,quantile,0.15,10
2026-10-10,wk inc rsv hosp,-1,2026-10-03,01,quantile,0.2,10
2026-10-10,wk inc rsv hosp,-1,2026-10-03,01,quantile,0.25,11
2026-10-10,wk inc rsv hosp,-1,2026-10-03,01,quantile,0.3,12
2026-10-10,wk inc rsv hosp,-1,2026-10-03,01,quantile,0.35,12
2026-10-10,wk inc rsv hosp,-1,2026-10-03,01,quantile,0.4,12
2026-10-10,wk inc rsv hosp,-1,2026-10-03,01,quantile,0.45,12
2026-10-10,wk inc rsv hosp,-1,2026-10-03,01,quantile,0.5,13
2026-10-10,wk inc rsv hosp,-1,2026-10-03,01,quantile,0.55,13
2026-10-10,wk inc rsv hosp,-1,2026-10-03,01,quantile,0.6,14
2026-10-10,wk inc rsv hosp,-1,2026-10-03,01,quantile,0.65,14
2026-10-10,wk inc rsv hosp,-1,2026-10-03,01,quantile,0.7,15
2026-10-10,wk inc rsv hosp,-1,2026-10-03,01,quantile,0.75,16
2026-10-10,wk inc rsv hosp,-1,2026-10-03,01,quantile,0.8,16
2026-10-10,wk inc rsv hosp,-1,2026-10-03,01,quantile,0.85,17
2026-10-10,wk inc rsv hosp,-1,2026-10-03,01,quantile,0.9,19
2026-10-10,wk inc rsv hosp,-1,2026-10-03,01,quantile,0.95,21
2026-10-10,wk inc rsv hosp,-1,2026-10-03,01,quantile,0.975,23
2026-10-10,wk inc rsv hosp,-1,2026-10-03,01,quantile,0.99,28
2026-10-10,wk inc rsv hosp,-1,2026-10-03,02,quantile,0.01,0
2026-10-10,wk inc rsv hosp,-1,2026-10-03,02,quantile,0.025,0
2026-10-10,wk inc rsv hosp,-1,2026-10-03,02,quantile,0.05,1
2026-10-10,wk inc rsv hosp,-1,2026-10-03,02,quantile,0.1,2
2026-10-10,wk inc rsv hosp,-1,2026-10-03,02,quantile,0.15,3
2026-10-10,wk inc rsv hosp,-1,2026-10-03,02,quantile,0.2,3
2026-10-10,wk inc rsv hosp,-1,2026-10-03,02,quantile,0.25,3
2026-10-10,wk inc rsv hosp,-1,2026-10-03,02,quantile,0.3,3
2026-10-10,wk inc rsv hosp,-1,2026-10-03,02,quantile,0.35,4
2026-10-10,wk inc rsv hosp,-1,2026-10-03,02,quantile,0.4,4
2026-10-10,wk inc rsv hosp,-1,2026-10-03,02,quantile,0.45,4
2026-10-10,wk inc rsv hosp,-1,2026-10-03,02,quantile,0.5,5
2026-10-10,wk inc rsv hosp,-1,2026-10-03,02,quantile,0.55,5
2026-10-10,wk inc rsv hosp,-1,2026-10-03,02,quantile,0.6,5
2026-10-10,wk inc rsv hosp,-1,2026-10-03,02,quantile,0.65,6
2026-10-10,wk inc rsv hosp,-1,2026-10-03,02,quantile,0.7,6
2026-10-10,wk inc rsv hosp,-1,2026-10-03,02,quantile,0.75,6
2026-10-10,wk inc rsv hosp,-1,2026-10-03,02,quantile,0.8,7
2026-10-10,wk inc rsv hosp,-1,2026-10-03,02,quantile,0.85,8
2026-10-10,wk inc rsv hosp,-1,2026-10-03,02,quantile,0.9,9
2026-10-10,wk inc rsv hosp,-1,2026-10-03,02,quantile,0.95,10
2026-10-10,wk inc rsv hosp,-1,2026-10-03,02,quantile,0.975,12
2026-10-10,wk inc rsv hosp,-1,2026-10-03,02,quantile,0.99,13
2026-10-10,wk inc rsv hosp,-1,2026-10-03,04,quantile,0.01,0
2026-10-10,wk inc rsv hosp,-1,2026-10-03,04,quantile,0.025,0
2026-10-10,wk inc rsv hosp,-1,2026-10-03,04,quantile,0.05,0
2026-10-10,wk inc rsv hosp,-1,2026-10-03,04,quantile,0.1,1
2026-10-10,wk inc rsv hosp,-1,2026-10-03,04,quantile,0.15,1
2026-10-10,wk inc rsv hosp,-1,2026-10-03,04,quantile,0.2,1
2026-10-10,wk inc rsv hosp,-1,2026-10-03,04,quantile,0.25,2
2026-10-10,wk inc rsv hosp,-1,2026-10-03,04,quantile,0.3,2
2026-10-10,wk inc rsv hosp,-1,2026-10-03,04,quantile,0.35,2
2026-10-10,wk inc rsv hosp,-1,2026-10-03,04,quantile,0.4,2
2026-10-10,wk inc rsv hosp,-1,2026-10-03,04,quantile,0.45,2
2026-10-10,wk inc rsv hosp,-1,2026-10-03,04,quantile,0.5,2
2026-10-10,wk inc rsv hosp,-1,2026-10-03,04,quantile,0.55,3
2026-10-10,wk inc rsv hosp,-1,2026-10-03,04,quantile,0.6,3
2026-10-10,wk inc rsv hosp,-1,2026-10-03,04,quantile,0.65,3
2026-10-10,wk inc rsv hosp,-1,2026-10-03,04,quantile,0.7,3
2026-10-10,wk inc rsv hosp,-1,2026-10-03,04,quantile,0.75,4
2026-10-10,wk inc rsv hosp,-1,2026-10-03,04,quantile,0.8,4
2026-10-10,wk inc rsv hosp,-1,2026-10-03,04,quantile,0.85,5
2026-10-10,wk inc rsv hosp,-1,2026-10-03,04,quantile,0.9,5
2026-10-10,wk inc rsv hosp,-1,2026-10-03,04,quantile,0.95,6
2026-10-10,wk inc rsv hosp,-1,2026-10-03,04,quantile,0.975,7
2026-10-10,wk inc rsv hosp,-1,2026-10-03,04,quantile,0.99,9
2026-10-10,wk inc rsv hosp,-1,2026-10-03,05,quantile,0.01,0
2026-10-10,wk inc rsv hosp,-1,2026-10-03,05,quantile,0.025,0
2026-10-10,wk inc rsv hosp,-1,2026-10-03,05,quantile,0.05,0
2026-10-10,wk inc rsv hosp,-1,2026-10-03,05,quantile,0.1,1
2026-10-10,wk inc rsv hosp,-1,2026-10-03,05,quantile,0.15,1
2026-10-10,wk inc rsv hosp,-1,2026-10-03,05,quantile,0.2,2
2026-10-10,wk inc rsv hosp,-1,2026-10-03,05,quantile,0.25,2
2026-10-10,wk inc rsv hosp,-1,2026-10-03,05,quantile,0.3,2
2026-10-10,wk inc rsv hosp,-1,2026-10-03,05,quantile,0.35,2
2026-10-10,wk inc rsv hosp,-1,2026-10-03,05,quantile,0.4,3
2026-10-10,wk inc rsv hosp,-1,2026-10-03,05,quantile,0.45,3
2026-10-10,wk inc rsv hosp,-1,2026-10-03,05,quantile,0.5,3
2026-10-10,wk inc rsv hosp,-1,2026-10-03,05,quantile,0.55,4
2026-10-10,wk inc rsv hosp,-1,2026-10-03,05,quantile,0.6,4
2026-10-10,wk inc rsv hosp,-1,2026-10-03,05,quantile,0.65,4
2026-10-10,wk inc rsv hosp,-1,2026-10-03,05,quantile,0.7,5
2026-10-10,wk inc rsv hosp,-1,2026-10-03,05,quantile,0.75,5
2026-10-10,wk inc rsv hosp,-1,2026-10-03,05,quantile,0.8,6
2026-10-10,wk inc rsv hosp,-1,2026-10-03,05,quantile,0.85,6
2026-10-10,wk inc rsv hosp,-1,2026-10-03,05,quantile,0.9,7
2026-10-10,wk inc rsv hosp,-1,2026-10-03,05,quantile,0.95,8
2026-10-10,wk inc rsv hosp,-1,2026-10-03,05,quantile,0.975,9
2026-10-10,wk inc rsv hosp,-1,2026-10-03,05,quantile,0.99,11
2026-10-10,wk inc rsv hosp,-1,2026-10-03,06,quantile,0.01,19
2026-10-10,wk inc rsv hosp,-1,2026-10-03,06,quantile,0.025,23
2026-10-10,wk inc rsv hosp,-1,2026-10-03,06,quantile,0.05,24
2026-10-10,wk inc rsv hosp,-1,2026-10-03,06,quantile,0.1,26
2026-10-10,wk inc rsv hosp,-1,2026-10-03,06,quantile,0.15,27
2026-10-10,wk inc rsv hosp,-1,2026-10-03,06,quantile,0.2,28
2026-10-10,wk inc rsv hosp,-1,2026-10-03,06,quantile,0.25,29
2026-10-10,wk inc rsv hosp,-1,2026-10-03,06,quantile,0.3,30
2026-10-10,wk inc rsv hosp,-1,2026-10-03,06,quantile,0.35,31
2026-10-10,wk inc rsv hosp,-1,2026-10-03,06,quantile,0.4,32
2026-10-10,wk inc rsv hosp,-1,2026-10-03,06,quantile,0.45,32
2026-10-10,wk inc rsv hosp,-1,2026-10-03,06,quantile,0.5,33
2026-10-10,wk inc rsv hosp,-1,2026-10-03,06,quantile,0.55,34
2026-10-10,wk inc rsv hosp,-1,2026-10-03,06,quantile,0.6,34
2026-10-10,wk inc rsv hosp,-1,2026-10-03,06,quantile,0.65,35
2026-10-10,wk inc rsv hosp,-1,2026-10-03,06,quantile,0.7,36
2026-10-10,wk inc rsv hosp,-1,2026-10-03,06,quantile,0.75,37
2026-10-10,wk inc rsv hosp,-1,2026-10-03,06,quantile,0.8,38
2026-10-10,wk inc rsv hosp,-1,2026-10-03,06,quantile,0.85,39
2026-10-10,wk inc rsv hosp,-1,2026-10-03,06,quantile,0.9,41
2026-10-10,wk inc rsv hosp,-1,2026-10-03,06,quantile,0.95,44
2026-10-10,wk inc rsv hosp,-1,2026-10-03,06,quantile,0.975,46
2026-10-10,wk inc rsv hosp,-1,2026-10-03,06,quantile,0.99,51
2026-10-10,wk inc rsv hosp,-1,2026-10-03,08,quantile,0.01,0
2026-10-10,wk inc rsv hosp,-1,2026-10-03,08,quantile,0.025,1
2026-10-10,wk inc rsv hosp,-1,2026-10-03,08,quantile,0.05,2
2026-10-10,wk inc rsv hosp,-1,2026-10-03,08,quantile,0.1,2
2026-10-10,wk inc rsv hosp,-1,2026-10-03,08,quantile,0.15,2
2026-10-10,wk inc rsv hosp,-1,2026-10-03,08,quantile,0.2,2
2026-10-10,wk inc rsv hosp,-1,2026-10-03,08,quantile,0.25,2
2026-10-10,wk inc rsv hosp,-1,2026-10-03,08,quantile,0.3,2
2026-10-10,wk inc rsv hosp,-1,2026-10-03,08,quantile,0.35,2
2026-10-10,wk inc rsv hosp,-1,2026-10-03,08,quantile,0.4,2
2026-10-10,wk inc rsv hosp,-1,2026-10-03,08,quantile,0.45,2
2026-10-10,wk inc rsv hosp,-1,2026-10-03,08,quantile,0.5,2
2026-10-10,wk inc rsv hosp,-1,2026-10-03,08,quantile,0.55,2
2026-10-10,wk inc rsv hosp,-1,2026-10-03,08,quantile,0.6,2
2026-10-10,wk inc rsv hosp,-1,2026-10-03,08,quantile,0.65,2
2026-10-10,wk inc rsv hosp,-1,2026-10-03,08,quantile,0.7,2
2026-10-10,wk inc rsv hosp,-1,2026-10-03,08,quantile,0.75,2
2026-10-10,wk inc rsv hosp,-1,2026-10-03,08,quantile,0.8,3
2026-10-10,wk inc rsv hosp,-1,2026-10-03,08,quantile,0.85,3
2026-10-10,wk inc rsv hosp,-1,2026-10-03,08,quantile,0.9,3
2026-10-10,wk inc rsv hosp,-1,2026-10-03,08,quantile,0.95,4
2026-10-10,wk inc rsv hosp,-1,2026-10-03,08,quantile,0.975,5
2026-10-10,wk inc rsv hosp,-1,2026-10-03,08,quantile,0.99,6
2026-10-10,wk inc rsv hosp,-1,2026-10-03,09,quantile,0.01,0
2026-10-10,wk inc rsv hosp,-1,2026-10-03,09,quantile,0.025,0
2026-10-10,wk inc rsv hosp,-1,2026-10-03,09,quantile,0.05,0
2026-10-10,wk inc rsv hosp,-1,2026-10-03,09,quantile,0.1,0
2026-10-10,wk inc rsv hosp,-1,2026-10-03,09,quantile,0.15,1
2026-10-10,wk inc rsv hosp,-1,2026-10-03,09,quantile,0.2,1
2026-10-10,wk inc rsv hosp,-1,2026-10-03,09,quantile,0.25,1
2026-10-10,wk inc rsv hosp,-1,2026-10-03,09,quantile,0.3,1
2026-10-10,wk inc rsv hosp,-1,2026-10-03,09,quantile,0.35,1
2026-10-10,wk inc rsv hosp,-1,2026-10-03,09,quantile,0.4,1
2026-10-10,wk inc rsv hosp,-1,2026-10-03,09,quantile,0.45,1
2026-10-10,wk inc rsv hosp,-1,2026-10-03,09,quantile,0.5,1
2026-10-10,wk inc rsv hosp,-1,2026-10-03,09,quantile,0.55,1
2026-10-10,wk inc rsv hosp,-1,2026-10-03,09,quantile,0.6,1
2026-10-10,wk inc rsv hosp,-1,2026-10-03,09,quantile,0.65,1
2026-10-10,wk inc rsv hosp,-1,2026-10-03,09,quantile,0.7,1
2026-10-10,wk inc rsv hosp,-1,2026-10-03,09,quantile,0.75,2
2026-10-10,wk inc rsv hosp,-1,2026-10-03,09,quantile,0.8,2
2026-10-10,wk inc rsv hosp,-1,2026-10-03,09,quantile,0.85,2
2026-10-10,wk inc rsv hosp,-1,2026-10-03,09,quantile,0.9,2
2026-10-10,wk inc rsv hosp,-1,2026-10-03,09,quantile,0.95,3
2026-10-10,wk inc rsv hosp,-1,2026-10-03,09,quantile,0.975,3
2026-10-10,wk inc rsv hosp,-1,2026-10-03,09,quantile,0.99,4
2026-10-10,wk inc rsv hosp,-1,2026-10-03,10,quantile,0.01,3
2026-10-10,wk inc rsv hosp,-1,2026-10-03,10,quantile,0.025,4
2026-10-10,wk inc rsv hosp,-1,2026-10-03,10,quantile,0.05,4
2026-10-10,wk inc rsv hosp,-1,2026-10-03,10,quantile,0.1,5
2026-10-10,wk inc rsv hosp,-1,2026-10-03,10,quantile,0.15,5
2026-10-10,wk inc rsv hosp,-1,2026-10-03,10,quantile,0.2,5
2026-10-10,wk inc rsv hosp,-1,2026-10-03,10,quantile,0.25,5
2026-10-10,wk inc rsv hosp,-1,2026-10-03,10,quantile,0.3,5
2026-10-10,wk inc rsv hosp,-1,2026-10-03,10,quantile,0.35,6
2026-10-10,wk inc rsv hosp,-1,2026-10-03,10,quantile,0.4,6
2026-10-10,wk inc rsv hosp,-1,2026-10-03,10,quantile,0.45,6
2026-10-10,wk inc rsv hosp,-1,2026-10-03,10,quantile,0.5,6
2026-10-10,wk inc rsv hosp,-1,2026-10-03,10,quantile,0.55,6
2026-10-10,wk inc rsv hosp,-1,2026-10-03,10,quantile,0.6,6
2026-10-10,wk inc rsv hosp,-1,2026-10-03,10,quantile,0.65,7
2026-10-10,wk inc rsv hosp,-1,2026-10-03,10,quantile,0.7,7
2026-10-10,wk inc rsv hosp,-1,2026-10-03,10,quantile,0.75,7
2026-10-10,wk inc rsv hosp,-1,2026-10-03,10,quantile,0.8,7
2026-10-10,wk inc rsv hosp,-1,2026-10-03,10,quantile,0.85,8
2026-10-10,wk inc rsv hosp,-1,2026-10-03,10,quantile,0.9,8
2026-10-10,wk inc rsv hosp,-1,2026-10-03,10,quantile,0.95,9
2026-10-10,wk inc rsv hosp,-1,2026-10-03,10,quantile,0.975,10
2026-10-10,wk inc rsv hosp,-1,2026-10-03,10,quantile,0.99,11
2026-10-10,wk inc rsv hosp,-1,2026-10-03,11,quantile,0.01,0
2026-10-10,wk inc rsv hosp,-1,2026-10-03,11,quantile,0.025,0
2026-10-10,wk inc rsv hosp,-1,2026-10-03,11,quantile,0.05,0
2026-10-10,wk inc rsv hosp,-1,2026-10-03,11,quantile,0.1,0
2026-10-10,wk inc rsv hosp,-1,2026-10-03,11,quantile,0.15,0
2026-10-10,wk inc rsv hosp,-1,2026-10-03,11,quantile,0.2,0
2026-10-10,wk inc rsv hosp,-1,2026-10-03,11,quantile,0.25,0
2026-10-10,wk inc rsv hosp,-1,2026-10-03,11,quantile,0.3,0
2026-10-10,wk inc rsv hosp,-1,2026-10-03,11,quantile,0.35,0
2026-10-10,wk inc rsv hosp,-1,2026-10-03,11,quantile,0.4,0
2026-10-10,wk inc rsv hosp,-1,2026-10-03,11,quantile,0.45,0
2026-10-10,wk inc rsv hosp,-1,2026-10-03,11,quantile,0.5,0
2026-10-10,wk inc rsv hosp,-1,2026-10-03,11,quantile,0.55,0
2026-10-10,wk inc rsv hosp,-1,2026-10-03,11,quantile,0.6,0
2026-10-10,wk inc rsv hosp,-1,2026-10-03,11,quantile,0.65,0
2026-10-10,wk inc rsv hosp,-1,2026-10-03,11,quantile,0.7,0
2026-10-10,wk inc rsv hosp,-1,2026-10-03,11,quantile,0.75,0
2026-10-10,wk inc rsv hosp,-1,2026-10-03,11,quantile,0.8,0
2026-10-10,wk inc rsv hosp,-1,2026-10-03,11,quantile,0.85,0
2026-10-10,wk inc rsv hosp,-1,2026-10-03,11,quantile,0.9,0
2026-10-10,wk inc rsv hosp,-1,2026-10-03,11,quantile,0.95,0
2026-10-10,wk inc rsv hosp,-1,2026-10-03,11,quantile,0.975,0
2026-10-10,wk inc rsv hosp,-1,2026-10-03,11,quantile,0.99,1
2026-10-10,wk inc rsv hosp,-1,2026-10-03,12,quantile,0.01,124
2026-10-10,wk inc rsv hosp,-1,2026-10-03,12,quantile,0.025,136
2026-10-10,wk inc rsv hosp,-1,2026-10-03,12,quantile,0.05,146
2026-10-10,wk inc rsv hosp,-1,2026-10-03,12,quantile,0.1,155
2026-10-10,wk inc rsv hosp,-1,2026-10-03,12,quantile,0.15,162
2026-10-10,wk inc rsv hosp,-1,2026-10-03,12,quantile,0.2,167
2026-10-10,wk inc rsv hosp,-1,2026-10-03,12,quantile,0.25,172
2026-10-10,wk inc rsv hosp,-1,2026-10-03,12,quantile,0.3,175
2026-10-10,wk inc rsv hosp,-1,2026-10-03,12,quantile,0.35,178
2026-10-10,wk inc rsv hosp,-1,2026-10-03,12,quantile,0.4,181
2026-10-10,wk inc rsv hosp,-1,2026-10-03,12,quantile,0.45,184
2026-10-10,wk inc rsv hosp,-1,2026-10-03,12,quantile,0.5,187
2026-10-10,wk inc rsv hosp,-1,2026-10-03,12,quantile,0.55,190
2026-10-10,wk inc rsv hosp,-1,2026-10-03,12,quantile,0.6,195
2026-10-10,wk inc rsv hosp,-1,2026-10-03,12,quantile,0.65,198
2026-10-10,wk inc rsv hosp,-1,2026-10-03,12,quantile,0.7,202
2026-10-10,wk inc rsv hosp,-1,2026-10-03,12,quantile,0.75,208
2026-10-10,wk inc rsv hosp,-1,2026-10-03,12,quantile,0.8,213
2026-10-10,wk inc rsv hosp,-1,2026-10-03,12,quantile,0.85,220
2026-10-10,wk inc rsv hosp,-1,2026-10-03,12,quantile,0.9,230
2026-10-10,wk inc rsv hosp,-1,2026-10-03,12,quantile,0.95,243
2026-10-10,wk inc rsv hosp,-1,2026-10-03,12,quantile,0.975,257
2026-10-10,wk inc rsv hosp,-1,2026-10-03,12,quantile,0.99,272
2026-10-10,wk inc rsv hosp,-1,2026-10-03,13,quantile,0.01,22
2026-10-10,wk inc rsv hosp,-1,2026-10-03,13,quantile,0.025,24
2026-10-10,wk inc rsv hosp,-1,2026-10-03,13,quantile,0.05,26
2026-10-10,wk inc rsv hosp,-1,2026-10-03,13,quantile,0.1,29
2026-10-10,wk inc rsv hosp,-1,2026-10-03,13,quantile,0.15,30
2026-10-10,wk inc rsv hosp,-1,2026-10-03,13,quantile,0.2,31
2026-10-10,wk inc rsv hosp,-1,2026-10-03,13,quantile,0.25,32
2026-10-10,wk inc rsv hosp,-1,2026-10-03,13,quantile,0.3,33
2026-10-10,wk inc rsv hosp,-1,2026-10-03,13,quantile,0.35,33
2026-10-10,wk inc rsv hosp,-1,2026-10-03,13,quantile,0.4,34
2026-10-10,wk inc rsv hosp,-1,2026-10-03,13,quantile,0.45,35
2026-10-10,wk inc rsv hosp,-1,2026-10-03,13,quantile,0.5,36
2026-10-10,wk inc rsv hosp,-1,2026-10-03,13,quantile,0.55,36
2026-10-10,wk inc rsv hosp,-1,2026-10-03,13,quantile,0.6,37
2026-10-10,wk inc rsv hosp,-1,2026-10-03,13,quantile,0.65,38
2026-10-10,wk inc rsv hosp,-1,2026-10-03,13,quantile,0.7,39
2026-10-10,wk inc rsv hosp,-1,2026-10-03,13,quantile,0.75,40
2026-10-10,wk inc rsv hosp,-1,2026-10-03,13,quantile,0.8,41
2026-10-10,wk inc rsv hosp,-1,2026-10-03,13,quantile,0.85,42
2026-10-10,wk inc rsv hosp,-1,2026-10-03,13,quantile,0.9,45
2026-10-10,wk inc rsv hosp,-1,2026-10-03,13,quantile,0.95,48
2026-10-10,wk inc rsv hosp,-1,2026-10-03,13,quantile,0.975,51
2026-10-10,wk inc rsv hosp,-1,2026-10-03,13,quantile,0.99,54
2026-10-10,wk inc rsv hosp,-1,2026-10-03,15,quantile,0.01,2
2026-10-10,wk inc rsv hosp,-1,2026-10-03,15,quantile,0.025,4
2026-10-10,wk inc rsv hosp,-1,2026-10-03,15,quantile,0.05,5
2026-10-10,wk inc rsv hosp,-1,2026-10-03,15,quantile,0.1,6
2026-10-10,wk inc rsv hosp,-1,2026-10-03,15,quantile,0.15,6
2026-10-10,wk inc rsv hosp,-1,2026-10-03,15,quantile,0.2,7
2026-10-10,wk inc rsv hosp,-1,2026-10-03,15,quantile,0.25,7
2026-10-10,wk inc rsv hosp,-1,2026-10-03,15,quantile,0.3,8
2026-10-10,wk inc rsv hosp,-1,2026-10-03,15,quantile,0.35,8
2026-10-10,wk inc rsv hosp,-1,2026-10-03,15,quantile,0.4,8
2026-10-10,wk inc rsv hosp,-1,2026-10-03,15,quantile,0.45,9
2026-10-10,wk inc rsv hosp,-1,2026-10-03,15,quantile,0.5,9
2026-10-10,wk inc rsv hosp,-1,2026-10-03,15,quantile,0.55,9
2026-10-10,wk inc rsv hosp,-1,2026-10-03,15,quantile,0.6,10
2026-10-10,wk inc rsv hosp,-1,2026-10-03,15,quantile,0.65,10
2026-10-10,wk inc rsv hosp,-1,2026-10-03,15,quantile,0.7,10
2026-10-10,wk inc rsv hosp,-1,2026-10-03,15,quantile,0.75,11
2026-10-10,wk inc rsv hosp,-1,2026-10-03,15,quantile,0.8,11
2026-10-10,wk inc rsv hosp,-1,2026-10-03,15,quantile,0.85,12
2026-10-10,wk inc rsv hosp,-1,2026-10-03,15,quantile,0.9,13
2026-10-10,wk inc rsv hosp,-1,2026-10-03,15,quantile,0.95,15
2026-10-10,wk inc rsv hosp,-1,2026-10-03,15,quantile,0.975,16
2026-10-10,wk inc rsv hosp,-1,2026-10-03,15,quantile,0.99,19
2026-10-10,wk inc rsv hosp,-1,2026-10-03,16,quantile,0.01,0
2026-10-10,wk inc rsv hosp,-1,2026-10-03,16,quantile,0.025,0
2026-10-10,wk inc rsv hosp,-1,2026-10-03,16,quantile,0.05,1
2026-10-10,wk inc rsv hosp,-1,2026-10-03,16,quantile,0.1,2
2026-10-10,wk inc rsv hosp,-1,2026-10-03,16,quantile,0.15,3
2026-10-10,wk inc rsv hosp,-1,2026-10-03,16,quantile,0.2,3
2026-10-10,wk inc rsv hosp,-1,2026-10-03,16,quantile,0.25,4
2026-10-10,wk inc rsv hosp,-1,2026-10-03,16,quantile,0.3,4
2026-10-10,wk inc rsv hosp,-1,2026-10-03,16,quantile,0.35,5
2026-10-10,wk inc rsv hosp,-1,2026-10-03,16,quantile,0.4,5
2026-10-10,wk inc rsv hosp,-1,2026-10-03,16,quantile,0.45,6
2026-10-10,wk inc rsv hosp,-1,2026-10-03,16,quantile,0.5,6
2026-10-10,wk inc rsv hosp,-1,2026-10-03,16,quantile,0.55,6
2026-10-10,wk inc rsv hosp,-1,2026-10-03,16,quantile,0.6,7
2026-10-10,wk inc rsv hosp,-1,2026-10-03,16,quantile,0.65,7
2026-10-10,wk inc rsv hosp,-1,2026-10-03,16,quantile,0.7,8
2026-10-10,wk inc rsv hosp,-1,2026-10-03,16,quantile,0.75,8
2026-10-10,wk inc rsv hosp,-1,2026-10-03,16,quantile,0.8,9
2026-10-10,wk inc rsv hosp,-1,2026-10-03,16,quantile,0.85,9
2026-10-10,wk inc rsv hosp,-1,2026-10-03,16,quantile,0.9,10
2026-10-10,wk inc rsv hosp,-1,2026-10-03,16,quantile,0.95,12
2026-10-10,wk inc rsv hosp,-1,2026-10-03,16,quantile,0.975,13
2026-10-10,wk inc rsv hosp,-1,2026-10-03,16,quantile,0.99,15
2026-10-10,wk inc rsv hosp,-1,2026-10-03,17,quantile,0.01,2
2026-10-10,wk inc rsv hosp,-1,2026-10-03,17,quantile,0.025,4
2026-10-10,wk inc rsv hosp,-1,2026-10-03,17,quantile,0.05,5
2026-10-10,wk inc rsv hosp,-1,2026-10-03,17,quantile,0.1,6
2026-10-10,wk inc rsv hosp,-1,2026-10-03,17,quantile,0.15,7
2026-10-10,wk inc rsv hosp,-1,2026-10-03,17,quantile,0.2,8
2026-10-10,wk inc rsv hosp,-1,2026-10-03,17,quantile,0.25,8
2026-10-10,wk inc rsv hosp,-1,2026-10-03,17,quantile,0.3,9
2026-10-10,wk inc rsv hosp,-1,2026-10-03,17,quantile,0.35,9
2026-10-10,wk inc rsv hosp,-1,2026-10-03,17,quantile,0.4,9
2026-10-10,wk inc rsv hosp,-1,2026-10-03,17,quantile,0.45,9
2026-10-10,wk inc rsv hosp,-1,2026-10-03,17,quantile,0.5,10
2026-10-10,wk inc rsv hosp,-1,2026-10-03,17,quantile,0.55,10
2026-10-10,wk inc rsv hosp,-1,2026-10-03,17,quantile,0.6,10
2026-10-10,wk inc rsv hosp,-1,2026-10-03,17,quantile,0.65,11
2026-10-10,wk inc rsv hosp,-1,2026-10-03,17,quantile,0.7,11
2026-10-10,wk inc rsv hosp,-1,2026-10-03,17,quantile,0.75,12
2026-10-10,wk inc rsv hosp,-1,2026-10-03,17,quantile,0.8,13
2026-10-10,wk inc rsv hosp,-1,2026-10-03,17,quantile,0.85,14
2026-10-10,wk inc rsv hosp,-1,2026-10-03,17,quantile,0.9,15
2026-10-10,wk inc rsv hosp,-1,2026-10-03,17,quantile,0.95,17
2026-10-10,wk inc rsv hosp,-1,2026-10-03,17,quantile,0.975,18
2026-10-10,wk inc rsv hosp,-1,2026-10-03,17,quantile,0.99,22
2026-10-10,wk inc rsv hosp,-1,2026-10-03,18,quantile,0.01,0
2026-10-10,wk inc rsv hosp,-1,2026-10-03,18,quantile,0.025,0
2026-10-10,wk inc rsv hosp,-1,2026-10-03,18,quantile,0.05,0
2026-10-10,wk inc rsv hosp,-1,2026-10-03,18,quantile,0.1,1
2026-10-10,wk inc rsv hosp,-1,2026-10-03,18,quantile,0.15,1
2026-10-10,wk inc rsv hosp,-1,2026-10-03,18,quantile,0.2,1
2026-10-10,wk inc rsv hosp,-1,2026-10-03,18,quantile,0.25,2
2026-10-10,wk inc rsv hosp,-1,2026-10-03,18,quantile,0.3,2
2026-10-10,wk inc rsv hosp,-1,2026-10-03,18,quantile,0.35,2
2026-10-10,wk inc rsv hosp,-1,2026-10-03,18,quantile,0.4,2
2026-10-10,wk inc rsv hosp,-1,2026-10-03,18,quantile,0.45,2
2026-10-10,wk inc rsv hosp,-1,2026-10-03,18,quantile,0.5,2
2026-10-10,wk inc rsv hosp,-1,2026-10-03,18,quantile,0.55,2
2026-10-10,wk inc rsv hosp,-1,2026-10-03,18,quantile,0.6,2
2026-10-10,wk inc rsv hosp,-1,2026-10-03,18,quantile,0.65,3
2026-10-10,wk inc rsv hosp,-1,2026-10-03,18,quantile,0.7,3
2026-10-10,wk inc rsv hosp,-1,2026-10-03,18,quantile,0.75,3
2026-10-10,wk inc rsv hosp,-1,2026-10-03,18,quantile,0.8,3
2026-10-10,wk inc rsv hosp,-1,2026-10-03,18,quantile,0.85,4
2026-10-10,wk inc rsv hosp,-1,2026-10-03,18,quantile,0.9,4
2026-10-10,wk inc rsv hosp,-1,2026-10-03,18,quantile,0.95,5
2026-10-10,wk inc rsv hosp,-1,2026-10-03,18,quantile,0.975,6
2026-10-10,wk inc rsv hosp,-1,2026-10-03,18,quantile,0.99,8
2026-10-10,wk inc rsv hosp,-1,2026-10-03,19,quantile,0.01,0
2026-10-10,wk inc rsv hosp,-1,2026-10-03,19,quantile,0.025,0
2026-10-10,wk inc rsv hosp,-1,2026-10-03,19,quantile,0.05,0
2026-10-10,wk inc rsv hosp,-1,2026-10-03,19,quantile,0.1,0
2026-10-10,wk inc rsv hosp,-1,2026-10-03,19,quantile,0.15,0
2026-10-10,wk inc rsv hosp,-1,2026-10-03,19,quantile,0.2,0
2026-10-10,wk inc rsv hosp,-1,2026-10-03,19,quantile,0.25,0
2026-10-10,wk inc rsv hosp,-1,2026-10-03,19,quantile,0.3,0
2026-10-10,wk inc rsv hosp,-1,2026-10-03,19,quantile,0.35,0
2026-10-10,wk inc rsv hosp,-1,2026-10-03,19,quantile,0.4,0
2026-10-10,wk inc rsv hosp,-1,2026-10-03,19,quantile,0.45,0
2026-10-10,wk inc rsv hosp,-1,2026-10-03,19,quantile,0.5,1
2026-10-10,wk inc rsv hosp,-1,2026-10-03,19,quantile,0.55,1
2026-10-10,wk inc rsv hosp,-1,2026-10-03,19,quantile,0.6,1
2026-10-10,wk inc rsv hosp,-1,2026-10-03,19,quantile,0.65,1
2026-10-10,wk inc rsv hosp,-1,2026-10-03,19,quantile,0.7,2
2026-10-10,wk inc rsv hosp,-1,2026-10-03,19,quantile,0.75,2
2026-10-10,wk inc rsv hosp,-1,2026-10-03,19,quantile,0.8,2
2026-10-10,wk inc rsv hosp,-1,2026-10-03,19,quantile,0.85,3
2026-10-10,wk inc rsv hosp,-1,2026-10-03,19,quantile,0.9,4
2026-10-10,wk inc rsv hosp,-1,2026-10-03,19,quantile,0.95,5
2026-10-10,wk inc rsv hosp,-1,2026-10-03,19,quantile,0.975,6
2026-10-10,wk inc rsv hosp,-1,2026-10-03,19,quantile,0.99,8
2026-10-10,wk inc rsv hosp,-1,2026-10-03,20,quantile,0.01,0
2026-10-10,wk inc rsv hosp,-1,2026-10-03,20,quantile,0.025,0
2026-10-10,wk inc rsv hosp,-1,2026-10-03,20,quantile,0.05,0
2026-10-10,wk inc rsv hosp,-1,2026-10-03,20,quantile,0.1,0
2026-10-10,wk inc rsv hosp,-1,2026-10-03,20,quantile,0.15,0
2026-10-10,wk inc rsv hosp,-1,2026-10-03,20,quantile,0.2,0
2026-10-10,wk inc rsv hosp,-1,2026-10-03,20,quantile,0.25,0
2026-10-10,wk inc rsv hosp,-1,2026-10-03,20,quantile,0.3,0
2026-10-10,wk inc rsv hosp,-1,2026-10-03,20,quantile,0.35,0
2026-10-10,wk inc rsv hosp,-1,2026-10-03,20,quantile,0.4,0
2026-10-10,wk inc rsv hosp,-1,2026-10-03,20,quantile,0.45,1
2026-10-10,wk inc rsv hosp,-1,2026-10-03,20,quantile,0.5,1
2026-10-10,wk inc rsv hosp,-1,2026-10-03,20,quantile,0.55,1
2026-10-10,wk inc rsv hosp,-1,2026-10-03,20,quantile,0.6,1
2026-10-10,wk inc rsv hosp,-1,2026-10-03,20,quantile,0.65,1
2026-10-10,wk inc rsv hosp,-1,2026-10-03,20,quantile,0.7,2
2026-10-10,wk inc rsv hosp,-1,2026-10-03,20,quantile,0.75,2
2026-10-10,wk inc rsv hosp,-1,2026-10-03,20,quantile,0.8,2
2026-10-10,wk inc rsv hosp,-1,2026-10-03,20,quantile,0.85,3
2026-10-10,wk inc rsv hosp,-1,2026-10-03,20,quantile,0.9,3
2026-10-10,wk inc rsv hosp,-1,2026-10-03,20,quantile,0.95,4
2026-10-10,wk inc rsv hosp,-1,2026-10-03,20,quantile,0.975,5
2026-10-10,wk inc rsv hosp,-1,2026-10-03,20,quantile,0.99,6
2026-10-10,wk inc rsv hosp,-1,2026-10-03,21,quantile,0.01,5
2026-10-10,wk inc rsv hosp,-1,2026-10-03,21,quantile,0.025,7
2026-10-10,wk inc rsv hosp,-1,2026-10-03,21,quantile,0.05,7
2026-10-10,wk inc rsv hosp,-1,2026-10-03,21,quantile,0.1,9
2026-10-10,wk inc rsv hosp,-1,2026-10-03,21,quantile,0.15,9
2026-10-10,wk inc rsv hosp,-1,2026-10-03,21,quantile,0.2,10
2026-10-10,wk inc rsv hosp,-1,2026-10-03,21,quantile,0.25,10
2026-10-10,wk inc rsv hosp,-1,2026-10-03,21,quantile,0.3,11
2026-10-10,wk inc rsv hosp,-1,2026-10-03,21,quantile,0.35,11
2026-10-10,wk inc rsv hosp,-1,2026-10-03,21,quantile,0.4,12
2026-10-10,wk inc rsv hosp,-1,2026-10-03,21,quantile,0.45,12
2026-10-10,wk inc rsv hosp,-1,2026-10-03,21,quantile,0.5,13
2026-10-10,wk inc rsv hosp,-1,2026-10-03,21,quantile,0.55,13
2026-10-10,wk inc rsv hosp,-1,2026-10-03,21,quantile,0.6,14
2026-10-10,wk inc rsv hosp,-1,2026-10-03,21,quantile,0.65,14
2026-10-10,wk inc rsv hosp,-1,2026-10-03,21,quantile,0.7,15
2026-10-10,wk inc rsv hosp,-1,2026-10-03,21,quantile,0.75,15
2026-10-10,wk inc rsv hosp,-1,2026-10-03,21,quantile,0.8,16
2026-10-10,wk inc rsv hosp,-1,2026-10-03,21,quantile,0.85,16
2026-10-10,wk inc rsv hosp,-1,2026-10-03,21,quantile,0.9,18
2026-10-10,wk inc rsv hosp,-1,2026-10-03,21,quantile,0.95,19
2026-10-10,wk inc rsv hosp,-1,2026-10-03,21,quantile,0.975,21
2026-10-10,wk inc rsv hosp,-1,2026-10-03,21,quantile,0.99,23
2026-10-10,wk inc rsv hosp,-1,2026-10-03,22,quantile,0.01,5
2026-10-10,wk inc rsv hosp,-1,2026-10-03,22,quantile,0.025,6
2026-10-10,wk inc rsv hosp,-1,2026-10-03,22,quantile,0.05,7
2026-10-10,wk inc rsv hosp,-1,2026-10-03,22,quantile,0.1,9
2026-10-10,wk inc rsv hosp,-1,2026-10-03,22,quantile,0.15,10
2026-10-10,wk inc rsv hosp,-1,2026-10-03,22,quantile,0.2,10
2026-10-10,wk inc rsv hosp,-1,2026-10-03,22,quantile,0.25,11
2026-10-10,wk inc rsv hosp,-1,2026-10-03,22,quantile,0.3,11
2026-10-10,wk inc rsv hosp,-1,2026-10-03,22,quantile,0.35,12
2026-10-10,wk inc rsv hosp,-1,2026-10-03,22,quantile,0.4,12
2026-10-10,wk inc rsv hosp,-1,2026-10-03,22,quantile,0.45,12
2026-10-10,wk inc rsv hosp,-1,2026-10-03,22,quantile,0.5,13
2026-10-10,wk inc rsv hosp,-1,2026-10-03,22,quantile,0.55,13
2026-10-10,wk inc rsv hosp,-1,2026-10-03,22,quantile,0.6,14
2026-10-10,wk inc rsv hosp,-1,2026-10-03,22,quantile,0.65,14
2026-10-10,wk inc rsv hosp,-1,2026-10-03,22,quantile,0.7,15
2026-10-10,wk inc rsv hosp,-1,2026-10-03,22,quantile,0.75,15
2026-10-10,wk inc rsv hosp,-1,2026-10-03,22,quantile,0.8,16
2026-10-10,wk inc rsv hosp,-1,2026-10-03,22,quantile,0.85,17
2026-10-10,wk inc rsv hosp,-1,2026-10-03,22,quantile,0.9,18
2026-10-10,wk inc rsv hosp,-1,2026-10-03,22,quantile,0.95,19
2026-10-10,wk inc rsv hosp,-1,2026-10-03,22,quantile,0.975,22
2026-10-10,wk inc rsv hosp,-1,2026-10-03,22,quantile,0.99,25
2026-10-10,wk inc rsv hosp,-1,2026-10-03,23,quantile,0.01,0
2026-10-10,wk inc rsv hosp,-1,2026-10-03,23,quantile,0.025,0
2026-10-10,wk inc rsv hosp,-1,2026-10-03,23,quantile,0.05,0
2026-10-10,wk inc rsv hosp,-1,2026-10-03,23,quantile,0.1,0
2026-10-10,wk inc rsv hosp,-1,2026-10-03,23,quantile,0.15,0
2026-10-10,wk inc rsv hosp,-1,2026-10-03,23,quantile,0.2,0
2026-10-10,wk inc rsv hosp,-1,2026-10-03,23,quantile,0.25,0
2026-10-10,wk inc rsv hosp,-1,2026-10-03,23,quantile,0.3,0
2026-10-10,wk inc rsv hosp,-1,2026-10-03,23,quantile,0.35,0
2026-10-10,wk inc rsv hosp,-1,2026-10-03,23,quantile,0.4,0
2026-10-10,wk inc rsv hosp,-1,2026-10-03,23,quantile,0.45,0
2026-10-10,wk inc rsv hosp,-1,2026-10-03,23,quantile,0.5,0
2026-10-10,wk inc rsv hosp,-1,2026-10-03,23,quantile,0.55,0
2026-10-10,wk inc rsv hosp,-1,2026-10-03,23,quantile,0.6,0
2026-10-10,wk inc rsv hosp,-1,2026-10-03,23,quantile,0.65,0
2026-10-10,wk inc rsv hosp,-1,2026-10-03,23,quantile,0.7,0
2026-10-10,wk inc rsv hosp,-1,2026-10-03,23,quantile,0.75,0
2026-10-10,wk inc rsv hosp,-1,2026-10-03,23,quantile,0.8,0
2026-10-10,wk inc rsv hosp,-1,2026-10-03,23,quantile,0.85,0
2026-10-10,wk inc rsv hosp,-1,2026-10-03,23,quantile,0.9,0
2026-10-10,wk inc rsv hosp,-1,2026-10-03,23,quantile,0.95,0
2026-10-10,wk inc rsv hosp,-1,2026-10-03,23,quantile,0.975,0
2026-10-10,wk inc rsv hosp,-1,2026-10-03,23,quantile,0.99,1
2026-10-10,wk inc rsv hosp,-1,2026-10-03,24,quantile,0.01,0
2026-10-10,wk inc rsv hosp,-1,2026-10-03,24,quantile,0.025,0
2026-10-10,wk inc rsv hosp,-1,2026-10-03,24,quantile,0.05,1
2026-10-10,wk inc rsv hosp,-1,2026-10-03,24,quantile,0.1,2
2026-10-10,wk inc rsv hosp,-1,2026-10-03,24,quantile,0.15,2
2026-10-10,wk inc rsv hosp,-1,2026-10-03,24,quantile,0.2,3
2026-10-10,wk inc rsv hosp,-1,2026-10-03,24,quantile,0.25,3
2026-10-10,wk inc rsv hosp,-1,2026-10-03,24,quantile,0.3,3
2026-10-10,wk inc rsv hosp,-1,2026-10-03,24,quantile,0.35,3
2026-10-10,wk inc rsv hosp,-1,2026-10-03,24,quantile,0.4,3
2026-10-10,wk inc rsv hosp,-1,2026-10-03,24,quantile,0.45,3
2026-10-10,wk inc rsv hosp,-1,2026-10-03,24,quantile,0.5,3
2026-10-10,wk inc rsv hosp,-1,2026-10-03,24,quantile,0.55,3
2026-10-10,wk inc rsv hosp,-1,2026-10-03,24,quantile,0.6,3
2026-10-10,wk inc rsv hosp,-1,2026-10-03,24,quantile,0.65,3
2026-10-10,wk inc rsv hosp,-1,2026-10-03,24,quantile,0.7,3
2026-10-10,wk inc rsv hosp,-1,2026-10-03,24,quantile,0.75,3
2026-10-10,wk inc rsv hosp,-1,2026-10-03,24,quantile,0.8,4
2026-10-10,wk inc rsv hosp,-1,2026-10-03,24,quantile,0.85,4
2026-10-10,wk inc rsv hosp,-1,2026-10-03,24,quantile,0.9,5
2026-10-10,wk inc rsv hosp,-1,2026-10-03,24,quantile,0.95,6
2026-10-10,wk inc rsv hosp,-1,2026-10-03,24,quantile,0.975,8
2026-10-10,wk inc rsv hosp,-1,2026-10-03,24,quantile,0.99,10
2026-10-10,wk inc rsv hosp,-1,2026-10-03,25,quantile,0.01,0
2026-10-10,wk inc rsv hosp,-1,2026-10-03,25,quantile,0.025,0
2026-10-10,wk inc rsv hosp,-1,2026-10-03,25,quantile,0.05,0
2026-10-10,wk inc rsv hosp,-1,2026-10-03,25,quantile,0.1,0
2026-10-10,wk inc rsv hosp,-1,2026-10-03,25,quantile,0.15,1
2026-10-10,wk inc rsv hosp,-1,2026-10-03,25,quantile,0.2,1
2026-10-10,wk inc rsv hosp,-1,2026-10-03,25,quantile,0.25,2
2026-10-10,wk inc rsv hosp,-1,2026-10-03,25,quantile,0.3,2
2026-10-10,wk inc rsv hosp,-1,2026-10-03,25,quantile,0.35,2
2026-10-10,wk inc rsv hosp,-1,2026-10-03,25,quantile,0.4,2
2026-10-10,wk inc rsv hosp,-1,2026-10-03,25,quantile,0.45,2
2026-10-10,wk inc rsv hosp,-1,2026-10-03,25,quantile,0.5,2
2026-10-10,wk inc rsv hosp,-1,2026-10-03,25,quantile,0.55,2
2026-10-10,wk inc rsv hosp,-1,2026-10-03,25,quantile,0.6,3
2026-10-10,wk inc rsv hosp,-1,2026-10-03,25,quantile,0.65,3
2026-10-10,wk inc rsv hosp,-1,2026-10-03,25,quantile,0.7,3
2026-10-10,wk inc rsv hosp,-1,2026-10-03,25,quantile,0.75,4
2026-10-10,wk inc rsv hosp,-1,2026-10-03,25,quantile,0.8,4
2026-10-10,wk inc rsv hosp,-1,2026-10-03,25,quantile,0.85,4
2026-10-10,wk inc rsv hosp,-1,2026-10-03,25,quantile,0.9,5
2026-10-10,wk inc rsv hosp,-1,2026-10-03,25,quantile,0.95,6
2026-10-10,wk inc rsv hosp,-1,2026-10-03,25,quantile,0.975,7
2026-10-10,wk inc rsv hosp,-1,2026-10-03,25,quantile,0.99,9
2026-10-10,wk inc rsv hosp,-1,2026-10-03,26,quantile,0.01,1
2026-10-10,wk inc rsv hosp,-1,2026-10-03,26,quantile,0.025,3
2026-10-10,wk inc rsv hosp,-1,2026-10-03,26,quantile,0.05,4
2026-10-10,wk inc rsv hosp,-1,2026-10-03,26,quantile,0.1,5
2026-10-10,wk inc rsv hosp,-1,2026-10-03,26,quantile,0.15,6
2026-10-10,wk inc rsv hosp,-1,2026-10-03,26,quantile,0.2,6
2026-10-10,wk inc rsv hosp,-1,2026-10-03,26,quantile,0.25,6
2026-10-10,wk inc rsv hosp,-1,2026-10-03,26,quantile,0.3,6
2026-10-10,wk inc rsv hosp,-1,2026-10-03,26,quantile,0.35,6
2026-10-10,wk inc rsv hosp,-1,2026-10-03,26,quantile,0.4,6
2026-10-10,wk inc rsv hosp,-1,2026-10-03,26,quantile,0.45,6
2026-10-10,wk inc rsv hosp,-1,2026-10-03,26,quantile,0.5,6
2026-10-10,wk inc rsv hosp,-1,2026-10-03,26,quantile,0.55,6
2026-10-10,wk inc rsv hosp,-1,2026-10-03,26,quantile,0.6,6
2026-10-10,wk inc rsv hosp,-1,2026-10-03,26,quantile,0.65,6
2026-10-10,wk inc rsv hosp,-1,2026-10-03,26,quantile,0.7,6
2026-10-10,wk inc rsv hosp,-1,2026-10-03,26,quantile,0.75,6
2026-10-10,wk inc rsv hosp,-1,2026-10-03,26,quantile,0.8,7
2026-10-10,wk inc rsv hosp,-1,2026-10-03,26,quantile,0.85,7
2026-10-10,wk inc rsv hosp,-1,2026-10-03,26,quantile,0.9,8
2026-10-10,wk inc rsv hosp,-1,2026-10-03,26,quantile,0.95,9
2026-10-10,wk inc rsv hosp,-1,2026-10-03,26,quantile,0.975,11
2026-10-10,wk inc rsv hosp,-1,2026-10-03,26,quantile,0.99,14
2026-10-10,wk inc rsv hosp,-1,2026-10-03,27,quantile,0.01,0
2026-10-10,wk inc rsv hosp,-1,2026-10-03,27,quantile,0.025,0
2026-10-10,wk inc rsv hosp,-1,2026-10-03,27,quantile,0.05,0
2026-10-10,wk inc rsv hosp,-1,2026-10-03,27,quantile,0.1,0
2026-10-10,wk inc rsv hosp,-1,2026-10-03,27,quantile,0.15,1
2026-10-10,wk inc rsv hosp,-1,2026-10-03,27,quantile,0.2,1
2026-10-10,wk inc rsv hosp,-1,2026-10-03,27,quantile,0.25,1
2026-10-10,wk inc rsv hosp,-1,2026-10-03,27,quantile,0.3,1
2026-10-10,wk inc rsv hosp,-1,2026-10-03,27,quantile,0.35,1
2026-10-10,wk inc rsv hosp,-1,2026-10-03,27,quantile,0.4,1
2026-10-10,wk inc rsv hosp,-1,2026-10-03,27,quantile,0.45,1
2026-10-10,wk inc rsv hosp,-1,2026-10-03,27,quantile,0.5,1
2026-10-10,wk inc rsv hosp,-1,2026-10-03,27,quantile,0.55,1
2026-10-10,wk inc rsv hosp,-1,2026-10-03,27,quantile,0.6,1
2026-10-10,wk inc rsv hosp,-1,2026-10-03,27,quantile,0.65,1
2026-10-10,wk inc rsv hosp,-1,2026-10-03,27,quantile,0.7,1
2026-10-10,wk inc rsv hosp,-1,2026-10-03,27,quantile,0.75,2
2026-10-10,wk inc rsv hosp,-1,2026-10-03,27,quantile,0.8,2
2026-10-10,wk inc rsv hosp,-1,2026-10-03,27,quantile,0.85,2
2026-10-10,wk inc rsv hosp,-1,2026-10-03,27,quantile,0.9,2
2026-10-10,wk inc rsv hosp,-1,2026-10-03,27,quantile,0.95,3
2026-10-10,wk inc rsv hosp,-1,2026-10-03,27,quantile,0.975,3
2026-10-10,wk inc rsv hosp,-1,2026-10-03,27,quantile,0.99,4
2026-10-10,wk inc rsv hosp,-1,2026-10-03,28,quantile,0.01,1
2026-10-10,wk inc rsv hosp,-1,2026-10-03,28,quantile,0.025,1
2026-10-10,wk inc rsv hosp,-1,2026-10-03,28,quantile,0.05,2
2026-10-10,wk inc rsv hosp,-1,2026-10-03,28,quantile,0.1,4
2026-10-10,wk inc rsv hosp,-1,2026-10-03,28,quantile,0.15,4
2026-10-10,wk inc rsv hosp,-1,2026-10-03,28,quantile,0.2,5
2026-10-10,wk inc rsv hosp,-1,2026-10-03,28,quantile,0.25,5
2026-10-10,wk inc rsv hosp,-1,2026-10-03,28,quantile,0.3,5
2026-10-10,wk inc rsv hosp,-1,2026-10-03,28,quantile,0.35,5
2026-10-10,wk inc rsv hosp,-1,2026-10-03,28,quantile,0.4,5
2026-10-10,wk inc rsv hosp,-1,2026-10-03,28,quantile,0.45,6
2026-10-10,wk inc rsv hosp,-1,2026-10-03,28,quantile,0.5,6
2026-10-10,wk inc rsv hosp,-1,2026-10-03,28,quantile,0.55,6
2026-10-10,wk inc rsv hosp,-1,2026-10-03,28,quantile,0.6,6
2026-10-10,wk inc rsv hosp,-1,2026-10-03,28,quantile,0.65,7
2026-10-10,wk inc rsv hosp,-1,2026-10-03,28,quantile,0.7,7
2026-10-10,wk inc rsv hosp,-1,2026-10-03,28,quantile,0.75,7
2026-10-10,wk inc rsv hosp,-1,2026-10-03,28,quantile,0.8,8
2026-10-10,wk inc rsv hosp,-1,2026-10-03,28,quantile,0.85,8
2026-10-10,wk inc rsv hosp,-1,2026-10-03,28,quantile,0.9,9
2026-10-10,wk inc rsv hosp,-1,2026-10-03,28,quantile,0.95,11
2026-10-10,wk inc rsv hosp,-1,2026-10-03,28,quantile,0.975,12
2026-10-10,wk inc rsv hosp,-1,2026-10-03,28,quantile,0.99,13
2026-10-10,wk inc rsv hosp,-1,2026-10-03,29,quantile,0.01,5
2026-10-10,wk inc rsv hosp,-1,2026-10-03,29,quantile,0.025,7
2026-10-10,wk inc rsv hosp,-1,2026-10-03,29,quantile,0.05,8
2026-10-10,wk inc rsv hosp,-1,2026-10-03,29,quantile,0.1,8
2026-10-10,wk inc rsv hosp,-1,2026-10-03,29,quantile,0.15,9
2026-10-10,wk inc rsv hosp,-1,2026-10-03,29,quantile,0.2,9
2026-10-10,wk inc rsv hosp,-1,2026-10-03,29,quantile,0.25,9
2026-10-10,wk inc rsv hosp,-1,2026-10-03,29,quantile,0.3,9
2026-10-10,wk inc rsv hosp,-1,2026-10-03,29,quantile,0.35,10
2026-10-10,wk inc rsv hosp,-1,2026-10-03,29,quantile,0.4,10
2026-10-10,wk inc rsv hosp,-1,2026-10-03,29,quantile,0.45,10
2026-10-10,wk inc rsv hosp,-1,2026-10-03,29,quantile,0.5,10
2026-10-10,wk inc rsv hosp,-1,2026-10-03,29,quantile,0.55,11
2026-10-10,wk inc rsv hosp,-1,2026-10-03,29,quantile,0.6,11
2026-10-10,wk inc rsv hosp,-1,2026-10-03,29,quantile,0.65,11
2026-10-10,wk inc rsv hosp,-1,2026-10-03,29,quantile,0.7,11
2026-10-10,wk inc rsv hosp,-1,2026-10-03,29,quantile,0.75,12
2026-10-10,wk inc rsv hosp,-1,2026-10-03,29,quantile,0.8,12
2026-10-10,wk inc rsv hosp,-1,2026-10-03,29,quantile,0.85,13
2026-10-10,wk inc rsv hosp,-1,2026-10-03,29,quantile,0.9,14
2026-10-10,wk inc rsv hosp,-1,2026-10-03,29,quantile,0.95,15
2026-10-10,wk inc rsv hosp,-1,2026-10-03,29,quantile,0.975,16
2026-10-10,wk inc rsv hosp,-1,2026-10-03,29,quantile,0.99,16
2026-10-10,wk inc rsv hosp,-1,2026-10-03,30,quantile,0.01,0
2026-10-10,wk inc rsv hosp,-1,2026-10-03,30,quantile,0.025,0
2026-10-10,wk inc rsv hosp,-1,2026-10-03,30,quantile,0.05,0
2026-10-10,wk inc rsv hosp,-1,2026-10-03,30,quantile,0.1,0
2026-10-10,wk inc rsv hosp,-1,2026-10-03,30,quantile,0.15,0
2026-10-10,wk inc rsv hosp,-1,2026-10-03,30,quantile,0.2,0
2026-10-10,wk inc rsv hosp,-1,2026-10-03,30,quantile,0.25,0
2026-10-10,wk inc rsv hosp,-1,2026-10-03,30,quantile,0.3,0
2026-10-10,wk inc rsv hosp,-1,2026-10-03,30,quantile,0.35,0
2026-10-10,wk inc rsv hosp,-1,2026-10-03,30,quantile,0.4,0
2026-10-10,wk inc rsv hosp,-1,2026-10-03,30,quantile,0.45,0
2026-10-10,wk inc rsv hosp,-1,2026-10-03,30,quantile,0.5,0
2026-10-10,wk inc rsv hosp,-1,2026-10-03,30,quantile,0.55,0
2026-10-10,wk inc rsv hosp,-1,2026-10-03,30,quantile,0.6,0
2026-10-10,wk inc rsv hosp,-1,2026-10-03,30,quantile,0.65,0
2026-10-10,wk inc rsv hosp,-1,2026-10-03,30,quantile,0.7,0
2026-10-10,wk inc rsv hosp,-1,2026-10-03,30,quantile,0.75,0
2026-10-10,wk inc rsv hosp,-1,2026-10-03,30,quantile,0.8,0
2026-10-10,wk inc rsv hosp,-1,2026-10-03,30,quantile,0.85,0
2026-10-10,wk inc rsv hosp,-1,2026-10-03,30,quantile,0.9,1
2026-10-10,wk inc rsv hosp,-1,2026-10-03,30,quantile,0.95,1
2026-10-10,wk inc rsv hosp,-1,2026-10-03,30,quantile,0.975,2
2026-10-10,wk inc rsv hosp,-1,2026-10-03,30,quantile,0.99,3
2026-10-10,wk inc rsv hosp,-1,2026-10-03,31,quantile,0.01,0
2026-10-10,wk inc rsv hosp,-1,2026-10-03,31,quantile,0.025,0
2026-10-10,wk inc rsv hosp,-1,2026-10-03,31,quantile,0.05,0
2026-10-10,wk inc rsv hosp,-1,2026-10-03,31,quantile,0.1,0
2026-10-10,wk inc rsv hosp,-1,2026-10-03,31,quantile,0.15,0
2026-10-10,wk inc rsv hosp,-1,2026-10-03,31,quantile,0.2,0
2026-10-10,wk inc rsv hosp,-1,2026-10-03,31,quantile,0.25,0
2026-10-10,wk inc rsv hosp,-1,2026-10-03,31,quantile,0.3,0
2026-10-10,wk inc rsv hosp,-1,2026-10-03,31,quantile,0.35,0
2026-10-10,wk inc rsv hosp,-1,2026-10-03,31,quantile,0.4,0
2026-10-10,wk inc rsv hosp,-1,2026-10-03,31,quantile,0.45,0
2026-10-10,wk inc rsv hosp,-1,2026-10-03,31,quantile,0.5,0
2026-10-10,wk inc rsv hosp,-1,2026-10-03,31,quantile,0.55,1
2026-10-10,wk inc rsv hosp,-1,2026-10-03,31,quantile,0.6,1
2026-10-10,wk inc rsv hosp,-1,2026-10-03,31,quantile,0.65,1
2026-10-10,wk inc rsv hosp,-1,2026-10-03,31,quantile,0.7,1
2026-10-10,wk inc rsv hosp,-1,2026-10-03,31,quantile,0.75,1
2026-10-10,wk inc rsv hosp,-1,2026-10-03,31,quantile,0.8,2
2026-10-10,wk inc rsv hosp,-1,2026-10-03,31,quantile,0.85,2
2026-10-10,wk inc rsv hosp,-1,2026-10-03,31,quantile,0.9,3
2026-10-10,wk inc rsv hosp,-1,2026-10-03,31,quantile,0.95,4
2026-10-10,wk inc rsv hosp,-1,2026-10-03,31,quantile,0.975,5
2026-10-10,wk inc rsv hosp,-1,2026-10-03,31,quantile,0.99,6
2026-10-10,wk inc rsv hosp,-1,2026-10-03,32,quantile,0.01,0
2026-10-10,wk inc rsv hosp,-1,2026-10-03,32,quantile,0.025,0
2026-10-10,wk inc rsv hosp,-1,2026-10-03,32,quantile,0.05,0
2026-10-10,wk inc rsv hosp,-1,2026-10-03,32,quantile,0.1,0
2026-10-10,wk inc rsv hosp,-1,2026-10-03,32,quantile,0.15,0
2026-10-10,wk inc rsv hosp,-1,2026-10-03,32,quantile,0.2,0
2026-10-10,wk inc rsv hosp,-1,2026-10-03,32,quantile,0.25,0
2026-10-10,wk inc rsv hosp,-1,2026-10-03,32,quantile,0.3,0
2026-10-10,wk inc rsv hosp,-1,2026-10-03,32,quantile,0.35,0
2026-10-10,wk inc rsv hosp,-1,2026-10-03,32,quantile,0.4,0
2026-10-10,wk inc rsv hosp,-1,2026-10-03,32,quantile,0.45,1
2026-10-10,wk inc rsv hosp,-1,2026-10-03,32,quantile,0.5,1
2026-10-10,wk inc rsv hosp,-1,2026-10-03,32,quantile,0.55,1
2026-10-10,wk inc rsv hosp,-1,2026-10-03,32,quantile,0.6,1
2026-10-10,wk inc rsv hosp,-1,2026-10-03,32,quantile,0.65,1
2026-10-10,wk inc rsv hosp,-1,2026-10-03,32,quantile,0.7,2
2026-10-10,wk inc rsv hosp,-1,2026-10-03,32,quantile,0.75,2
2026-10-10,wk inc rsv hosp,-1,2026-10-03,32,quantile,0.8,2
2026-10-10,wk inc rsv hosp,-1,2026-10-03,32,quantile,0.85,3
2026-10-10,wk inc rsv hosp,-1,2026-10-03,32,quantile,0.9,3
2026-10-10,wk inc rsv hosp,-1,2026-10-03,32,quantile,0.95,4
2026-10-10,wk inc rsv hosp,-1,2026-10-03,32,quantile,0.975,5
2026-10-10,wk inc rsv hosp,-1,2026-10-03,32,quantile,0.99,6
2026-10-10,wk inc rsv hosp,-1,2026-10-03,33,quantile,0.01,0
2026-10-10,wk inc rsv hosp,-1,2026-10-03,33,quantile,0.025,0
2026-10-10,wk inc rsv hosp,-1,2026-10-03,33,quantile,0.05,0
2026-10-10,wk inc rsv hosp,-1,2026-10-03,33,quantile,0.1,1
2026-10-10,wk inc rsv hosp,-1,2026-10-03,33,quantile,0.15,1
2026-10-10,wk inc rsv hosp,-1,2026-10-03,33,quantile,0.2,1
2026-10-10,wk inc rsv hosp,-1,2026-10-03,33,quantile,0.25,1
2026-10-10,wk inc rsv hosp,-1,2026-10-03,33,quantile,0.3,1
2026-10-10,wk inc rsv hosp,-1,2026-10-03,33,quantile,0.35,1
2026-10-10,wk inc rsv hosp,-1,2026-10-03,33,quantile,0.4,1
2026-10-10,wk inc rsv hosp,-1,2026-10-03,33,quantile,0.45,1
2026-10-10,wk inc rsv hosp,-1,2026-10-03,33,quantile,0.5,1
2026-10-10,wk inc rsv hosp,-1,2026-10-03,33,quantile,0.55,1
2026-10-10,wk inc rsv hosp,-1,2026-10-03,33,quantile,0.6,1
2026-10-10,wk inc rsv hosp,-1,2026-10-03,33,quantile,0.65,1
2026-10-10,wk inc rsv hosp,-1,2026-10-03,33,quantile,0.7,1
2026-10-10,wk inc rsv hosp,-1,2026-10-03,33,quantile,0.75,1
2026-10-10,wk inc rsv hosp,-1,2026-10-03,33,quantile,0.8,1
2026-10-10,wk inc rsv hosp,-1,2026-10-03,33,quantile,0.85,2
2026-10-10,wk inc rsv hosp,-1,2026-10-03,33,quantile,0.9,2
2026-10-10,wk inc rsv hosp,-1,2026-10-03,33,quantile,0.95,3
2026-10-10,wk inc rsv hosp,-1,2026-10-03,33,quantile,0.975,3
2026-10-10,wk inc rsv hosp,-1,2026-10-03,33,quantile,0.99,4
2026-10-10,wk inc rsv hosp,-1,2026-10-03,34,quantile,0.01,5
2026-10-10,wk inc rsv hosp,-1,2026-10-03,34,quantile,0.025,6
2026-10-10,wk inc rsv hosp,-1,2026-10-03,34,quantile,0.05,8
2026-10-10,wk inc rsv hosp,-1,2026-10-03,34,quantile,0.1,9
2026-10-10,wk inc rsv hosp,-1,2026-10-03,34,quantile,0.15,10
2026-10-10,wk inc rsv hosp,-1,2026-10-03,34,quantile,0.2,10
2026-10-10,wk inc rsv hosp,-1,2026-10-03,34,quantile,0.25,11
2026-10-10,wk inc rsv hosp,-1,2026-10-03,34,quantile,0.3,11
2026-10-10,wk inc rsv hosp,-1,2026-10-03,34,quantile,0.35,11
2026-10-10,wk inc rsv hosp,-1,2026-10-03,34,quantile,0.4,12
2026-10-10,wk inc rsv hosp,-1,2026-10-03,34,quantile,0.45,12
2026-10-10,wk inc rsv hosp,-1,2026-10-03,34,quantile,0.5,13
2026-10-10,wk inc rsv hosp,-1,2026-10-03,34,quantile,0.55,13
2026-10-10,wk inc rsv hosp,-1,2026-10-03,34,quantile,0.6,13
2026-10-10,wk inc rsv hosp,-1,2026-10-03,34,quantile,0.65,14
2026-10-10,wk inc rsv hosp,-1,2026-10-03,34,quantile,0.7,14
2026-10-10,wk inc rsv hosp,-1,2026-10-03,34,quantile,0.75,15
2026-10-10,wk inc rsv hosp,-1,2026-10-03,34,quantile,0.8,16
2026-10-10,wk inc rsv hosp,-1,2026-10-03,34,quantile,0.85,16
2026-10-10,wk inc rsv hosp,-1,2026-10-03,34,quantile,0.9,18
2026-10-10,wk inc rsv hosp,-1,2026-10-03,34,quantile,0.95,19
2026-10-10,wk inc rsv hosp,-1,2026-10-03,34,quantile,0.975,21
2026-10-10,wk inc rsv hosp,-1,2026-10-03,34,quantile,0.99,24
2026-10-10,wk inc rsv hosp,-1,2026-10-03,35,quantile,0.01,0
2026-10-10,wk inc rsv hosp,-1,2026-10-03,35,quantile,0.025,0
2026-10-10,wk inc rsv hosp,-1,2026-10-03,35,quantile,0.05,1
2026-10-10,wk inc rsv hosp,-1,2026-10-03,35,quantile,0.1,1
2026-10-10,wk inc rsv hosp,-1,2026-10-03,35,quantile,0.15,1
2026-10-10,wk inc rsv hosp,-1,2026-10-03,35,quantile,0.2,1
2026-10-10,wk inc rsv hosp,-1,2026-10-03,35,quantile,0.25,1
2026-10-10,wk inc rsv hosp,-1,2026-10-03,35,quantile,0.3,1
2026-10-10,wk inc rsv hosp,-1,2026-10-03,35,quantile,0.35,1
2026-10-10,wk inc rsv hosp,-1,2026-10-03,35,quantile,0.4,1
2026-10-10,wk inc rsv hosp,-1,2026-10-03,35,quantile,0.45,1
2026-10-10,wk inc rsv hosp,-1,2026-10-03,35,quantile,0.5,1
2026-10-10,wk inc rsv hosp,-1,2026-10-03,35,quantile,0.55,1
2026-10-10,wk inc rsv hosp,-1,2026-10-03,35,quantile,0.6,2
2026-10-10,wk inc rsv hosp,-1,2026-10-03,35,quantile,0.65,2
2026-10-10,wk inc rsv hosp,-1,2026-10-03,35,quantile,0.7,2
2026-10-10,wk inc rsv hosp,-1,2026-10-03,35,quantile,0.75,2
2026-10-10,wk inc rsv hosp,-1,2026-10-03,35,quantile,0.8,2
2026-10-10,wk inc rsv hosp,-1,2026-10-03,35,quantile,0.85,2
2026-10-10,wk inc rsv hosp,-1,2026-10-03,35,quantile,0.9,2
2026-10-10,wk inc rsv hosp,-1,2026-10-03,35,quantile,0.95,3
2026-10-10,wk inc rsv hosp,-1,2026-10-03,35,quantile,0.975,3
2026-10-10,wk inc rsv hosp,-1,2026-10-03,35,quantile,0.99,4
2026-10-10,wk inc rsv hosp,-1,2026-10-03,36,quantile,0.01,20
2026-10-10,wk inc rsv hosp,-1,2026-10-03,36,quantile,0.025,25
2026-10-10,wk inc rsv hosp,-1,2026-10-03,36,quantile,0.05,27
2026-10-10,wk inc rsv hosp,-1,2026-10-03,36,quantile,0.1,30
2026-10-10,wk inc rsv hosp,-1,2026-10-03,36,quantile,0.15,32
2026-10-10,wk inc rsv hosp,-1,2026-10-03,36,quantile,0.2,33
2026-10-10,wk inc rsv hosp,-1,2026-10-03,36,quantile,0.25,34
2026-10-10,wk inc rsv hosp,-1,2026-10-03,36,quantile,0.3,35
2026-10-10,wk inc rsv hosp,-1,2026-10-03,36,quantile,0.35,35
2026-10-10,wk inc rsv hosp,-1,2026-10-03,36,quantile,0.4,35
2026-10-10,wk inc rsv hosp,-1,2026-10-03,36,quantile,0.45,36
2026-10-10,wk inc rsv hosp,-1,2026-10-03,36,quantile,0.5,36
2026-10-10,wk inc rsv hosp,-1,2026-10-03,36,quantile,0.55,37
2026-10-10,wk inc rsv hosp,-1,2026-10-03,36,quantile,0.6,38
2026-10-10,wk inc rsv hosp,-1,2026-10-03,36,quantile,0.65,39
2026-10-10,wk inc rsv hosp,-1,2026-10-03,36,quantile,0.7,40
2026-10-10,wk inc rsv hosp,-1,2026-10-03,36,quantile,0.75,41
2026-10-10,wk inc rsv hosp,-1,2026-10-03,36,quantile,0.8,42
2026-10-10,wk inc rsv hosp,-1,2026-10-03,36,quantile,0.85,43
2026-10-10,wk inc rsv hosp,-1,2026-10-03,36,quantile,0.9,45
2026-10-10,wk inc rsv hosp,-1,2026-10-03,36,quantile,0.95,49
2026-10-10,wk inc rsv hosp,-1,2026-10-03,36,quantile,0.975,51
2026-10-10,wk inc rsv hosp,-1,2026-10-03,36,quantile,0.99,56
2026-10-10,wk inc rsv hosp,-1,2026-10-03,37,quantile,0.01,11
2026-10-10,wk inc rsv hosp,-1,2026-10-03,37,quantile,0.025,12
2026-10-10,wk inc rsv hosp,-1,2026-10-03,37,quantile,0.05,14
2026-10-10,wk inc rsv hosp,-1,2026-10-03,37,quantile,0.1,15
2026-10-10,wk inc rsv hosp,-1,2026-10-03,37,quantile,0.15,16
2026-10-10,wk inc rsv hosp,-1,2026-10-03,37,quantile,0.2,16
2026-10-10,wk inc rsv hosp,-1,2026-10-03,37,quantile,0.25,17
2026-10-10,wk inc rsv hosp,-1,2026-10-03,37,quantile,0.3,17
2026-10-10,wk inc rsv hosp,-1,2026-10-03,37,quantile,0.35,17
2026-10-10,wk inc rsv hosp,-1,2026-10-03,37,quantile,0.4,17
2026-10-10,wk inc rsv hosp,-1,2026-10-03,37,quantile,0.45,17
2026-10-10,wk inc rsv hosp,-1,2026-10-03,37,quantile,0.5,17
2026-10-10,wk inc rsv hosp,-1,2026-10-03,37,quantile,0.55,18
2026-10-10,wk inc rsv hosp,-1,2026-10-03,37,quantile,0.6,18
2026-10-10,wk inc rsv hosp,-1,2026-10-03,37,quantile,0.65,19
2026-10-10,wk inc rsv hosp,-1,2026-10-03,37,quantile,0.7,19
2026-10-10,wk inc rsv hosp,-1,2026-10-03,37,quantile,0.75,19
2026-10-10,wk inc rsv hosp,-1,2026-10-03,37,quantile,0.8,20
2026-10-10,wk inc rsv hosp,-1,2026-10-03,37,quantile,0.85,21
2026-10-10,wk inc rsv hosp,-1,2026-10-03,37,quantile,0.9,22
2026-10-10,wk inc rsv hosp,-1,2026-10-03,37,quantile,0.95,23
2026-10-10,wk inc rsv hosp,-1,2026-10-03,37,quantile,0.975,25
2026-10-10,wk inc rsv hosp,-1,2026-10-03,37,quantile,0.99,27
2026-10-10,wk inc rsv hosp,-1,2026-10-03,38,quantile,0.01,0
2026-10-10,wk inc rsv hosp,-1,2026-10-03,38,quantile,0.025,0
2026-10-10,wk inc rsv hosp,-1,2026-10-03,38,quantile,0.05,0
2026-10-10,wk inc rsv hosp,-1,2026-10-03,38,quantile,0.1,0
2026-10-10,wk inc rsv hosp,-1,2026-10-03,38,quantile,0.15,0
2026-10-10,wk inc rsv hosp,-1,2026-10-03,38,quantile,0.2,0
2026-10-10,wk inc rsv hosp,-1,2026-10-03,38,quantile,0.25,0
2026-10-10,wk inc rsv hosp,-1,2026-10-03,38,quantile,0.3,0
2026-10-10,wk inc rsv hosp,-1,2026-10-03,38,quantile,0.35,0
2026-10-10,wk inc rsv hosp,-1,2026-10-03,38,quantile,0.4,0
2026-10-10,wk inc rsv hosp,-1,2026-10-03,38,quantile,0.45,0
2026-10-10,wk inc rsv hosp,-1,2026-10-03,38,quantile,0.5,0
2026-10-10,wk inc rsv hosp,-1,2026-10-03,38,quantile,0.55,0
2026-10-10,wk inc rsv hosp,-1,2026-10-03,38,quantile,0.6,0
2026-10-10,wk inc rsv hosp,-1,2026-10-03,38,quantile,0.65,0
2026-10-10,wk inc rsv hosp,-1,2026-10-03,38,quantile,0.7,0
2026-10-10,wk inc rsv hosp,-1,2026-10-03,38,quantile,0.75,0
2026-10-10,wk inc rsv hosp,-1,2026-10-03,38,quantile,0.8,0
2026-10-10,wk inc rsv hosp,-1,2026-10-03,38,quantile,0.85,0
2026-10-10,wk inc rsv hosp,-1,2026-10-03,38,quantile,0.9,0
2026-10-10,wk inc rsv hosp,-1,2026-10-03,38,quantile,0.95,1
2026-10-10,wk inc rsv hosp,-1,2026-10-03,38,quantile,0.975,1
2026-10-10,wk inc rsv hosp,-1,2026-10-03,38,quantile,0.99,2
2026-10-10,wk inc rsv hosp,-1,2026-10-03,39,quantile,0.01,3
2026-10-10,wk inc rsv hosp,-1,2026-10-03,39,quantile,0.025,5
2026-10-10,wk inc rsv hosp,-1,2026-10-03,39,quantile,0.05,5
2026-10-10,wk inc rsv hosp,-1,2026-10-03,39,quantile,0.1,6
2026-10-10,wk inc rsv hosp,-1,2026-10-03,39,quantile,0.15,7
2026-10-10,wk inc rsv hosp,-1,2026-10-03,39,quantile,0.2,8
2026-10-10,wk inc rsv hosp,-1,2026-10-03,39,quantile,0.25,8
2026-10-10,wk inc rsv hosp,-1,2026-10-03,39,quantile,0.3,8
2026-10-10,wk inc rsv hosp,-1,2026-10-03,39,quantile,0.35,9
2026-10-10,wk inc rsv hosp,-1,2026-10-03,39,quantile,0.4,9
2026-10-10,wk inc rsv hosp,-1,2026-10-03,39,quantile,0.45,9
2026-10-10,wk inc rsv hosp,-1,2026-10-03,39,quantile,0.5,10
2026-10-10,wk inc rsv hosp,-1,2026-10-03,39,quantile,0.55,10
2026-10-10,wk inc rsv hosp,-1,2026-10-03,39,quantile,0.6,11
2026-10-10,wk inc rsv hosp,-1,2026-10-03,39,quantile,0.65,11
2026-10-10,wk inc rsv hosp,-1,2026-10-03,39,quantile,0.7,11
2026-10-10,wk inc rsv hosp,-1,2026-10-03,39,quantile,0.75,12
2026-10-10,wk inc rsv hosp,-1,2026-10-03,39,quantile,0.8,12
2026-10-10,wk inc rsv hosp,-1,2026-10-03,39,quantile,0.85,13
2026-10-10,wk inc rsv hosp,-1,2026-10-03,39,quantile,0.9,14
2026-10-10,wk inc rsv hosp,-1,2026-10-03,39,quantile,0.95,15
2026-10-10,wk inc rsv hosp,-1,2026-10-03,39,quantile,0.975,18
2026-10-10,wk inc rsv hosp,-1,2026-10-03,39,quantile,0.99,20
2026-10-10,wk inc rsv hosp,-1,2026-10-03,40,quantile,0.01,0
2026-10-10,wk inc rsv hosp,-1,2026-10-03,40,quantile,0.025,0
2026-10-10,wk inc rsv hosp,-1,2026-10-03,40,quantile,0.05,0
2026-10-10,wk inc rsv hosp,-1,2026-10-03,40,quantile,0.1,0
2026-10-10,wk inc rsv hosp,-1,2026-10-03,40,quantile,0.15,0
2026-10-10,wk inc rsv hosp,-1,2026-10-03,40,quantile,0.2,0
2026-10-10,wk inc rsv hosp,-1,2026-10-03,40,quantile,0.25,0
2026-10-10,wk inc rsv hosp,-1,2026-10-03,40,quantile,0.3,0
2026-10-10,wk inc rsv hosp,-1,2026-10-03,40,quantile,0.35,0
2026-10-10,wk inc rsv hosp,-1,2026-10-03,40,quantile,0.4,0
2026-10-10,wk inc rsv hosp,-1,2026-10-03,40,quantile,0.45,0
2026-10-10,wk inc rsv hosp,-1,2026-10-03,40,quantile,0.5,0
2026-10-10,wk inc rsv hosp,-1,2026-10-03,40,quantile,0.55,0
2026-10-10,wk inc rsv hosp,-1,2026-10-03,40,quantile,0.6,1
2026-10-10,wk inc rsv hosp,-1,2026-10-03,40,quantile,0.65,1
2026-10-10,wk inc rsv hosp,-1,2026-10-03,40,quantile,0.7,1
2026-10-10,wk inc rsv hosp,-1,2026-10-03,40,quantile,0.75,1
2026-10-10,wk inc rsv hosp,-1,2026-10-03,40,quantile,0.8,1
2026-10-10,wk inc rsv hosp,-1,2026-10-03,40,quantile,0.85,2
2026-10-10,wk inc rsv hosp,-1,2026-10-03,40,quantile,0.9,2
2026-10-10,wk inc rsv hosp,-1,2026-10-03,40,quantile,0.95,3
2026-10-10,wk inc rsv hosp,-1,2026-10-03,40,quantile,0.975,5
2026-10-10,wk inc rsv hosp,-1,2026-10-03,40,quantile,0.99,6
2026-10-10,wk inc rsv hosp,-1,2026-10-03,41,quantile,0.01,0
2026-10-10,wk inc rsv hosp,-1,2026-10-03,41,quantile,0.025,0
2026-10-10,wk inc rsv hosp,-1,2026-10-03,41,quantile,0.05,0
2026-10-10,wk inc rsv hosp,-1,2026-10-03,41,quantile,0.1,0
2026-10-10,wk inc rsv hosp,-1,2026-10-03,41,quantile,0.15,1
2026-10-10,wk inc rsv hosp,-1,2026-10-03,41,quantile,0.2,2
2026-10-10,wk inc rsv hosp,-1,2026-10-03,41,quantile,0.25,2
2026-10-10,wk inc rsv hosp,-1,2026-10-03,41,quantile,0.3,2
2026-10-10,wk inc rsv hosp,-1,2026-10-03,41,quantile,0.35,2
2026-10-10,wk inc rsv hosp,-1,2026-10-03,41,quantile,0.4,2
2026-10-10,wk inc rsv hosp,-1,2026-10-03,41,quantile,0.45,2
2026-10-10,wk inc rsv hosp,-1,2026-10-03,41,quantile,0.5,2
2026-10-10,wk inc rsv hosp,-1,2026-10-03,41,quantile,0.55,2
2026-10-10,wk inc rsv hosp,-1,2026-10-03,41,quantile,0.6,2
2026-10-10,wk inc rsv hosp,-1,2026-10-03,41,quantile,0.65,2
2026-10-10,wk inc rsv hosp,-1,2026-10-03,41,quantile,0.7,2
2026-10-10,wk inc rsv hosp,-1,2026-10-03,41,quantile,0.75,2
2026-10-10,wk inc rsv hosp,-1,2026-10-03,41,quantile,0.8,3
2026-10-10,wk inc rsv hosp,-1,2026-10-03,41,quantile,0.85,3
2026-10-10,wk inc rsv hosp,-1,2026-10-03,41,quantile,0.9,4
2026-10-10,wk inc rsv hosp,-1,2026-10-03,41,quantile,0.95,5
2026-10-10,wk inc rsv hosp,-1,2026-10-03,41,quantile,0.975,6
2026-10-10,wk inc rsv hosp,-1,2026-10-03,41,quantile,0.99,8
2026-10-10,wk inc rsv hosp,-1,2026-10-03,42,quantile,0.01,29
2026-10-10,wk inc rsv hosp,-1,2026-10-03,42,quantile,0.025,32
2026-10-10,wk inc rsv hosp,-1,2026-10-03,42,quantile,0.05,35
2026-10-10,wk inc rsv hosp,-1,2026-10-03,42,quantile,0.1,37
2026-10-10,wk inc rsv hosp,-1,2026-10-03,42,quantile,0.15,40
2026-10-10,wk inc rsv hosp,-1,2026-10-03,42,quantile,0.2,41
2026-10-10,wk inc rsv hosp,-1,2026-10-03,42,quantile,0.25,42
2026-10-10,wk inc rsv hosp,-1,2026-10-03,42,quantile,0.3,43
2026-10-10,wk inc rsv hosp,-1,2026-10-03,42,quantile,0.35,44
2026-10-10,wk inc rsv hosp,-1,2026-10-03,42,quantile,0.4,46
2026-10-10,wk inc rsv hosp,-1,2026-10-03,42,quantile,0.45,47
2026-10-10,wk inc rsv hosp,-1,2026-10-03,42,quantile,0.5,48
2026-10-10,wk inc rsv hosp,-1,2026-10-03,42,quantile,0.55,49
2026-10-10,wk inc rsv hosp,-1,2026-10-03,42,quantile,0.6,50
2026-10-10,wk inc rsv hosp,-1,2026-10-03,42,quantile,0.65,51
2026-10-10,wk inc rsv hosp,-1,2026-10-03,42,quantile,0.7,53
2026-10-10,wk inc rsv hosp,-1,2026-10-03,42,quantile,0.75,54
2026-10-10,wk inc rsv hosp,-1,2026-10-03,42,quantile,0.8,55
2026-10-10,wk inc rsv hosp,-1,2026-10-03,42,quantile,0.85,57
2026-10-10,wk inc rsv hosp,-1,2026-10-03,42,quantile,0.9,59
2026-10-10,wk inc rsv hosp,-1,2026-10-03,42,quantile,0.95,64
2026-10-10,wk inc rsv hosp,-1,2026-10-03,42,quantile,0.975,71
2026-10-10,wk inc rsv hosp,-1,2026-10-03,42,quantile,0.99,77
2026-10-10,wk inc rsv hosp,-1,2026-10-03,44,quantile,0.01,0
2026-10-10,wk inc rsv hosp,-1,2026-10-03,44,quantile,0.025,0
2026-10-10,wk inc rsv hosp,-1,2026-10-03,44,quantile,0.05,0
2026-10-10,wk inc rsv hosp,-1,2026-10-03,44,quantile,0.1,0
2026-10-10,wk inc rsv hosp,-1,2026-10-03,44,quantile,0.15,0
2026-10-10,wk inc rsv hosp,-1,2026-10-03,44,quantile,0.2,0
2026-10-10,wk inc rsv hosp,-1,2026-10-03,44,quantile,0.25,1
2026-10-10,wk inc rsv hosp,-1,2026-10-03,44,quantile,0.3,1
2026-10-10,wk inc rsv hosp,-1,2026-10-03,44,quantile,0.35,1
2026-10-10,wk inc rsv hosp,-1,2026-10-03,44,quantile,0.4,1
2026-10-10,wk inc rsv hosp,-1,2026-10-03,44,quantile,0.45,1
2026-10-10,wk inc rsv hosp,-1,2026-10-03,44,quantile,0.5,1
2026-10-10,wk inc rsv hosp,-1,2026-10-03,44,quantile,0.55,1
2026-10-10,wk inc rsv hosp,-1,2026-10-03,44,quantile,0.6,1
2026-10-10,wk inc rsv hosp,-1,2026-10-03,44,quantile,0.65,2
2026-10-10,wk inc rsv hosp,-1,2026-10-03,44,quantile,0.7,2
2026-10-10,wk inc rsv hosp,-1,2026-10-03,44,quantile,0.75,2
2026-10-10,wk inc rsv hosp,-1,2026-10-03,44,quantile,0.8,3
2026-10-10,wk inc rsv hosp,-1,2026-10-03,44,quantile,0.85,3
2026-10-10,wk inc rsv hosp,-1,2026-10-03,44,quantile,0.9,3
2026-10-10,wk inc rsv hosp,-1,2026-10-03,44,quantile,0.95,4
2026-10-10,wk inc rsv hosp,-1,2026-10-03,44,quantile,0.975,5
2026-10-10,wk inc rsv hosp,-1,2026-10-03,44,quantile,0.99,7
2026-10-10,wk inc rsv hosp,-1,2026-10-03,45,quantile,0.01,1
2026-10-10,wk inc rsv hosp,-1,2026-10-03,45,quantile,0.025,3
2026-10-10,wk inc rsv hosp,-1,2026-10-03,45,quantile,0.05,4
2026-10-10,wk inc rsv hosp,-1,2026-10-03,45,quantile,0.1,5
2026-10-10,wk inc rsv hosp,-1,2026-10-03,45,quantile,0.15,6
2026-10-10,wk inc rsv hosp,-1,2026-10-03,45,quantile,0.2,6
2026-10-10,wk inc rsv hosp,-1,2026-10-03,45,quantile,0.25,6
2026-10-10,wk inc rsv hosp,-1,2026-10-03,45,quantile,0.3,6
2026-10-10,wk inc rsv hosp,-1,2026-10-03,45,quantile,0.35,7
2026-10-10,wk inc rsv hosp,-1,2026-10-03,45,quantile,0.4,7
2026-10-10,wk inc rsv hosp,-1,2026-10-03,45,quantile,0.45,7
2026-10-10,wk inc rsv hosp,-1,2026-10-03,45,quantile,0.5,8
2026-10-10,wk inc rsv hosp,-1,2026-10-03,45,quantile,0.55,8
2026-10-10,wk inc rsv hosp,-1,2026-10-03,45,quantile,0.6,8
2026-10-10,wk inc rsv hosp,-1,2026-10-03,45,quantile,0.65,9
2026-10-10,wk inc rsv hosp,-1,2026-10-03,45,quantile,0.7,9
2026-10-10,wk inc rsv hosp,-1,2026-10-03,45,quantile,0.75,10
2026-10-10,wk inc rsv hosp,-1,2026-10-03,45,quantile,0.8,10
2026-10-10,wk inc rsv hosp,-1,2026-10-03,45,quantile,0.85,11
2026-10-10,wk inc rsv hosp,-1,2026-10-03,45,quantile,0.9,12
2026-10-10,wk inc rsv hosp,-1,2026-10-03,45,quantile,0.95,13
2026-10-10,wk inc rsv hosp,-1,2026-10-03,45,quantile,0.975,14
2026-10-10,wk inc rsv hosp,-1,2026-10-03,45,quantile,0.99,15
2026-10-10,wk inc rsv hosp,-1,2026-10-03,46,quantile,0.01,0
2026-10-10,wk inc rsv hosp,-1,2026-10-03,46,quantile,0.025,1
2026-10-10,wk inc rsv hosp,-1,2026-10-03,46,quantile,0.05,1
2026-10-10,wk inc rsv hosp,-1,2026-10-03,46,quantile,0.1,2
2026-10-10,wk inc rsv hosp,-1,2026-10-03,46,quantile,0.15,2
2026-10-10,wk inc rsv hosp,-1,2026-10-03,46,quantile,0.2,2
2026-10-10,wk inc rsv hosp,-1,2026-10-03,46,quantile,0.25,2
2026-10-10,wk inc rsv hosp,-1,2026-10-03,46,quantile,0.3,2
2026-10-10,wk inc rsv hosp,-1,2026-10-03,46,quantile,0.35,2
2026-10-10,wk inc rsv hosp,-1,2026-10-03,46,quantile,0.4,2
2026-10-10,wk inc rsv hosp,-1,2026-10-03,46,quantile,0.45,2
2026-10-10,wk inc rsv hosp,-1,2026-10-03,46,quantile,0.5,2
2026-10-10,wk inc rsv hosp,-1,2026-10-03,46,quantile,0.55,2
2026-10-10,wk inc rsv hosp,-1,2026-10-03,46,quantile,0.6,3
2026-10-10,wk inc rsv hosp,-1,2026-10-03,46,quantile,0.65,3
2026-10-10,wk inc rsv hosp,-1,2026-10-03,46,quantile,0.7,3
2026-10-10,wk inc rsv hosp,-1,2026-10-03,46,quantile,0.75,3
2026-10-10,wk inc rsv hosp,-1,2026-10-03,46,quantile,0.8,3
2026-10-10,wk inc rsv hosp,-1,2026-10-03,46,quantile,0.85,4
2026-10-10,wk inc rsv hosp,-1,2026-10-03,46,quantile,0.9,4
2026-10-10,wk inc rsv hosp,-1,2026-10-03,46,quantile,0.95,5
2026-10-10,wk inc rsv hosp,-1,2026-10-03,46,quantile,0.975,5
2026-10-10,wk inc rsv hosp,-1,2026-10-03,46,quantile,0.99,6
2026-10-10,wk inc rsv hosp,-1,2026-10-03,47,quantile,0.01,3
2026-10-10,wk inc rsv hosp,-1,2026-10-03,47,quantile,0.025,5
2026-10-10,wk inc rsv hosp,-1,2026-10-03,47,quantile,0.05,6
2026-10-10,wk inc rsv hosp,-1,2026-10-03,47,quantile,0.1,8
2026-10-10,wk inc rsv hosp,-1,2026-10-03,47,quantile,0.15,8
2026-10-10,wk inc rsv hosp,-1,2026-10-03,47,quantile,0.2,9
2026-10-10,wk inc rsv hosp,-1,2026-10-03,47,quantile,0.25,9
2026-10-10,wk inc rsv hosp,-1,2026-10-03,47,quantile,0.3,10
2026-10-10,wk inc rsv hosp,-1,2026-10-03,47,quantile,0.35,10
2026-10-10,wk inc rsv hosp,-1,2026-10-03,47,quantile,0.4,10
2026-10-10,wk inc rsv hosp,-1,2026-10-03,47,quantile,0.45,10
2026-10-10,wk inc rsv hosp,-1,2026-10-03,47,quantile,0.5,11
2026-10-10,wk inc rsv hosp,-1,2026-10-03,47,quantile,0.55,11
2026-10-10,wk inc rsv hosp,-1,2026-10-03,47,quantile,0.6,11
2026-10-10,wk inc rsv hosp,-1,2026-10-03,47,quantile,0.65,12
2026-10-10,wk inc rsv hosp,-1,2026-10-03,47,quantile,0.7,12
2026-10-10,wk inc rsv hosp,-1,2026-10-03,47,quantile,0.75,13
2026-10-10,wk inc rsv hosp,-1,2026-10-03,47,quantile,0.8,13
2026-10-10,wk inc rsv hosp,-1,2026-10-03,47,quantile,0.85,14
2026-10-10,wk inc rsv hosp,-1,2026-10-03,47,quantile,0.9,15
2026-10-10,wk inc rsv hosp,-1,2026-10-03,47,quantile,0.95,16
2026-10-10,wk inc rsv hosp,-1,2026-10-03,47,quantile,0.975,17
2026-10-10,wk inc rsv hosp,-1,2026-10-03,47,quantile,0.99,20
2026-10-10,wk inc rsv hosp,-1,2026-10-03,48,quantile,0.01,58
2026-10-10,wk inc rsv hosp,-1,2026-10-03,48,quantile,0.025,63
2026-10-10,wk inc rsv hosp,-1,2026-10-03,48,quantile,0.05,67
2026-10-10,wk inc rsv hosp,-1,2026-10-03,48,quantile,0.1,70
2026-10-10,wk inc rsv hosp,-1,2026-10-03,48,quantile,0.15,74
2026-10-10,wk inc rsv hosp,-1,2026-10-03,48,quantile,0.2,76
2026-10-10,wk inc rsv hosp,-1,2026-10-03,48,quantile,0.25,77
2026-10-10,wk inc rsv hosp,-1,2026-10-03,48,quantile,0.3,79
2026-10-10,wk inc rsv hosp,-1,2026-10-03,48,quantile,0.35,81
2026-10-10,wk inc rsv hosp,-1,2026-10-03,48,quantile,0.4,82
2026-10-10,wk inc rsv hosp,-1,2026-10-03,48,quantile,0.45,84
2026-10-10,wk inc rsv hosp,-1,2026-10-03,48,quantile,0.5,85
2026-10-10,wk inc rsv hosp,-1,2026-10-03,48,quantile,0.55,87
2026-10-10,wk inc rsv hosp,-1,2026-10-03,48,quantile,0.6,89
2026-10-10,wk inc rsv hosp,-1,2026-10-03,48,quantile,0.65,90
2026-10-10,wk inc rsv hosp,-1,2026-10-03,48,quantile,0.7,92
2026-10-10,wk inc rsv hosp,-1,2026-10-03,48,quantile,0.75,94
2026-10-10,wk inc rsv hosp,-1,2026-10-03,48,quantile,0.8,96
2026-10-10,wk inc rsv hosp,-1,2026-10-03,48,quantile,0.85,98
2026-10-10,wk inc rsv hosp,-1,2026-10-03,48,quantile,0.9,102
2026-10-10,wk inc rsv hosp,-1,2026-10-03,48,quantile,0.95,108
2026-10-10,wk inc rsv hosp,-1,2026-10-03,48,quantile,0.975,112
2026-10-10,wk inc rsv hosp,-1,2026-10-03,48,quantile,0.99,119
2026-10-10,wk inc rsv hosp,-1,2026-10-03,49,quantile,0.01,0
2026-10-10,wk inc rsv hosp,-1,2026-10-03,49,quantile,0.025,0
2026-10-10,wk inc rsv hosp,-1,2026-10-03,49,quantile,0.05,0
2026-10-10,wk inc rsv hosp,-1,2026-10-03,49,quantile,0.1,0
2026-10-10,wk inc rsv hosp,-1,2026-10-03,49,quantile,0.15,0
2026-10-10,wk inc rsv hosp,-1,2026-10-03,49,quantile,0.2,0
2026-10-10,wk inc rsv hosp,-1,2026-10-03,49,quantile,0.25,0
2026-10-10,wk inc rsv hosp,-1,2026-10-03,49,quantile,0.3,0
2026-10-10,wk inc rsv hosp,-1,2026-10-03,49,quantile,0.35,0
2026-10-10,wk inc rsv hosp,-1,2026-10-03,49,quantile,0.4,0
2026-10-10,wk inc rsv hosp,-1,2026-10-03,49,quantile,0.45,0
2026-10-10,wk inc rsv hosp,-1,2026-10-03,49,quantile,0.5,0
2026-10-10,wk inc rsv hosp,-1,2026-10-03,49,quantile,0.55,0
2026-10-10,wk inc rsv hosp,-1,2026-10-03,49,quantile,0.6,0
2026-10-10,wk inc rsv hosp,-1,2026-10-03,49,quantile,0.65,0
2026-10-10,wk inc rsv hosp,-1,2026-10-03,49,quantile,0.7,0
2026-10-10,wk inc rsv hosp,-1,2026-10-03,49,quantile,0.75,0
2026-10-10,wk inc rsv hosp,-1,2026-10-03,49,quantile,0.8,0
2026-10-10,wk inc rsv hosp,-1,2026-10-03,49,quantile,0.85,1
2026-10-10,wk inc rsv hosp,-1,2026-10-03,49,quantile,0.9,1
2026-10-10,wk inc rsv hosp,-1,2026-10-03,49,quantile,0.95,2
2026-10-10,wk inc rsv hosp,-1,2026-10-03,49,quantile,0.975,3
2026-10-10,wk inc rsv hosp,-1,2026-10-03,49,quantile,0.99,5
2026-10-10,wk inc rsv hosp,-1,2026-10-03,50,quantile,0.01,0
2026-10-10,wk inc rsv hosp,-1,2026-10-03,50,quantile,0.025,0
2026-10-10,wk inc rsv hosp,-1,2026-10-03,50,quantile,0.05,0
2026-10-10,wk inc rsv hosp,-1,2026-10-03,50,quantile,0.1,0
2026-10-10,wk inc rsv hosp,-1,2026-10-03,50,quantile,0.15,0
2026-10-10,wk inc rsv hosp,-1,2026-10-03,50,quantile,0.2,0
2026-10-10,wk inc rsv hosp,-1,2026-10-03,50,quantile,0.25,0
2026-10-10,wk inc rsv hosp,-1,2026-10-03,50,quantile,0.3,0
2026-10-10,wk inc rsv hosp,-1,2026-10-03,50,quantile,0.35,0
2026-10-10,wk inc rsv hosp,-1,2026-10-03,50,quantile,0.4,0
2026-10-10,wk inc rsv hosp,-1,2026-10-03,50,quantile,0.45,0
2026-10-10,wk inc rsv hosp,-1,2026-10-03,50,quantile,0.5,0
2026-10-10,wk inc rsv hosp,-1,2026-10-03,50,quantile,0.55,0
2026-10-10,wk inc rsv hosp,-1,2026-10-03,50,quantile,0.6,0
2026-10-10,wk inc rsv hosp,-1,2026-10-03,50,quantile,0.65,0
2026-10-10,wk inc rsv hosp,-1,2026-10-03,50,quantile,0.7,0
2026-10-10,wk inc rsv hosp,-1,2026-10-03,50,quantile,0.75,0
2026-10-10,wk inc rsv hosp,-1,2026-10-03,50,quantile,0.8,0
2026-10-10,wk inc rsv hosp,-1,2026-10-03,50,quantile,0.85,1
2026-10-10,wk inc rsv hosp,-1,2026-10-03,50,quantile,0.9,1
2026-10-10,wk inc rsv hosp,-1,2026-10-03,50,quantile,0.95,2
2026-10-10,wk inc rsv hosp,-1,2026-10-03,50,quantile,0.975,3
2026-10-10,wk inc rsv hosp,-1,2026-10-03,50,quantile,0.99,4
2026-10-10,wk inc rsv hosp,-1,2026-10-03,51,quantile,0.01,0
2026-10-10,wk inc rsv hosp,-1,2026-10-03,51,quantile,0.025,1
2026-10-10,wk inc rsv hosp,-1,2026-10-03,51,quantile,0.05,2
2026-10-10,wk inc rsv hosp,-1,2026-10-03,51,quantile,0.1,3
2026-10-10,wk inc rsv hosp,-1,2026-10-03,51,quantile,0.15,4
2026-10-10,wk inc rsv hosp,-1,2026-10-03,51,quantile,0.2,5
2026-10-10,wk inc rsv hosp,-1,2026-10-03,51,quantile,0.25,5
2026-10-10,wk inc rsv hosp,-1,2026-10-03,51,quantile,0.3,5
2026-10-10,wk inc rsv hosp,-1,2026-10-03,51,quantile,0.35,5
2026-10-10,wk inc rsv hosp,-1,2026-10-03,51,quantile,0.4,5
2026-10-10,wk inc rsv hosp,-1,2026-10-03,51,quantile,0.45,5
2026-10-10,wk inc rsv hosp,-1,2026-10-03,51,quantile,0.5,6
2026-10-10,wk inc rsv hosp,-1,2026-10-03,51,quantile,0.55,6
2026-10-10,wk inc rsv hosp,-1,2026-10-03,51,quantile,0.6,6
2026-10-10,wk inc rsv hosp,-1,2026-10-03,51,quantile,0.65,6
2026-10-10,wk inc rsv hosp,-1,2026-10-03,51,quantile,0.7,7
2026-10-10,wk inc rsv hosp,-1,2026-10-03,51,quantile,0.75,7
2026-10-10,wk inc rsv hosp,-1,2026-10-03,51,quantile,0.8,8
2026-10-10,wk inc rsv hosp,-1,2026-10-03,51,quantile,0.85,8
2026-10-10,wk inc rsv hosp,-1,2026-10-03,51,quantile,0.9,9
2026-10-10,wk inc rsv hosp,-1,2026-10-03,51,quantile,0.95,11
2026-10-10,wk inc rsv hosp,-1,2026-10-03,51,quantile,0.975,12
2026-10-10,wk inc rsv hosp,-1,2026-10-03,51,quantile,0.99,14
2026-10-10,wk inc rsv hosp,-1,2026-10-03,53,quantile,0.01,0
2026-10-10,wk inc rsv hosp,-1,2026-10-03,53,quantile,0.025,0
2026-10-10,wk inc rsv hosp,-1,2026-10-03,53,quantile,0.05,1
2026-10-10,wk inc rsv hosp,-1,2026-10-03,53,quantile,0.1,1
2026-10-10,wk inc rsv hosp,-1,2026-10-03,53,quantile,0.15,2
2026-10-10,wk inc rsv hosp,-1,2026-10-03,53,quantile,0.2,2
2026-10-10,wk inc rsv hosp,-1,2026-10-03,53,quantile,0.25,2
2026-10-10,wk inc rsv hosp,-1,2026-10-03,53,quantile,0.3,2
2026-10-10,wk inc rsv hosp,-1,2026-10-03,53,quantile,0.35,2
2026-10-10,wk inc rsv hosp,-1,2026-10-03,53,quantile,0.4,3
2026-10-10,wk inc rsv hosp,-1,2026-10-03,53,quantile,0.45,3
2026-10-10,wk inc rsv hosp,-1,2026-10-03,53,quantile,0.5,3
2026-10-10,wk inc rsv hosp,-1,2026-10-03,53,quantile,0.55,3
2026-10-10,wk inc rsv hosp,-1,2026-10-03,53,quantile,0.6,3
2026-10-10,wk inc rsv hosp,-1,2026-10-03,53,quantile,0.65,4
2026-10-10,wk inc rsv hosp,-1,2026-10-03,53,quantile,0.7,4
2026-10-10,wk inc rsv hosp,-1,2026-10-03,53,quantile,0.75,4
2026-10-10,wk inc rsv hosp,-1,2026-10-03,53,quantile,0.8,5
2026-10-10,wk inc rsv hosp,-1,2026-10-03,53,quantile,0.85,5
2026-10-10,wk inc rsv hosp,-1,2026-10-03,53,quantile,0.9,5
2026-10-10,wk inc rsv hosp,-1,2026-10-03,53,quantile,0.95,6
2026-10-10,wk inc rsv hosp,-1,2026-10-03,53,quantile,0.975,7
2026-10-10,wk inc rsv hosp,-1,2026-10-03,53,quantile,0.99,8
2026-10-10,wk inc rsv hosp,-1,2026-10-03,54,quantile,0.01,0
2026-10-10,wk inc rsv hosp,-1,2026-10-03,54,quantile,0.025,0
2026-10-10,wk inc rsv hosp,-1,2026-10-03,54,quantile,0.05,0
2026-10-10,wk inc rsv hosp,-1,2026-10-03,54,quantile,0.1,0
2026-10-10,wk inc rsv hosp,-1,2026-10-03,54,quantile,0.15,0
2026-10-10,wk inc rsv hosp,-1,2026-10-03,54,quantile,0.2,1
2026-10-10,wk inc rsv hosp,-1,2026-10-03,54,quantile,0.25,1
2026-10-10,wk inc rsv hosp,-1,2026-10-03,54,quantile,0.3,1
2026-10-10,wk inc rsv hosp,-1,2026-10-03,54,quantile,0.35,1
2026-10-10,wk inc rsv hosp,-1,2026-10-03,54,quantile,0.4,1
2026-10-10,wk inc rsv hosp,-1,2026-10-03,54,quantile,0.45,1
2026-10-10,wk inc rsv hosp,-1,2026-10-03,54,quantile,0.5,1
2026-10-10,wk inc rsv hosp,-1,2026-10-03,54,quantile,0.55,1
2026-10-10,wk inc rsv hosp,-1,2026-10-03,54,quantile,0.6,2
2026-10-10,wk inc rsv hosp,-1,2026-10-03,54,quantile,0.65,2
2026-10-10,wk inc rsv hosp,-1,2026-10-03,54,quantile,0.7,2
2026-10-10,wk inc rsv hosp,-1,2026-10-03,54,quantile,0.75,2
2026-10-10,wk inc rsv hosp,-1,2026-10-03,54,quantile,0.8,3
2026-10-10,wk inc rsv hosp,-1,2026-10-03,54,quantile,0.85,3
2026-10-10,wk inc rsv hosp,-1,2026-10-03,54,quantile,0.9,4
2026-10-10,wk inc rsv hosp,-1,2026-10-03,54,quantile,0.95,5
2026-10-10,wk inc rsv hosp,-1,2026-10-03,54,quantile,0.975,6
2026-10-10,wk inc rsv hosp,-1,2026-10-03,54,quantile,0.99,7
2026-10-10,wk inc rsv hosp,-1,2026-10-03,55,quantile,0.01,2
2026-10-10,wk inc rsv hosp,-1,2026-10-03,55,quantile,0.025,3
2026-10-10,wk inc rsv hosp,-1,2026-10-03,55,quantile,0.05,4
2026-10-10,wk inc rsv hosp,-1,2026-10-03,55,quantile,0.1,4
2026-10-10,wk inc rsv hosp,-1,2026-10-03,55,quantile,0.15,4
2026-10-10,wk inc rsv hosp,-1,2026-10-03,55,quantile,0.2,4
2026-10-10,wk inc rsv hosp,-1,2026-10-03,55,quantile,0.25,4
2026-10-10,wk inc rsv hosp,-1,2026-10-03,55,quantile,0.3,4
2026-10-10,wk inc rsv hosp,-1,2026-10-03,55,quantile,0.35,4
2026-10-10,wk inc rsv hosp,-1,2026-10-03,55,quantile,0.4,4
2026-10-10,wk inc rsv hosp,-1,2026-10-03,55,quantile,0.45,4
2026-10-10,wk inc rsv hosp,-1,2026-10-03,55,quantile,0.5,4
2026-10-10,wk inc rsv hosp,-1,2026-10-03,55,quantile,0.55,4
2026-10-10,wk inc rsv hosp,-1,2026-10-03,55,quantile,0.6,4
2026-10-10,wk inc rsv hosp,-1,2026-10-03,55,quantile,0.65,4
2026-10-10,wk inc rsv hosp,-1,2026-10-03,55,quantile,0.7,4
2026-10-10,wk inc rsv hosp,-1,2026-10-03,55,quantile,0.75,4
2026-10-10,wk inc rsv hosp,-1,2026-10-03,55,quantile,0.8,4
2026-10-10,wk inc rsv hosp,-1,2026-10-03,55,quantile,0.85,4
2026-10-10,wk inc rsv hosp,-1,2026-10-03,55,quantile,0.9,4
2026-10-10,wk inc rsv hosp,-1,2026-10-03,55,quantile,0.95,5
2026-10-10,wk inc rsv hosp,-1,2026-10-03,55,quantile,0.975,6
2026-10-10,wk inc rsv hosp,-1,2026-10-03,55,quantile,0.99,7
2026-10-10,wk inc rsv hosp,-1,2026-10-03,56,quantile,0.01,0
2026-10-10,wk inc rsv hosp,-1,2026-10-03,56,quantile,0.025,0
2026-10-10,wk inc rsv hosp,-1,2026-10-03,56,quantile,0.05,0
2026-10-10,wk inc rsv hosp,-1,2026-10-03,56,quantile,0.1,0
2026-10-10,wk inc rsv hosp,-1,2026-10-03,56,quantile,0.15,0
2026-10-10,wk inc rsv hosp,-1,2026-10-03,56,quantile,0.2,0
2026-10-10,wk inc rsv hosp,-1,2026-10-03,56,quantile,0.25,0
2026-10-10,wk inc rsv hosp,-1,2026-10-03,56,quantile,0.3,0
2026-10-10,wk inc rsv hosp,-1,2026-10-03,56,quantile,0.35,0
2026-10-10,wk inc rsv hosp,-1,2026-10-03,56,quantile,0.4,0
2026-10-10,wk inc rsv hosp,-1,2026-10-03,56,quantile,0.45,0
2026-10-10,wk inc rsv hosp,-1,2026-10-03,56,quantile,0.5,0
2026-10-10,wk inc rsv hosp,-1,2026-10-03,56,quantile,0.55,1
2026-10-10,wk inc rsv hosp,-1,2026-10-03,56,quantile,0.6,1
2026-10-10,wk inc rsv hosp,-1,2026-10-03,56,quantile,0.65,1
2026-10-10,wk inc rsv hosp,-1,2026-10-03,56,quantile,0.7,1
2026-10-10,wk inc rsv hosp,-1,2026-10-03,56,quantile,0.75,1
2026-10-10,wk inc rsv hosp,-1,2026-10-03,56,quantile,0.8,2
2026-10-10,wk inc rsv hosp,-1,2026-10-03,56,quantile,0.85,2
2026-10-10,wk inc rsv hosp,-1,2026-10-03,56,quantile,0.9,3
2026-10-10,wk inc rsv hosp,-1,2026-10-03,56,quantile,0.95,4
2026-10-10,wk inc rsv hosp,-1,2026-10-03,56,quantile,0.975,5
2026-10-10,wk inc rsv hosp,-1,2026-10-03,56,quantile,0.99,7
2026-10-10,wk inc rsv hosp,-1,2026-10-03,72,quantile,0.01,5
2026-10-10,wk inc rsv hosp,-1,2026-10-03,72,quantile,0.025,6
2026-10-10,wk inc rsv hosp,-1,2026-10-03,72,quantile,0.05,7
2026-10-10,wk inc rsv hosp,-1,2026-10-03,72,quantile,0.1,8
2026-10-10,wk inc rsv hosp,-1,2026-10-03,72,quantile,0.15,9
2026-10-10,wk inc rsv hosp,-1,2026-10-03,72,quantile,0.2,9
2026-10-10,wk inc rsv hosp,-1,2026-10-03,72,quantile,0.25,9
2026-10-10,wk inc rsv hosp,-1,2026-10-03,72,quantile,0.3,9
2026-10-10,wk inc rsv hosp,-1,2026-10-03,72,quantile,0.35,10
2026-10-10,wk inc rsv hosp,-1,2026-10-03,72,quantile,0.4,10
2026-10-10,wk inc rsv hosp,-1,2026-10-03,72,quantile,0.45,11
2026-10-10,wk inc rsv hosp,-1,2026-10-03,72,quantile,0.5,11
2026-10-10,wk inc rsv hosp,-1,2026-10-03,72,quantile,0.55,11
2026-10-10,wk inc rsv hosp,-1,2026-10-03,72,quantile,0.6,12
2026-10-10,wk inc rsv hosp,-1,2026-10-03,72,quantile,0.65,12
2026-10-10,wk inc rsv hosp,-1,2026-10-03,72,quantile,0.7,12
2026-10-10,wk inc rsv hosp,-1,2026-10-03,72,quantile,0.75,13
2026-10-10,wk inc rsv hosp,-1,2026-10-03,72,quantile,0.8,13
2026-10-10,wk inc rsv hosp,-1,2026-10-03,72,quantile,0.85,14
2026-10-10,wk inc rsv hosp,-1,2026-10-03,72,quantile,0.9,15
2026-10-10,wk inc rsv hosp,-1,2026-10-03,72,quantile,0.95,16
2026-10-10,wk inc rsv hosp,-1,2026-10-03,72,quantile,0.975,18
2026-10-10,wk inc rsv hosp,-1,2026-10-03,72,quantile,0.99,20
2026-10-10,wk inc rsv hosp,-1,2026-10-03,US,quantile,0.01,573
2026-10-10,wk inc rsv hosp,-1,2026-10-03,US,quantile,0.025,583
2026-10-10,wk inc rsv hosp,-1,2026-10-03,US,quantile,0.05,592
2026-10-10,wk inc rsv hosp,-1,2026-10-03,US,quantile,0.1,603
2026-10-10,wk inc rsv hosp,-1,2026-10-03,US,quantile,0.15,613
2026-10-10,wk inc rsv hosp,-1,2026-10-03,US,quantile,0.2,620
2026-10-10,wk inc rsv hosp,-1,2026-10-03,US,quantile,0.25,626
2026-10-10,wk inc rsv hosp,-1,2026-10-03,US,quantile,0.3,631
2026-10-10,wk inc rsv hosp,-1,2026-10-03,US,quantile,0.35,637
2026-10-10,wk inc rsv hosp,-1,2026-10-03,US,quantile,0.4,643
2026-10-10,wk inc rsv hosp,-1,2026-10-03,US,quantile,0.45,647
2026-10-10,wk inc rsv hosp,-1,2026-10-03,US,quantile,0.5,653
2026-10-10,wk inc rsv hosp,-1,2026-10-03,US,quantile,0.55,658
2026-10-10,wk inc rsv hosp,-1,2026-10-03,US,quantile,0.6,663
2026-10-10,wk inc rsv hosp,-1,2026-10-03,US,quantile,0.65,668
2026-10-10,wk inc rsv hosp,-1,2026-10-03,US,quantile,0.7,672
2026-10-10,wk inc rsv hosp,-1,2026-10-03,US,quantile,0.75,678
2026-10-10,wk inc rsv hosp,-1,2026-10-03,US,quantile,0.8,684
2026-10-10,wk inc rsv hosp,-1,2026-10-03,US,quantile,0.85,693
2026-10-10,wk inc rsv hosp,-1,2026-10-03,US,quantile,0.9,704
2026-10-10,wk inc rsv hosp,-1,2026-10-03,US,quantile,0.95,719
2026-10-10,wk inc rsv hosp,-1,2026-10-03,US,quantile,0.975,732
2026-10-10,wk inc rsv hosp,-1,2026-10-03,US,quantile,0.99,748
2026-10-10,wk inc rsv hosp,0,2026-10-10,01,quantile,0.01,0
2026-10-10,wk inc rsv hosp,0,2026-10-10,01,quantile,0.025,0
2026-10-10,wk inc rsv hosp,0,2026-10-10,01,quantile,0.05,1
2026-10-10,wk inc rsv hosp,0,2026-10-10,01,quantile,0.1,6
2026-10-10,wk inc rsv hosp,0,2026-10-10,01,quantile,0.15,8
2026-10-10,wk inc rsv hosp,0,2026-10-10,01,quantile,0.2,9
2026-10-10,wk inc rsv hosp,0,2026-10-10,01,quantile,0.25,10
2026-10-10,wk inc rsv hosp,0,2026-10-10,01,quantile,0.3,11
2026-10-10,wk inc rsv hosp,0,2026-10-10,01,quantile,0.35,13
2026-10-10,wk inc rsv hosp,0,2026-10-10,01,quantile,0.4,13
2026-10-10,wk inc rsv hosp,0,2026-10-10,01,quantile,0.45,14
2026-10-10,wk inc rsv hosp,0,2026-10-10,01,quantile,0.5,15
2026-10-10,wk inc rsv hosp,0,2026-10-10,01,quantile,0.55,16
2026-10-10,wk inc rsv hosp,0,2026-10-10,01,quantile,0.6,17
2026-10-10,wk inc rsv hosp,0,2026-10-10,01,quantile,0.65,19
2026-10-10,wk inc rsv hosp,0,2026-10-10,01,quantile,0.7,20
2026-10-10,wk inc rsv hosp,0,2026-10-10,01,quantile,0.75,22
2026-10-10,wk inc rsv hosp,0,2026-10-10,01,quantile,0.8,23
2026-10-10,wk inc rsv hosp,0,2026-10-10,01,quantile,0.85,25
2026-10-10,wk inc rsv hosp,0,2026-10-10,01,quantile,0.9,28
2026-10-10,wk inc rsv hosp,0,2026-10-10,01,quantile,0.95,36
2026-10-10,wk inc rsv hosp,0,2026-10-10,01,quantile,0.975,42
2026-10-10,wk inc rsv hosp,0,2026-10-10,01,quantile,0.99,54
2026-10-10,wk inc rsv hosp,0,2026-10-10,02,quantile,0.01,0
2026-10-10,wk inc rsv hosp,0,2026-10-10,02,quantile,0.025,0
2026-10-10,wk inc rsv hosp,0,2026-10-10,02,quantile,0.05,0
2026-10-10,wk inc rsv hosp,0,2026-10-10,02,quantile,0.1,0
2026-10-10,wk inc rsv hosp,0,2026-10-10,02,quantile,0.15,1
2026-10-10,wk inc rsv hosp,0,2026-10-10,02,quantile,0.2,1
2026-10-10,wk inc rsv hosp,0,2026-10-10,02,quantile,0.25,2
2026-10-10,wk inc rsv hosp,0,2026-10-10,02,quantile,0.3,3
2026-10-10,wk inc rsv hosp,0,2026-10-10,02,quantile,0.35,3
2026-10-10,wk inc rsv hosp,0,2026-10-10,02,quantile,0.4,4
2026-10-10,wk inc rsv hosp,0,2026-10-10,02,quantile,0.45,5
2026-10-10,wk inc rsv hosp,0,2026-10-10,02,quantile,0.5,5
2026-10-10,wk inc rsv hosp,0,2026-10-10,02,quantile,0.55,6
2026-10-10,wk inc rsv hosp,0,2026-10-10,02,quantile,0.6,6
2026-10-10,wk inc rsv hosp,0,2026-10-10,02,quantile,0.65,7
2026-10-10,wk inc rsv hosp,0,2026-10-10,02,quantile,0.7,8
2026-10-10,wk inc rsv hosp,0,2026-10-10,02,quantile,0.75,9
2026-10-10,wk inc rsv hosp,0,2026-10-10,02,quantile,0.8,10
2026-10-10,wk inc rsv hosp,0,2026-10-10,02,quantile,0.85,12
2026-10-10,wk inc rsv hosp,0,2026-10-10,02,quantile,0.9,14
2026-10-10,wk inc rsv hosp,0,2026-10-10,02,quantile,0.95,17
2026-10-10,wk inc rsv hosp,0,2026-10-10,02,quantile,0.975,22
2026-10-10,wk inc rsv hosp,0,2026-10-10,02,quantile,0.99,29
2026-10-10,wk inc rsv hosp,0,2026-10-10,04,quantile,0.01,0
2026-10-10,wk inc rsv hosp,0,2026-10-10,04,quantile,0.025,0
2026-10-10,wk inc rsv hosp,0,2026-10-10,04,quantile,0.05,0
2026-10-10,wk inc rsv hosp,0,2026-10-10,04,quantile,0.1,0
2026-10-10,wk inc rsv hosp,0,2026-10-10,04,quantile,0.15,0
2026-10-10,wk inc rsv hosp,0,2026-10-10,04,quantile,0.2,0
2026-10-10,wk inc rsv hosp,0,2026-10-10,04,quantile,0.25,1
2026-10-10,wk inc rsv hosp,0,2026-10-10,04,quantile,0.3,1
2026-10-10,wk inc rsv hosp,0,2026-10-10,04,quantile,0.35,1
2026-10-10,wk inc rsv hosp,0,2026-10-10,04,quantile,0.4,2
2026-10-10,wk inc rsv hosp,0,2026-10-10,04,quantile,0.45,2
2026-10-10,wk inc rsv hosp,0,2026-10-10,04,quantile,0.5,2
2026-10-10,wk inc rsv hosp,0,2026-10-10,04,quantile,0.55,3
2026-10-10,wk inc rsv hosp,0,2026-10-10,04,quantile,0.6,3
2026-10-10,wk inc rsv hosp,0,2026-10-10,04,quantile,0.65,4
2026-10-10,wk inc rsv hosp,0,2026-10-10,04,quantile,0.7,4
2026-10-10,wk inc rsv hosp,0,2026-10-10,04,quantile,0.75,5
2026-10-10,wk inc rsv hosp,0,2026-10-10,04,quantile,0.8,6
2026-10-10,wk inc rsv hosp,0,2026-10-10,04,quantile,0.85,7
2026-10-10,wk inc rsv hosp,0,2026-10-10,04,quantile,0.9,8
2026-10-10,wk inc rsv hosp,0,2026-10-10,04,quantile,0.95,10
2026-10-10,wk inc rsv hosp,0,2026-10-10,04,quantile,0.975,15
2026-10-10,wk inc rsv hosp,0,2026-10-10,04,quantile,0.99,19
2026-10-10,wk inc rsv hosp,0,2026-10-10,05,quantile,0.01,0
2026-10-10,wk inc rsv hosp,0,2026-10-10,05,quantile,0.025,0
2026-10-10,wk inc rsv hosp,0,2026-10-10,05,quantile,0.05,0
2026-10-10,wk inc rsv hosp,0,2026-10-10,05,quantile,0.1,0
2026-10-10,wk inc rsv hosp,0,2026-10-10,05,quantile,0.15,0
2026-10-10,wk inc rsv hosp,0,2026-10-10,05,quantile,0.2,1
2026-10-10,wk inc rsv hosp,0,2026-10-10,05,quantile,0.25,1
2026-10-10,wk inc rsv hosp,0,2026-10-10,05,quantile,0.3,2
2026-10-10,wk inc rsv hosp,0,2026-10-10,05,quantile,0.35,2
2026-10-10,wk inc rsv hosp,0,2026-10-10,05,quantile,0.4,3
2026-10-10,wk inc rsv hosp,0,2026-10-10,05,quantile,0.45,4
2026-10-10,wk inc rsv hosp,0,2026-10-10,05,quantile,0.5,4
2026-10-10,wk inc rsv hosp,0,2026-10-10,05,quantile,0.55,5
2026-10-10,wk inc rsv hosp,0,2026-10-10,05,quantile,0.6,5
2026-10-10,wk inc rsv hosp,0,2026-10-10,05,quantile,0.65,6
2026-10-10,wk inc rsv hosp,0,2026-10-10,05,quantile,0.7,7
2026-10-10,wk inc rsv hosp,0,2026-10-10,05,quantile,0.75,8
2026-10-10,wk inc rsv hosp,0,2026-10-10,05,quantile,0.8,9
2026-10-10,wk inc rsv hosp,0,2026-10-10,05,quantile,0.85,10
2026-10-10,wk inc rsv hosp,0,2026-10-10,05,quantile,0.9,12
2026-10-10,wk inc rsv hosp,0,2026-10-10,05,quantile,0.95,16
2026-10-10,wk inc rsv hosp,0,2026-10-10,05,quantile,0.975,22
2026-10-10,wk inc rsv hosp,0,2026-10-10,05,quantile,0.99,27
2026-10-10,wk inc rsv hosp,0,2026-10-10,06,quantile,0.01,11
2026-10-10,wk inc rsv hosp,0,2026-10-10,06,quantile,0.025,16
2026-10-10,wk inc rsv hosp,0,2026-10-10,06,quantile,0.05,19
2026-10-10,wk inc rsv hosp,0,2026-10-10,06,quantile,0.1,22
2026-10-10,wk inc rsv hosp,0,2026-10-10,06,quantile,0.15,25
2026-10-10,wk inc rsv hosp,0,2026-10-10,06,quantile,0.2,27
2026-10-10,wk inc rsv hosp,0,2026-10-10,06,quantile,0.25,29
2026-10-10,wk inc rsv hosp,0,2026-10-10,06,quantile,0.3,31
2026-10-10,wk inc rsv hosp,0,2026-10-10,06,quantile,0.35,32
2026-10-10,wk inc rsv hosp,0,2026-10-10,06,quantile,0.4,34
2026-10-10,wk inc rsv hosp,0,2026-10-10,06,quantile,0.45,35
2026-10-10,wk inc rsv hosp,0,2026-10-10,06,quantile,0.5,37
2026-10-10,wk inc rsv hosp,0,2026-10-10,06,quantile,0.55,39
2026-10-10,wk inc rsv hosp,0,2026-10-10,06,quantile,0.6,41
2026-10-10,wk inc rsv hosp,0,2026-10-10,06,quantile,0.65,43
2026-10-10,wk inc rsv hosp,0,2026-10-10,06,quantile,0.7,45
2026-10-10,wk inc rsv hosp,0,2026-10-10,06,quantile,0.75,47
2026-10-10,wk inc rsv hosp,0,2026-10-10,06,quantile,0.8,50
2026-10-10,wk inc rsv hosp,0,2026-10-10,06,quantile,0.85,53
2026-10-10,wk inc rsv hosp,0,2026-10-10,06,quantile,0.9,59
2026-10-10,wk inc rsv hosp,0,2026-10-10,06,quantile,0.95,67
2026-10-10,wk inc rsv hosp,0,2026-10-10,06,quantile,0.975,76
2026-10-10,wk inc rsv hosp,0,2026-10-10,06,quantile,0.99,91
2026-10-10,wk inc rsv hosp,0,2026-10-10,08,quantile,0.01,0
2026-10-10,wk inc rsv hosp,0,2026-10-10,08,quantile,0.025,0
2026-10-10,wk inc rsv hosp,0,2026-10-10,08,quantile,0.05,0
2026-10-10,wk inc rsv hosp,0,2026-10-10,08,quantile,0.1,0
2026-10-10,wk inc rsv hosp,0,2026-10-10,08,quantile,0.15,1
2026-10-10,wk inc rsv hosp,0,2026-10-10,08,quantile,0.2,1
2026-10-10,wk inc rsv hosp,0,2026-10-10,08,quantile,0.25,2
2026-10-10,wk inc rsv hosp,0,2026-10-10,08,quantile,0.3,2
2026-10-10,wk inc rsv hosp,0,2026-10-10,08,quantile,0.35,2
2026-10-10,wk inc rsv hosp,0,2026-10-10,08,quantile,0.4,3
2026-10-10,wk inc rsv hosp,0,2026-10-10,08,quantile,0.45,3
2026-10-10,wk inc rsv hosp,0,2026-10-10,08,quantile,0.5,3
2026-10-10,wk inc rsv hosp,0,2026-10-10,08,quantile,0.55,3
2026-10-10,wk inc rsv hosp,0,2026-10-10,08,quantile,0.6,4
2026-10-10,wk inc rsv hosp,0,2026-10-10,08,quantile,0.65,4
2026-10-10,wk inc rsv hosp,0,2026-10-10,08,quantile,0.7,5
2026-10-10,wk inc rsv hosp,0,2026-10-10,08,quantile,0.75,5
2026-10-10,wk inc rsv hosp,0,2026-10-10,08,quantile,0.8,6
2026-10-10,wk inc rsv hosp,0,2026-10-10,08,quantile,0.85,6
2026-10-10,wk inc rsv hosp,0,2026-10-10,08,quantile,0.9,7
2026-10-10,wk inc rsv hosp,0,2026-10-10,08,quantile,0.95,8
2026-10-10,wk inc rsv hosp,0,2026-10-10,08,quantile,0.975,10
2026-10-10,wk inc rsv hosp,0,2026-10-10,08,quantile,0.99,14
2026-10-10,wk inc rsv hosp,0,2026-10-10,09,quantile,0.01,0
2026-10-10,wk inc rsv hosp,0,2026-10-10,09,quantile,0.025,0
2026-10-10,wk inc rsv hosp,0,2026-10-10,09,quantile,0.05,0
2026-10-10,wk inc rsv hosp,0,2026-10-10,09,quantile,0.1,0
2026-10-10,wk inc rsv hosp,0,2026-10-10,09,quantile,0.15,0
2026-10-10,wk inc rsv hosp,0,2026-10-10,09,quantile,0.2,0
2026-10-10,wk inc rsv hosp,0,2026-10-10,09,quantile,0.25,0
2026-10-10,wk inc rsv hosp,0,2026-10-10,09,quantile,0.3,0
2026-10-10,wk inc rsv hosp,0,2026-10-10,09,quantile,0.35,0
2026-10-10,wk inc rsv hosp,0,2026-10-10,09,quantile,0.4,1
2026-10-10,wk inc rsv hosp,0,2026-10-10,09,quantile,0.45,1
2026-10-10,wk inc rsv hosp,0,2026-10-10,09,quantile,0.5,1
2026-10-10,wk inc rsv hosp,0,2026-10-10,09,quantile,0.55,1
2026-10-10,wk inc rsv hosp,0,2026-10-10,09,quantile,0.6,1
2026-10-10,wk inc rsv hosp,0,2026-10-10,09,quantile,0.65,1
2026-10-10,wk inc rsv hosp,0,2026-10-10,09,quantile,0.7,2
2026-10-10,wk inc rsv hosp,0,2026-10-10,09,quantile,0.75,2
2026-10-10,wk inc rsv hosp,0,2026-10-10,09,quantile,0.8,2
2026-10-10,wk inc rsv hosp,0,2026-10-10,09,quantile,0.85,3
2026-10-10,wk inc rsv hosp,0,2026-10-10,09,quantile,0.9,3
2026-10-10,wk inc rsv hosp,0,2026-10-10,09,quantile,0.95,4
2026-10-10,wk inc rsv hosp,0,2026-10-10,09,quantile,0.975,5
2026-10-10,wk inc rsv hosp,0,2026-10-10,09,quantile,0.99,7
2026-10-10,wk inc rsv hosp,0,2026-10-10,10,quantile,0.01,1
2026-10-10,wk inc rsv hosp,0,2026-10-10,10,quantile,0.025,1
2026-10-10,wk inc rsv hosp,0,2026-10-10,10,quantile,0.05,2
2026-10-10,wk inc rsv hosp,0,2026-10-10,10,quantile,0.1,3
2026-10-10,wk inc rsv hosp,0,2026-10-10,10,quantile,0.15,3
2026-10-10,wk inc rsv hosp,0,2026-10-10,10,quantile,0.2,4
2026-10-10,wk inc rsv hosp,0,2026-10-10,10,quantile,0.25,5
2026-10-10,wk inc rsv hosp,0,2026-10-10,10,quantile,0.3,5
2026-10-10,wk inc rsv hosp,0,2026-10-10,10,quantile,0.35,5
2026-10-10,wk inc rsv hosp,0,2026-10-10,10,quantile,0.4,6
2026-10-10,wk inc rsv hosp,0,2026-10-10,10,quantile,0.45,6
2026-10-10,wk inc rsv hosp,0,2026-10-10,10,quantile,0.5,7
2026-10-10,wk inc rsv hosp,0,2026-10-10,10,quantile,0.55,7
2026-10-10,wk inc rsv hosp,0,2026-10-10,10,quantile,0.6,8
2026-10-10,wk inc rsv hosp,0,2026-10-10,10,quantile,0.65,9
2026-10-10,wk inc rsv hosp,0,2026-10-10,10,quantile,0.7,9
2026-10-10,wk inc rsv hosp,0,2026-10-10,10,quantile,0.75,10
2026-10-10,wk inc rsv hosp,0,2026-10-10,10,quantile,0.8,11
2026-10-10,wk inc rsv hosp,0,2026-10-10,10,quantile,0.85,13
2026-10-10,wk inc rsv hosp,0,2026-10-10,10,quantile,0.9,15
2026-10-10,wk inc rsv hosp,0,2026-10-10,10,quantile,0.95,18
2026-10-10,wk inc rsv hosp,0,2026-10-10,10,quantile,0.975,22
2026-10-10,wk inc rsv hosp,0,2026-10-10,10,quantile,0.99,28
2026-10-10,wk inc rsv hosp,0,2026-10-10,11,quantile,0.01,0
2026-10-10,wk inc rsv hosp,0,2026-10-10,11,quantile,0.025,0
2026-10-10,wk inc rsv hosp,0,2026-10-10,11,quantile,0.05,0
2026-10-10,wk inc rsv hosp,0,2026-10-10,11,quantile,0.1,0
2026-10-10,wk inc rsv hosp,0,2026-10-10,11,quantile,0.15,0
2026-10-10,wk inc rsv hosp,0,2026-10-10,11,quantile,0.2,0
2026-10-10,wk inc rsv hosp,0,2026-10-10,11,quantile,0.25,0
2026-10-10,wk inc rsv hosp,0,2026-10-10,11,quantile,0.3,0
2026-10-10,wk inc rsv hosp,0,2026-10-10,11,quantile,0.35,0
2026-10-10,wk inc rsv hosp,0,2026-10-10,11,quantile,0.4,0
2026-10-10,wk inc rsv hosp,0,2026-10-10,11,quantile,0.45,0
2026-10-10,wk inc rsv hosp,0,2026-10-10,11,quantile,0.5,0
2026-10-10,wk inc rsv hosp,0,2026-10-10,11,quantile,0.55,0
2026-10-10,wk inc rsv hosp,0,2026-10-10,11,quantile,0.6,0
2026-10-10,wk inc rsv hosp,0,2026-10-10,11,quantile,0.65,0
2026-10-10,wk inc rsv hosp,0,2026-10-10,11,quantile,0.7,0
2026-10-10,wk inc rsv hosp,0,2026-10-10,11,quantile,0.75,0
2026-10-10,wk inc rsv hosp,0,2026-10-10,11,quantile,0.8,0
2026-10-10,wk inc rsv hosp,0,2026-10-10,11,quantile,0.85,0
2026-10-10,wk inc rsv hosp,0,2026-10-10,11,quantile,0.9,0
2026-10-10,wk inc rsv hosp,0,2026-10-10,11,quantile,0.95,0
2026-10-10,wk inc rsv hosp,0,2026-10-10,11,quantile,0.975,0
2026-10-10,wk inc rsv hosp,0,2026-10-10,11,quantile,0.99,2
2026-10-10,wk inc rsv hosp,0,2026-10-10,12,quantile,0.01,66
2026-10-10,wk inc rsv hosp,0,2026-10-10,12,quantile,0.025,99
2026-10-10,wk inc rsv hosp,0,2026-10-10,12,quantile,0.05,124
2026-10-10,wk inc rsv hosp,0,2026-10-10,12,quantile,0.1,147
2026-10-10,wk inc rsv hosp,0,2026-10-10,12,quantile,0.15,161
2026-10-10,wk inc rsv hosp,0,2026-10-10,12,quantile,0.2,172
2026-10-10,wk inc rsv hosp,0,2026-10-10,12,quantile,0.25,182
2026-10-10,wk inc rsv hosp,0,2026-10-10,12,quantile,0.3,192
2026-10-10,wk inc rsv hosp,0,2026-10-10,12,quantile,0.35,200
2026-10-10,wk inc rsv hosp,0,2026-10-10,12,quantile,0.4,207
2026-10-10,wk inc rsv hosp,0,2026-10-10,12,quantile,0.45,214
2026-10-10,wk inc rsv hosp,0,2026-10-10,12,quantile,0.5,224
2026-10-10,wk inc rsv hosp,0,2026-10-10,12,quantile,0.55,231
2026-10-10,wk inc rsv hosp,0,2026-10-10,12,quantile,0.6,242
2026-10-10,wk inc rsv hosp,0,2026-10-10,12,quantile,0.65,254
2026-10-10,wk inc rsv hosp,0,2026-10-10,12,quantile,0.7,267
2026-10-10,wk inc rsv hosp,0,2026-10-10,12,quantile,0.75,277
2026-10-10,wk inc rsv hosp,0,2026-10-10,12,quantile,0.8,292
2026-10-10,wk inc rsv hosp,0,2026-10-10,12,quantile,0.85,308
2026-10-10,wk inc rsv hosp,0,2026-10-10,12,quantile,0.9,330
2026-10-10,wk inc rsv hosp,0,2026-10-10,12,quantile,0.95,367
2026-10-10,wk inc rsv hosp,0,2026-10-10,12,quantile,0.975,401
2026-10-10,wk inc rsv hosp,0,2026-10-10,12,quantile,0.99,494
2026-10-10,wk inc rsv hosp,0,2026-10-10,13,quantile,0.01,16
2026-10-10,wk inc rsv hosp,0,2026-10-10,13,quantile,0.025,19
2026-10-10,wk inc rsv hosp,0,2026-10-10,13,quantile,0.05,22
2026-10-10,wk inc rsv hosp,0,2026-10-10,13,quantile,0.1,27
2026-10-10,wk inc rsv hosp,0,2026-10-10,13,quantile,0.15,30
2026-10-10,wk inc rsv hosp,0,2026-10-10,13,quantile,0.2,33
2026-10-10,wk inc rsv hosp,0,2026-10-10,13,quantile,0.25,36
2026-10-10,wk inc rsv hosp,0,2026-10-10,13,quantile,0.3,38
2026-10-10,wk inc rsv hosp,0,2026-10-10,13,quantile,0.35,40
2026-10-10,wk inc rsv hosp,0,2026-10-10,13,quantile,0.4,42
2026-10-10,wk inc rsv hosp,0,2026-10-10,13,quantile,0.45,44
2026-10-10,wk inc rsv hosp,0,2026-10-10,13,quantile,0.5,46
2026-10-10,wk inc rsv hosp,0,2026-10-10,13,quantile,0.55,48
2026-10-10,wk inc rsv hosp,0,2026-10-10,13,quantile,0.6,51
2026-10-10,wk inc rsv hosp,0,2026-10-10,13,quantile,0.65,54
2026-10-10,wk inc rsv hosp,0,2026-10-10,13,quantile,0.7,56
2026-10-10,wk inc rsv hosp,0,2026-10-10,13,quantile,0.75,58
2026-10-10,wk inc rsv hosp,0,2026-10-10,13,quantile,0.8,62
2026-10-10,wk inc rsv hosp,0,2026-10-10,13,quantile,0.85,66
2026-10-10,wk inc rsv hosp,0,2026-10-10,13,quantile,0.9,72
2026-10-10,wk inc rsv hosp,0,2026-10-10,13,quantile,0.95,83
2026-10-10,wk inc rsv hosp,0,2026-10-10,13,quantile,0.975,95
2026-10-10,wk inc rsv hosp,0,2026-10-10,13,quantile,0.99,112
2026-10-10,wk inc rsv hosp,0,2026-10-10,15,quantile,0.01,0
2026-10-10,wk inc rsv hosp,0,2026-10-10,15,quantile,0.025,0
2026-10-10,wk inc rsv hosp,0,2026-10-10,15,quantile,0.05,1
2026-10-10,wk inc rsv hosp,0,2026-10-10,15,quantile,0.1,3
2026-10-10,wk inc rsv hosp,0,2026-10-10,15,quantile,0.15,5
2026-10-10,wk inc rsv hosp,0,2026-10-10,15,quantile,0.2,6
2026-10-10,wk inc rsv hosp,0,2026-10-10,15,quantile,0.25,6
2026-10-10,wk inc rsv hosp,0,2026-10-10,15,quantile,0.3,7
2026-10-10,wk inc rsv hosp,0,2026-10-10,15,quantile,0.35,8
2026-10-10,wk inc rsv hosp,0,2026-10-10,15,quantile,0.4,9
2026-10-10,wk inc rsv hosp,0,2026-10-10,15,quantile,0.45,10
2026-10-10,wk inc rsv hosp,0,2026-10-10,15,quantile,0.5,10
2026-10-10,wk inc rsv hosp,0,2026-10-10,15,quantile,0.55,11
2026-10-10,wk inc rsv hosp,0,2026-10-10,15,quantile,0.6,12
2026-10-10,wk inc rsv hosp,0,2026-10-10,15,quantile,0.65,13
2026-10-10,wk inc rsv hosp,0,2026-10-10,15,quantile,0.7,14
2026-10-10,wk inc rsv hosp,0,2026-10-10,15,quantile,0.75,15
2026-10-10,wk inc rsv hosp,0,2026-10-10,15,quantile,0.8,17
2026-10-10,wk inc rsv hosp,0,2026-10-10,15,quantile,0.85,18
2026-10-10,wk inc rsv hosp,0,2026-10-10,15,quantile,0.9,21
2026-10-10,wk inc rsv hosp,0,2026-10-10,15,quantile,0.95,26
2026-10-10,wk inc rsv hosp,0,2026-10-10,15,quantile,0.975,30
2026-10-10,wk inc rsv hosp,0,2026-10-10,15,quantile,0.99,36
2026-10-10,wk inc rsv hosp,0,2026-10-10,16,quantile,0.01,0
2026-10-10,wk inc rsv hosp,0,2026-10-10,16,quantile,0.025,0
2026-10-10,wk inc rsv hosp,0,2026-10-10,16,quantile,0.05,0
2026-10-10,wk inc rsv hosp,0,2026-10-10,16,quantile,0.1,0
2026-10-10,wk inc rsv hosp,0,2026-10-10,16,quantile,0.15,2
2026-10-10,wk inc rsv hosp,0,2026-10-10,16,quantile,0.2,3
2026-10-10,wk inc rsv hosp,0,2026-10-10,16,quantile,0.25,4
2026-10-10,wk inc rsv hosp,0,2026-10-10,16,quantile,0.3,5
2026-10-10,wk inc rsv hosp,0,2026-10-10,16,quantile,0.35,5
2026-10-10,wk inc rsv hosp,0,2026-10-10,16,quantile,0.4,6
2026-10-10,wk inc rsv hosp,0,2026-10-10,16,quantile,0.45,7
2026-10-10,wk inc rsv hosp,0,2026-10-10,16,quantile,0.5,8
2026-10-10,wk inc rsv hosp,0,2026-10-10,16,quantile,0.55,9
2026-10-10,wk inc rsv hosp,0,2026-10-10,16,quantile,0.6,10
2026-10-10,wk inc rsv hosp,0,2026-10-10,16,quantile,0.65,11
2026-10-10,wk inc rsv hosp,0,2026-10-10,16,quantile,0.7,13
2026-10-10,wk inc rsv hosp,0,2026-10-10,16,quantile,0.75,14
2026-10-10,wk inc rsv hosp,0,2026-10-10,16,quantile,0.8,16
2026-10-10,wk inc rsv hosp,0,2026-10-10,16,quantile,0.85,19
2026-10-10,wk inc rsv hosp,0,2026-10-10,16,quantile,0.9,23
2026-10-10,wk inc rsv hosp,0,2026-10-10,16,quantile,0.95,32
2026-10-10,wk inc rsv hosp,0,2026-10-10,16,quantile,0.975,40
2026-10-10,wk inc rsv hosp,0,2026-10-10,16,quantile,0.99,63
2026-10-10,wk inc rsv hosp,0,2026-10-10,17,quantile,0.01,0
2026-10-10,wk inc rsv hosp,0,2026-10-10,17,quantile,0.025,0
2026-10-10,wk inc rsv hosp,0,2026-10-10,17,quantile,0.05,1
2026-10-10,wk inc rsv hosp,0,2026-10-10,17,quantile,0.1,4
2026-10-10,wk inc rsv hosp,0,2026-10-10,17,quantile,0.15,6
2026-10-10,wk inc rsv hosp,0,2026-10-10,17,quantile,0.2,7
2026-10-10,wk inc rsv hosp,0,2026-10-10,17,quantile,0.25,8
2026-10-10,wk inc rsv hosp,0,2026-10-10,17,quantile,0.3,9
2026-10-10,wk inc rsv hosp,0,2026-10-10,17,quantile,0.35,10
2026-10-10,wk inc rsv hosp,0,2026-10-10,17,quantile,0.4,11
2026-10-10,wk inc rsv hosp,0,2026-10-10,17,quantile,0.45,11
2026-10-10,wk inc rsv hosp,0,2026-10-10,17,quantile,0.5,12
2026-10-10,wk inc rsv hosp,0,2026-10-10,17,quantile,0.55,13
2026-10-10,wk inc rsv hosp,0,2026-10-10,17,quantile,0.6,14
2026-10-10,wk inc rsv hosp,0,2026-10-10,17,quantile,0.65,15
2026-10-10,wk inc rsv hosp,0,2026-10-10,17,quantile,0.7,16
2026-10-10,wk inc rsv hosp,0,2026-10-10,17,quantile,0.75,18
2026-10-10,wk inc rsv hosp,0,2026-10-10,17,quantile,0.8,19
2026-10-10,wk inc rsv hosp,0,2026-10-10,17,quantile,0.85,22
2026-10-10,wk inc rsv hosp,0,2026-10-10,17,quantile,0.9,24
2026-10-10,wk inc rsv hosp,0,2026-10-10,17,quantile,0.95,28
2026-10-10,wk inc rsv hosp,0,2026-10-10,17,quantile,0.975,32
2026-10-10,wk inc rsv hosp,0,2026-10-10,17,quantile,0.99,48
2026-10-10,wk inc rsv hosp,0,2026-10-10,18,quantile,0.01,0
2026-10-10,wk inc rsv hosp,0,2026-10-10,18,quantile,0.025,0
2026-10-10,wk inc rsv hosp,0,2026-10-10,18,quantile,0.05,0
2026-10-10,wk inc rsv hosp,0,2026-10-10,18,quantile,0.1,0
2026-10-10,wk inc rsv hosp,0,2026-10-10,18,quantile,0.15,0
2026-10-10,wk inc rsv hosp,0,2026-10-10,18,quantile,0.2,0
2026-10-10,wk inc rsv hosp,0,2026-10-10,18,quantile,0.25,0
2026-10-10,wk inc rsv hosp,0,2026-10-10,18,quantile,0.3,1
2026-10-10,wk inc rsv hosp,0,2026-10-10,18,quantile,0.35,1
2026-10-10,wk inc rsv hosp,0,2026-10-10,18,quantile,0.4,1
2026-10-10,wk inc rsv hosp,0,2026-10-10,18,quantile,0.45,2
2026-10-10,wk inc rsv hosp,0,2026-10-10,18,quantile,0.5,2
2026-10-10,wk inc rsv hosp,0,2026-10-10,18,quantile,0.55,3
2026-10-10,wk inc rsv hosp,0,2026-10-10,18,quantile,0.6,3
2026-10-10,wk inc rsv hosp,0,2026-10-10,18,quantile,0.65,3
2026-10-10,wk inc rsv hosp,0,2026-10-10,18,quantile,0.7,4
2026-10-10,wk inc rsv hosp,0,2026-10-10,18,quantile,0.75,4
2026-10-10,wk inc rsv hosp,0,2026-10-10,18,quantile,0.8,5
2026-10-10,wk inc rsv hosp,0,2026-10-10,18,quantile,0.85,6
2026-10-10,wk inc rsv hosp,0,2026-10-10,18,quantile,0.9,7
2026-10-10,wk inc rsv hosp,0,2026-10-10,18,quantile,0.95,10
2026-10-10,wk inc rsv hosp,0,2026-10-10,18,quantile,0.975,12
2026-10-10,wk inc rsv hosp,0,2026-10-10,18,quantile,0.99,17
2026-10-10,wk inc rsv hosp,0,2026-10-10,19,quantile,0.01,0
2026-10-10,wk inc rsv hosp,0,2026-10-10,19,quantile,0.025,0
2026-10-10,wk inc rsv hosp,0,2026-10-10,19,quantile,0.05,0
2026-10-10,wk inc rsv hosp,0,2026-10-10,19,quantile,0.1,0
2026-10-10,wk inc rsv hosp,0,2026-10-10,19,quantile,0.15,0
2026-10-10,wk inc rsv hosp,0,2026-10-10,19,quantile,0.2,0
2026-10-10,wk inc rsv hosp,0,2026-10-10,19,quantile,0.25,0
2026-10-10,wk inc rsv hosp,0,2026-10-10,19,quantile,0.3,0
2026-10-10,wk inc rsv hosp,0,2026-10-10,19,quantile,0.35,0
2026-10-10,wk inc rsv hosp,0,2026-10-10,19,quantile,0.4,0
2026-10-10,wk inc rsv hosp,0,2026-10-10,19,quantile,0.45,0
2026-10-10,wk inc rsv hosp,0,2026-10-10,19,quantile,0.5,0
2026-10-10,wk inc rsv hosp,0,2026-10-10,19,quantile,0.55,1
2026-10-10,wk inc rsv hosp,0,2026-10-10,19,quantile,0.6,1
2026-10-10,wk inc rsv hosp,0,2026-10-10,19,quantile,0.65,1
2026-10-10,wk inc rsv hosp,0,2026-10-10,19,quantile,0.7,2
2026-10-10,wk inc rsv hosp,0,2026-10-10,19,quantile,0.75,3
2026-10-10,wk inc rsv hosp,0,2026-10-10,19,quantile,0.8,3
2026-10-10,wk inc rsv hosp,0,2026-10-10,19,quantile,0.85,4
2026-10-10,wk inc rsv hosp,0,2026-10-10,19,quantile,0.9,6
2026-10-10,wk inc rsv hosp,0,2026-10-10,19,quantile,0.95,8
2026-10-10,wk inc rsv hosp,0,2026-10-10,19,quantile,0.975,13
2026-10-10,wk inc rsv hosp,0,2026-10-10,19,quantile,0.99,19
2026-10-10,wk inc rsv hosp,0,2026-10-10,20,quantile,0.01,0
2026-10-10,wk inc rsv hosp,0,2026-10-10,20,quantile,0.025,0
2026-10-10,wk inc rsv hosp,0,2026-10-10,20,quantile,0.05,0
2026-10-10,wk inc rsv hosp,0,2026-10-10,20,quantile,0.1,0
2026-10-10,wk inc rsv hosp,0,2026-10-10,20,quantile,0.15,0
2026-10-10,wk inc rsv hosp,0,2026-10-10,20,quantile,0.2,0
2026-10-10,wk inc rsv hosp,0,2026-10-10,20,quantile,0.25,0
2026-10-10,wk inc rsv hosp,0,2026-10-10,20,quantile,0.3,0
2026-10-10,wk inc rsv hosp,0,2026-10-10,20,quantile,0.35,0
2026-10-10,wk inc rsv hosp,0,2026-10-10,20,quantile,0.4,1
2026-10-10,wk inc rsv hosp,0,2026-10-10,20,quantile,0.45,1
2026-10-10,wk inc rsv hosp,0,2026-10-10,20,quantile,0.5,1
2026-10-10,wk inc rsv hosp,0,2026-10-10,20,quantile,0.55,2
2026-10-10,wk inc rsv hosp,0,2026-10-10,20,quantile,0.6,2
2026-10-10,wk inc rsv hosp,0,2026-10-10,20,quantile,0.65,2
2026-10-10,wk inc rsv hosp,0,2026-10-10,20,quantile,0.7,3
2026-10-10,wk inc rsv hosp,0,2026-10-10,20,quantile,0.75,3
2026-10-10,wk inc rsv hosp,0,2026-10-10,20,quantile,0.8,4
2026-10-10,wk inc rsv hosp,0,2026-10-10,20,quantile,0.85,5
2026-10-10,wk inc rsv hosp,0,2026-10-10,20,quantile,0.9,6
2026-10-10,wk inc rsv hosp,0,2026-10-10,20,quantile,0.95,8
2026-10-10,wk inc rsv hosp,0,2026-10-10,20,quantile,0.975,11
2026-10-10,wk inc rsv hosp,0,2026-10-10,20,quantile,0.99,16
2026-10-10,wk inc rsv hosp,0,2026-10-10,21,quantile,0.01,2
2026-10-10,wk inc rsv hosp,0,2026-10-10,21,quantile,0.025,4
2026-10-10,wk inc rsv hosp,0,2026-10-10,21,quantile,0.05,5
2026-10-10,wk inc rsv hosp,0,2026-10-10,21,quantile,0.1,7
2026-10-10,wk inc rsv hosp,0,2026-10-10,21,quantile,0.15,9
2026-10-10,wk inc rsv hosp,0,2026-10-10,21,quantile,0.2,10
2026-10-10,wk inc rsv hosp,0,2026-10-10,21,quantile,0.25,11
2026-10-10,wk inc rsv hosp,0,2026-10-10,21,quantile,0.3,12
2026-10-10,wk inc rsv hosp,0,2026-10-10,21,quantile,0.35,13
2026-10-10,wk inc rsv hosp,0,2026-10-10,21,quantile,0.4,14
2026-10-10,wk inc rsv hosp,0,2026-10-10,21,quantile,0.45,15
2026-10-10,wk inc rsv hosp,0,2026-10-10,21,quantile,0.5,16
2026-10-10,wk inc rsv hosp,0,2026-10-10,21,quantile,0.55,17
2026-10-10,wk inc rsv hosp,0,2026-10-10,21,quantile,0.6,19
2026-10-10,wk inc rsv hosp,0,2026-10-10,21,quantile,0.65,20
2026-10-10,wk inc rsv hosp,0,2026-10-10,21,quantile,0.7,21
2026-10-10,wk inc rsv hosp,0,2026-10-10,21,quantile,0.75,23
2026-10-10,wk inc rsv hosp,0,2026-10-10,21,quantile,0.8,25
2026-10-10,wk inc rsv hosp,0,2026-10-10,21,quantile,0.85,28
2026-10-10,wk inc rsv hosp,0,2026-10-10,21,quantile,0.9,32
2026-10-10,wk inc rsv hosp,0,2026-10-10,21,quantile,0.95,37
2026-10-10,wk inc rsv hosp,0,2026-10-10,21,quantile,0.975,46
2026-10-10,wk inc rsv hosp,0,2026-10-10,21,quantile,0.99,56
2026-10-10,wk inc rsv hosp,0,2026-10-10,22,quantile,0.01,0
2026-10-10,wk inc rsv hosp,0,2026-10-10,22,quantile,0.025,3
2026-10-10,wk inc rsv hosp,0,2026-10-10,22,quantile,0.05,4
2026-10-10,wk inc rsv hosp,0,2026-10-10,22,quantile,0.1,6
2026-10-10,wk inc rsv hosp,0,2026-10-10,22,quantile,0.15,8
2026-10-10,wk inc rsv hosp,0,2026-10-10,22,quantile,0.2,10
2026-10-10,wk inc rsv hosp,0,2026-10-10,22,quantile,0.25,11
2026-10-10,wk inc rsv hosp,0,2026-10-10,22,quantile,0.3,12
2026-10-10,wk inc rsv hosp,0,2026-10-10,22,quantile,0.35,12
2026-10-10,wk inc rsv hosp,0,2026-10-10,22,quantile,0.4,13
2026-10-10,wk inc rsv hosp,0,2026-10-10,22,quantile,0.45,15
2026-10-10,wk inc rsv hosp,0,2026-10-10,22,quantile,0.5,16
2026-10-10,wk inc rsv hosp,0,2026-10-10,22,quantile,0.55,16
2026-10-10,wk inc rsv hosp,0,2026-10-10,22,quantile,0.6,17
2026-10-10,wk inc rsv hosp,0,2026-10-10,22,quantile,0.65,19
2026-10-10,wk inc rsv hosp,0,2026-10-10,22,quantile,0.7,20
2026-10-10,wk inc rsv hosp,0,2026-10-10,22,quantile,0.75,21
2026-10-10,wk inc rsv hosp,0,2026-10-10,22,quantile,0.8,23
2026-10-10,wk inc rsv hosp,0,2026-10-10,22,quantile,0.85,26
2026-10-10,wk inc rsv hosp,0,2026-10-10,22,quantile,0.9,28
2026-10-10,wk inc rsv hosp,0,2026-10-10,22,quantile,0.95,35
2026-10-10,wk inc rsv hosp,0,2026-10-10,22,quantile,0.975,41
2026-10-10,wk inc rsv hosp,0,2026-10-10,22,quantile,0.99,47
2026-10-10,wk inc rsv hosp,0,2026-10-10,23,quantile,0.01,0
2026-10-10,wk inc rsv hosp,0,2026-10-10,23,quantile,0.025,0
2026-10-10,wk inc rsv hosp,0,2026-10-10,23,quantile,0.05,0
2026-10-10,wk inc rsv hosp,0,2026-10-10,23,quantile,0.1,0
2026-10-10,wk inc rsv hosp,0,2026-10-10,23,quantile,0.15,0
2026-10-10,wk inc rsv hosp,0,2026-10-10,23,quantile,0.2,0
2026-10-10,wk inc rsv hosp,0,2026-10-10,23,quantile,0.25,0
2026-10-10,wk inc rsv hosp,0,2026-10-10,23,quantile,0.3,0
2026-10-10,wk inc rsv hosp,0,2026-10-10,23,quantile,0.35,0
2026-10-10,wk inc rsv hosp,0,2026-10-10,23,quantile,0.4,0
2026-10-10,wk inc rsv hosp,0,2026-10-10,23,quantile,0.45,0
2026-10-10,wk inc rsv hosp,0,2026-10-10,23,quantile,0.5,0
2026-10-10,wk inc rsv hosp,0,2026-10-10,23,quantile,0.55,0
2026-10-10,wk inc rsv hosp,0,2026-10-10,23,quantile,0.6,0
2026-10-10,wk inc rsv hosp,0,2026-10-10,23,quantile,0.65,0
2026-10-10,wk inc rsv hosp,0,2026-10-10,23,quantile,0.7,0
2026-10-10,wk inc rsv hosp,0,2026-10-10,23,quantile,0.75,0
2026-10-10,wk inc rsv hosp,0,2026-10-10,23,quantile,0.8,0
2026-10-10,wk inc rsv hosp,0,2026-10-10,23,quantile,0.85,0
2026-10-10,wk inc rsv hosp,0,2026-10-10,23,quantile,0.9,0
2026-10-10,wk inc rsv hosp,0,2026-10-10,23,quantile,0.95,0
2026-10-10,wk inc rsv hosp,0,2026-10-10,23,quantile,0.975,0
2026-10-10,wk inc rsv hosp,0,2026-10-10,23,quantile,0.99,1
2026-10-10,wk inc rsv hosp,0,2026-10-10,24,quantile,0.01,0
2026-10-10,wk inc rsv hosp,0,2026-10-10,24,quantile,0.025,0
2026-10-10,wk inc rsv hosp,0,2026-10-10,24,quantile,0.05,0
2026-10-10,wk inc rsv hosp,0,2026-10-10,24,quantile,0.1,0
2026-10-10,wk inc rsv hosp,0,2026-10-10,24,quantile,0.15,1
2026-10-10,wk inc rsv hosp,0,2026-10-10,24,quantile,0.2,1
2026-10-10,wk inc rsv hosp,0,2026-10-10,24,quantile,0.25,2
2026-10-10,wk inc rsv hosp,0,2026-10-10,24,quantile,0.3,2
2026-10-10,wk inc rsv hosp,0,2026-10-10,24,quantile,0.35,3
2026-10-10,wk inc rsv hosp,0,2026-10-10,24,quantile,0.4,3
2026-10-10,wk inc rsv hosp,0,2026-10-10,24,quantile,0.45,3
2026-10-10,wk inc rsv hosp,0,2026-10-10,24,quantile,0.5,4
2026-10-10,wk inc rsv hosp,0,2026-10-10,24,quantile,0.55,4
2026-10-10,wk inc rsv hosp,0,2026-10-10,24,quantile,0.6,4
2026-10-10,wk inc rsv hosp,0,2026-10-10,24,quantile,0.65,5
2026-10-10,wk inc rsv hosp,0,2026-10-10,24,quantile,0.7,5
2026-10-10,wk inc rsv hosp,0,2026-10-10,24,quantile,0.75,6
2026-10-10,wk inc rsv hosp,0,2026-10-10,24,quantile,0.8,6
2026-10-10,wk inc rsv hosp,0,2026-10-10,24,quantile,0.85,7
2026-10-10,wk inc rsv hosp,0,2026-10-10,24,quantile,0.9,9
2026-10-10,wk inc rsv hosp,0,2026-10-10,24,quantile,0.95,11
2026-10-10,wk inc rsv hosp,0,2026-10-10,24,quantile,0.975,15
2026-10-10,wk inc rsv hosp,0,2026-10-10,24,quantile,0.99,20
2026-10-10,wk inc rsv hosp,0,2026-10-10,25,quantile,0.01,0
2026-10-10,wk inc rsv hosp,0,2026-10-10,25,quantile,0.025,0
2026-10-10,wk inc rsv hosp,0,2026-10-10,25,quantile,0.05,0
2026-10-10,wk inc rsv hosp,0,2026-10-10,25,quantile,0.1,0
2026-10-10,wk inc rsv hosp,0,2026-10-10,25,quantile,0.15,0
2026-10-10,wk inc rsv hosp,0,2026-10-10,25,quantile,0.2,0
2026-10-10,wk inc rsv hosp,0,2026-10-10,25,quantile,0.25,0
2026-10-10,wk inc rsv hosp,0,2026-10-10,25,quantile,0.3,1
2026-10-10,wk inc rsv hosp,0,2026-10-10,25,quantile,0.35,1
2026-10-10,wk inc rsv hosp,0,2026-10-10,25,quantile,0.4,2
2026-10-10,wk inc rsv hosp,0,2026-10-10,25,quantile,0.45,2
2026-10-10,wk inc rsv hosp,0,2026-10-10,25,quantile,0.5,2
2026-10-10,wk inc rsv hosp,0,2026-10-10,25,quantile,0.55,3
2026-10-10,wk inc rsv hosp,0,2026-10-10,25,quantile,0.6,3
2026-10-10,wk inc rsv hosp,0,2026-10-10,25,quantile,0.65,4
2026-10-10,wk inc rsv hosp,0,2026-10-10,25,quantile,0.7,4
2026-10-10,wk inc rsv hosp,0,2026-10-10,25,quantile,0.75,5
2026-10-10,wk inc rsv hosp,0,2026-10-10,25,quantile,0.8,6
2026-10-10,wk inc rsv hosp,0,2026-10-10,25,quantile,0.85,7
2026-10-10,wk inc rsv hosp,0,2026-10-10,25,quantile,0.9,8
2026-10-10,wk inc rsv hosp,0,2026-10-10,25,quantile,0.95,11
2026-10-10,wk inc rsv hosp,0,2026-10-10,25,quantile,0.975,14
2026-10-10,wk inc rsv hosp,0,2026-10-10,25,quantile,0.99,18
2026-10-10,wk inc rsv hosp,0,2026-10-10,26,quantile,0.01,0
2026-10-10,wk inc rsv hosp,0,2026-10-10,26,quantile,0.025,1
2026-10-10,wk inc rsv hosp,0,2026-10-10,26,quantile,0.05,3
2026-10-10,wk inc rsv hosp,0,2026-10-10,26,quantile,0.1,5
2026-10-10,wk inc rsv hosp,0,2026-10-10,26,quantile,0.15,6
2026-10-10,wk inc rsv hosp,0,2026-10-10,26,quantile,0.2,7
2026-10-10,wk inc rsv hosp,0,2026-10-10,26,quantile,0.25,7
2026-10-10,wk inc rsv hosp,0,2026-10-10,26,quantile,0.3,8
2026-10-10,wk inc rsv hosp,0,2026-10-10,26,quantile,0.35,9
2026-10-10,wk inc rsv hosp,0,2026-10-10,26,quantile,0.4,10
2026-10-10,wk inc rsv hosp,0,2026-10-10,26,quantile,0.45,10
2026-10-10,wk inc rsv hosp,0,2026-10-10,26,quantile,0.5,11
2026-10-10,wk inc rsv hosp,0,2026-10-10,26,quantile,0.55,12
2026-10-10,wk inc rsv hosp,0,2026-10-10,26,quantile,0.6,13
2026-10-10,wk inc rsv hosp,0,2026-10-10,26,quantile,0.65,13
2026-10-10,wk inc rsv hosp,0,2026-10-10,26,quantile,0.7,14
2026-10-10,wk inc rsv hosp,0,2026-10-10,26,quantile,0.75,15
2026-10-10,wk inc rsv hosp,0,2026-10-10,26,quantile,0.8,16
2026-10-10,wk inc rsv hosp,0,2026-10-10,26,quantile,0.85,18
2026-10-10,wk inc rsv hosp,0,2026-10-10,26,quantile,0.9,21
2026-10-10,wk inc rsv hosp,0,2026-10-10,26,quantile,0.95,25
2026-10-10,wk inc rsv hosp,0,2026-10-10,26,quantile,0.975,34
2026-10-10,wk inc rsv hosp,0,2026-10-10,26,quantile,0.99,46
2026-10-10,wk inc rsv hosp,0,2026-10-10,27,quantile,0.01,0
2026-10-10,wk inc rsv hosp,0,2026-10-10,27,quantile,0.025,0
2026-10-10,wk inc rsv hosp,0,2026-10-10,27,quantile,0.05,0
2026-10-10,wk inc rsv hosp,0,2026-10-10,27,quantile,0.1,0
2026-10-10,wk inc rsv hosp,0,2026-10-10,27,quantile,0.15,0
2026-10-10,wk inc rsv hosp,0,2026-10-10,27,quantile,0.2,0
2026-10-10,wk inc rsv hosp,0,2026-10-10,27,quantile,0.25,0
2026-10-10,wk inc rsv hosp,0,2026-10-10,27,quantile,0.3,0
2026-10-10,wk inc rsv hosp,0,2026-10-10,27,quantile,0.35,1
2026-10-10,wk inc rsv hosp,0,2026-10-10,27,quantile,0.4,1
2026-10-10,wk inc rsv hosp,0,2026-10-10,27,quantile,0.45,1
2026-10-10,wk inc rsv hosp,0,2026-10-10,27,quantile,0.5,1
2026-10-10,wk inc rsv hosp,0,2026-10-10,27,quantile,0.55,1
2026-10-10,wk inc rsv hosp,0,2026-10-10,27,quantile,0.6,1
2026-10-10,wk inc rsv hosp,0,2026-10-10,27,quantile,0.65,2
2026-10-10,wk inc rsv hosp,0,2026-10-10,27,quantile,0.7,2
2026-10-10,wk inc rsv hosp,0,2026-10-10,27,quantile,0.75,2
2026-10-10,wk inc rsv hosp,0,2026-10-10,27,quantile,0.8,2
2026-10-10,wk inc rsv hosp,0,2026-10-10,27,quantile,0.85,3
2026-10-10,wk inc rsv hosp,0,2026-10-10,27,quantile,0.9,3
2026-10-10,wk inc rsv hosp,0,2026-10-10,27,quantile,0.95,4
2026-10-10,wk inc rsv hosp,0,2026-10-10,27,quantile,0.975,6
2026-10-10,wk inc rsv hosp,0,2026-10-10,27,quantile,0.99,9
2026-10-10,wk inc rsv hosp,0,2026-10-10,28,quantile,0.01,0
2026-10-10,wk inc rsv hosp,0,2026-10-10,28,quantile,0.025,0
2026-10-10,wk inc rsv hosp,0,2026-10-10,28,quantile,0.05,0
2026-10-10,wk inc rsv hosp,0,2026-10-10,28,quantile,0.1,1
2026-10-10,wk inc rsv hosp,0,2026-10-10,28,quantile,0.15,2
2026-10-10,wk inc rsv hosp,0,2026-10-10,28,quantile,0.2,3
2026-10-10,wk inc rsv hosp,0,2026-10-10,28,quantile,0.25,4
2026-10-10,wk inc rsv hosp,0,2026-10-10,28,quantile,0.3,4
2026-10-10,wk inc rsv hosp,0,2026-10-10,28,quantile,0.35,5
2026-10-10,wk inc rsv hosp,0,2026-10-10,28,quantile,0.4,6
2026-10-10,wk inc rsv hosp,0,2026-10-10,28,quantile,0.45,6
2026-10-10,wk inc rsv hosp,0,2026-10-10,28,quantile,0.5,7
2026-10-10,wk inc rsv hosp,0,2026-10-10,28,quantile,0.55,8
2026-10-10,wk inc rsv hosp,0,2026-10-10,28,quantile,0.6,8
2026-10-10,wk inc rsv hosp,0,2026-10-10,28,quantile,0.65,9
2026-10-10,wk inc rsv hosp,0,2026-10-10,28,quantile,0.7,10
2026-10-10,wk inc rsv hosp,0,2026-10-10,28,quantile,0.75,10
2026-10-10,wk inc rsv hosp,0,2026-10-10,28,quantile,0.8,11
2026-10-10,wk inc rsv hosp,0,2026-10-10,28,quantile,0.85,13
2026-10-10,wk inc rsv hosp,0,2026-10-10,28,quantile,0.9,15
2026-10-10,wk inc rsv hosp,0,2026-10-10,28,quantile,0.95,19
2026-10-10,wk inc rsv hosp,0,2026-10-10,28,quantile,0.975,24
2026-10-10,wk inc rsv hosp,0,2026-10-10,28,quantile,0.99,30
2026-10-10,wk inc rsv hosp,0,2026-10-10,29,quantile,0.01,1
2026-10-10,wk inc rsv hosp,0,2026-10-10,29,quantile,0.025,4
2026-10-10,wk inc rsv hosp,0,2026-10-10,29,quantile,0.05,5
2026-10-10,wk inc rsv hosp,0,2026-10-10,29,quantile,0.1,7
2026-10-10,wk inc rsv hosp,0,2026-10-10,29,quantile,0.15,8
2026-10-10,wk inc rsv hosp,0,2026-10-10,29,quantile,0.2,9
2026-10-10,wk inc rsv hosp,0,2026-10-10,29,quantile,0.25,10
2026-10-10,wk inc rsv hosp,0,2026-10-10,29,quantile,0.3,11
2026-10-10,wk inc rsv hosp,0,2026-10-10,29,quantile,0.35,12
2026-10-10,wk inc rsv hosp,0,2026-10-10,29,quantile,0.4,12
2026-10-10,wk inc rsv hosp,0,2026-10-10,29,quantile,0.45,13
2026-10-10,wk inc rsv hosp,0,2026-10-10,29,quantile,0.5,14
2026-10-10,wk inc rsv hosp,0,2026-10-10,29,quantile,0.55,15
2026-10-10,wk inc rsv hosp,0,2026-10-10,29,quantile,0.6,15
2026-10-10,wk inc rsv hosp,0,2026-10-10,29,quantile,0.65,16
2026-10-10,wk inc rsv hosp,0,2026-10-10,29,quantile,0.7,17
2026-10-10,wk inc rsv hosp,0,2026-10-10,29,quantile,0.75,18
2026-10-10,wk inc rsv hosp,0,2026-10-10,29,quantile,0.8,20
2026-10-10,wk inc rsv hosp,0,2026-10-10,29,quantile,0.85,22
2026-10-10,wk inc rsv hosp,0,2026-10-10,29,quantile,0.9,24
2026-10-10,wk inc rsv hosp,0,2026-10-10,29,quantile,0.95,30
2026-10-10,wk inc rsv hosp,0,2026-10-10,29,quantile,0.975,35
2026-10-10,wk inc rsv hosp,0,2026-10-10,29,quantile,0.99,39
2026-10-10,wk inc rsv hosp,0,2026-10-10,30,quantile,0.01,0
2026-10-10,wk inc rsv hosp,0,2026-10-10,30,quantile,0.025,0
2026-10-10,wk inc rsv hosp,0,2026-10-10,30,quantile,0.05,0
2026-10-10,wk inc rsv hosp,0,2026-10-10,30,quantile,0.1,0
2026-10-10,wk inc rsv hosp,0,2026-10-10,30,quantile,0.15,0
2026-10-10,wk inc rsv hosp,0,2026-10-10,30,quantile,0.2,0
2026-10-10,wk inc rsv hosp,0,2026-10-10,30,quantile,0.25,0
2026-10-10,wk inc rsv hosp,0,2026-10-10,30,quantile,0.3,0
2026-10-10,wk inc rsv hosp,0,2026-10-10,30,quantile,0.35,0
2026-10-10,wk inc rsv hosp,0,2026-10-10,30,quantile,0.4,0
2026-10-10,wk inc rsv hosp,0,2026-10-10,30,quantile,0.45,0
2026-10-10,wk inc rsv hosp,0,2026-10-10,30,quantile,0.5,0
2026-10-10,wk inc rsv hosp,0,2026-10-10,30,quantile,0.55,0
2026-10-10,wk inc rsv hosp,0,2026-10-10,30,quantile,0.6,0
2026-10-10,wk inc rsv hosp,0,2026-10-10,30,quantile,0.65,0
2026-10-10,wk inc rsv hosp,0,2026-10-10,30,quantile,0.7,0
2026-10-10,wk inc rsv hosp,0,2026-10-10,30,quantile,0.75,0
2026-10-10,wk inc rsv hosp,0,2026-10-10,30,quantile,0.8,1
2026-10-10,wk inc rsv hosp,0,2026-10-10,30,quantile,0.85,1
2026-10-10,wk inc rsv hosp,0,2026-10-10,30,quantile,0.9,2
2026-10-10,wk inc rsv hosp,0,2026-10-10,30,quantile,0.95,3
2026-10-10,wk inc rsv hosp,0,2026-10-10,30,quantile,0.975,5
2026-10-10,wk inc rsv hosp,0,2026-10-10,30,quantile,0.99,8
2026-10-10,wk inc rsv hosp,0,2026-10-10,31,quantile,0.01,0
2026-10-10,wk inc rsv hosp,0,2026-10-10,31,quantile,0.025,0
2026-10-10,wk inc rsv hosp,0,2026-10-10,31,quantile,0.05,0
2026-10-10,wk inc rsv hosp,0,2026-10-10,31,quantile,0.1,0
2026-10-10,wk inc rsv hosp,0,2026-10-10,31,quantile,0.15,0
2026-10-10,wk inc rsv hosp,0,2026-10-10,31,quantile,0.2,0
2026-10-10,wk inc rsv hosp,0,2026-10-10,31,quantile,0.25,0
2026-10-10,wk inc rsv hosp,0,2026-10-10,31,quantile,0.3,0
2026-10-10,wk inc rsv hosp,0,2026-10-10,31,quantile,0.35,0
2026-10-10,wk inc rsv hosp,0,2026-10-10,31,quantile,0.4,0
2026-10-10,wk inc rsv hosp,0,2026-10-10,31,quantile,0.45,0
2026-10-10,wk inc rsv hosp,0,2026-10-10,31,quantile,0.5,0
2026-10-10,wk inc rsv hosp,0,2026-10-10,31,quantile,0.55,1
2026-10-10,wk inc rsv hosp,0,2026-10-10,31,quantile,0.6,1
2026-10-10,wk inc rsv hosp,0,2026-10-10,31,quantile,0.65,1
2026-10-10,wk inc rsv hosp,0,2026-10-10,31,quantile,0.7,2
2026-10-10,wk inc rsv hosp,0,2026-10-10,31,quantile,0.75,2
2026-10-10,wk inc rsv hosp,0,2026-10-10,31,quantile,0.8,3
2026-10-10,wk inc rsv hosp,0,2026-10-10,31,quantile,0.85,3
2026-10-10,wk inc rsv hosp,0,2026-10-10,31,quantile,0.9,4
2026-10-10,wk inc rsv hosp,0,2026-10-10,31,quantile,0.95,6
2026-10-10,wk inc rsv hosp,0,2026-10-10,31,quantile,0.975,11
2026-10-10,wk inc rsv hosp,0,2026-10-10,31,quantile,0.99,15
2026-10-10,wk inc rsv hosp,0,2026-10-10,32,quantile,0.01,0
2026-10-10,wk inc rsv hosp,0,2026-10-10,32,quantile,0.025,0
2026-10-10,wk inc rsv hosp,0,2026-10-10,32,quantile,0.05,0
2026-10-10,wk inc rsv hosp,0,2026-10-10,32,quantile,0.1,0
2026-10-10,wk inc rsv hosp,0,2026-10-10,32,quantile,0.15,0
2026-10-10,wk inc rsv hosp,0,2026-10-10,32,quantile,0.2,0
2026-10-10,wk inc rsv hosp,0,2026-10-10,32,quantile,0.25,0
2026-10-10,wk inc rsv hosp,0,2026-10-10,32,quantile,0.3,0
2026-10-10,wk inc rsv hosp,0,2026-10-10,32,quantile,0.35,0
2026-10-10,wk inc rsv hosp,0,2026-10-10,32,quantile,0.4,1
2026-10-10,wk inc rsv hosp,0,2026-10-10,32,quantile,0.45,1
2026-10-10,wk inc rsv hosp,0,2026-10-10,32,quantile,0.5,1
2026-10-10,wk inc rsv hosp,0,2026-10-10,32,quantile,0.55,1
2026-10-10,wk inc rsv hosp,0,2026-10-10,32,quantile,0.6,2
2026-10-10,wk inc rsv hosp,0,2026-10-10,32,quantile,0.65,2
2026-10-10,wk inc rsv hosp,0,2026-10-10,32,quantile,0.7,3
2026-10-10,wk inc rsv hosp,0,2026-10-10,32,quantile,0.75,3
2026-10-10,wk inc rsv hosp,0,2026-10-10,32,quantile,0.8,4
2026-10-10,wk inc rsv hosp,0,2026-10-10,32,quantile,0.85,4
2026-10-10,wk inc rsv hosp,0,2026-10-10,32,quantile,0.9,5
2026-10-10,wk inc rsv hosp,0,2026-10-10,32,quantile,0.95,8
2026-10-10,wk inc rsv hosp,0,2026-10-10,32,quantile,0.975,10
2026-10-10,wk inc rsv hosp,0,2026-10-10,32,quantile,0.99,16
2026-10-10,wk inc rsv hosp,0,2026-10-10,33,quantile,0.01,0
2026-10-10,wk inc rsv hosp,0,2026-10-10,33,quantile,0.025,0
2026-10-10,wk inc rsv hosp,0,2026-10-10,33,quantile,0.05,0
2026-10-10,wk inc rsv hosp,0,2026-10-10,33,quantile,0.1,0
2026-10-10,wk inc rsv hosp,0,2026-10-10,33,quantile,0.15,0
2026-10-10,wk inc rsv hosp,0,2026-10-10,33,quantile,0.2,0
2026-10-10,wk inc rsv hosp,0,2026-10-10,33,quantile,0.25,0
2026-10-10,wk inc rsv hosp,0,2026-10-10,33,quantile,0.3,0
2026-10-10,wk inc rsv hosp,0,2026-10-10,33,quantile,0.35,0
2026-10-10,wk inc rsv hosp,0,2026-10-10,33,quantile,0.4,1
2026-10-10,wk inc rsv hosp,0,2026-10-10,33,quantile,0.45,1
2026-10-10,wk inc rsv hosp,0,2026-10-10,33,quantile,0.5,1
2026-10-10,wk inc rsv hosp,0,2026-10-10,33,quantile,0.55,1
2026-10-10,wk inc rsv hosp,0,2026-10-10,33,quantile,0.6,1
2026-10-10,wk inc rsv hosp,0,2026-10-10,33,quantile,0.65,1
2026-10-10,wk inc rsv hosp,0,2026-10-10,33,quantile,0.7,2
2026-10-10,wk inc rsv hosp,0,2026-10-10,33,quantile,0.75,2
2026-10-10,wk inc rsv hosp,0,2026-10-10,33,quantile,0.8,2
2026-10-10,wk inc rsv hosp,0,2026-10-10,33,quantile,0.85,3
2026-10-10,wk inc rsv hosp,0,2026-10-10,33,quantile,0.9,4
2026-10-10,wk inc rsv hosp,0,2026-10-10,33,quantile,0.95,4
2026-10-10,wk inc rsv hosp,0,2026-10-10,33,quantile,0.975,6
2026-10-10,wk inc rsv hosp,0,2026-10-10,33,quantile,0.99,8
2026-10-10,wk inc rsv hosp,0,2026-10-10,34,quantile,0.01,1
2026-10-10,wk inc rsv hosp,0,2026-10-10,34,quantile,0.025,3
2026-10-10,wk inc rsv hosp,0,2026-10-10,34,quantile,0.05,5
2026-10-10,wk inc rsv hosp,0,2026-10-10,34,quantile,0.1,6
2026-10-10,wk inc rsv hosp,0,2026-10-10,34,quantile,0.15,8
2026-10-10,wk inc rsv hosp,0,2026-10-10,34,quantile,0.2,9
2026-10-10,wk inc rsv hosp,0,2026-10-10,34,quantile,0.25,10
2026-10-10,wk inc rsv hosp,0,2026-10-10,34,quantile,0.3,11
2026-10-10,wk inc rsv hosp,0,2026-10-10,34,quantile,0.35,12
2026-10-10,wk inc rsv hosp,0,2026-10-10,34,quantile,0.4,13
2026-10-10,wk inc rsv hosp,0,2026-10-10,34,quantile,0.45,14
2026-10-10,wk inc rsv hosp,0,2026-10-10,34,quantile,0.5,15
2026-10-10,wk inc rsv hosp,0,2026-10-10,34,quantile,0.55,16
2026-10-10,wk inc rsv hosp,0,2026-10-10,34,quantile,0.6,17
2026-10-10,wk inc rsv hosp,0,2026-10-10,34,quantile,0.65,18
2026-10-10,wk inc rsv hosp,0,2026-10-10,34,quantile,0.7,20
2026-10-10,wk inc rsv hosp,0,2026-10-10,34,quantile,0.75,21
2026-10-10,wk inc rsv hosp,0,2026-10-10,34,quantile,0.8,23
2026-10-10,wk inc rsv hosp,0,2026-10-10,34,quantile,0.85,25
2026-10-10,wk inc rsv hosp,0,2026-10-10,34,quantile,0.9,29
2026-10-10,wk inc rsv hosp,0,2026-10-10,34,quantile,0.95,35
2026-10-10,wk inc rsv hosp,0,2026-10-10,34,quantile,0.975,39
2026-10-10,wk inc rsv hosp,0,2026-10-10,34,quantile,0.99,42
2026-10-10,wk inc rsv hosp,0,2026-10-10,35,quantile,0.01,0
2026-10-10,wk inc rsv hosp,0,2026-10-10,35,quantile,0.025,0
2026-10-10,wk inc rsv hosp,0,2026-10-10,35,quantile,0.05,0
2026-10-10,wk inc rsv hosp,0,2026-10-10,35,quantile,0.1,0
2026-10-10,wk inc rsv hosp,0,2026-10-10,35,quantile,0.15,0
2026-10-10,wk inc rsv hosp,0,2026-10-10,35,quantile,0.2,0
2026-10-10,wk inc rsv hosp,0,2026-10-10,35,quantile,0.25,1
2026-10-10,wk inc rsv hosp,0,2026-10-10,35,quantile,0.3,1
2026-10-10,wk inc rsv hosp,0,2026-10-10,35,quantile,0.35,1
2026-10-10,wk inc rsv hosp,0,2026-10-10,35,quantile,0.4,1
2026-10-10,wk inc rsv hosp,0,2026-10-10,35,quantile,0.45,1
2026-10-10,wk inc rsv hosp,0,2026-10-10,35,quantile,0.5,1
2026-10-10,wk inc rsv hosp,0,2026-10-10,35,quantile,0.55,2
2026-10-10,wk inc rsv hosp,0,2026-10-10,35,quantile,0.6,2
2026-10-10,wk inc rsv hosp,0,2026-10-10,35,quantile,0.65,2
2026-10-10,wk inc rsv hosp,0,2026-10-10,35,quantile,0.7,2
2026-10-10,wk inc rsv hosp,0,2026-10-10,35,quantile,0.75,3
2026-10-10,wk inc rsv hosp,0,2026-10-10,35,quantile,0.8,3
2026-10-10,wk inc rsv hosp,0,2026-10-10,35,quantile,0.85,4
2026-10-10,wk inc rsv hosp,0,2026-10-10,35,quantile,0.9,5
2026-10-10,wk inc rsv hosp,0,2026-10-10,35,quantile,0.95,6
2026-10-10,wk inc rsv hosp,0,2026-10-10,35,quantile,0.975,7
2026-10-10,wk inc rsv hosp,0,2026-10-10,35,quantile,0.99,10
2026-10-10,wk inc rsv hosp,0,2026-10-10,36,quantile,0.01,14
2026-10-10,wk inc rsv hosp,0,2026-10-10,36,quantile,0.025,19
2026-10-10,wk inc rsv hosp,0,2026-10-10,36,quantile,0.05,23
2026-10-10,wk inc rsv hosp,0,2026-10-10,36,quantile,0.1,28
2026-10-10,wk inc rsv hosp,0,2026-10-10,36,quantile,0.15,31
2026-10-10,wk inc rsv hosp,0,2026-10-10,36,quantile,0.2,34
2026-10-10,wk inc rsv hosp,0,2026-10-10,36,quantile,0.25,36
2026-10-10,wk inc rsv hosp,0,2026-10-10,36,quantile,0.3,38
2026-10-10,wk inc rsv hosp,0,2026-10-10,36,quantile,0.35,40
2026-10-10,wk inc rsv hosp,0,2026-10-10,36,quantile,0.4,42
2026-10-10,wk inc rsv hosp,0,2026-10-10,36,quantile,0.45,44
2026-10-10,wk inc rsv hosp,0,2026-10-10,36,quantile,0.5,46
2026-10-10,wk inc rsv hosp,0,2026-10-10,36,quantile,0.55,47
2026-10-10,wk inc rsv hosp,0,2026-10-10,36,quantile,0.6,50
2026-10-10,wk inc rsv hosp,0,2026-10-10,36,quantile,0.65,52
2026-10-10,wk inc rsv hosp,0,2026-10-10,36,quantile,0.7,55
2026-10-10,wk inc rsv hosp,0,2026-10-10,36,quantile,0.75,58
2026-10-10,wk inc rsv hosp,0,2026-10-10,36,quantile,0.8,62
2026-10-10,wk inc rsv hosp,0,2026-10-10,36,quantile,0.85,66
2026-10-10,wk inc rsv hosp,0,2026-10-10,36,quantile,0.9,74
2026-10-10,wk inc rsv hosp,0,2026-10-10,36,quantile,0.95,81
2026-10-10,wk inc rsv hosp,0,2026-10-10,36,quantile,0.975,90
2026-10-10,wk inc rsv hosp,0,2026-10-10,36,quantile,0.99,110
2026-10-10,wk inc rsv hosp,0,2026-10-10,37,quantile,0.01,5
2026-10-10,wk inc rsv hosp,0,2026-10-10,37,quantile,0.025,8
2026-10-10,wk inc rsv hosp,0,2026-10-10,37,quantile,0.05,11
2026-10-10,wk inc rsv hosp,0,2026-10-10,37,quantile,0.1,13
2026-10-10,wk inc rsv hosp,0,2026-10-10,37,quantile,0.15,15
2026-10-10,wk inc rsv hosp,0,2026-10-10,37,quantile,0.2,16
2026-10-10,wk inc rsv hosp,0,2026-10-10,37,quantile,0.25,18
2026-10-10,wk inc rsv hosp,0,2026-10-10,37,quantile,0.3,19
2026-10-10,wk inc rsv hosp,0,2026-10-10,37,quantile,0.35,20
2026-10-10,wk inc rsv hosp,0,2026-10-10,37,quantile,0.4,21
2026-10-10,wk inc rsv hosp,0,2026-10-10,37,quantile,0.45,22
2026-10-10,wk inc rsv hosp,0,2026-10-10,37,quantile,0.5,23
2026-10-10,wk inc rsv hosp,0,2026-10-10,37,quantile,0.55,24
2026-10-10,wk inc rsv hosp,0,2026-10-10,37,quantile,0.6,25
2026-10-10,wk inc rsv hosp,0,2026-10-10,37,quantile,0.65,27
2026-10-10,wk inc rsv hosp,0,2026-10-10,37,quantile,0.7,28
2026-10-10,wk inc rsv hosp,0,2026-10-10,37,quantile,0.75,30
2026-10-10,wk inc rsv hosp,0,2026-10-10,37,quantile,0.8,31
2026-10-10,wk inc rsv hosp,0,2026-10-10,37,quantile,0.85,33
2026-10-10,wk inc rsv hosp,0,2026-10-10,37,quantile,0.9,36
2026-10-10,wk inc rsv hosp,0,2026-10-10,37,quantile,0.95,41
2026-10-10,wk inc rsv hosp,0,2026-10-10,37,quantile,0.975,46
2026-10-10,wk inc rsv hosp,0,2026-10-10,37,quantile,0.99,52
2026-10-10,wk inc rsv hosp,0,2026-10-10,38,quantile,0.01,0
2026-10-10,wk inc rsv hosp,0,2026-10-10,38,quantile,0.025,0
2026-10-10,wk inc rsv hosp,0,2026-10-10,38,quantile,0.05,0
2026-10-10,wk inc rsv hosp,0,2026-10-10,38,quantile,0.1,0
2026-10-10,wk inc rsv hosp,0,2026-10-10,38,quantile,0.15,0
2026-10-10,wk inc rsv hosp,0,2026-10-10,38,quantile,0.2,0
2026-10-10,wk inc rsv hosp,0,2026-10-10,38,quantile,0.25,0
2026-10-10,wk inc rsv hosp,0,2026-10-10,38,quantile,0.3,0
2026-10-10,wk inc rsv hosp,0,2026-10-10,38,quantile,0.35,0
2026-10-10,wk inc rsv hosp,0,2026-10-10,38,quantile,0.4,0
2026-10-10,wk inc rsv hosp,0,2026-10-10,38,quantile,0.45,0
2026-10-10,wk inc rsv hosp,0,2026-10-10,38,quantile,0.5,0
2026-10-10,wk inc rsv hosp,0,2026-10-10,38,quantile,0.55,0
2026-10-10,wk inc rsv hosp,0,2026-10-10,38,quantile,0.6,0
2026-10-10,wk inc rsv hosp,0,2026-10-10,38,quantile,0.65,0
2026-10-10,wk inc rsv hosp,0,2026-10-10,38,quantile,0.7,0
2026-10-10,wk inc rsv hosp,0,2026-10-10,38,quantile,0.75,0
2026-10-10,wk inc rsv hosp,0,2026-10-10,38,quantile,0.8,0
2026-10-10,wk inc rsv hosp,0,2026-10-10,38,quantile,0.85,0
2026-10-10,wk inc rsv hosp,0,2026-10-10,38,quantile,0.9,1
2026-10-10,wk inc rsv hosp,0,2026-10-10,38,quantile,0.95,2
2026-10-10,wk inc rsv hosp,0,2026-10-10,38,quantile,0.975,3
2026-10-10,wk inc rsv hosp,0,2026-10-10,38,quantile,0.99,4
2026-10-10,wk inc rsv hosp,0,2026-10-10,39,quantile,0.01,0
2026-10-10,wk inc rsv hosp,0,2026-10-10,39,quantile,0.025,1
2026-10-10,wk inc rsv hosp,0,2026-10-10,39,quantile,0.05,2
2026-10-10,wk inc rsv hosp,0,2026-10-10,39,quantile,0.1,4
2026-10-10,wk inc rsv hosp,0,2026-10-10,39,quantile,0.15,5
2026-10-10,wk inc rsv hosp,0,2026-10-10,39,quantile,0.2,6
2026-10-10,wk inc rsv hosp,0,2026-10-10,39,quantile,0.25,7
2026-10-10,wk inc rsv hosp,0,2026-10-10,39,quantile,0.3,8
2026-10-10,wk inc rsv hosp,0,2026-10-10,39,quantile,0.35,9
2026-10-10,wk inc rsv hosp,0,2026-10-10,39,quantile,0.4,10
2026-10-10,wk inc rsv hosp,0,2026-10-10,39,quantile,0.45,11
2026-10-10,wk inc rsv hosp,0,2026-10-10,39,quantile,0.5,11
2026-10-10,wk inc rsv hosp,0,2026-10-10,39,quantile,0.55,12
2026-10-10,wk inc rsv hosp,0,2026-10-10,39,quantile,0.6,13
2026-10-10,wk inc rsv hosp,0,2026-10-10,39,quantile,0.65,14
2026-10-10,wk inc rsv hosp,0,2026-10-10,39,quantile,0.7,15
2026-10-10,wk inc rsv hosp,0,2026-10-10,39,quantile,0.75,16
2026-10-10,wk inc rsv hosp,0,2026-10-10,39,quantile,0.8,17
2026-10-10,wk inc rsv hosp,0,2026-10-10,39,quantile,0.85,20
2026-10-10,wk inc rsv hosp,0,2026-10-10,39,quantile,0.9,23
2026-10-10,wk inc rsv hosp,0,2026-10-10,39,quantile,0.95,27
2026-10-10,wk inc rsv hosp,0,2026-10-10,39,quantile,0.975,32
2026-10-10,wk inc rsv hosp,0,2026-10-10,39,quantile,0.99,37
2026-10-10,wk inc rsv hosp,0,2026-10-10,40,quantile,0.01,0
2026-10-10,wk inc rsv hosp,0,2026-10-10,40,quantile,0.025,0
2026-10-10,wk inc rsv hosp,0,2026-10-10,40,quantile,0.05,0
2026-10-10,wk inc rsv hosp,0,2026-10-10,40,quantile,0.1,0
2026-10-10,wk inc rsv hosp,0,2026-10-10,40,quantile,0.15,0
2026-10-10,wk inc rsv hosp,0,2026-10-10,40,quantile,0.2,0
2026-10-10,wk inc rsv hosp,0,2026-10-10,40,quantile,0.25,0
2026-10-10,wk inc rsv hosp,0,2026-10-10,40,quantile,0.3,0
2026-10-10,wk inc rsv hosp,0,2026-10-10,40,quantile,0.35,0
2026-10-10,wk inc rsv hosp,0,2026-10-10,40,quantile,0.4,0
2026-10-10,wk inc rsv hosp,0,2026-10-10,40,quantile,0.45,0
2026-10-10,wk inc rsv hosp,0,2026-10-10,40,quantile,0.5,1
2026-10-10,wk inc rsv hosp,0,2026-10-10,40,quantile,0.55,1
2026-10-10,wk inc rsv hosp,0,2026-10-10,40,quantile,0.6,1
2026-10-10,wk inc rsv hosp,0,2026-10-10,40,quantile,0.65,2
2026-10-10,wk inc rsv hosp,0,2026-10-10,40,quantile,0.7,2
2026-10-10,wk inc rsv hosp,0,2026-10-10,40,quantile,0.75,3
2026-10-10,wk inc rsv hosp,0,2026-10-10,40,quantile,0.8,3
2026-10-10,wk inc rsv hosp,0,2026-10-10,40,quantile,0.85,4
2026-10-10,wk inc rsv hosp,0,2026-10-10,40,quantile,0.9,6
2026-10-10,wk inc rsv hosp,0,2026-10-10,40,quantile,0.95,8
2026-10-10,wk inc rsv hosp,0,2026-10-10,40,quantile,0.975,10
2026-10-10,wk inc rsv hosp,0,2026-10-10,40,quantile,0.99,15
2026-10-10,wk inc rsv hosp,0,2026-10-10,41,quantile,0.01,0
2026-10-10,wk inc rsv hosp,0,2026-10-10,41,quantile,0.025,0
2026-10-10,wk inc rsv hosp,0,2026-10-10,41,quantile,0.05,0
2026-10-10,wk inc rsv hosp,0,2026-10-10,41,quantile,0.1,0
2026-10-10,wk inc rsv hosp,0,2026-10-10,41,quantile,0.15,0
2026-10-10,wk inc rsv hosp,0,2026-10-10,41,quantile,0.2,0
2026-10-10,wk inc rsv hosp,0,2026-10-10,41,quantile,0.25,1
2026-10-10,wk inc rsv hosp,0,2026-10-10,41,quantile,0.3,1
2026-10-10,wk inc rsv hosp,0,2026-10-10,41,quantile,0.35,2
2026-10-10,wk inc rsv hosp,0,2026-10-10,41,quantile,0.4,2
2026-10-10,wk inc rsv hosp,0,2026-10-10,41,quantile,0.45,2
2026-10-10,wk inc rsv hosp,0,2026-10-10,41,quantile,0.5,3
2026-10-10,wk inc rsv hosp,0,2026-10-10,41,quantile,0.55,3
2026-10-10,wk inc rsv hosp,0,2026-10-10,41,quantile,0.6,3
2026-10-10,wk inc rsv hosp,0,2026-10-10,41,quantile,0.65,4
2026-10-10,wk inc rsv hosp,0,2026-10-10,41,quantile,0.7,4
2026-10-10,wk inc rsv hosp,0,2026-10-10,41,quantile,0.75,5
2026-10-10,wk inc rsv hosp,0,2026-10-10,41,quantile,0.8,5
2026-10-10,wk inc rsv hosp,0,2026-10-10,41,quantile,0.85,6
2026-10-10,wk inc rsv hosp,0,2026-10-10,41,quantile,0.9,8
2026-10-10,wk inc rsv hosp,0,2026-10-10,41,quantile,0.95,10
2026-10-10,wk inc rsv hosp,0,2026-10-10,41,quantile,0.975,16
2026-10-10,wk inc rsv hosp,0,2026-10-10,41,quantile,0.99,22
2026-10-10,wk inc rsv hosp,0,2026-10-10,42,quantile,0.01,11
2026-10-10,wk inc rsv hosp,0,2026-10-10,42,quantile,0.025,17
2026-10-10,wk inc rsv hosp,0,2026-10-10,42,quantile,0.05,23
2026-10-10,wk inc rsv hosp,0,2026-10-10,42,quantile,0.1,29
2026-10-10,wk inc rsv hosp,0,2026-10-10,42,quantile,0.15,32
2026-10-10,wk inc rsv hosp,0,2026-10-10,42,quantile,0.2,35
2026-10-10,wk inc rsv hosp,0,2026-10-10,42,quantile,0.25,38
2026-10-10,wk inc rsv hosp,0,2026-10-10,42,quantile,0.3,40
2026-10-10,wk inc rsv hosp,0,2026-10-10,42,quantile,0.35,42
2026-10-10,wk inc rsv hosp,0,2026-10-10,42,quantile,0.4,44
2026-10-10,wk inc rsv hosp,0,2026-10-10,42,quantile,0.45,46
2026-10-10,wk inc rsv hosp,0,2026-10-10,42,quantile,0.5,48
2026-10-10,wk inc rsv hosp,0,2026-10-10,42,quantile,0.55,51
2026-10-10,wk inc rsv hosp,0,2026-10-10,42,quantile,0.6,54
2026-10-10,wk inc rsv hosp,0,2026-10-10,42,quantile,0.65,57
2026-10-10,wk inc rsv hosp,0,2026-10-10,42,quantile,0.7,60
2026-10-10,wk inc rsv hosp,0,2026-10-10,42,quantile,0.75,63
2026-10-10,wk inc rsv hosp,0,2026-10-10,42,quantile,0.8,67
2026-10-10,wk inc rsv hosp,0,2026-10-10,42,quantile,0.85,72
2026-10-10,wk inc rsv hosp,0,2026-10-10,42,quantile,0.9,78
2026-10-10,wk inc rsv hosp,0,2026-10-10,42,quantile,0.95,89
2026-10-10,wk inc rsv hosp,0,2026-10-10,42,quantile,0.975,113
2026-10-10,wk inc rsv hosp,0,2026-10-10,42,quantile,0.99,146
2026-10-10,wk inc rsv hosp,0,2026-10-10,44,quantile,0.01,0
2026-10-10,wk inc rsv hosp,0,2026-10-10,44,quantile,0.025,0
2026-10-10,wk inc rsv hosp,0,2026-10-10,44,quantile,0.05,0
2026-10-10,wk inc rsv hosp,0,2026-10-10,44,quantile,0.1,0
2026-10-10,wk inc rsv hosp,0,2026-10-10,44,quantile,0.15,0
2026-10-10,wk inc rsv hosp,0,2026-10-10,44,quantile,0.2,0
2026-10-10,wk inc rsv hosp,0,2026-10-10,44,quantile,0.25,0
2026-10-10,wk inc rsv hosp,0,2026-10-10,44,quantile,0.3,0
2026-10-10,wk inc rsv hosp,0,2026-10-10,44,quantile,0.35,1
2026-10-10,wk inc rsv hosp,0,2026-10-10,44,quantile,0.4,1
2026-10-10,wk inc rsv hosp,0,2026-10-10,44,quantile,0.45,1
2026-10-10,wk inc rsv hosp,0,2026-10-10,44,quantile,0.5,2
2026-10-10,wk inc rsv hosp,0,2026-10-10,44,quantile,0.55,2
2026-10-10,wk inc rsv hosp,0,2026-10-10,44,quantile,0.6,2
2026-10-10,wk inc rsv hosp,0,2026-10-10,44,quantile,0.65,3
2026-10-10,wk inc rsv hosp,0,2026-10-10,44,quantile,0.7,3
2026-10-10,wk inc rsv hosp,0,2026-10-10,44,quantile,0.75,4
2026-10-10,wk inc rsv hosp,0,2026-10-10,44,quantile,0.8,5
2026-10-10,wk inc rsv hosp,0,2026-10-10,44,quantile,0.85,5
2026-10-10,wk inc rsv hosp,0,2026-10-10,44,quantile,0.9,7
2026-10-10,wk inc rsv hosp,0,2026-10-10,44,quantile,0.95,10
2026-10-10,wk inc rsv hosp,0,2026-10-10,44,quantile,0.975,14
2026-10-10,wk inc rsv hosp,0,2026-10-10,44,quantile,0.99,19
2026-10-10,wk inc rsv hosp,0,2026-10-10,45,quantile,0.01,0
2026-10-10,wk inc rsv hosp,0,2026-10-10,45,quantile,0.025,0
2026-10-10,wk inc rsv hosp,0,2026-10-10,45,quantile,0.05,1
2026-10-10,wk inc rsv hosp,0,2026-10-10,45,quantile,0.1,3
2026-10-10,wk inc rsv hosp,0,2026-10-10,45,quantile,0.15,4
2026-10-10,wk inc rsv hosp,0,2026-10-10,45,quantile,0.2,5
2026-10-10,wk inc rsv hosp,0,2026-10-10,45,quantile,0.25,5
2026-10-10,wk inc rsv hosp,0,2026-10-10,45,quantile,0.3,6
2026-10-10,wk inc rsv hosp,0,2026-10-10,45,quantile,0.35,7
2026-10-10,wk inc rsv hosp,0,2026-10-10,45,quantile,0.4,7
2026-10-10,wk inc rsv hosp,0,2026-10-10,45,quantile,0.45,8
2026-10-10,wk inc rsv hosp,0,2026-10-10,45,quantile,0.5,9
2026-10-10,wk inc rsv hosp,0,2026-10-10,45,quantile,0.55,10
2026-10-10,wk inc rsv hosp,0,2026-10-10,45,quantile,0.6,11
2026-10-10,wk inc rsv hosp,0,2026-10-10,45,quantile,0.65,12
2026-10-10,wk inc rsv hosp,0,2026-10-10,45,quantile,0.7,12
2026-10-10,wk inc rsv hosp,0,2026-10-10,45,quantile,0.75,14
2026-10-10,wk inc rsv hosp,0,2026-10-10,45,quantile,0.8,15
2026-10-10,wk inc rsv hosp,0,2026-10-10,45,quantile,0.85,17
2026-10-10,wk inc rsv hosp,0,2026-10-10,45,quantile,0.9,19
2026-10-10,wk inc rsv hosp,0,2026-10-10,45,quantile,0.95,24
2026-10-10,wk inc rsv hosp,0,2026-10-10,45,quantile,0.975,30
2026-10-10,wk inc rsv hosp,0,2026-10-10,45,quantile,0.99,36
2026-10-10,wk inc rsv hosp,0,2026-10-10,46,quantile,0.01,0
2026-10-10,wk inc rsv hosp,0,2026-10-10,46,quantile,0.025,0
2026-10-10,wk inc rsv hosp,0,2026-10-10,46,quantile,0.05,0
2026-10-10,wk inc rsv hosp,0,2026-10-10,46,quantile,0.1,0
2026-10-10,wk inc rsv hosp,0,2026-10-10,46,quantile,0.15,1
2026-10-10,wk inc rsv hosp,0,2026-10-10,46,quantile,0.2,1
2026-10-10,wk inc rsv hosp,0,2026-10-10,46,quantile,0.25,1
2026-10-10,wk inc rsv hosp,0,2026-10-10,46,quantile,0.3,1
2026-10-10,wk inc rsv hosp,0,2026-10-10,46,quantile,0.35,2
2026-10-10,wk inc rsv hosp,0,2026-10-10,46,quantile,0.4,2
2026-10-10,wk inc rsv hosp,0,2026-10-10,46,quantile,0.45,2
2026-10-10,wk inc rsv hosp,0,2026-10-10,46,quantile,0.5,3
2026-10-10,wk inc rsv hosp,0,2026-10-10,46,quantile,0.55,3
2026-10-10,wk inc rsv hosp,0,2026-10-10,46,quantile,0.6,3
2026-10-10,wk inc rsv hosp,0,2026-10-10,46,quantile,0.65,3
2026-10-10,wk inc rsv hosp,0,2026-10-10,46,quantile,0.7,4
2026-10-10,wk inc rsv hosp,0,2026-10-10,46,quantile,0.75,4
2026-10-10,wk inc rsv hosp,0,2026-10-10,46,quantile,0.8,5
2026-10-10,wk inc rsv hosp,0,2026-10-10,46,quantile,0.85,5
2026-10-10,wk inc rsv hosp,0,2026-10-10,46,quantile,0.9,6
2026-10-10,wk inc rsv hosp,0,2026-10-10,46,quantile,0.95,8
2026-10-10,wk inc rsv hosp,0,2026-10-10,46,quantile,0.975,9
2026-10-10,wk inc rsv hosp,0,2026-10-10,46,quantile,0.99,14
2026-10-10,wk inc rsv hosp,0,2026-10-10,47,quantile,0.01,0
2026-10-10,wk inc rsv hosp,0,2026-10-10,47,quantile,0.025,2
2026-10-10,wk inc rsv hosp,0,2026-10-10,47,quantile,0.05,3
2026-10-10,wk inc rsv hosp,0,2026-10-10,47,quantile,0.1,5
2026-10-10,wk inc rsv hosp,0,2026-10-10,47,quantile,0.15,7
2026-10-10,wk inc rsv hosp,0,2026-10-10,47,quantile,0.2,8
2026-10-10,wk inc rsv hosp,0,2026-10-10,47,quantile,0.25,9
2026-10-10,wk inc rsv hosp,0,2026-10-10,47,quantile,0.3,10
2026-10-10,wk inc rsv hosp,0,2026-10-10,47,quantile,0.35,10
2026-10-10,wk inc rsv hosp,0,2026-10-10,47,quantile,0.4,11
2026-10-10,wk inc rsv hosp,0,2026-10-10,47,quantile,0.45,12
2026-10-10,wk inc rsv hosp,0,2026-10-10,47,quantile,0.5,12
2026-10-10,wk inc rsv hosp,0,2026-10-10,47,quantile,0.55,13
2026-10-10,wk inc rsv hosp,0,2026-10-10,47,quantile,0.6,14
2026-10-10,wk inc rsv hosp,0,2026-10-10,47,quantile,0.65,15
2026-10-10,wk inc rsv hosp,0,2026-10-10,47,quantile,0.7,16
2026-10-10,wk inc rsv hosp,0,2026-10-10,47,quantile,0.75,17
2026-10-10,wk inc rsv hosp,0,2026-10-10,47,quantile,0.8,19
2026-10-10,wk inc rsv hosp,0,2026-10-10,47,quantile,0.85,21
2026-10-10,wk inc rsv hosp,0,2026-10-10,47,quantile,0.9,23
2026-10-10,wk inc rsv hosp,0,2026-10-10,47,quantile,0.95,30
2026-10-10,wk inc rsv hosp,0,2026-10-10,47,quantile,0.975,35
2026-10-10,wk inc rsv hosp,0,2026-10-10,47,quantile,0.99,47
2026-10-10,wk inc rsv hosp,0,2026-10-10,48,quantile,0.01,46
2026-10-10,wk inc rsv hosp,0,2026-10-10,48,quantile,0.025,55
2026-10-10,wk inc rsv hosp,0,2026-10-10,48,quantile,0.05,64
2026-10-10,wk inc rsv hosp,0,2026-10-10,48,quantile,0.1,76
2026-10-10,wk inc rsv hosp,0,2026-10-10,48,quantile,0.15,84
2026-10-10,wk inc rsv hosp,0,2026-10-10,48,quantile,0.2,89
2026-10-10,wk inc rsv hosp,0,2026-10-10,48,quantile,0.25,94
2026-10-10,wk inc rsv hosp,0,2026-10-10,48,quantile,0.3,99
2026-10-10,wk inc rsv hosp,0,2026-10-10,48,quantile,0.35,103
2026-10-10,wk inc rsv hosp,0,2026-10-10,48,quantile,0.4,108
2026-10-10,wk inc rsv hosp,0,2026-10-10,48,quantile,0.45,111
2026-10-10,wk inc rsv hosp,0,2026-10-10,48,quantile,0.5,115
2026-10-10,wk inc rsv hosp,0,2026-10-10,48,quantile,0.55,119
2026-10-10,wk inc rsv hosp,0,2026-10-10,48,quantile,0.6,124
2026-10-10,wk inc rsv hosp,0,2026-10-10,48,quantile,0.65,129
2026-10-10,wk inc rsv hosp,0,2026-10-10,48,quantile,0.7,135
2026-10-10,wk inc rsv hosp,0,2026-10-10,48,quantile,0.75,142
2026-10-10,wk inc rsv hosp,0,2026-10-10,48,quantile,0.8,149
2026-10-10,wk inc rsv hosp,0,2026-10-10,48,quantile,0.85,160
2026-10-10,wk inc rsv hosp,0,2026-10-10,48,quantile,0.9,176
2026-10-10,wk inc rsv hosp,0,2026-10-10,48,quantile,0.95,196
2026-10-10,wk inc rsv hosp,0,2026-10-10,48,quantile,0.975,222
2026-10-10,wk inc rsv hosp,0,2026-10-10,48,quantile,0.99,254
2026-10-10,wk inc rsv hosp,0,2026-10-10,49,quantile,0.01,0
2026-10-10,wk inc rsv hosp,0,2026-10-10,49,quantile,0.025,0
2026-10-10,wk inc rsv hosp,0,2026-10-10,49,quantile,0.05,0
2026-10-10,wk inc rsv hosp,0,2026-10-10,49,quantile,0.1,0
2026-10-10,wk inc rsv hosp,0,2026-10-10,49,quantile,0.15,0
2026-10-10,wk inc rsv hosp,0,2026-10-10,49,quantile,0.2,0
2026-10-10,wk inc rsv hosp,0,2026-10-10,49,quantile,0.25,0
2026-10-10,wk inc rsv hosp,0,2026-10-10,49,quantile,0.3,0
2026-10-10,wk inc rsv hosp,0,2026-10-10,49,quantile,0.35,0
2026-10-10,wk inc rsv hosp,0,2026-10-10,49,quantile,0.4,0
2026-10-10,wk inc rsv hosp,0,2026-10-10,49,quantile,0.45,0
2026-10-10,wk inc rsv hosp,0,2026-10-10,49,quantile,0.5,0
2026-10-10,wk inc rsv hosp,0,2026-10-10,49,quantile,0.55,0
2026-10-10,wk inc rsv hosp,0,2026-10-10,49,quantile,0.6,0
2026-10-10,wk inc rsv hosp,0,2026-10-10,49,quantile,0.65,0
2026-10-10,wk inc rsv hosp,0,2026-10-10,49,quantile,0.7,0
2026-10-10,wk inc rsv hosp,0,2026-10-10,49,quantile,0.75,0
2026-10-10,wk inc rsv hosp,0,2026-10-10,49,quantile,0.8,1
2026-10-10,wk inc rsv hosp,0,2026-10-10,49,quantile,0.85,1
2026-10-10,wk inc rsv hosp,0,2026-10-10,49,quantile,0.9,2
2026-10-10,wk inc rsv hosp,0,2026-10-10,49,quantile,0.95,4
2026-10-10,wk inc rsv hosp,0,2026-10-10,49,quantile,0.975,7
2026-10-10,wk inc rsv hosp,0,2026-10-10,49,quantile,0.99,11
2026-10-10,wk inc rsv hosp,0,2026-10-10,50,quantile,0.01,0
2026-10-10,wk inc rsv hosp,0,2026-10-10,50,quantile,0.025,0
2026-10-10,wk inc rsv hosp,0,2026-10-10,50,quantile,0.05,0
2026-10-10,wk inc rsv hosp,0,2026-10-10,50,quantile,0.1,0
2026-10-10,wk inc rsv hosp,0,2026-10-10,50,quantile,0.15,0
2026-10-10,wk inc rsv hosp,0,2026-10-10,50,quantile,0.2,0
2026-10-10,wk inc rsv hosp,0,2026-10-10,50,quantile,0.25,0
2026-10-10,wk inc rsv hosp,0,2026-10-10,50,quantile,0.3,0
2026-10-10,wk inc rsv hosp,0,2026-10-10,50,quantile,0.35,0
2026-10-10,wk inc rsv hosp,0,2026-10-10,50,quantile,0.4,0
2026-10-10,wk inc rsv hosp,0,2026-10-10,50,quantile,0.45,0
2026-10-10,wk inc rsv hosp,0,2026-10-10,50,quantile,0.5,0
2026-10-10,wk inc rsv hosp,0,2026-10-10,50,quantile,0.55,0
2026-10-10,wk inc rsv hosp,0,2026-10-10,50,quantile,0.6,0
2026-10-10,wk inc rsv hosp,0,2026-10-10,50,quantile,0.65,0
2026-10-10,wk inc rsv hosp,0,2026-10-10,50,quantile,0.7,0
2026-10-10,wk inc rsv hosp,0,2026-10-10,50,quantile,0.75,0
2026-10-10,wk inc rsv hosp,0,2026-10-10,50,quantile,0.8,1
2026-10-10,wk inc rsv hosp,0,2026-10-10,50,quantile,0.85,1
2026-10-10,wk inc rsv hosp,0,2026-10-10,50,quantile,0.9,2
2026-10-10,wk inc rsv hosp,0,2026-10-10,50,quantile,0.95,3
2026-10-10,wk inc rsv hosp,0,2026-10-10,50,quantile,0.975,5
2026-10-10,wk inc rsv hosp,0,2026-10-10,50,quantile,0.99,9
2026-10-10,wk inc rsv hosp,0,2026-10-10,51,quantile,0.01,0
2026-10-10,wk inc rsv hosp,0,2026-10-10,51,quantile,0.025,0
2026-10-10,wk inc rsv hosp,0,2026-10-10,51,quantile,0.05,0
2026-10-10,wk inc rsv hosp,0,2026-10-10,51,quantile,0.1,1
2026-10-10,wk inc rsv hosp,0,2026-10-10,51,quantile,0.15,3
2026-10-10,wk inc rsv hosp,0,2026-10-10,51,quantile,0.2,3
2026-10-10,wk inc rsv hosp,0,2026-10-10,51,quantile,0.25,4
2026-10-10,wk inc rsv hosp,0,2026-10-10,51,quantile,0.3,4
2026-10-10,wk inc rsv hosp,0,2026-10-10,51,quantile,0.35,5
2026-10-10,wk inc rsv hosp,0,2026-10-10,51,quantile,0.4,6
2026-10-10,wk inc rsv hosp,0,2026-10-10,51,quantile,0.45,6
2026-10-10,wk inc rsv hosp,0,2026-10-10,51,quantile,0.5,7
2026-10-10,wk inc rsv hosp,0,2026-10-10,51,quantile,0.55,7
2026-10-10,wk inc rsv hosp,0,2026-10-10,51,quantile,0.6,8
2026-10-10,wk inc rsv hosp,0,2026-10-10,51,quantile,0.65,9
2026-10-10,wk inc rsv hosp,0,2026-10-10,51,quantile,0.7,9
2026-10-10,wk inc rsv hosp,0,2026-10-10,51,quantile,0.75,10
2026-10-10,wk inc rsv hosp,0,2026-10-10,51,quantile,0.8,11
2026-10-10,wk inc rsv hosp,0,2026-10-10,51,quantile,0.85,13
2026-10-10,wk inc rsv hosp,0,2026-10-10,51,quantile,0.9,14
2026-10-10,wk inc rsv hosp,0,2026-10-10,51,quantile,0.95,18
2026-10-10,wk inc rsv hosp,0,2026-10-10,51,quantile,0.975,22
2026-10-10,wk inc rsv hosp,0,2026-10-10,51,quantile,0.99,27
2026-10-10,wk inc rsv hosp,0,2026-10-10,53,quantile,0.01,0
2026-10-10,wk inc rsv hosp,0,2026-10-10,53,quantile,0.025,0
2026-10-10,wk inc rsv hosp,0,2026-10-10,53,quantile,0.05,0
2026-10-10,wk inc rsv hosp,0,2026-10-10,53,quantile,0.1,0
2026-10-10,wk inc rsv hosp,0,2026-10-10,53,quantile,0.15,1
2026-10-10,wk inc rsv hosp,0,2026-10-10,53,quantile,0.2,1
2026-10-10,wk inc rsv hosp,0,2026-10-10,53,quantile,0.25,2
2026-10-10,wk inc rsv hosp,0,2026-10-10,53,quantile,0.3,2
2026-10-10,wk inc rsv hosp,0,2026-10-10,53,quantile,0.35,2
2026-10-10,wk inc rsv hosp,0,2026-10-10,53,quantile,0.4,3
2026-10-10,wk inc rsv hosp,0,2026-10-10,53,quantile,0.45,3
2026-10-10,wk inc rsv hosp,0,2026-10-10,53,quantile,0.5,3
2026-10-10,wk inc rsv hosp,0,2026-10-10,53,quantile,0.55,4
2026-10-10,wk inc rsv hosp,0,2026-10-10,53,quantile,0.6,4
2026-10-10,wk inc rsv hosp,0,2026-10-10,53,quantile,0.65,5
2026-10-10,wk inc rsv hosp,0,2026-10-10,53,quantile,0.7,5
2026-10-10,wk inc rsv hosp,0,2026-10-10,53,quantile,0.75,6
2026-10-10,wk inc rsv hosp,0,2026-10-10,53,quantile,0.8,7
2026-10-10,wk inc rsv hosp,0,2026-10-10,53,quantile,0.85,7
2026-10-10,wk inc rsv hosp,0,2026-10-10,53,quantile,0.9,9
2026-10-10,wk inc rsv hosp,0,2026-10-10,53,quantile,0.95,11
2026-10-10,wk inc rsv hosp,0,2026-10-10,53,quantile,0.975,14
2026-10-10,wk inc rsv hosp,0,2026-10-10,53,quantile,0.99,19
2026-10-10,wk inc rsv hosp,0,2026-10-10,54,quantile,0.01,0
2026-10-10,wk inc rsv hosp,0,2026-10-10,54,quantile,0.025,0
2026-10-10,wk inc rsv hosp,0,2026-10-10,54,quantile,0.05,0
2026-10-10,wk inc rsv hosp,0,2026-10-10,54,quantile,0.1,0
2026-10-10,wk inc rsv hosp,0,2026-10-10,54,quantile,0.15,0
2026-10-10,wk inc rsv hosp,0,2026-10-10,54,quantile,0.2,0
2026-10-10,wk inc rsv hosp,0,2026-10-10,54,quantile,0.25,0
2026-10-10,wk inc rsv hosp,0,2026-10-10,54,quantile,0.3,0
2026-10-10,wk inc rsv hosp,0,2026-10-10,54,quantile,0.35,1
2026-10-10,wk inc rsv hosp,0,2026-10-10,54,quantile,0.4,1
2026-10-10,wk inc rsv hosp,0,2026-10-10,54,quantile,0.45,1
2026-10-10,wk inc rsv hosp,0,2026-10-10,54,quantile,0.5,1
2026-10-10,wk inc rsv hosp,0,2026-10-10,54,quantile,0.55,2
2026-10-10,wk inc rsv hosp,0,2026-10-10,54,quantile,0.6,2
2026-10-10,wk inc rsv hosp,0,2026-10-10,54,quantile,0.65,3
2026-10-10,wk inc rsv hosp,0,2026-10-10,54,quantile,0.7,3
2026-10-10,wk inc rsv hosp,0,2026-10-10,54,quantile,0.75,4
2026-10-10,wk inc rsv hosp,0,2026-10-10,54,quantile,0.8,4
2026-10-10,wk inc rsv hosp,0,2026-10-10,54,quantile,0.85,5
2026-10-10,wk inc rsv hosp,0,2026-10-10,54,quantile,0.9,6
2026-10-10,wk inc rsv hosp,0,2026-10-10,54,quantile,0.95,9
2026-10-10,wk inc rsv hosp,0,2026-10-10,54,quantile,0.975,12
2026-10-10,wk inc rsv hosp,0,2026-10-10,54,quantile,0.99,18
2026-10-10,wk inc rsv hosp,0,2026-10-10,55,quantile,0.01,1
2026-10-10,wk inc rsv hosp,0,2026-10-10,55,quantile,0.025,1
2026-10-10,wk inc rsv hosp,0,2026-10-10,55,quantile,0.05,2
2026-10-10,wk inc rsv hosp,0,2026-10-10,55,quantile,0.1,3
2026-10-10,wk inc rsv hosp,0,2026-10-10,55,quantile,0.15,3
2026-10-10,wk inc rsv hosp,0,2026-10-10,55,quantile,0.2,4
2026-10-10,wk inc rsv hosp,0,2026-10-10,55,quantile,0.25,4
2026-10-10,wk inc rsv hosp,0,2026-10-10,55,quantile,0.3,5
2026-10-10,wk inc rsv hosp,0,2026-10-10,55,quantile,0.35,5
2026-10-10,wk inc rsv hosp,0,2026-10-10,55,quantile,0.4,5
2026-10-10,wk inc rsv hosp,0,2026-10-10,55,quantile,0.45,6
2026-10-10,wk inc rsv hosp,0,2026-10-10,55,quantile,0.5,6
2026-10-10,wk inc rsv hosp,0,2026-10-10,55,quantile,0.55,7
2026-10-10,wk inc rsv hosp,0,2026-10-10,55,quantile,0.6,7
2026-10-10,wk inc rsv hosp,0,2026-10-10,55,quantile,0.65,8
2026-10-10,wk inc rsv hosp,0,2026-10-10,55,quantile,0.7,8
2026-10-10,wk inc rsv hosp,0,2026-10-10,55,quantile,0.75,9
2026-10-10,wk inc rsv hosp,0,2026-10-10,55,quantile,0.8,9
2026-10-10,wk inc rsv hosp,0,2026-10-10,55,quantile,0.85,10
2026-10-10,wk inc rsv hosp,0,2026-10-10,55,quantile,0.9,11
2026-10-10,wk inc rsv hosp,0,2026-10-10,55,quantile,0.95,13
2026-10-10,wk inc rsv hosp,0,2026-10-10,55,quantile,0.975,14
2026-10-10,wk inc rsv hosp,0,2026-10-10,55,quantile,0.99,16
2026-10-10,wk inc rsv hosp,0,2026-10-10,56,quantile,0.01,0
2026-10-10,wk inc rsv hosp,0,2026-10-10,56,quantile,0.025,0
2026-10-10,wk inc rsv hosp,0,2026-10-10,56,quantile,0.05,0
2026-10-10,wk inc rsv hosp,0,2026-10-10,56,quantile,0.1,0
2026-10-10,wk inc rsv hosp,0,2026-10-10,56,quantile,0.15,0
2026-10-10,wk inc rsv hosp,0,2026-10-10,56,quantile,0.2,0
2026-10-10,wk inc rsv hosp,0,2026-10-10,56,quantile,0.25,0
2026-10-10,wk inc rsv hosp,0,2026-10-10,56,quantile,0.3,0
2026-10-10,wk inc rsv hosp,0,2026-10-10,56,quantile,0.35,0
2026-10-10,wk inc rsv hosp,0,2026-10-10,56,quantile,0.4,0
2026-10-10,wk inc rsv hosp,0,2026-10-10,56,quantile,0.45,0
2026-10-10,wk inc rsv hosp,0,2026-10-10,56,quantile,0.5,0
2026-10-10,wk inc rsv hosp,0,2026-10-10,56,quantile,0.55,1
2026-10-10,wk inc rsv hosp,0,2026-10-10,56,quantile,0.6,1
2026-10-10,wk inc rsv hosp,0,2026-10-10,56,quantile,0.65,2
2026-10-10,wk inc rsv hosp,0,2026-10-10,56,quantile,0.7,2
2026-10-10,wk inc rsv hosp,0,2026-10-10,56,quantile,0.75,3
2026-10-10,wk inc rsv hosp,0,2026-10-10,56,quantile,0.8,3
2026-10-10,wk inc rsv hosp,0,2026-10-10,56,quantile,0.85,5
2026-10-10,wk inc rsv hosp,0,2026-10-10,56,quantile,0.9,6
2026-10-10,wk inc rsv hosp,0,2026-10-10,56,quantile,0.95,10
2026-10-10,wk inc rsv hosp,0,2026-10-10,56,quantile,0.975,13
2026-10-10,wk inc rsv hosp,0,2026-10-10,56,quantile,0.99,20
2026-10-10,wk inc rsv hosp,0,2026-10-10,72,quantile,0.01,1
2026-10-10,wk inc rsv hosp,0,2026-10-10,72,quantile,0.025,3
2026-10-10,wk inc rsv hosp,0,2026-10-10,72,quantile,0.05,4
2026-10-10,wk inc rsv hosp,0,2026-10-10,72,quantile,0.1,5
2026-10-10,wk inc rsv hosp,0,2026-10-10,72,quantile,0.15,6
2026-10-10,wk inc rsv hosp,0,2026-10-10,72,quantile,0.2,7
2026-10-10,wk inc rsv hosp,0,2026-10-10,72,quantile,0.25,8
2026-10-10,wk inc rsv hosp,0,2026-10-10,72,quantile,0.3,9
2026-10-10,wk inc rsv hosp,0,2026-10-10,72,quantile,0.35,10
2026-10-10,wk inc rsv hosp,0,2026-10-10,72,quantile,0.4,11
2026-10-10,wk inc rsv hosp,0,2026-10-10,72,quantile,0.45,11
2026-10-10,wk inc rsv hosp,0,2026-10-10,72,quantile,0.5,12
2026-10-10,wk inc rsv hosp,0,2026-10-10,72,quantile,0.55,13
2026-10-10,wk inc rsv hosp,0,2026-10-10,72,quantile,0.6,14
2026-10-10,wk inc rsv hosp,0,2026-10-10,72,quantile,0.65,14
2026-10-10,wk inc rsv hosp,0,2026-10-10,72,quantile,0.7,15
2026-10-10,wk inc rsv hosp,0,2026-10-10,72,quantile,0.75,16
2026-10-10,wk inc rsv hosp,0,2026-10-10,72,quantile,0.8,18
2026-10-10,wk inc rsv hosp,0,2026-10-10,72,quantile,0.85,19
2026-10-10,wk inc rsv hosp,0,2026-10-10,72,quantile,0.9,22
2026-10-10,wk inc rsv hosp,0,2026-10-10,72,quantile,0.95,25
2026-10-10,wk inc rsv hosp,0,2026-10-10,72,quantile,0.975,29
2026-10-10,wk inc rsv hosp,0,2026-10-10,72,quantile,0.99,39
2026-10-10,wk inc rsv hosp,0,2026-10-10,US,quantile,0.01,610
2026-10-10,wk inc rsv hosp,0,2026-10-10,US,quantile,0.025,655
2026-10-10,wk inc rsv hosp,0,2026-10-10,US,quantile,0.05,690
2026-10-10,wk inc rsv hosp,0,2026-10-10,US,quantile,0.1,719
2026-10-10,wk inc rsv hosp,0,2026-10-10,US,quantile,0.15,740
2026-10-10,wk inc rsv hosp,0,2026-10-10,US,quantile,0.2,759
2026-10-10,wk inc rsv hosp,0,2026-10-10,US,quantile,0.25,777
2026-10-10,wk inc rsv hosp,0,2026-10-10,US,quantile,0.3,790
2026-10-10,wk inc rsv hosp,0,2026-10-10,US,quantile,0.35,803
2026-10-10,wk inc rsv hosp,0,2026-10-10,US,quantile,0.4,816
2026-10-10,wk inc rsv hosp,0,2026-10-10,US,quantile,0.45,830
2026-10-10,wk inc rsv hosp,0,2026-10-10,US,quantile,0.5,845
2026-10-10,wk inc rsv hosp,0,2026-10-10,US,quantile,0.55,855
2026-10-10,wk inc rsv hosp,0,2026-10-10,US,quantile,0.6,865
2026-10-10,wk inc rsv hosp,0,2026-10-10,US,quantile,0.65,879
2026-10-10,wk inc rsv hosp,0,2026-10-10,US,quantile,0.7,896
2026-10-10,wk inc rsv hosp,0,2026-10-10,US,quantile,0.75,915
2026-10-10,wk inc rsv hosp,0,2026-10-10,US,quantile,0.8,932
2026-10-10,wk inc rsv hosp,0,2026-10-10,US,quantile,0.85,956
2026-10-10,wk inc rsv hosp,0,2026-10-10,US,quantile,0.9,984
2026-10-10,wk inc rsv hosp,0,2026-10-10,US,quantile,0.95,1038
2026-10-10,wk inc rsv hosp,0,2026-10-10,US,quantile,0.975,1075
2026-10-10,wk inc rsv hosp,0,2026-10-10,US,quantile,0.99,1123
2026-10-10,wk inc rsv hosp,1,2026-10-17,01,quantile,0.01,0
2026-10-10,wk inc rsv hosp,1,2026-10-17,01,quantile,0.025,0
2026-10-10,wk inc rsv hosp,1,2026-10-17,01,quantile,0.05,2
2026-10-10,wk inc rsv hosp,1,2026-10-17,01,quantile,0.1,5
2026-10-10,wk inc rsv hosp,1,2026-10-17,01,quantile,0.15,7
2026-10-10,wk inc rsv hosp,1,2026-10-17,01,quantile,0.2,8
2026-10-10,wk inc rsv hosp,1,2026-10-17,01,quantile,0.25,10
2026-10-10,wk inc rsv hosp,1,2026-10-17,01,quantile,0.3,11
2026-10-10,wk inc rsv hosp,1,2026-10-17,01,quantile,0.35,13
2026-10-10,wk inc rsv hosp,1,2026-10-17,01,quantile,0.4,14
2026-10-10,wk inc rsv hosp,1,2026-10-17,01,quantile,0.45,15
2026-10-10,wk inc rsv hosp,1,2026-10-17,01,quantile,0.5,16
2026-10-10,wk inc rsv hosp,1,2026-10-17,01,quantile,0.55,18
2026-10-10,wk inc rsv hosp,1,2026-10-17,01,quantile,0.6,20
2026-10-10,wk inc rsv hosp,1,2026-10-17,01,quantile,0.65,21
2026-10-10,wk inc rsv hosp,1,2026-10-17,01,quantile,0.7,23
2026-10-10,wk inc rsv hosp,1,2026-10-17,01,quantile,0.75,25
2026-10-10,wk inc rsv hosp,1,2026-10-17,01,quantile,0.8,27
2026-10-10,wk inc rsv hosp,1,2026-10-17,01,quantile,0.85,31
2026-10-10,wk inc rsv hosp,1,2026-10-17,01,quantile,0.9,36
2026-10-10,wk inc rsv hosp,1,2026-10-17,01,quantile,0.95,46
2026-10-10,wk inc rsv hosp,1,2026-10-17,01,quantile,0.975,64
2026-10-10,wk inc rsv hosp,1,2026-10-17,01,quantile,0.99,79
2026-10-10,wk inc rsv hosp,1,2026-10-17,02,quantile,0.01,0
2026-10-10,wk inc rsv hosp,1,2026-10-17,02,quantile,0.025,0
2026-10-10,wk inc rsv hosp,1,2026-10-17,02,quantile,0.05,0
2026-10-10,wk inc rsv hosp,1,2026-10-17,02,quantile,0.1,0
2026-10-10,wk inc rsv hosp,1,2026-10-17,02,quantile,0.15,1
2026-10-10,wk inc rsv hosp,1,2026-10-17,02,quantile,0.2,1
2026-10-10,wk inc rsv hosp,1,2026-10-17,02,quantile,0.25,2
2026-10-10,wk inc rsv hosp,1,2026-10-17,02,quantile,0.3,3
2026-10-10,wk inc rsv hosp,1,2026-10-17,02,quantile,0.35,4
2026-10-10,wk inc rsv hosp,1,2026-10-17,02,quantile,0.4,4
2026-10-10,wk inc rsv hosp,1,2026-10-17,02,quantile,0.45,5
2026-10-10,wk inc rsv hosp,1,2026-10-17,02,quantile,0.5,5
2026-10-10,wk inc rsv hosp,1,2026-10-17,02,quantile,0.55,6
2026-10-10,wk inc rsv hosp,1,2026-10-17,02,quantile,0.6,7
2026-10-10,wk inc rsv hosp,1,2026-10-17,02,quantile,0.65,8
2026-10-10,wk inc rsv hosp,1,2026-10-17,02,quantile,0.7,9
2026-10-10,wk inc rsv hosp,1,2026-10-17,02,quantile,0.75,11
2026-10-10,wk inc rsv hosp,1,2026-10-17,02,quantile,0.8,13
2026-10-10,wk inc rsv hosp,1,2026-10-17,02,quantile,0.85,15
2026-10-10,wk inc rsv hosp,1,2026-10-17,02,quantile,0.9,18
2026-10-10,wk inc rsv hosp,1,2026-10-17,02,quantile,0.95,24
2026-10-10,wk inc rsv hosp,1,2026-10-17,02,quantile,0.975,30
2026-10-10,wk inc rsv hosp,1,2026-10-17,02,quantile,0.99,39
2026-10-10,wk inc rsv hosp,1,2026-10-17,04,quantile,0.01,0
2026-10-10,wk inc rsv hosp,1,2026-10-17,04,quantile,0.025,0
2026-10-10,wk inc rsv hosp,1,2026-10-17,04,quantile,0.05,0
2026-10-10,wk inc rsv hosp,1,2026-10-17,04,quantile,0.1,0
2026-10-10,wk inc rsv hosp,1,2026-10-17,04,quantile,0.15,0
2026-10-10,wk inc rsv hosp,1,2026-10-17,04,quantile,0.2,0
2026-10-10,wk inc rsv hosp,1,2026-10-17,04,quantile,0.25,1
2026-10-10,wk inc rsv hosp,1,2026-10-17,04,quantile,0.3,1
2026-10-10,wk inc rsv hosp,1,2026-10-17,04,quantile,0.35,1
2026-10-10,wk inc rsv hosp,1,2026-10-17,04,quantile,0.4,2
2026-10-10,wk inc rsv hosp,1,2026-10-17,04,quantile,0.45,2
2026-10-10,wk inc rsv hosp,1,2026-10-17,04,quantile,0.5,3
2026-10-10,wk inc rsv hosp,1,2026-10-17,04,quantile,0.55,3
2026-10-10,wk inc rsv hosp,1,2026-10-17,04,quantile,0.6,4
2026-10-10,wk inc rsv hosp,1,2026-10-17,04,quantile,0.65,5
2026-10-10,wk inc rsv hosp,1,2026-10-17,04,quantile,0.7,5
2026-10-10,wk inc rsv hosp,1,2026-10-17,04,quantile,0.75,6
2026-10-10,wk inc rsv hosp,1,2026-10-17,04,quantile,0.8,7
2026-10-10,wk inc rsv hosp,1,2026-10-17,04,quantile,0.85,9
2026-10-10,wk inc rsv hosp,1,2026-10-17,04,quantile,0.9,12
2026-10-10,wk inc rsv hosp,1,2026-10-17,04,quantile,0.95,17
2026-10-10,wk inc rsv hosp,1,2026-10-17,04,quantile,0.975,23
2026-10-10,wk inc rsv hosp,1,2026-10-17,04,quantile,0.99,33
2026-10-10,wk inc rsv hosp,1,2026-10-17,05,quantile,0.01,0
2026-10-10,wk inc rsv hosp,1,2026-10-17,05,quantile,0.025,0
2026-10-10,wk inc rsv hosp,1,2026-10-17,05,quantile,0.05,0
2026-10-10,wk inc rsv hosp,1,2026-10-17,05,quantile,0.1,0
2026-10-10,wk inc rsv hosp,1,2026-10-17,05,quantile,0.15,0
2026-10-10,wk inc rsv hosp,1,2026-10-17,05,quantile,0.2,1
2026-10-10,wk inc rsv hosp,1,2026-10-17,05,quantile,0.25,1
2026-10-10,wk inc rsv hosp,1,2026-10-17,05,quantile,0.3,2
2026-10-10,wk inc rsv hosp,1,2026-10-17,05,quantile,0.35,3
2026-10-10,wk inc rsv hosp,1,2026-10-17,05,quantile,0.4,3
2026-10-10,wk inc rsv hosp,1,2026-10-17,05,quantile,0.45,4
2026-10-10,wk inc rsv hosp,1,2026-10-17,05,quantile,0.5,4
2026-10-10,wk inc rsv hosp,1,2026-10-17,05,quantile,0.55,5
2026-10-10,wk inc rsv hosp,1,2026-10-17,05,quantile,0.6,6
2026-10-10,wk inc rsv hosp,1,2026-10-17,05,quantile,0.65,7
2026-10-10,wk inc rsv hosp,1,2026-10-17,05,quantile,0.7,8
2026-10-10,wk inc rsv hosp,1,2026-10-17,05,quantile,0.75,9
2026-10-10,wk inc rsv hosp,1,2026-10-17,05,quantile,0.8,11
2026-10-10,wk inc rsv hosp,1,2026-10-17,05,quantile,0.85,14
2026-10-10,wk inc rsv hosp,1,2026-10-17,05,quantile,0.9,18
2026-10-10,wk inc rsv hosp,1,2026-10-17,05,quantile,0.95,25
2026-10-10,wk inc rsv hosp,1,2026-10-17,05,quantile,0.975,32
2026-10-10,wk inc rsv hosp,1,2026-10-17,05,quantile,0.99,50
2026-10-10,wk inc rsv hosp,1,2026-10-17,06,quantile,0.01,10
2026-10-10,wk inc rsv hosp,1,2026-10-17,06,quantile,0.025,15
2026-10-10,wk inc rsv hosp,1,2026-10-17,06,quantile,0.05,18
2026-10-10,wk inc rsv hosp,1,2026-10-17,06,quantile,0.1,22
2026-10-10,wk inc rsv hosp,1,2026-10-17,06,quantile,0.15,25
2026-10-10,wk inc rsv hosp,1,2026-10-17,06,quantile,0.2,28
2026-10-10,wk inc rsv hosp,1,2026-10-17,06,quantile,0.25,31
2026-10-10,wk inc rsv hosp,1,2026-10-17,06,quantile,0.3,34
2026-10-10,wk inc rsv hosp,1,2026-10-17,06,quantile,0.35,37
2026-10-10,wk inc rsv hosp,1,2026-10-17,06,quantile,0.4,39
2026-10-10,wk inc rsv hosp,1,2026-10-17,06,quantile,0.45,42
2026-10-10,wk inc rsv hosp,1,2026-10-17,06,quantile,0.5,45
2026-10-10,wk inc rsv hosp,1,2026-10-17,06,quantile,0.55,48
2026-10-10,wk inc rsv hosp,1,2026-10-17,06,quantile,0.6,51
2026-10-10,wk inc rsv hosp,1,2026-10-17,06,quantile,0.65,55
2026-10-10,wk inc rsv hosp,1,2026-10-17,06,quantile,0.7,59
2026-10-10,wk inc rsv hosp,1,2026-10-17,06,quantile,0.75,64
2026-10-10,wk inc rsv hosp,1,2026-10-17,06,quantile,0.8,71
2026-10-10,wk inc rsv hosp,1,2026-10-17,06,quantile,0.85,77
2026-10-10,wk inc rsv hosp,1,2026-10-17,06,quantile,0.9,86
2026-10-10,wk inc rsv hosp,1,2026-10-17,06,quantile,0.95,109
2026-10-10,wk inc rsv hosp,1,2026-10-17,06,quantile,0.975,131
2026-10-10,wk inc rsv hosp,1,2026-10-17,06,quantile,0.99,154
2026-10-10,wk inc rsv hosp,1,2026-10-17,08,quantile,0.01,0
2026-10-10,wk inc rsv hosp,1,2026-10-17,08,quantile,0.025,0
2026-10-10,wk inc rsv hosp,1,2026-10-17,08,quantile,0.05,0
2026-10-10,wk inc rsv hosp,1,2026-10-17,08,quantile,0.1,1
2026-10-10,wk inc rsv hosp,1,2026-10-17,08,quantile,0.15,1
2026-10-10,wk inc rsv hosp,1,2026-10-17,08,quantile,0.2,2
2026-10-10,wk inc rsv hosp,1,2026-10-17,08,quantile,0.25,2
2026-10-10,wk inc rsv hosp,1,2026-10-17,08,quantile,0.3,2
2026-10-10,wk inc rsv hosp,1,2026-10-17,08,quantile,0.35,3
2026-10-10,wk inc rsv hosp,1,2026-10-17,08,quantile,0.4,3
2026-10-10,wk inc rsv hosp,1,2026-10-17,08,quantile,0.45,3
2026-10-10,wk inc rsv hosp,1,2026-10-17,08,quantile,0.5,4
2026-10-10,wk inc rsv hosp,1,2026-10-17,08,quantile,0.55,4
2026-10-10,wk inc rsv hosp,1,2026-10-17,08,quantile,0.6,5
2026-10-10,wk inc rsv hosp,1,2026-10-17,08,quantile,0.65,5
2026-10-10,wk inc rsv hosp,1,2026-10-17,08,quantile,0.7,6
2026-10-10,wk inc rsv hosp,1,2026-10-17,08,quantile,0.75,7
2026-10-10,wk inc rsv hosp,1,2026-10-17,08,quantile,0.8,7
2026-10-10,wk inc rsv hosp,1,2026-10-17,08,quantile,0.85,9
2026-10-10,wk inc rsv hosp,1,2026-10-17,08,quantile,0.9,10
2026-10-10,wk inc rsv hosp,1,2026-10-17,08,quantile,0.95,15
2026-10-10,wk inc rsv hosp,1,2026-10-17,08,quantile,0.975,22
2026-10-10,wk inc rsv hosp,1,2026-10-17,08,quantile,0.99,30
2026-10-10,wk inc rsv hosp,1,2026-10-17,09,quantile,0.01,0
2026-10-10,wk inc rsv hosp,1,2026-10-17,09,quantile,0.025,0
2026-10-10,wk inc rsv hosp,1,2026-10-17,09,quantile,0.05,0
2026-10-10,wk inc rsv hosp,1,2026-10-17,09,quantile,0.1,0
2026-10-10,wk inc rsv hosp,1,2026-10-17,09,quantile,0.15,0
2026-10-10,wk inc rsv hosp,1,2026-10-17,09,quantile,0.2,0
2026-10-10,wk inc rsv hosp,1,2026-10-17,09,quantile,0.25,0
2026-10-10,wk inc rsv hosp,1,2026-10-17,09,quantile,0.3,0
2026-10-10,wk inc rsv hosp,1,2026-10-17,09,quantile,0.35,0
2026-10-10,wk inc rsv hosp,1,2026-10-17,09,quantile,0.4,1
2026-10-10,wk inc rsv hosp,1,2026-10-17,09,quantile,0.45,1
2026-10-10,wk inc rsv hosp,1,2026-10-17,09,quantile,0.5,1
2026-10-10,wk inc rsv hosp,1,2026-10-17,09,quantile,0.55,1
2026-10-10,wk inc rsv hosp,1,2026-10-17,09,quantile,0.6,2
2026-10-10,wk inc rsv hosp,1,2026-10-17,09,quantile,0.65,2
2026-10-10,wk inc rsv hosp,1,2026-10-17,09,quantile,0.7,2
2026-10-10,wk inc rsv hosp,1,2026-10-17,09,quantile,0.75,3
2026-10-10,wk inc rsv hosp,1,2026-10-17,09,quantile,0.8,3
2026-10-10,wk inc rsv hosp,1,2026-10-17,09,quantile,0.85,4
2026-10-10,wk inc rsv hosp,1,2026-10-17,09,quantile,0.9,4
2026-10-10,wk inc rsv hosp,1,2026-10-17,09,quantile,0.95,6
2026-10-10,wk inc rsv hosp,1,2026-10-17,09,quantile,0.975,8
2026-10-10,wk inc rsv hosp,1,2026-10-17,09,quantile,0.99,11
2026-10-10,wk inc rsv hosp,1,2026-10-17,10,quantile,0.01,1
2026-10-10,wk inc rsv hosp,1,2026-10-17,10,quantile,0.025,1
2026-10-10,wk inc rsv hosp,1,2026-10-17,10,quantile,0.05,2
2026-10-10,wk inc rsv hosp,1,2026-10-17,10,quantile,0.1,3
2026-10-10,wk inc rsv hosp,1,2026-10-17,10,quantile,0.15,4
2026-10-10,wk inc rsv hosp,1,2026-10-17,10,quantile,0.2,5
2026-10-10,wk inc rsv hosp,1,2026-10-17,10,quantile,0.25,6
2026-10-10,wk inc rsv hosp,1,2026-10-17,10,quantile,0.3,7
2026-10-10,wk inc rsv hosp,1,2026-10-17,10,quantile,0.35,7
2026-10-10,wk inc rsv hosp,1,2026-10-17,10,quantile,0.4,8
2026-10-10,wk inc rsv hosp,1,2026-10-17,10,quantile,0.45,9
2026-10-10,wk inc rsv hosp,1,2026-10-17,10,quantile,0.5,10
2026-10-10,wk inc rsv hosp,1,2026-10-17,10,quantile,0.55,11
2026-10-10,wk inc rsv hosp,1,2026-10-17,10,quantile,0.6,12
2026-10-10,wk inc rsv hosp,1,2026-10-17,10,quantile,0.65,14
2026-10-10,wk inc rsv hosp,1,2026-10-17,10,quantile,0.7,15
2026-10-10,wk inc rsv hosp,1,2026-10-17,10,quantile,0.75,17
2026-10-10,wk inc rsv hosp,1,2026-10-17,10,quantile,0.8,21
2026-10-10,wk inc rsv hosp,1,2026-10-17,10,quantile,0.85,25
2026-10-10,wk inc rsv hosp,1,2026-10-17,10,quantile,0.9,30
2026-10-10,wk inc rsv hosp,1,2026-10-17,10,quantile,0.95,42
2026-10-10,wk inc rsv hosp,1,2026-10-17,10,quantile,0.975,59
2026-10-10,wk inc rsv hosp,1,2026-10-17,10,quantile,0.99,90
2026-10-10,wk inc rsv hosp,1,2026-10-17,11,quantile,0.01,0
2026-10-10,wk inc rsv hosp,1,2026-10-17,11,quantile,0.025,0
2026-10-10,wk inc rsv hosp,1,2026-10-17,11,quantile,0.05,0
2026-10-10,wk inc rsv hosp,1,2026-10-17,11,quantile,0.1,0
2026-10-10,wk inc rsv hosp,1,2026-10-17,11,quantile,0.15,0
2026-10-10,wk inc rsv hosp,1,2026-10-17,11,quantile,0.2,0
2026-10-10,wk inc rsv hosp,1,2026-10-17,11,quantile,0.25,0
2026-10-10,wk inc rsv hosp,1,2026-10-17,11,quantile,0.3,0
2026-10-10,wk inc rsv hosp,1,2026-10-17,11,quantile,0.35,0
2026-10-10,wk inc rsv hosp,1,2026-10-17,11,quantile,0.4,0
2026-10-10,wk inc rsv hosp,1,2026-10-17,11,quantile,0.45,0
2026-10-10,wk inc rsv hosp,1,2026-10-17,11,quantile,0.5,0
2026-10-10,wk inc rsv hosp,1,2026-10-17,11,quantile,0.55,0
2026-10-10,wk inc rsv hosp,1,2026-10-17,11,quantile,0.6,0
2026-10-10,wk inc rsv hosp,1,2026-10-17,11,quantile,0.65,0
2026-10-10,wk inc rsv hosp,1,2026-10-17,11,quantile,0.7,0
2026-10-10,wk inc rsv hosp,1,2026-10-17,11,quantile,0.75,0
2026-10-10,wk inc rsv hosp,1,2026-10-17,11,quantile,0.8,0
2026-10-10,wk inc rsv hosp,1,2026-10-17,11,quantile,0.85,0
2026-10-10,wk inc rsv hosp,1,2026-10-17,11,quantile,0.9,0
2026-10-10,wk inc rsv hosp,1,2026-10-17,11,quantile,0.95,0
2026-10-10,wk inc rsv hosp,1,2026-10-17,11,quantile,0.975,1
2026-10-10,wk inc rsv hosp,1,2026-10-17,11,quantile,0.99,2
2026-10-10,wk inc rsv hosp,1,2026-10-17,12,quantile,0.01,67
2026-10-10,wk inc rsv hosp,1,2026-10-17,12,quantile,0.025,91
2026-10-10,wk inc rsv hosp,1,2026-10-17,12,quantile,0.05,116
2026-10-10,wk inc rsv hosp,1,2026-10-17,12,quantile,0.1,144
2026-10-10,wk inc rsv hosp,1,2026-10-17,12,quantile,0.15,162
2026-10-10,wk inc rsv hosp,1,2026-10-17,12,quantile,0.2,176
2026-10-10,wk inc rsv hosp,1,2026-10-17,12,quantile,0.25,192
2026-10-10,wk inc rsv hosp,1,2026-10-17,12,quantile,0.3,208
2026-10-10,wk inc rsv hosp,1,2026-10-17,12,quantile,0.35,218
2026-10-10,wk inc rsv hosp,1,2026-10-17,12,quantile,0.4,231
2026-10-10,wk inc rsv hosp,1,2026-10-17,12,quantile,0.45,245
2026-10-10,wk inc rsv hosp,1,2026-10-17,12,quantile,0.5,258
2026-10-10,wk inc rsv hosp,1,2026-10-17,12,quantile,0.55,276
2026-10-10,wk inc rsv hosp,1,2026-10-17,12,quantile,0.6,289
2026-10-10,wk inc rsv hosp,1,2026-10-17,12,quantile,0.65,307
2026-10-10,wk inc rsv hosp,1,2026-10-17,12,quantile,0.7,325
2026-10-10,wk inc rsv hosp,1,2026-10-17,12,quantile,0.75,352
2026-10-10,wk inc rsv hosp,1,2026-10-17,12,quantile,0.8,383
2026-10-10,wk inc rsv hosp,1,2026-10-17,12,quantile,0.85,418
2026-10-10,wk inc rsv hosp,1,2026-10-17,12,quantile,0.9,486
2026-10-10,wk inc rsv hosp,1,2026-10-17,12,quantile,0.95,573
2026-10-10,wk inc rsv hosp,1,2026-10-17,12,quantile,0.975,653
2026-10-10,wk inc rsv hosp,1,2026-10-17,12,quantile,0.99,704
2026-10-10,wk inc rsv hosp,1,2026-10-17,13,quantile,0.01,12
2026-10-10,wk inc rsv hosp,1,2026-10-17,13,quantile,0.025,17
2026-10-10,wk inc rsv hosp,1,2026-10-17,13,quantile,0.05,22
2026-10-10,wk inc rsv hosp,1,2026-10-17,13,quantile,0.1,28
2026-10-10,wk inc rsv hosp,1,2026-10-17,13,quantile,0.15,31
2026-10-10,wk inc rsv hosp,1,2026-10-17,13,quantile,0.2,36
2026-10-10,wk inc rsv hosp,1,2026-10-17,13,quantile,0.25,39
2026-10-10,wk inc rsv hosp,1,2026-10-17,13,quantile,0.3,42
2026-10-10,wk inc rsv hosp,1,2026-10-17,13,quantile,0.35,46
2026-10-10,wk inc rsv hosp,1,2026-10-17,13,quantile,0.4,50
2026-10-10,wk inc rsv hosp,1,2026-10-17,13,quantile,0.45,54
2026-10-10,wk inc rsv hosp,1,2026-10-17,13,quantile,0.5,57
2026-10-10,wk inc rsv hosp,1,2026-10-17,13,quantile,0.55,61
2026-10-10,wk inc rsv hosp,1,2026-10-17,13,quantile,0.6,65
2026-10-10,wk inc rsv hosp,1,2026-10-17,13,quantile,0.65,71
2026-10-10,wk inc rsv hosp,1,2026-10-17,13,quantile,0.7,79
2026-10-10,wk inc rsv hosp,1,2026-10-17,13,quantile,0.75,86
2026-10-10,wk inc rsv hosp,1,2026-10-17,13,quantile,0.8,93
2026-10-10,wk inc rsv hosp,1,2026-10-17,13,quantile,0.85,106
2026-10-10,wk inc rsv hosp,1,2026-10-17,13,quantile,0.9,122
2026-10-10,wk inc rsv hosp,1,2026-10-17,13,quantile,0.95,154
2026-10-10,wk inc rsv hosp,1,2026-10-17,13,quantile,0.975,182
2026-10-10,wk inc rsv hosp,1,2026-10-17,13,quantile,0.99,215
2026-10-10,wk inc rsv hosp,1,2026-10-17,15,quantile,0.01,0
2026-10-10,wk inc rsv hosp,1,2026-10-17,15,quantile,0.025,0
2026-10-10,wk inc rsv hosp,1,2026-10-17,15,quantile,0.05,1
2026-10-10,wk inc rsv hosp,1,2026-10-17,15,quantile,0.1,3
2026-10-10,wk inc rsv hosp,1,2026-10-17,15,quantile,0.15,4
2026-10-10,wk inc rsv hosp,1,2026-10-17,15,quantile,0.2,6
2026-10-10,wk inc rsv hosp,1,2026-10-17,15,quantile,0.25,7
2026-10-10,wk inc rsv hosp,1,2026-10-17,15,quantile,0.3,8
2026-10-10,wk inc rsv hosp,1,2026-10-17,15,quantile,0.35,9
2026-10-10,wk inc rsv hosp,1,2026-10-17,15,quantile,0.4,10
2026-10-10,wk inc rsv hosp,1,2026-10-17,15,quantile,0.45,11
2026-10-10,wk inc rsv hosp,1,2026-10-17,15,quantile,0.5,12
2026-10-10,wk inc rsv hosp,1,2026-10-17,15,quantile,0.55,13
2026-10-10,wk inc rsv hosp,1,2026-10-17,15,quantile,0.6,14
2026-10-10,wk inc rsv hosp,1,2026-10-17,15,quantile,0.65,15
2026-10-10,wk inc rsv hosp,1,2026-10-17,15,quantile,0.7,17
2026-10-10,wk inc rsv hosp,1,2026-10-17,15,quantile,0.75,18
2026-10-10,wk inc rsv hosp,1,2026-10-17,15,quantile,0.8,21
2026-10-10,wk inc rsv hosp,1,2026-10-17,15,quantile,0.85,24
2026-10-10,wk inc rsv hosp,1,2026-10-17,15,quantile,0.9,28
2026-10-10,wk inc rsv hosp,1,2026-10-17,15,quantile,0.95,34
2026-10-10,wk inc rsv hosp,1,2026-10-17,15,quantile,0.975,42
2026-10-10,wk inc rsv hosp,1,2026-10-17,15,quantile,0.99,55
2026-10-10,wk inc rsv hosp,1,2026-10-17,16,quantile,0.01,0
2026-10-10,wk inc rsv hosp,1,2026-10-17,16,quantile,0.025,0
2026-10-10,wk inc rsv hosp,1,2026-10-17,16,quantile,0.05,0
2026-10-10,wk inc rsv hosp,1,2026-10-17,16,quantile,0.1,1
2026-10-10,wk inc rsv hosp,1,2026-10-17,16,quantile,0.15,2
2026-10-10,wk inc rsv hosp,1,2026-10-17,16,quantile,0.2,3
2026-10-10,wk inc rsv hosp,1,2026-10-17,16,quantile,0.25,4
2026-10-10,wk inc rsv hosp,1,2026-10-17,16,quantile,0.3,5
2026-10-10,wk inc rsv hosp,1,2026-10-17,16,quantile,0.35,6
2026-10-10,wk inc rsv hosp,1,2026-10-17,16,quantile,0.4,7
2026-10-10,wk inc rsv hosp,1,2026-10-17,16,quantile,0.45,8
2026-10-10,wk inc rsv hosp,1,2026-10-17,16,quantile,0.5,9
2026-10-10,wk inc rsv hosp,1,2026-10-17,16,quantile,0.55,10
2026-10-10,wk inc rsv hosp,1,2026-10-17,16,quantile,0.6,13
2026-10-10,wk inc rsv hosp,1,2026-10-17,16,quantile,0.65,15
2026-10-10,wk inc rsv hosp,1,2026-10-17,16,quantile,0.7,18
2026-10-10,wk inc rsv hosp,1,2026-10-17,16,quantile,0.75,21
2026-10-10,wk inc rsv hosp,1,2026-10-17,16,quantile,0.8,24
2026-10-10,wk inc rsv hosp,1,2026-10-17,16,quantile,0.85,29
2026-10-10,wk inc rsv hosp,1,2026-10-17,16,quantile,0.9,37
2026-10-10,wk inc rsv hosp,1,2026-10-17,16,quantile,0.95,58
2026-10-10,wk inc rsv hosp,1,2026-10-17,16,quantile,0.975,78
2026-10-10,wk inc rsv hosp,1,2026-10-17,16,quantile,0.99,114
2026-10-10,wk inc rsv hosp,1,2026-10-17,17,quantile,0.01,0
2026-10-10,wk inc rsv hosp,1,2026-10-17,17,quantile,0.025,0
2026-10-10,wk inc rsv hosp,1,2026-10-17,17,quantile,0.05,1
2026-10-10,wk inc rsv hosp,1,2026-10-17,17,quantile,0.1,4
2026-10-10,wk inc rsv hosp,1,2026-10-17,17,quantile,0.15,6
2026-10-10,wk inc rsv hosp,1,2026-10-17,17,quantile,0.2,8
2026-10-10,wk inc rsv hosp,1,2026-10-17,17,quantile,0.25,9
2026-10-10,wk inc rsv hosp,1,2026-10-17,17,quantile,0.3,10
2026-10-10,wk inc rsv hosp,1,2026-10-17,17,quantile,0.35,11
2026-10-10,wk inc rsv hosp,1,2026-10-17,17,quantile,0.4,12
2026-10-10,wk inc rsv hosp,1,2026-10-17,17,quantile,0.45,13
2026-10-10,wk inc rsv hosp,1,2026-10-17,17,quantile,0.5,14
2026-10-10,wk inc rsv hosp,1,2026-10-17,17,quantile,0.55,16
2026-10-10,wk inc rsv hosp,1,2026-10-17,17,quantile,0.6,17
2026-10-10,wk inc rsv hosp,1,2026-10-17,17,quantile,0.65,19
2026-10-10,wk inc rsv hosp,1,2026-10-17,17,quantile,0.7,21
2026-10-10,wk inc rsv hosp,1,2026-10-17,17,quantile,0.75,23
2026-10-10,wk inc rsv hosp,1,2026-10-17,17,quantile,0.8,27
2026-10-10,wk inc rsv hosp,1,2026-10-17,17,quantile,0.85,31
2026-10-10,wk inc rsv hosp,1,2026-10-17,17,quantile,0.9,37
2026-10-10,wk inc rsv hosp,1,2026-10-17,17,quantile,0.95,48
2026-10-10,wk inc rsv hosp,1,2026-10-17,17,quantile,0.975,60
2026-10-10,wk inc rsv hosp,1,2026-10-17,17,quantile,0.99,79
2026-10-10,wk inc rsv hosp,1,2026-10-17,18,quantile,0.01,0
2026-10-10,wk inc rsv hosp,1,2026-10-17,18,quantile,0.025,0
2026-10-10,wk inc rsv hosp,1,2026-10-17,18,quantile,0.05,0
2026-10-10,wk inc rsv hosp,1,2026-10-17,18,quantile,0.1,0
2026-10-10,wk inc rsv hosp,1,2026-10-17,18,quantile,0.15,0
2026-10-10,wk inc rsv hosp,1,2026-10-17,18,quantile,0.2,0
2026-10-10,wk inc rsv hosp,1,2026-10-17,18,quantile,0.25,0
2026-10-10,wk inc rsv hosp,1,2026-10-17,18,quantile,0.3,1
2026-10-10,wk inc rsv hosp,1,2026-10-17,18,quantile,0.35,1
2026-10-10,wk inc rsv hosp,1,2026-10-17,18,quantile,0.4,2
2026-10-10,wk inc rsv hosp,1,2026-10-17,18,quantile,0.45,2
2026-10-10,wk inc rsv hosp,1,2026-10-17,18,quantile,0.5,2
2026-10-10,wk inc rsv hosp,1,2026-10-17,18,quantile,0.55,3
2026-10-10,wk inc rsv hosp,1,2026-10-17,18,quantile,0.6,3
2026-10-10,wk inc rsv hosp,1,2026-10-17,18,quantile,0.65,3
2026-10-10,wk inc rsv hosp,1,2026-10-17,18,quantile,0.7,4
2026-10-10,wk inc rsv hosp,1,2026-10-17,18,quantile,0.75,5
2026-10-10,wk inc rsv hosp,1,2026-10-17,18,quantile,0.8,6
2026-10-10,wk inc rsv hosp,1,2026-10-17,18,quantile,0.85,7
2026-10-10,wk inc rsv hosp,1,2026-10-17,18,quantile,0.9,9
2026-10-10,wk inc rsv hosp,1,2026-10-17,18,quantile,0.95,13
2026-10-10,wk inc rsv hosp,1,2026-10-17,18,quantile,0.975,18
2026-10-10,wk inc rsv hosp,1,2026-10-17,18,quantile,0.99,26
2026-10-10,wk inc rsv hosp,1,2026-10-17,19,quantile,0.01,0
2026-10-10,wk inc rsv hosp,1,2026-10-17,19,quantile,0.025,0
2026-10-10,wk inc rsv hosp,1,2026-10-17,19,quantile,0.05,0
2026-10-10,wk inc rsv hosp,1,2026-10-17,19,quantile,0.1,0
2026-10-10,wk inc rsv hosp,1,2026-10-17,19,quantile,0.15,0
2026-10-10,wk inc rsv hosp,1,2026-10-17,19,quantile,0.2,0
2026-10-10,wk inc rsv hosp,1,2026-10-17,19,quantile,0.25,0
2026-10-10,wk inc rsv hosp,1,2026-10-17,19,quantile,0.3,0
2026-10-10,wk inc rsv hosp,1,2026-10-17,19,quantile,0.35,0
2026-10-10,wk inc rsv hosp,1,2026-10-17,19,quantile,0.4,0
2026-10-10,wk inc rsv hosp,1,2026-10-17,19,quantile,0.45,0
2026-10-10,wk inc rsv hosp,1,2026-10-17,19,quantile,0.5,0
2026-10-10,wk inc rsv hosp,1,2026-10-17,19,quantile,0.55,1
2026-10-10,wk inc rsv hosp,1,2026-10-17,19,quantile,0.6,1
2026-10-10,wk inc rsv hosp,1,2026-10-17,19,quantile,0.65,2
2026-10-10,wk inc rsv hosp,1,2026-10-17,19,quantile,0.7,2
2026-10-10,wk inc rsv hosp,1,2026-10-17,19,quantile,0.75,3
2026-10-10,wk inc rsv hosp,1,2026-10-17,19,quantile,0.8,4
2026-10-10,wk inc rsv hosp,1,2026-10-17,19,quantile,0.85,5
2026-10-10,wk inc rsv hosp,1,2026-10-17,19,quantile,0.9,7
2026-10-10,wk inc rsv hosp,1,2026-10-17,19,quantile,0.95,12
2026-10-10,wk inc rsv hosp,1,2026-10-17,19,quantile,0.975,17
2026-10-10,wk inc rsv hosp,1,2026-10-17,19,quantile,0.99,25
2026-10-10,wk inc rsv hosp,1,2026-10-17,20,quantile,0.01,0
2026-10-10,wk inc rsv hosp,1,2026-10-17,20,quantile,0.025,0
2026-10-10,wk inc rsv hosp,1,2026-10-17,20,quantile,0.05,0
2026-10-10,wk inc rsv hosp,1,2026-10-17,20,quantile,0.1,0
2026-10-10,wk inc rsv hosp,1,2026-10-17,20,quantile,0.15,0
2026-10-10,wk inc rsv hosp,1,2026-10-17,20,quantile,0.2,0
2026-10-10,wk inc rsv hosp,1,2026-10-17,20,quantile,0.25,0
2026-10-10,wk inc rsv hosp,1,2026-10-17,20,quantile,0.3,0
2026-10-10,wk inc rsv hosp,1,2026-10-17,20,quantile,0.35,0
2026-10-10,wk inc rsv hosp,1,2026-10-17,20,quantile,0.4,0
2026-10-10,wk inc rsv hosp,1,2026-10-17,20,quantile,0.45,1
2026-10-10,wk inc rsv hosp,1,2026-10-17,20,quantile,0.5,1
2026-10-10,wk inc rsv hosp,1,2026-10-17,20,quantile,0.55,2
2026-10-10,wk inc rsv hosp,1,2026-10-17,20,quantile,0.6,2
2026-10-10,wk inc rsv hosp,1,2026-10-17,20,quantile,0.65,3
2026-10-10,wk inc rsv hosp,1,2026-10-17,20,quantile,0.7,3
2026-10-10,wk inc rsv hosp,1,2026-10-17,20,quantile,0.75,4
2026-10-10,wk inc rsv hosp,1,2026-10-17,20,quantile,0.8,4
2026-10-10,wk inc rsv hosp,1,2026-10-17,20,quantile,0.85,6
2026-10-10,wk inc rsv hosp,1,2026-10-17,20,quantile,0.9,9
2026-10-10,wk inc rsv hosp,1,2026-10-17,20,quantile,0.95,13
2026-10-10,wk inc rsv hosp,1,2026-10-17,20,quantile,0.975,18
2026-10-10,wk inc rsv hosp,1,2026-10-17,20,quantile,0.99,24
2026-10-10,wk inc rsv hosp,1,2026-10-17,21,quantile,0.01,2
2026-10-10,wk inc rsv hosp,1,2026-10-17,21,quantile,0.025,3
2026-10-10,wk inc rsv hosp,1,2026-10-17,21,quantile,0.05,5
2026-10-10,wk inc rsv hosp,1,2026-10-17,21,quantile,0.1,7
2026-10-10,wk inc rsv hosp,1,2026-10-17,21,quantile,0.15,8
2026-10-10,wk inc rsv hosp,1,2026-10-17,21,quantile,0.2,10
2026-10-10,wk inc rsv hosp,1,2026-10-17,21,quantile,0.25,12
2026-10-10,wk inc rsv hosp,1,2026-10-17,21,quantile,0.3,13
2026-10-10,wk inc rsv hosp,1,2026-10-17,21,quantile,0.35,15
2026-10-10,wk inc rsv hosp,1,2026-10-17,21,quantile,0.4,16
2026-10-10,wk inc rsv hosp,1,2026-10-17,21,quantile,0.45,18
2026-10-10,wk inc rsv hosp,1,2026-10-17,21,quantile,0.5,20
2026-10-10,wk inc rsv hosp,1,2026-10-17,21,quantile,0.55,22
2026-10-10,wk inc rsv hosp,1,2026-10-17,21,quantile,0.6,24
2026-10-10,wk inc rsv hosp,1,2026-10-17,21,quantile,0.65,26
2026-10-10,wk inc rsv hosp,1,2026-10-17,21,quantile,0.7,29
2026-10-10,wk inc rsv hosp,1,2026-10-17,21,quantile,0.75,33
2026-10-10,wk inc rsv hosp,1,2026-10-17,21,quantile,0.8,37
2026-10-10,wk inc rsv hosp,1,2026-10-17,21,quantile,0.85,42
2026-10-10,wk inc rsv hosp,1,2026-10-17,21,quantile,0.9,51
2026-10-10,wk inc rsv hosp,1,2026-10-17,21,quantile,0.95,72
2026-10-10,wk inc rsv hosp,1,2026-10-17,21,quantile,0.975,99
2026-10-10,wk inc rsv hosp,1,2026-10-17,21,quantile,0.99,120
2026-10-10,wk inc rsv hosp,1,2026-10-17,22,quantile,0.01,0
2026-10-10,wk inc rsv hosp,1,2026-10-17,22,quantile,0.025,2
2026-10-10,wk inc rsv hosp,1,2026-10-17,22,quantile,0.05,4
2026-10-10,wk inc rsv hosp,1,2026-10-17,22,quantile,0.1,6
2026-10-10,wk inc rsv hosp,1,2026-10-17,22,quantile,0.15,8
2026-10-10,wk inc rsv hosp,1,2026-10-17,22,quantile,0.2,10
2026-10-10,wk inc rsv hosp,1,2026-10-17,22,quantile,0.25,11
2026-10-10,wk inc rsv hosp,1,2026-10-17,22,quantile,0.3,12
2026-10-10,wk inc rsv hosp,1,2026-10-17,22,quantile,0.35,13
2026-10-10,wk inc rsv hosp,1,2026-10-17,22,quantile,0.4,15
2026-10-10,wk inc rsv hosp,1,2026-10-17,22,quantile,0.45,16
2026-10-10,wk inc rsv hosp,1,2026-10-17,22,quantile,0.5,18
2026-10-10,wk inc rsv hosp,1,2026-10-17,22,quantile,0.55,20
2026-10-10,wk inc rsv hosp,1,2026-10-17,22,quantile,0.6,21
2026-10-10,wk inc rsv hosp,1,2026-10-17,22,quantile,0.65,24
2026-10-10,wk inc rsv hosp,1,2026-10-17,22,quantile,0.7,25
2026-10-10,wk inc rsv hosp,1,2026-10-17,22,quantile,0.75,29
2026-10-10,wk inc rsv hosp,1,2026-10-17,22,quantile,0.8,32
2026-10-10,wk inc rsv hosp,1,2026-10-17,22,quantile,0.85,37
2026-10-10,wk inc rsv hosp,1,2026-10-17,22,quantile,0.9,42
2026-10-10,wk inc rsv hosp,1,2026-10-17,22,quantile,0.95,53
2026-10-10,wk inc rsv hosp,1,2026-10-17,22,quantile,0.975,69
2026-10-10,wk inc rsv hosp,1,2026-10-17,22,quantile,0.99,101
2026-10-10,wk inc rsv hosp,1,2026-10-17,23,quantile,0.01,0
2026-10-10,wk inc rsv hosp,1,2026-10-17,23,quantile,0.025,0
2026-10-10,wk inc rsv hosp,1,2026-10-17,23,quantile,0.05,0
2026-10-10,wk inc rsv hosp,1,2026-10-17,23,quantile,0.1,0
2026-10-10,wk inc rsv hosp,1,2026-10-17,23,quantile,0.15,0
2026-10-10,wk inc rsv hosp,1,2026-10-17,23,quantile,0.2,0
2026-10-10,wk inc rsv hosp,1,2026-10-17,23,quantile,0.25,0
2026-10-10,wk inc rsv hosp,1,2026-10-17,23,quantile,0.3,0
2026-10-10,wk inc rsv hosp,1,2026-10-17,23,quantile,0.35,0
2026-10-10,wk inc rsv hosp,1,2026-10-17,23,quantile,0.4,0
2026-10-10,wk inc rsv hosp,1,2026-10-17,23,quantile,0.45,0
2026-10-10,wk inc rsv hosp,1,2026-10-17,23,quantile,0.5,0
2026-10-10,wk inc rsv hosp,1,2026-10-17,23,quantile,0.55,0
2026-10-10,wk inc rsv hosp,1,2026-10-17,23,quantile,0.6,0
2026-10-10,wk inc rsv hosp,1,2026-10-17,23,quantile,0.65,0
2026-10-10,wk inc rsv hosp,1,2026-10-17,23,quantile,0.7,0
2026-10-10,wk inc rsv hosp,1,2026-10-17,23,quantile,0.75,0
2026-10-10,wk inc rsv hosp,1,2026-10-17,23,quantile,0.8,0
2026-10-10,wk inc rsv hosp,1,2026-10-17,23,quantile,0.85,0
2026-10-10,wk inc rsv hosp,1,2026-10-17,23,quantile,0.9,0
2026-10-10,wk inc rsv hosp,1,2026-10-17,23,quantile,0.95,0
2026-10-10,wk inc rsv hosp,1,2026-10-17,23,quantile,0.975,0
2026-10-10,wk inc rsv hosp,1,2026-10-17,23,quantile,0.99,2
2026-10-10,wk inc rsv hosp,1,2026-10-17,24,quantile,0.01,0
2026-10-10,wk inc rsv hosp,1,2026-10-17,24,quantile,0.025,0
2026-10-10,wk inc rsv hosp,1,2026-10-17,24,quantile,0.05,0
2026-10-10,wk inc rsv hosp,1,2026-10-17,24,quantile,0.1,0
2026-10-10,wk inc rsv hosp,1,2026-10-17,24,quantile,0.15,1
2026-10-10,wk inc rsv hosp,1,2026-10-17,24,quantile,0.2,1
2026-10-10,wk inc rsv hosp,1,2026-10-17,24,quantile,0.25,2
2026-10-10,wk inc rsv hosp,1,2026-10-17,24,quantile,0.3,2
2026-10-10,wk inc rsv hosp,1,2026-10-17,24,quantile,0.35,3
2026-10-10,wk inc rsv hosp,1,2026-10-17,24,quantile,0.4,3
2026-10-10,wk inc rsv hosp,1,2026-10-17,24,quantile,0.45,3
2026-10-10,wk inc rsv hosp,1,2026-10-17,24,quantile,0.5,4
2026-10-10,wk inc rsv hosp,1,2026-10-17,24,quantile,0.55,4
2026-10-10,wk inc rsv hosp,1,2026-10-17,24,quantile,0.6,5
2026-10-10,wk inc rsv hosp,1,2026-10-17,24,quantile,0.65,5
2026-10-10,wk inc rsv hosp,1,2026-10-17,24,quantile,0.7,6
2026-10-10,wk inc rsv hosp,1,2026-10-17,24,quantile,0.75,7
2026-10-10,wk inc rsv hosp,1,2026-10-17,24,quantile,0.8,8
2026-10-10,wk inc rsv hosp,1,2026-10-17,24,quantile,0.85,9
2026-10-10,wk inc rsv hosp,1,2026-10-17,24,quantile,0.9,10
2026-10-10,wk inc rsv hosp,1,2026-10-17,24,quantile,0.95,15
2026-10-10,wk inc rsv hosp,1,2026-10-17,24,quantile,0.975,22
2026-10-10,wk inc rsv hosp,1,2026-10-17,24,quantile,0.99,32
2026-10-10,wk inc rsv hosp,1,2026-10-17,25,quantile,0.01,0
2026-10-10,wk inc rsv hosp,1,2026-10-17,25,quantile,0.025,0
2026-10-10,wk inc rsv hosp,1,2026-10-17,25,quantile,0.05,0
2026-10-10,wk inc rsv hosp,1,2026-10-17,25,quantile,0.1,0
2026-10-10,wk inc rsv hosp,1,2026-10-17,25,quantile,0.15,0
2026-10-10,wk inc rsv hosp,1,2026-10-17,25,quantile,0.2,0
2026-10-10,wk inc rsv hosp,1,2026-10-17,25,quantile,0.25,0
2026-10-10,wk inc rsv hosp,1,2026-10-17,25,quantile,0.3,1
2026-10-10,wk inc rsv hosp,1,2026-10-17,25,quantile,0.35,1
2026-10-10,wk inc rsv hosp,1,2026-10-17,25,quantile,0.4,2
2026-10-10,wk inc rsv hosp,1,2026-10-17,25,quantile,0.45,2
2026-10-10,wk inc rsv hosp,1,2026-10-17,25,quantile,0.5,2
2026-10-10,wk inc rsv hosp,1,2026-10-17,25,quantile,0.55,3
2026-10-10,wk inc rsv hosp,1,2026-10-17,25,quantile,0.6,3
2026-10-10,wk inc rsv hosp,1,2026-10-17,25,quantile,0.65,4
2026-10-10,wk inc rsv hosp,1,2026-10-17,25,quantile,0.7,4
2026-10-10,wk inc rsv hosp,1,2026-10-17,25,quantile,0.75,5
2026-10-10,wk inc rsv hosp,1,2026-10-17,25,quantile,0.8,6
2026-10-10,wk inc rsv hosp,1,2026-10-17,25,quantile,0.85,7
2026-10-10,wk inc rsv hosp,1,2026-10-17,25,quantile,0.9,9
2026-10-10,wk inc rsv hosp,1,2026-10-17,25,quantile,0.95,13
2026-10-10,wk inc rsv hosp,1,2026-10-17,25,quantile,0.975,18
2026-10-10,wk inc rsv hosp,1,2026-10-17,25,quantile,0.99,29
2026-10-10,wk inc rsv hosp,1,2026-10-17,26,quantile,0.01,0
2026-10-10,wk inc rsv hosp,1,2026-10-17,26,quantile,0.025,0
2026-10-10,wk inc rsv hosp,1,2026-10-17,26,quantile,0.05,5
2026-10-10,wk inc rsv hosp,1,2026-10-17,26,quantile,0.1,7
2026-10-10,wk inc rsv hosp,1,2026-10-17,26,quantile,0.15,9
2026-10-10,wk inc rsv hosp,1,2026-10-17,26,quantile,0.2,10
2026-10-10,wk inc rsv hosp,1,2026-10-17,26,quantile,0.25,11
2026-10-10,wk inc rsv hosp,1,2026-10-17,26,quantile,0.3,12
2026-10-10,wk inc rsv hosp,1,2026-10-17,26,quantile,0.35,14
2026-10-10,wk inc rsv hosp,1,2026-10-17,26,quantile,0.4,15
2026-10-10,wk inc rsv hosp,1,2026-10-17,26,quantile,0.45,16
2026-10-10,wk inc rsv hosp,1,2026-10-17,26,quantile,0.5,18
2026-10-10,wk inc rsv hosp,1,2026-10-17,26,quantile,0.55,19
2026-10-10,wk inc rsv hosp,1,2026-10-17,26,quantile,0.6,21
2026-10-10,wk inc rsv hosp,1,2026-10-17,26,quantile,0.65,23
2026-10-10,wk inc rsv hosp,1,2026-10-17,26,quantile,0.7,25
2026-10-10,wk inc rsv hosp,1,2026-10-17,26,quantile,0.75,28
2026-10-10,wk inc rsv hosp,1,2026-10-17,26,quantile,0.8,32
2026-10-10,wk inc rsv hosp,1,2026-10-17,26,quantile,0.85,38
2026-10-10,wk inc rsv hosp,1,2026-10-17,26,quantile,0.9,48
2026-10-10,wk inc rsv hosp,1,2026-10-17,26,quantile,0.95,72
2026-10-10,wk inc rsv hosp,1,2026-10-17,26,quantile,0.975,106
2026-10-10,wk inc rsv hosp,1,2026-10-17,26,quantile,0.99,158
2026-10-10,wk inc rsv hosp,1,2026-10-17,27,quantile,0.01,0
2026-10-10,wk inc rsv hosp,1,2026-10-17,27,quantile,0.025,0
2026-10-10,wk inc rsv hosp,1,2026-10-17,27,quantile,0.05,0
2026-10-10,wk inc rsv hosp,1,2026-10-17,27,quantile,0.1,0
2026-10-10,wk inc rsv hosp,1,2026-10-17,27,quantile,0.15,0
2026-10-10,wk inc rsv hosp,1,2026-10-17,27,quantile,0.2,0
2026-10-10,wk inc rsv hosp,1,2026-10-17,27,quantile,0.25,0
2026-10-10,wk inc rsv hosp,1,2026-10-17,27,quantile,0.3,1
2026-10-10,wk inc rsv hosp,1,2026-10-17,27,quantile,0.35,1
2026-10-10,wk inc rsv hosp,1,2026-10-17,27,quantile,0.4,1
2026-10-10,wk inc rsv hosp,1,2026-10-17,27,quantile,0.45,1
2026-10-10,wk inc rsv hosp,1,2026-10-17,27,quantile,0.5,1
2026-10-10,wk inc rsv hosp,1,2026-10-17,27,quantile,0.55,1
2026-10-10,wk inc rsv hosp,1,2026-10-17,27,quantile,0.6,2
2026-10-10,wk inc rsv hosp,1,2026-10-17,27,quantile,0.65,2
2026-10-10,wk inc rsv hosp,1,2026-10-17,27,quantile,0.7,2
2026-10-10,wk inc rsv hosp,1,2026-10-17,27,quantile,0.75,3
2026-10-10,wk inc rsv hosp,1,2026-10-17,27,quantile,0.8,3
2026-10-10,wk inc rsv hosp,1,2026-10-17,27,quantile,0.85,4
2026-10-10,wk inc rsv hosp,1,2026-10-17,27,quantile,0.9,5
2026-10-10,wk inc rsv hosp,1,2026-10-17,27,quantile,0.95,8
2026-10-10,wk inc rsv hosp,1,2026-10-17,27,quantile,0.975,11
2026-10-10,wk inc rsv hosp,1,2026-10-17,27,quantile,0.99,26
2026-10-10,wk inc rsv hosp,1,2026-10-17,28,quantile,0.01,0
2026-10-10,wk inc rsv hosp,1,2026-10-17,28,quantile,0.025,0
2026-10-10,wk inc rsv hosp,1,2026-10-17,28,quantile,0.05,0
2026-10-10,wk inc rsv hosp,1,2026-10-17,28,quantile,0.1,1
2026-10-10,wk inc rsv hosp,1,2026-10-17,28,quantile,0.15,2
2026-10-10,wk inc rsv hosp,1,2026-10-17,28,quantile,0.2,3
2026-10-10,wk inc rsv hosp,1,2026-10-17,28,quantile,0.25,4
2026-10-10,wk inc rsv hosp,1,2026-10-17,28,quantile,0.3,5
2026-10-10,wk inc rsv hosp,1,2026-10-17,28,quantile,0.35,5
2026-10-10,wk inc rsv hosp,1,2026-10-17,28,quantile,0.4,6
2026-10-10,wk inc rsv hosp,1,2026-10-17,28,quantile,0.45,7
2026-10-10,wk inc rsv hosp,1,2026-10-17,28,quantile,0.5,8
2026-10-10,wk inc rsv hosp,1,2026-10-17,28,quantile,0.55,8
2026-10-10,wk inc rsv hosp,1,2026-10-17,28,quantile,0.6,9
2026-10-10,wk inc rsv hosp,1,2026-10-17,28,quantile,0.65,10
2026-10-10,wk inc rsv hosp,1,2026-10-17,28,quantile,0.7,11
2026-10-10,wk inc rsv hosp,1,2026-10-17,28,quantile,0.75,12
2026-10-10,wk inc rsv hosp,1,2026-10-17,28,quantile,0.8,14
2026-10-10,wk inc rsv hosp,1,2026-10-17,28,quantile,0.85,16
2026-10-10,wk inc rsv hosp,1,2026-10-17,28,quantile,0.9,19
2026-10-10,wk inc rsv hosp,1,2026-10-17,28,quantile,0.95,28
2026-10-10,wk inc rsv hosp,1,2026-10-17,28,quantile,0.975,39
2026-10-10,wk inc rsv hosp,1,2026-10-17,28,quantile,0.99,52
2026-10-10,wk inc rsv hosp,1,2026-10-17,29,quantile,0.01,2
2026-10-10,wk inc rsv hosp,1,2026-10-17,29,quantile,0.025,4
2026-10-10,wk inc rsv hosp,1,2026-10-17,29,quantile,0.05,6
2026-10-10,wk inc rsv hosp,1,2026-10-17,29,quantile,0.1,8
2026-10-10,wk inc rsv hosp,1,2026-10-17,29,quantile,0.15,9
2026-10-10,wk inc rsv hosp,1,2026-10-17,29,quantile,0.2,11
2026-10-10,wk inc rsv hosp,1,2026-10-17,29,quantile,0.25,12
2026-10-10,wk inc rsv hosp,1,2026-10-17,29,quantile,0.3,14
2026-10-10,wk inc rsv hosp,1,2026-10-17,29,quantile,0.35,15
2026-10-10,wk inc rsv hosp,1,2026-10-17,29,quantile,0.4,16
2026-10-10,wk inc rsv hosp,1,2026-10-17,29,quantile,0.45,17
2026-10-10,wk inc rsv hosp,1,2026-10-17,29,quantile,0.5,19
2026-10-10,wk inc rsv hosp,1,2026-10-17,29,quantile,0.55,20
2026-10-10,wk inc rsv hosp,1,2026-10-17,29,quantile,0.6,21
2026-10-10,wk inc rsv hosp,1,2026-10-17,29,quantile,0.65,23
2026-10-10,wk inc rsv hosp,1,2026-10-17,29,quantile,0.7,25
2026-10-10,wk inc rsv hosp,1,2026-10-17,29,quantile,0.75,29
2026-10-10,wk inc rsv hosp,1,2026-10-17,29,quantile,0.8,32
2026-10-10,wk inc rsv hosp,1,2026-10-17,29,quantile,0.85,37
2026-10-10,wk inc rsv hosp,1,2026-10-17,29,quantile,0.9,47
2026-10-10,wk inc rsv hosp,1,2026-10-17,29,quantile,0.95,61
2026-10-10,wk inc rsv hosp,1,2026-10-17,29,quantile,0.975,79
2026-10-10,wk inc rsv hosp,1,2026-10-17,29,quantile,0.99,105
2026-10-10,wk inc rsv hosp,1,2026-10-17,30,quantile,0.01,0
2026-10-10,wk inc rsv hosp,1,2026-10-17,30,quantile,0.025,0
2026-10-10,wk inc rsv hosp,1,2026-10-17,30,quantile,0.05,0
2026-10-10,wk inc rsv hosp,1,2026-10-17,30,quantile,0.1,0
2026-10-10,wk inc rsv hosp,1,2026-10-17,30,quantile,0.15,0
2026-10-10,wk inc rsv hosp,1,2026-10-17,30,quantile,0.2,0
2026-10-10,wk inc rsv hosp,1,2026-10-17,30,quantile,0.25,0
2026-10-10,wk inc rsv hosp,1,2026-10-17,30,quantile,0.3,0
2026-10-10,wk inc rsv hosp,1,2026-10-17,30,quantile,0.35,0
2026-10-10,wk inc rsv hosp,1,2026-10-17,30,quantile,0.4,0
2026-10-10,wk inc rsv hosp,1,2026-10-17,30,quantile,0.45,0
2026-10-10,wk inc rsv hosp,1,2026-10-17,30,quantile,0.5,0
2026-10-10,wk inc rsv hosp,1,2026-10-17,30,quantile,0.55,0
2026-10-10,wk inc rsv hosp,1,2026-10-17,30,quantile,0.6,0
2026-10-10,wk inc rsv hosp,1,2026-10-17,30,quantile,0.65,0
2026-10-10,wk inc rsv hosp,1,2026-10-17,30,quantile,0.7,0
2026-10-10,wk inc rsv hosp,1,2026-10-17,30,quantile,0.75,0
2026-10-10,wk inc rsv hosp,1,2026-10-17,30,quantile,0.8,1
2026-10-10,wk inc rsv hosp,1,2026-10-17,30,quantile,0.85,1
2026-10-10,wk inc rsv hosp,1,2026-10-17,30,quantile,0.9,2
2026-10-10,wk inc rsv hosp,1,2026-10-17,30,quantile,0.95,4
2026-10-10,wk inc rsv hosp,1,2026-10-17,30,quantile,0.975,7
2026-10-10,wk inc rsv hosp,1,2026-10-17,30,quantile,0.99,11
2026-10-10,wk inc rsv hosp,1,2026-10-17,31,quantile,0.01,0
2026-10-10,wk inc rsv hosp,1,2026-10-17,31,quantile,0.025,0
2026-10-10,wk inc rsv hosp,1,2026-10-17,31,quantile,0.05,0
2026-10-10,wk inc rsv hosp,1,2026-10-17,31,quantile,0.1,0
2026-10-10,wk inc rsv hosp,1,2026-10-17,31,quantile,0.15,0
2026-10-10,wk inc rsv hosp,1,2026-10-17,31,quantile,0.2,0
2026-10-10,wk inc rsv hosp,1,2026-10-17,31,quantile,0.25,0
2026-10-10,wk inc rsv hosp,1,2026-10-17,31,quantile,0.3,0
2026-10-10,wk inc rsv hosp,1,2026-10-17,31,quantile,0.35,0
2026-10-10,wk inc rsv hosp,1,2026-10-17,31,quantile,0.4,0
2026-10-10,wk inc rsv hosp,1,2026-10-17,31,quantile,0.45,0
2026-10-10,wk inc rsv hosp,1,2026-10-17,31,quantile,0.5,0
2026-10-10,wk inc rsv hosp,1,2026-10-17,31,quantile,0.55,1
2026-10-10,wk inc rsv hosp,1,2026-10-17,31,quantile,0.6,1
2026-10-10,wk inc rsv hosp,1,2026-10-17,31,quantile,0.65,1
2026-10-10,wk inc rsv hosp,1,2026-10-17,31,quantile,0.7,2
2026-10-10,wk inc rsv hosp,1,2026-10-17,31,quantile,0.75,2
2026-10-10,wk inc rsv hosp,1,2026-10-17,31,quantile,0.8,3
2026-10-10,wk inc rsv hosp,1,2026-10-17,31,quantile,0.85,4
2026-10-10,wk inc rsv hosp,1,2026-10-17,31,quantile,0.9,6
2026-10-10,wk inc rsv hosp,1,2026-10-17,31,quantile,0.95,10
2026-10-10,wk inc rsv hosp,1,2026-10-17,31,quantile,0.975,15
2026-10-10,wk inc rsv hosp,1,2026-10-17,31,quantile,0.99,25
2026-10-10,wk inc rsv hosp,1,2026-10-17,32,quantile,0.01,0
2026-10-10,wk inc rsv hosp,1,2026-10-17,32,quantile,0.025,0
2026-10-10,wk inc rsv hosp,1,2026-10-17,32,quantile,0.05,0
2026-10-10,wk inc rsv hosp,1,2026-10-17,32,quantile,0.1,0
2026-10-10,wk inc rsv hosp,1,2026-10-17,32,quantile,0.15,0
2026-10-10,wk inc rsv hosp,1,2026-10-17,32,quantile,0.2,0
2026-10-10,wk inc rsv hosp,1,2026-10-17,32,quantile,0.25,0
2026-10-10,wk inc rsv hosp,1,2026-10-17,32,quantile,0.3,0
2026-10-10,wk inc rsv hosp,1,2026-10-17,32,quantile,0.35,0
2026-10-10,wk inc rsv hosp,1,2026-10-17,32,quantile,0.4,0
2026-10-10,wk inc rsv hosp,1,2026-10-17,32,quantile,0.45,1
2026-10-10,wk inc rsv hosp,1,2026-10-17,32,quantile,0.5,1
2026-10-10,wk inc rsv hosp,1,2026-10-17,32,quantile,0.55,2
2026-10-10,wk inc rsv hosp,1,2026-10-17,32,quantile,0.6,2
2026-10-10,wk inc rsv hosp,1,2026-10-17,32,quantile,0.65,2
2026-10-10,wk inc rsv hosp,1,2026-10-17,32,quantile,0.7,3
2026-10-10,wk inc rsv hosp,1,2026-10-17,32,quantile,0.75,4
2026-10-10,wk inc rsv hosp,1,2026-10-17,32,quantile,0.8,5
2026-10-10,wk inc rsv hosp,1,2026-10-17,32,quantile,0.85,6
2026-10-10,wk inc rsv hosp,1,2026-10-17,32,quantile,0.9,8
2026-10-10,wk inc rsv hosp,1,2026-10-17,32,quantile,0.95,11
2026-10-10,wk inc rsv hosp,1,2026-10-17,32,quantile,0.975,16
2026-10-10,wk inc rsv hosp,1,2026-10-17,32,quantile,0.99,21
2026-10-10,wk inc rsv hosp,1,2026-10-17,33,quantile,0.01,0
2026-10-10,wk inc rsv hosp,1,2026-10-17,33,quantile,0.025,0
2026-10-10,wk inc rsv hosp,1,2026-10-17,33,quantile,0.05,0
2026-10-10,wk inc rsv hosp,1,2026-10-17,33,quantile,0.1,0
2026-10-10,wk inc rsv hosp,1,2026-10-17,33,quantile,0.15,0
2026-10-10,wk inc rsv hosp,1,2026-10-17,33,quantile,0.2,0
2026-10-10,wk inc rsv hosp,1,2026-10-17,33,quantile,0.25,0
2026-10-10,wk inc rsv hosp,1,2026-10-17,33,quantile,0.3,0
2026-10-10,wk inc rsv hosp,1,2026-10-17,33,quantile,0.35,0
2026-10-10,wk inc rsv hosp,1,2026-10-17,33,quantile,0.4,1
2026-10-10,wk inc rsv hosp,1,2026-10-17,33,quantile,0.45,1
2026-10-10,wk inc rsv hosp,1,2026-10-17,33,quantile,0.5,1
2026-10-10,wk inc rsv hosp,1,2026-10-17,33,quantile,0.55,1
2026-10-10,wk inc rsv hosp,1,2026-10-17,33,quantile,0.6,1
2026-10-10,wk inc rsv hosp,1,2026-10-17,33,quantile,0.65,2
2026-10-10,wk inc rsv hosp,1,2026-10-17,33,quantile,0.7,2
2026-10-10,wk inc rsv hosp,1,2026-10-17,33,quantile,0.75,2
2026-10-10,wk inc rsv hosp,1,2026-10-17,33,quantile,0.8,3
2026-10-10,wk inc rsv hosp,1,2026-10-17,33,quantile,0.85,3
2026-10-10,wk inc rsv hosp,1,2026-10-17,33,quantile,0.9,5
2026-10-10,wk inc rsv hosp,1,2026-10-17,33,quantile,0.95,7
2026-10-10,wk inc rsv hosp,1,2026-10-17,33,quantile,0.975,10
2026-10-10,wk inc rsv hosp,1,2026-10-17,33,quantile,0.99,15
2026-10-10,wk inc rsv hosp,1,2026-10-17,34,quantile,0.01,1
2026-10-10,wk inc rsv hosp,1,2026-10-17,34,quantile,0.025,3
2026-10-10,wk inc rsv hosp,1,2026-10-17,34,quantile,0.05,4
2026-10-10,wk inc rsv hosp,1,2026-10-17,34,quantile,0.1,7
2026-10-10,wk inc rsv hosp,1,2026-10-17,34,quantile,0.15,8
2026-10-10,wk inc rsv hosp,1,2026-10-17,34,quantile,0.2,10
2026-10-10,wk inc rsv hosp,1,2026-10-17,34,quantile,0.25,11
2026-10-10,wk inc rsv hosp,1,2026-10-17,34,quantile,0.3,12
2026-10-10,wk inc rsv hosp,1,2026-10-17,34,quantile,0.35,13
2026-10-10,wk inc rsv hosp,1,2026-10-17,34,quantile,0.4,15
2026-10-10,wk inc rsv hosp,1,2026-10-17,34,quantile,0.45,16
2026-10-10,wk inc rsv hosp,1,2026-10-17,34,quantile,0.5,17
2026-10-10,wk inc rsv hosp,1,2026-10-17,34,quantile,0.55,19
2026-10-10,wk inc rsv hosp,1,2026-10-17,34,quantile,0.6,21
2026-10-10,wk inc rsv hosp,1,2026-10-17,34,quantile,0.65,23
2026-10-10,wk inc rsv hosp,1,2026-10-17,34,quantile,0.7,25
2026-10-10,wk inc rsv hosp,1,2026-10-17,34,quantile,0.75,29
2026-10-10,wk inc rsv hosp,1,2026-10-17,34,quantile,0.8,33
2026-10-10,wk inc rsv hosp,1,2026-10-17,34,quantile,0.85,37
2026-10-10,wk inc rsv hosp,1,2026-10-17,34,quantile,0.9,44
2026-10-10,wk inc rsv hosp,1,2026-10-17,34,quantile,0.95,57
2026-10-10,wk inc rsv hosp,1,2026-10-17,34,quantile,0.975,68
2026-10-10,wk inc rsv hosp,1,2026-10-17,34,quantile,0.99,96
2026-10-10,wk inc rsv hosp,1,2026-10-17,35,quantile,0.01,0
2026-10-10,wk inc rsv hosp,1,2026-10-17,35,quantile,0.025,0
2026-10-10,wk inc rsv hosp,1,2026-10-17,35,quantile,0.05,0
2026-10-10,wk inc rsv hosp,1,2026-10-17,35,quantile,0.1,0
2026-10-10,wk inc rsv hosp,1,2026-10-17,35,quantile,0.15,0
2026-10-10,wk inc rsv hosp,1,2026-10-17,35,quantile,0.2,0
2026-10-10,wk inc rsv hosp,1,2026-10-17,35,quantile,0.25,1
2026-10-10,wk inc rsv hosp,1,2026-10-17,35,quantile,0.3,1
2026-10-10,wk inc rsv hosp,1,2026-10-17,35,quantile,0.35,1
2026-10-10,wk inc rsv hosp,1,2026-10-17,35,quantile,0.4,2
2026-10-10,wk inc rsv hosp,1,2026-10-17,35,quantile,0.45,2
2026-10-10,wk inc rsv hosp,1,2026-10-17,35,quantile,0.5,2
2026-10-10,wk inc rsv hosp,1,2026-10-17,35,quantile,0.55,3
2026-10-10,wk inc rsv hosp,1,2026-10-17,35,quantile,0.6,3
2026-10-10,wk inc rsv hosp,1,2026-10-17,35,quantile,0.65,3
2026-10-10,wk inc rsv hosp,1,2026-10-17,35,quantile,0.7,4
2026-10-10,wk inc rsv hosp,1,2026-10-17,35,quantile,0.75,4
2026-10-10,wk inc rsv hosp,1,2026-10-17,35,quantile,0.8,5
2026-10-10,wk inc rsv hosp,1,2026-10-17,35,quantile,0.85,6
2026-10-10,wk inc rsv hosp,1,2026-10-17,35,quantile,0.9,8
2026-10-10,wk inc rsv hosp,1,2026-10-17,35,quantile,0.95,12
2026-10-10,wk inc rsv hosp,1,2026-10-17,35,quantile,0.975,20
2026-10-10,wk inc rsv hosp,1,2026-10-17,35,quantile,0.99,37
2026-10-10,wk inc rsv hosp,1,2026-10-17,36,quantile,0.01,14
2026-10-10,wk inc rsv hosp,1,2026-10-17,36,quantile,0.025,17
2026-10-10,wk inc rsv hosp,1,2026-10-17,36,quantile,0.05,23
2026-10-10,wk inc rsv hosp,1,2026-10-17,36,quantile,0.1,29
2026-10-10,wk inc rsv hosp,1,2026-10-17,36,quantile,0.15,32
2026-10-10,wk inc rsv hosp,1,2026-10-17,36,quantile,0.2,35
2026-10-10,wk inc rsv hosp,1,2026-10-17,36,quantile,0.25,38
2026-10-10,wk inc rsv hosp,1,2026-10-17,36,quantile,0.3,41
2026-10-10,wk inc rsv hosp,1,2026-10-17,36,quantile,0.35,44
2026-10-10,wk inc rsv hosp,1,2026-10-17,36,quantile,0.4,47
2026-10-10,wk inc rsv hosp,1,2026-10-17,36,quantile,0.45,50
2026-10-10,wk inc rsv hosp,1,2026-10-17,36,quantile,0.5,54
2026-10-10,wk inc rsv hosp,1,2026-10-17,36,quantile,0.55,57
2026-10-10,wk inc rsv hosp,1,2026-10-17,36,quantile,0.6,61
2026-10-10,wk inc rsv hosp,1,2026-10-17,36,quantile,0.65,66
2026-10-10,wk inc rsv hosp,1,2026-10-17,36,quantile,0.7,71
2026-10-10,wk inc rsv hosp,1,2026-10-17,36,quantile,0.75,78
2026-10-10,wk inc rsv hosp,1,2026-10-17,36,quantile,0.8,85
2026-10-10,wk inc rsv hosp,1,2026-10-17,36,quantile,0.85,93
2026-10-10,wk inc rsv hosp,1,2026-10-17,36,quantile,0.9,108
2026-10-10,wk inc rsv hosp,1,2026-10-17,36,quantile,0.95,138
2026-10-10,wk inc rsv hosp,1,2026-10-17,36,quantile,0.975,176
2026-10-10,wk inc rsv hosp,1,2026-10-17,36,quantile,0.99,264
2026-10-10,wk inc rsv hosp,1,2026-10-17,37,quantile,0.01,5
2026-10-10,wk inc rsv hosp,1,2026-10-17,37,quantile,0.025,7
2026-10-10,wk inc rsv hosp,1,2026-10-17,37,quantile,0.05,11
2026-10-10,wk inc rsv hosp,1,2026-10-17,37,quantile,0.1,13
2026-10-10,wk inc rsv hosp,1,2026-10-17,37,quantile,0.15,15
2026-10-10,wk inc rsv hosp,1,2026-10-17,37,quantile,0.2,17
2026-10-10,wk inc rsv hosp,1,2026-10-17,37,quantile,0.25,19
2026-10-10,wk inc rsv hosp,1,2026-10-17,37,quantile,0.3,21
2026-10-10,wk inc rsv hosp,1,2026-10-17,37,quantile,0.35,23
2026-10-10,wk inc rsv hosp,1,2026-10-17,37,quantile,0.4,24
2026-10-10,wk inc rsv hosp,1,2026-10-17,37,quantile,0.45,26
2026-10-10,wk inc rsv hosp,1,2026-10-17,37,quantile,0.5,28
2026-10-10,wk inc rsv hosp,1,2026-10-17,37,quantile,0.55,30
2026-10-10,wk inc rsv hosp,1,2026-10-17,37,quantile,0.6,32
2026-10-10,wk inc rsv hosp,1,2026-10-17,37,quantile,0.65,34
2026-10-10,wk inc rsv hosp,1,2026-10-17,37,quantile,0.7,37
2026-10-10,wk inc rsv hosp,1,2026-10-17,37,quantile,0.75,40
2026-10-10,wk inc rsv hosp,1,2026-10-17,37,quantile,0.8,43
2026-10-10,wk inc rsv hosp,1,2026-10-17,37,quantile,0.85,48
2026-10-10,wk inc rsv hosp,1,2026-10-17,37,quantile,0.9,55
2026-10-10,wk inc rsv hosp,1,2026-10-17,37,quantile,0.95,71
2026-10-10,wk inc rsv hosp,1,2026-10-17,37,quantile,0.975,89
2026-10-10,wk inc rsv hosp,1,2026-10-17,37,quantile,0.99,112
2026-10-10,wk inc rsv hosp,1,2026-10-17,38,quantile,0.01,0
2026-10-10,wk inc rsv hosp,1,2026-10-17,38,quantile,0.025,0
2026-10-10,wk inc rsv hosp,1,2026-10-17,38,quantile,0.05,0
2026-10-10,wk inc rsv hosp,1,2026-10-17,38,quantile,0.1,0
2026-10-10,wk inc rsv hosp,1,2026-10-17,38,quantile,0.15,0
2026-10-10,wk inc rsv hosp,1,2026-10-17,38,quantile,0.2,0
2026-10-10,wk inc rsv hosp,1,2026-10-17,38,quantile,0.25,0
2026-10-10,wk inc rsv hosp,1,2026-10-17,38,quantile,0.3,0
2026-10-10,wk inc rsv hosp,1,2026-10-17,38,quantile,0.35,0
2026-10-10,wk inc rsv hosp,1,2026-10-17,38,quantile,0.4,0
2026-10-10,wk inc rsv hosp,1,2026-10-17,38,quantile,0.45,0
2026-10-10,wk inc rsv hosp,1,2026-10-17,38,quantile,0.5,0
2026-10-10,wk inc rsv hosp,1,2026-10-17,38,quantile,0.55,0
2026-10-10,wk inc rsv hosp,1,2026-10-17,38,quantile,0.6,0
2026-10-10,wk inc rsv hosp,1,2026-10-17,38,quantile,0.65,0
2026-10-10,wk inc rsv hosp,1,2026-10-17,38,quantile,0.7,0
2026-10-10,wk inc rsv hosp,1,2026-10-17,38,quantile,0.75,0
2026-10-10,wk inc rsv hosp,1,2026-10-17,38,quantile,0.8,0
2026-10-10,wk inc rsv hosp,1,2026-10-17,38,quantile,0.85,0
2026-10-10,wk inc rsv hosp,1,2026-10-17,38,quantile,0.9,1
2026-10-10,wk inc rsv hosp,1,2026-10-17,38,quantile,0.95,2
2026-10-10,wk inc rsv hosp,1,2026-10-17,38,quantile,0.975,5
2026-10-10,wk inc rsv hosp,1,2026-10-17,38,quantile,0.99,7
2026-10-10,wk inc rsv hosp,1,2026-10-17,39,quantile,0.01,0
2026-10-10,wk inc rsv hosp,1,2026-10-17,39,quantile,0.025,0
2026-10-10,wk inc rsv hosp,1,2026-10-17,39,quantile,0.05,2
2026-10-10,wk inc rsv hosp,1,2026-10-17,39,quantile,0.1,4
2026-10-10,wk inc rsv hosp,1,2026-10-17,39,quantile,0.15,5
2026-10-10,wk inc rsv hosp,1,2026-10-17,39,quantile,0.2,6
2026-10-10,wk inc rsv hosp,1,2026-10-17,39,quantile,0.25,7
2026-10-10,wk inc rsv hosp,1,2026-10-17,39,quantile,0.3,8
2026-10-10,wk inc rsv hosp,1,2026-10-17,39,quantile,0.35,9
2026-10-10,wk inc rsv hosp,1,2026-10-17,39,quantile,0.4,10
2026-10-10,wk inc rsv hosp,1,2026-10-17,39,quantile,0.45,11
2026-10-10,wk inc rsv hosp,1,2026-10-17,39,quantile,0.5,13
2026-10-10,wk inc rsv hosp,1,2026-10-17,39,quantile,0.55,14
2026-10-10,wk inc rsv hosp,1,2026-10-17,39,quantile,0.6,15
2026-10-10,wk inc rsv hosp,1,2026-10-17,39,quantile,0.65,17
2026-10-10,wk inc rsv hosp,1,2026-10-17,39,quantile,0.7,18
2026-10-10,wk inc rsv hosp,1,2026-10-17,39,quantile,0.75,20
2026-10-10,wk inc rsv hosp,1,2026-10-17,39,quantile,0.8,22
2026-10-10,wk inc rsv hosp,1,2026-10-17,39,quantile,0.85,26
2026-10-10,wk inc rsv hosp,1,2026-10-17,39,quantile,0.9,31
2026-10-10,wk inc rsv hosp,1,2026-10-17,39,quantile,0.95,39
2026-10-10,wk inc rsv hosp,1,2026-10-17,39,quantile,0.975,48
2026-10-10,wk inc rsv hosp,1,2026-10-17,39,quantile,0.99,62
2026-10-10,wk inc rsv hosp,1,2026-10-17,40,quantile,0.01,0
2026-10-10,wk inc rsv hosp,1,2026-10-17,40,quantile,0.025,0
2026-10-10,wk inc rsv hosp,1,2026-10-17,40,quantile,0.05,0
2026-10-10,wk inc rsv hosp,1,2026-10-17,40,quantile,0.1,0
2026-10-10,wk inc rsv hosp,1,2026-10-17,40,quantile,0.15,0
2026-10-10,wk inc rsv hosp,1,2026-10-17,40,quantile,0.2,0
2026-10-10,wk inc rsv hosp,1,2026-10-17,40,quantile,0.25,0
2026-10-10,wk inc rsv hosp,1,2026-10-17,40,quantile,0.3,0
2026-10-10,wk inc rsv hosp,1,2026-10-17,40,quantile,0.35,0
2026-10-10,wk inc rsv hosp,1,2026-10-17,40,quantile,0.4,0
2026-10-10,wk inc rsv hosp,1,2026-10-17,40,quantile,0.45,0
2026-10-10,wk inc rsv hosp,1,2026-10-17,40,quantile,0.5,1
2026-10-10,wk inc rsv hosp,1,2026-10-17,40,quantile,0.55,1
2026-10-10,wk inc rsv hosp,1,2026-10-17,40,quantile,0.6,1
2026-10-10,wk inc rsv hosp,1,2026-10-17,40,quantile,0.65,2
2026-10-10,wk inc rsv hosp,1,2026-10-17,40,quantile,0.7,2
2026-10-10,wk inc rsv hosp,1,2026-10-17,40,quantile,0.75,3
2026-10-10,wk inc rsv hosp,1,2026-10-17,40,quantile,0.8,4
2026-10-10,wk inc rsv hosp,1,2026-10-17,40,quantile,0.85,5
2026-10-10,wk inc rsv hosp,1,2026-10-17,40,quantile,0.9,7
2026-10-10,wk inc rsv hosp,1,2026-10-17,40,quantile,0.95,12
2026-10-10,wk inc rsv hosp,1,2026-10-17,40,quantile,0.975,20
2026-10-10,wk inc rsv hosp,1,2026-10-17,40,quantile,0.99,37
2026-10-10,wk inc rsv hosp,1,2026-10-17,41,quantile,0.01,0
2026-10-10,wk inc rsv hosp,1,2026-10-17,41,quantile,0.025,0
2026-10-10,wk inc rsv hosp,1,2026-10-17,41,quantile,0.05,0
2026-10-10,wk inc rsv hosp,1,2026-10-17,41,quantile,0.1,0
2026-10-10,wk inc rsv hosp,1,2026-10-17,41,quantile,0.15,0
2026-10-10,wk inc rsv hosp,1,2026-10-17,41,quantile,0.2,1
2026-10-10,wk inc rsv hosp,1,2026-10-17,41,quantile,0.25,1
2026-10-10,wk inc rsv hosp,1,2026-10-17,41,quantile,0.3,2
2026-10-10,wk inc rsv hosp,1,2026-10-17,41,quantile,0.35,2
2026-10-10,wk inc rsv hosp,1,2026-10-17,41,quantile,0.4,2
2026-10-10,wk inc rsv hosp,1,2026-10-17,41,quantile,0.45,3
2026-10-10,wk inc rsv hosp,1,2026-10-17,41,quantile,0.5,3
2026-10-10,wk inc rsv hosp,1,2026-10-17,41,quantile,0.55,4
2026-10-10,wk inc rsv hosp,1,2026-10-17,41,quantile,0.6,4
2026-10-10,wk inc rsv hosp,1,2026-10-17,41,quantile,0.65,4
2026-10-10,wk inc rsv hosp,1,2026-10-17,41,quantile,0.7,5
2026-10-10,wk inc rsv hosp,1,2026-10-17,41,quantile,0.75,6
2026-10-10,wk inc rsv hosp,1,2026-10-17,41,quantile,0.8,7
2026-10-10,wk inc rsv hosp,1,2026-10-17,41,quantile,0.85,8
2026-10-10,wk inc rsv hosp,1,2026-10-17,41,quantile,0.9,10
2026-10-10,wk inc rsv hosp,1,2026-10-17,41,quantile,0.95,17
2026-10-10,wk inc rsv hosp,1,2026-10-17,41,quantile,0.975,26
2026-10-10,wk inc rsv hosp,1,2026-10-17,41,quantile,0.99,50
2026-10-10,wk inc rsv hosp,1,2026-10-17,42,quantile,0.01,9
2026-10-10,wk inc rsv hosp,1,2026-10-17,42,quantile,0.025,16
2026-10-10,wk inc rsv hosp,1,2026-10-17,42,quantile,0.05,19
2026-10-10,wk inc rsv hosp,1,2026-10-17,42,quantile,0.1,25
2026-10-10,wk inc rsv hosp,1,2026-10-17,42,quantile,0.15,29
2026-10-10,wk inc rsv hosp,1,2026-10-17,42,quantile,0.2,33
2026-10-10,wk inc rsv hosp,1,2026-10-17,42,quantile,0.25,36
2026-10-10,wk inc rsv hosp,1,2026-10-17,42,quantile,0.3,39
2026-10-10,wk inc rsv hosp,1,2026-10-17,42,quantile,0.35,41
2026-10-10,wk inc rsv hosp,1,2026-10-17,42,quantile,0.4,43
2026-10-10,wk inc rsv hosp,1,2026-10-17,42,quantile,0.45,46
2026-10-10,wk inc rsv hosp,1,2026-10-17,42,quantile,0.5,49
2026-10-10,wk inc rsv hosp,1,2026-10-17,42,quantile,0.55,52
2026-10-10,wk inc rsv hosp,1,2026-10-17,42,quantile,0.6,55
2026-10-10,wk inc rsv hosp,1,2026-10-17,42,quantile,0.65,61
2026-10-10,wk inc rsv hosp,1,2026-10-17,42,quantile,0.7,65
2026-10-10,wk inc rsv hosp,1,2026-10-17,42,quantile,0.75,70
2026-10-10,wk inc rsv hosp,1,2026-10-17,42,quantile,0.8,77
2026-10-10,wk inc rsv hosp,1,2026-10-17,42,quantile,0.85,87
2026-10-10,wk inc rsv hosp,1,2026-10-17,42,quantile,0.9,99
2026-10-10,wk inc rsv hosp,1,2026-10-17,42,quantile,0.95,122
2026-10-10,wk inc rsv hosp,1,2026-10-17,42,quantile,0.975,159
2026-10-10,wk inc rsv hosp,1,2026-10-17,42,quantile,0.99,194
2026-10-10,wk inc rsv hosp,1,2026-10-17,44,quantile,0.01,0
2026-10-10,wk inc rsv hosp,1,2026-10-17,44,quantile,0.025,0
2026-10-10,wk inc rsv hosp,1,2026-10-17,44,quantile,0.05,0
2026-10-10,wk inc rsv hosp,1,2026-10-17,44,quantile,0.1,0
2026-10-10,wk inc rsv hosp,1,2026-10-17,44,quantile,0.15,0
2026-10-10,wk inc rsv hosp,1,2026-10-17,44,quantile,0.2,0
2026-10-10,wk inc rsv hosp,1,2026-10-17,44,quantile,0.25,0
2026-10-10,wk inc rsv hosp,1,2026-10-17,44,quantile,0.3,0
2026-10-10,wk inc rsv hosp,1,2026-10-17,44,quantile,0.35,1
2026-10-10,wk inc rsv hosp,1,2026-10-17,44,quantile,0.4,1
2026-10-10,wk inc rsv hosp,1,2026-10-17,44,quantile,0.45,1
2026-10-10,wk inc rsv hosp,1,2026-10-17,44,quantile,0.5,2
2026-10-10,wk inc rsv hosp,1,2026-10-17,44,quantile,0.55,2
2026-10-10,wk inc rsv hosp,1,2026-10-17,44,quantile,0.6,3
2026-10-10,wk inc rsv hosp,1,2026-10-17,44,quantile,0.65,3
2026-10-10,wk inc rsv hosp,1,2026-10-17,44,quantile,0.7,4
2026-10-10,wk inc rsv hosp,1,2026-10-17,44,quantile,0.75,5
2026-10-10,wk inc rsv hosp,1,2026-10-17,44,quantile,0.8,6
2026-10-10,wk inc rsv hosp,1,2026-10-17,44,quantile,0.85,7
2026-10-10,wk inc rsv hosp,1,2026-10-17,44,quantile,0.9,10
2026-10-10,wk inc rsv hosp,1,2026-10-17,44,quantile,0.95,14
2026-10-10,wk inc rsv hosp,1,2026-10-17,44,quantile,0.975,20
2026-10-10,wk inc rsv hosp,1,2026-10-17,44,quantile,0.99,30
2026-10-10,wk inc rsv hosp,1,2026-10-17,45,quantile,0.01,0
2026-10-10,wk inc rsv hosp,1,2026-10-17,45,quantile,0.025,0
2026-10-10,wk inc rsv hosp,1,2026-10-17,45,quantile,0.05,1
2026-10-10,wk inc rsv hosp,1,2026-10-17,45,quantile,0.1,3
2026-10-10,wk inc rsv hosp,1,2026-10-17,45,quantile,0.15,4
2026-10-10,wk inc rsv hosp,1,2026-10-17,45,quantile,0.2,5
2026-10-10,wk inc rsv hosp,1,2026-10-17,45,quantile,0.25,6
2026-10-10,wk inc rsv hosp,1,2026-10-17,45,quantile,0.3,7
2026-10-10,wk inc rsv hosp,1,2026-10-17,45,quantile,0.35,8
2026-10-10,wk inc rsv hosp,1,2026-10-17,45,quantile,0.4,8
2026-10-10,wk inc rsv hosp,1,2026-10-17,45,quantile,0.45,9
2026-10-10,wk inc rsv hosp,1,2026-10-17,45,quantile,0.5,10
2026-10-10,wk inc rsv hosp,1,2026-10-17,45,quantile,0.55,11
2026-10-10,wk inc rsv hosp,1,2026-10-17,45,quantile,0.6,13
2026-10-10,wk inc rsv hosp,1,2026-10-17,45,quantile,0.65,14
2026-10-10,wk inc rsv hosp,1,2026-10-17,45,quantile,0.7,16
2026-10-10,wk inc rsv hosp,1,2026-10-17,45,quantile,0.75,18
2026-10-10,wk inc rsv hosp,1,2026-10-17,45,quantile,0.8,20
2026-10-10,wk inc rsv hosp,1,2026-10-17,45,quantile,0.85,23
2026-10-10,wk inc rsv hosp,1,2026-10-17,45,quantile,0.9,28
2026-10-10,wk inc rsv hosp,1,2026-10-17,45,quantile,0.95,37
2026-10-10,wk inc rsv hosp,1,2026-10-17,45,quantile,0.975,47
2026-10-10,wk inc rsv hosp,1,2026-10-17,45,quantile,0.99,52
2026-10-10,wk inc rsv hosp,1,2026-10-17,46,quantile,0.01,0
2026-10-10,wk inc rsv hosp,1,2026-10-17,46,quantile,0.025,0
2026-10-10,wk inc rsv hosp,1,2026-10-17,46,quantile,0.05,0
2026-10-10,wk inc rsv hosp,1,2026-10-17,46,quantile,0.1,0
2026-10-10,wk inc rsv hosp,1,2026-10-17,46,quantile,0.15,1
2026-10-10,wk inc rsv hosp,1,2026-10-17,46,quantile,0.2,1
2026-10-10,wk inc rsv hosp,1,2026-10-17,46,quantile,0.25,1
2026-10-10,wk inc rsv hosp,1,2026-10-17,46,quantile,0.3,2
2026-10-10,wk inc rsv hosp,1,2026-10-17,46,quantile,0.35,2
2026-10-10,wk inc rsv hosp,1,2026-10-17,46,quantile,0.4,2
2026-10-10,wk inc rsv hosp,1,2026-10-17,46,quantile,0.45,3
2026-10-10,wk inc rsv hosp,1,2026-10-17,46,quantile,0.5,3
2026-10-10,wk inc rsv hosp,1,2026-10-17,46,quantile,0.55,3
2026-10-10,wk inc rsv hosp,1,2026-10-17,46,quantile,0.6,4
2026-10-10,wk inc rsv hosp,1,2026-10-17,46,quantile,0.65,4
2026-10-10,wk inc rsv hosp,1,2026-10-17,46,quantile,0.7,5
2026-10-10,wk inc rsv hosp,1,2026-10-17,46,quantile,0.75,5
2026-10-10,wk inc rsv hosp,1,2026-10-17,46,quantile,0.8,6
2026-10-10,wk inc rsv hosp,1,2026-10-17,46,quantile,0.85,7
2026-10-10,wk inc rsv hosp,1,2026-10-17,46,quantile,0.9,9
2026-10-10,wk inc rsv hosp,1,2026-10-17,46,quantile,0.95,12
2026-10-10,wk inc rsv hosp,1,2026-10-17,46,quantile,0.975,16
2026-10-10,wk inc rsv hosp,1,2026-10-17,46,quantile,0.99,24
2026-10-10,wk inc rsv hosp,1,2026-10-17,47,quantile,0.01,0
2026-10-10,wk inc rsv hosp,1,2026-10-17,47,quantile,0.025,3
2026-10-10,wk inc rsv hosp,1,2026-10-17,47,quantile,0.05,4
2026-10-10,wk inc rsv hosp,1,2026-10-17,47,quantile,0.1,5
2026-10-10,wk inc rsv hosp,1,2026-10-17,47,quantile,0.15,7
2026-10-10,wk inc rsv hosp,1,2026-10-17,47,quantile,0.2,8
2026-10-10,wk inc rsv hosp,1,2026-10-17,47,quantile,0.25,9
2026-10-10,wk inc rsv hosp,1,2026-10-17,47,quantile,0.3,10
2026-10-10,wk inc rsv hosp,1,2026-10-17,47,quantile,0.35,12
2026-10-10,wk inc rsv hosp,1,2026-10-17,47,quantile,0.4,13
2026-10-10,wk inc rsv hosp,1,2026-10-17,47,quantile,0.45,14
2026-10-10,wk inc rsv hosp,1,2026-10-17,47,quantile,0.5,15
2026-10-10,wk inc rsv hosp,1,2026-10-17,47,quantile,0.55,16
2026-10-10,wk inc rsv hosp,1,2026-10-17,47,quantile,0.6,17
2026-10-10,wk inc rsv hosp,1,2026-10-17,47,quantile,0.65,19
2026-10-10,wk inc rsv hosp,1,2026-10-17,47,quantile,0.7,21
2026-10-10,wk inc rsv hosp,1,2026-10-17,47,quantile,0.75,24
2026-10-10,wk inc rsv hosp,1,2026-10-17,47,quantile,0.8,27
2026-10-10,wk inc rsv hosp,1,2026-10-17,47,quantile,0.85,30
2026-10-10,wk inc rsv hosp,1,2026-10-17,47,quantile,0.9,36
2026-10-10,wk inc rsv hosp,1,2026-10-17,47,quantile,0.95,50
2026-10-10,wk inc rsv hosp,1,2026-10-17,47,quantile,0.975,68
2026-10-10,wk inc rsv hosp,1,2026-10-17,47,quantile,0.99,90
2026-10-10,wk inc rsv hosp,1,2026-10-17,48,quantile,0.01,42
2026-10-10,wk inc rsv hosp,1,2026-10-17,48,quantile,0.025,55
2026-10-10,wk inc rsv hosp,1,2026-10-17,48,quantile,0.05,67
2026-10-10,wk inc rsv hosp,1,2026-10-17,48,quantile,0.1,80
2026-10-10,wk inc rsv hosp,1,2026-10-17,48,quantile,0.15,90
2026-10-10,wk inc rsv hosp,1,2026-10-17,48,quantile,0.2,98
2026-10-10,wk inc rsv hosp,1,2026-10-17,48,quantile,0.25,107
2026-10-10,wk inc rsv hosp,1,2026-10-17,48,quantile,0.3,117
2026-10-10,wk inc rsv hosp,1,2026-10-17,48,quantile,0.35,126
2026-10-10,wk inc rsv hosp,1,2026-10-17,48,quantile,0.4,135
2026-10-10,wk inc rsv hosp,1,2026-10-17,48,quantile,0.45,143
2026-10-10,wk inc rsv hosp,1,2026-10-17,48,quantile,0.5,150
2026-10-10,wk inc rsv hosp,1,2026-10-17,48,quantile,0.55,159
2026-10-10,wk inc rsv hosp,1,2026-10-17,48,quantile,0.6,168
2026-10-10,wk inc rsv hosp,1,2026-10-17,48,quantile,0.65,179
2026-10-10,wk inc rsv hosp,1,2026-10-17,48,quantile,0.7,192
2026-10-10,wk inc rsv hosp,1,2026-10-17,48,quantile,0.75,205
2026-10-10,wk inc rsv hosp,1,2026-10-17,48,quantile,0.8,221
2026-10-10,wk inc rsv hosp,1,2026-10-17,48,quantile,0.85,246
2026-10-10,wk inc rsv hosp,1,2026-10-17,48,quantile,0.9,288
2026-10-10,wk inc rsv hosp,1,2026-10-17,48,quantile,0.95,370
2026-10-10,wk inc rsv hosp,1,2026-10-17,48,quantile,0.975,430
2026-10-10,wk inc rsv hosp,1,2026-10-17,48,quantile,0.99,533
2026-10-10,wk inc rsv hosp,1,2026-10-17,49,quantile,0.01,0
2026-10-10,wk inc rsv hosp,1,2026-10-17,49,quantile,0.025,0
2026-10-10,wk inc rsv hosp,1,2026-10-17,49,quantile,0.05,0
2026-10-10,wk inc rsv hosp,1,2026-10-17,49,quantile,0.1,0
2026-10-10,wk inc rsv hosp,1,2026-10-17,49,quantile,0.15,0
2026-10-10,wk inc rsv hosp,1,2026-10-17,49,quantile,0.2,0
2026-10-10,wk inc rsv hosp,1,2026-10-17,49,quantile,0.25,0
2026-10-10,wk inc rsv hosp,1,2026-10-17,49,quantile,0.3,0
2026-10-10,wk inc rsv hosp,1,2026-10-17,49,quantile,0.35,0
2026-10-10,wk inc rsv hosp,1,2026-10-17,49,quantile,0.4,0
2026-10-10,wk inc rsv hosp,1,2026-10-17,49,quantile,0.45,0
2026-10-10,wk inc rsv hosp,1,2026-10-17,49,quantile,0.5,0
2026-10-10,wk inc rsv hosp,1,2026-10-17,49,quantile,0.55,0
2026-10-10,wk inc rsv hosp,1,2026-10-17,49,quantile,0.6,0
2026-10-10,wk inc rsv hosp,1,2026-10-17,49,quantile,0.65,0
2026-10-10,wk inc rsv hosp,1,2026-10-17,49,quantile,0.7,0
2026-10-10,wk inc rsv hosp,1,2026-10-17,49,quantile,0.75,0
2026-10-10,wk inc rsv hosp,1,2026-10-17,49,quantile,0.8,1
2026-10-10,wk inc rsv hosp,1,2026-10-17,49,quantile,0.85,1
2026-10-10,wk inc rsv hosp,1,2026-10-17,49,quantile,0.9,3
2026-10-10,wk inc rsv hosp,1,2026-10-17,49,quantile,0.95,5
2026-10-10,wk inc rsv hosp,1,2026-10-17,49,quantile,0.975,9
2026-10-10,wk inc rsv hosp,1,2026-10-17,49,quantile,0.99,20
2026-10-10,wk inc rsv hosp,1,2026-10-17,50,quantile,0.01,0
2026-10-10,wk inc rsv hosp,1,2026-10-17,50,quantile,0.025,0
2026-10-10,wk inc rsv hosp,1,2026-10-17,50,quantile,0.05,0
2026-10-10,wk inc rsv hosp,1,2026-10-17,50,quantile,0.1,0
2026-10-10,wk inc rsv hosp,1,2026-10-17,50,quantile,0.15,0
2026-10-10,wk inc rsv hosp,1,2026-10-17,50,quantile,0.2,0
2026-10-10,wk inc rsv hosp,1,2026-10-17,50,quantile,0.25,0
2026-10-10,wk inc rsv hosp,1,2026-10-17,50,quantile,0.3,0
2026-10-10,wk inc rsv hosp,1,2026-10-17,50,quantile,0.35,0
2026-10-10,wk inc rsv hosp,1,2026-10-17,50,quantile,0.4,0
2026-10-10,wk inc rsv hosp,1,2026-10-17,50,quantile,0.45,0
2026-10-10,wk inc rsv hosp,1,2026-10-17,50,quantile,0.5,0
2026-10-10,wk inc rsv hosp,1,2026-10-17,50,quantile,0.55,0
2026-10-10,wk inc rsv hosp,1,2026-10-17,50,quantile,0.6,0
2026-10-10,wk inc rsv hosp,1,2026-10-17,50,quantile,0.65,0
2026-10-10,wk inc rsv hosp,1,2026-10-17,50,quantile,0.7,0
2026-10-10,wk inc rsv hosp,1,2026-10-17,50,quantile,0.75,1
2026-10-10,wk inc rsv hosp,1,2026-10-17,50,quantile,0.8,1
2026-10-10,wk inc rsv hosp,1,2026-10-17,50,quantile,0.85,1
2026-10-10,wk inc rsv hosp,1,2026-10-17,50,quantile,0.9,3
2026-10-10,wk inc rsv hosp,1,2026-10-17,50,quantile,0.95,6
2026-10-10,wk inc rsv hosp,1,2026-10-17,50,quantile,0.975,8
2026-10-10,wk inc rsv hosp,1,2026-10-17,50,quantile,0.99,13
2026-10-10,wk inc rsv hosp,1,2026-10-17,51,quantile,0.01,0
2026-10-10,wk inc rsv hosp,1,2026-10-17,51,quantile,0.025,0
2026-10-10,wk inc rsv hosp,1,2026-10-17,51,quantile,0.05,0
2026-10-10,wk inc rsv hosp,1,2026-10-17,51,quantile,0.1,1
2026-10-10,wk inc rsv hosp,1,2026-10-17,51,quantile,0.15,3
2026-10-10,wk inc rsv hosp,1,2026-10-17,51,quantile,0.2,4
2026-10-10,wk inc rsv hosp,1,2026-10-17,51,quantile,0.25,4
2026-10-10,wk inc rsv hosp,1,2026-10-17,51,quantile,0.3,5
2026-10-10,wk inc rsv hosp,1,2026-10-17,51,quantile,0.35,5
2026-10-10,wk inc rsv hosp,1,2026-10-17,51,quantile,0.4,6
2026-10-10,wk inc rsv hosp,1,2026-10-17,51,quantile,0.45,7
2026-10-10,wk inc rsv hosp,1,2026-10-17,51,quantile,0.5,8
2026-10-10,wk inc rsv hosp,1,2026-10-17,51,quantile,0.55,8
2026-10-10,wk inc rsv hosp,1,2026-10-17,51,quantile,0.6,9
2026-10-10,wk inc rsv hosp,1,2026-10-17,51,quantile,0.65,10
2026-10-10,wk inc rsv hosp,1,2026-10-17,51,quantile,0.7,11
2026-10-10,wk inc rsv hosp,1,2026-10-17,51,quantile,0.75,12
2026-10-10,wk inc rsv hosp,1,2026-10-17,51,quantile,0.8,14
2026-10-10,wk inc rsv hosp,1,2026-10-17,51,quantile,0.85,17
2026-10-10,wk inc rsv hosp,1,2026-10-17,51,quantile,0.9,20
2026-10-10,wk inc rsv hosp,1,2026-10-17,51,quantile,0.95,27
2026-10-10,wk inc rsv hosp,1,2026-10-17,51,quantile,0.975,36
2026-10-10,wk inc rsv hosp,1,2026-10-17,51,quantile,0.99,42
2026-10-10,wk inc rsv hosp,1,2026-10-17,53,quantile,0.01,0
2026-10-10,wk inc rsv hosp,1,2026-10-17,53,quantile,0.025,0
2026-10-10,wk inc rsv hosp,1,2026-10-17,53,quantile,0.05,0
2026-10-10,wk inc rsv hosp,1,2026-10-17,53,quantile,0.1,0
2026-10-10,wk inc rsv hosp,1,2026-10-17,53,quantile,0.15,1
2026-10-10,wk inc rsv hosp,1,2026-10-17,53,quantile,0.2,1
2026-10-10,wk inc rsv hosp,1,2026-10-17,53,quantile,0.25,2
2026-10-10,wk inc rsv hosp,1,2026-10-17,53,quantile,0.3,2
2026-10-10,wk inc rsv hosp,1,2026-10-17,53,quantile,0.35,3
2026-10-10,wk inc rsv hosp,1,2026-10-17,53,quantile,0.4,3
2026-10-10,wk inc rsv hosp,1,2026-10-17,53,quantile,0.45,3
2026-10-10,wk inc rsv hosp,1,2026-10-17,53,quantile,0.5,4
2026-10-10,wk inc rsv hosp,1,2026-10-17,53,quantile,0.55,4
2026-10-10,wk inc rsv hosp,1,2026-10-17,53,quantile,0.6,5
2026-10-10,wk inc rsv hosp,1,2026-10-17,53,quantile,0.65,6
2026-10-10,wk inc rsv hosp,1,2026-10-17,53,quantile,0.7,7
2026-10-10,wk inc rsv hosp,1,2026-10-17,53,quantile,0.75,7
2026-10-10,wk inc rsv hosp,1,2026-10-17,53,quantile,0.8,9
2026-10-10,wk inc rsv hosp,1,2026-10-17,53,quantile,0.85,10
2026-10-10,wk inc rsv hosp,1,2026-10-17,53,quantile,0.9,12
2026-10-10,wk inc rsv hosp,1,2026-10-17,53,quantile,0.95,17
2026-10-10,wk inc rsv hosp,1,2026-10-17,53,quantile,0.975,23
2026-10-10,wk inc rsv hosp,1,2026-10-17,53,quantile,0.99,34
2026-10-10,wk inc rsv hosp,1,2026-10-17,54,quantile,0.01,0
2026-10-10,wk inc rsv hosp,1,2026-10-17,54,quantile,0.025,0
2026-10-10,wk inc rsv hosp,1,2026-10-17,54,quantile,0.05,0
2026-10-10,wk inc rsv hosp,1,2026-10-17,54,quantile,0.1,0
2026-10-10,wk inc rsv hosp,1,2026-10-17,54,quantile,0.15,0
2026-10-10,wk inc rsv hosp,1,2026-10-17,54,quantile,0.2,0
2026-10-10,wk inc rsv hosp,1,2026-10-17,54,quantile,0.25,0
2026-10-10,wk inc rsv hosp,1,2026-10-17,54,quantile,0.3,0
2026-10-10,wk inc rsv hosp,1,2026-10-17,54,quantile,0.35,1
2026-10-10,wk inc rsv hosp,1,2026-10-17,54,quantile,0.4,1
2026-10-10,wk inc rsv hosp,1,2026-10-17,54,quantile,0.45,1
2026-10-10,wk inc rsv hosp,1,2026-10-17,54,quantile,0.5,2
2026-10-10,wk inc rsv hosp,1,2026-10-17,54,quantile,0.55,2
2026-10-10,wk inc rsv hosp,1,2026-10-17,54,quantile,0.6,3
2026-10-10,wk inc rsv hosp,1,2026-10-17,54,quantile,0.65,3
2026-10-10,wk inc rsv hosp,1,2026-10-17,54,quantile,0.7,4
2026-10-10,wk inc rsv hosp,1,2026-10-17,54,quantile,0.75,4
2026-10-10,wk inc rsv hosp,1,2026-10-17,54,quantile,0.8,5
2026-10-10,wk inc rsv hosp,1,2026-10-17,54,quantile,0.85,7
2026-10-10,wk inc rsv hosp,1,2026-10-17,54,quantile,0.9,9
2026-10-10,wk inc rsv hosp,1,2026-10-17,54,quantile,0.95,13
2026-10-10,wk inc rsv hosp,1,2026-10-17,54,quantile,0.975,20
2026-10-10,wk inc rsv hosp,1,2026-10-17,54,quantile,0.99,35
2026-10-10,wk inc rsv hosp,1,2026-10-17,55,quantile,0.01,0
2026-10-10,wk inc rsv hosp,1,2026-10-17,55,quantile,0.025,1
2026-10-10,wk inc rsv hosp,1,2026-10-17,55,quantile,0.05,2
2026-10-10,wk inc rsv hosp,1,2026-10-17,55,quantile,0.1,3
2026-10-10,wk inc rsv hosp,1,2026-10-17,55,quantile,0.15,4
2026-10-10,wk inc rsv hosp,1,2026-10-17,55,quantile,0.2,5
2026-10-10,wk inc rsv hosp,1,2026-10-17,55,quantile,0.25,5
2026-10-10,wk inc rsv hosp,1,2026-10-17,55,quantile,0.3,6
2026-10-10,wk inc rsv hosp,1,2026-10-17,55,quantile,0.35,6
2026-10-10,wk inc rsv hosp,1,2026-10-17,55,quantile,0.4,7
2026-10-10,wk inc rsv hosp,1,2026-10-17,55,quantile,0.45,8
2026-10-10,wk inc rsv hosp,1,2026-10-17,55,quantile,0.5,8
2026-10-10,wk inc rsv hosp,1,2026-10-17,55,quantile,0.55,9
2026-10-10,wk inc rsv hosp,1,2026-10-17,55,quantile,0.6,10
2026-10-10,wk inc rsv hosp,1,2026-10-17,55,quantile,0.65,11
2026-10-10,wk inc rsv hosp,1,2026-10-17,55,quantile,0.7,11
2026-10-10,wk inc rsv hosp,1,2026-10-17,55,quantile,0.75,12
2026-10-10,wk inc rsv hosp,1,2026-10-17,55,quantile,0.8,14
2026-10-10,wk inc rsv hosp,1,2026-10-17,55,quantile,0.85,15
2026-10-10,wk inc rsv hosp,1,2026-10-17,55,quantile,0.9,17
2026-10-10,wk inc rsv hosp,1,2026-10-17,55,quantile,0.95,22
2026-10-10,wk inc rsv hosp,1,2026-10-17,55,quantile,0.975,28
2026-10-10,wk inc rsv hosp,1,2026-10-17,55,quantile,0.99,42
2026-10-10,wk inc rsv hosp,1,2026-10-17,56,quantile,0.01,0
2026-10-10,wk inc rsv hosp,1,2026-10-17,56,quantile,0.025,0
2026-10-10,wk inc rsv hosp,1,2026-10-17,56,quantile,0.05,0
2026-10-10,wk inc rsv hosp,1,2026-10-17,56,quantile,0.1,0
2026-10-10,wk inc rsv hosp,1,2026-10-17,56,quantile,0.15,0
2026-10-10,wk inc rsv hosp,1,2026-10-17,56,quantile,0.2,0
2026-10-10,wk inc rsv hosp,1,2026-10-17,56,quantile,0.25,0
2026-10-10,wk inc rsv hosp,1,2026-10-17,56,quantile,0.3,0
2026-10-10,wk inc rsv hosp,1,2026-10-17,56,quantile,0.35,0
2026-10-10,wk inc rsv hosp,1,2026-10-17,56,quantile,0.4,0
2026-10-10,wk inc rsv hosp,1,2026-10-17,56,quantile,0.45,0
2026-10-10,wk inc rsv hosp,1,2026-10-17,56,quantile,0.5,1
2026-10-10,wk inc rsv hosp,1,2026-10-17,56,quantile,0.55,1
2026-10-10,wk inc rsv hosp,1,2026-10-17,56,quantile,0.6,2
2026-10-10,wk inc rsv hosp,1,2026-10-17,56,quantile,0.65,2
2026-10-10,wk inc rsv hosp,1,2026-10-17,56,quantile,0.7,3
2026-10-10,wk inc rsv hosp,1,2026-10-17,56,quantile,0.75,4
2026-10-10,wk inc rsv hosp,1,2026-10-17,56,quantile,0.8,5
2026-10-10,wk inc rsv hosp,1,2026-10-17,56,quantile,0.85,7
2026-10-10,wk inc rsv hosp,1,2026-10-17,56,quantile,0.9,10
2026-10-10,wk inc rsv hosp,1,2026-10-17,56,quantile,0.95,16
2026-10-10,wk inc rsv hosp,1,2026-10-17,56,quantile,0.975,21
2026-10-10,wk inc rsv hosp,1,2026-10-17,56,quantile,0.99,33
2026-10-10,wk inc rsv hosp,1,2026-10-17,72,quantile,0.01,1
2026-10-10,wk inc rsv hosp,1,2026-10-17,72,quantile,0.025,2
2026-10-10,wk inc rsv hosp,1,2026-10-17,72,quantile,0.05,3
2026-10-10,wk inc rsv hosp,1,2026-10-17,72,quantile,0.1,5
2026-10-10,wk inc rsv hosp,1,2026-10-17,72,quantile,0.15,6
2026-10-10,wk inc rsv hosp,1,2026-10-17,72,quantile,0.2,7
2026-10-10,wk inc rsv hosp,1,2026-10-17,72,quantile,0.25,9
2026-10-10,wk inc rsv hosp,1,2026-10-17,72,quantile,0.3,9
2026-10-10,wk inc rsv hosp,1,2026-10-17,72,quantile,0.35,10
2026-10-10,wk inc rsv hosp,1,2026-10-17,72,quantile,0.4,11
2026-10-10,wk inc rsv hosp,1,2026-10-17,72,quantile,0.45,12
2026-10-10,wk inc rsv hosp,1,2026-10-17,72,quantile,0.5,13
2026-10-10,wk inc rsv hosp,1,2026-10-17,72,quantile,0.55,14
2026-10-10,wk inc rsv hosp,1,2026-10-17,72,quantile,0.6,16
2026-10-10,wk inc rsv hosp,1,2026-10-17,72,quantile,0.65,17
2026-10-10,wk inc rsv hosp,1,2026-10-17,72,quantile,0.7,18
2026-10-10,wk inc rsv hosp,1,2026-10-17,72,quantile,0.75,21
2026-10-10,wk inc rsv hosp,1,2026-10-17,72,quantile,0.8,22
2026-10-10,wk inc rsv hosp,1,2026-10-17,72,quantile,0.85,25
2026-10-10,wk inc rsv hosp,1,2026-10-17,72,quantile,0.9,30
2026-10-10,wk inc rsv hosp,1,2026-10-17,72,quantile,0.95,36
2026-10-10,wk inc rsv hosp,1,2026-10-17,72,quantile,0.975,44
2026-10-10,wk inc rsv hosp,1,2026-10-17,72,quantile,0.99,57
2026-10-10,wk inc rsv hosp,1,2026-10-17,US,quantile,0.01,754
2026-10-10,wk inc rsv hosp,1,2026-10-17,US,quantile,0.025,790
2026-10-10,wk inc rsv hosp,1,2026-10-17,US,quantile,0.05,839
2026-10-10,wk inc rsv hosp,1,2026-10-17,US,quantile,0.1,897
2026-10-10,wk inc rsv hosp,1,2026-10-17,US,quantile,0.15,930
2026-10-10,wk inc rsv hosp,1,2026-10-17,US,quantile,0.2,964
2026-10-10,wk inc rsv hosp,1,2026-10-17,US,quantile,0.25,988
2026-10-10,wk inc rsv hosp,1,2026-10-17,US,quantile,0.3,1012
2026-10-10,wk inc rsv hosp,1,2026-10-17,US,quantile,0.35,1032
2026-10-10,wk inc rsv hosp,1,2026-10-17,US,quantile,0.4,1049
2026-10-10,wk inc rsv hosp,1,2026-10-17,US,quantile,0.45,1069
2026-10-10,wk inc rsv hosp,1,2026-10-17,US,quantile,0.5,1087
2026-10-10,wk inc rsv hosp,1,2026-10-17,US,quantile,0.55,1120
2026-10-10,wk inc rsv hosp,1,2026-10-17,US,quantile,0.6,1149
2026-10-10,wk inc rsv hosp,1,2026-10-17,US,quantile,0.65,1181
2026-10-10,wk inc rsv hosp,1,2026-10-17,US,quantile,0.7,1214
2026-10-10,wk inc rsv hosp,1,2026-10-17,US,quantile,0.75,1242
2026-10-10,wk inc rsv hosp,1,2026-10-17,US,quantile,0.8,1279
2026-10-10,wk inc rsv hosp,1,2026-10-17,US,quantile,0.85,1332
2026-10-10,wk inc rsv hosp,1,2026-10-17,US,quantile,0.9,1397
2026-10-10,wk inc rsv hosp,1,2026-10-17,US,quantile,0.95,1506
2026-10-10,wk inc rsv hosp,1,2026-10-17,US,quantile,0.975,1611
2026-10-10,wk inc rsv hosp,1,2026-10-17,US,quantile,0.99,1724
2026-10-10,wk inc rsv hosp,2,2026-10-24,01,quantile,0.01,0
2026-10-10,wk inc rsv hosp,2,2026-10-24,01,quantile,0.025,0
2026-10-10,wk inc rsv hosp,2,2026-10-24,01,quantile,0.05,2
2026-10-10,wk inc rsv hosp,2,2026-10-24,01,quantile,0.1,5
2026-10-10,wk inc rsv hosp,2,2026-10-24,01,quantile,0.15,7
2026-10-10,wk inc rsv hosp,2,2026-10-24,01,quantile,0.2,8
2026-10-10,wk inc rsv hosp,2,2026-10-24,01,quantile,0.25,10
2026-10-10,wk inc rsv hosp,2,2026-10-24,01,quantile,0.3,12
2026-10-10,wk inc rsv hosp,2,2026-10-24,01,quantile,0.35,13
2026-10-10,wk inc rsv hosp,2,2026-10-24,01,quantile,0.4,15
2026-10-10,wk inc rsv hosp,2,2026-10-24,01,quantile,0.45,16
2026-10-10,wk inc rsv hosp,2,2026-10-24,01,quantile,0.5,18
2026-10-10,wk inc rsv hosp,2,2026-10-24,01,quantile,0.55,20
2026-10-10,wk inc rsv hosp,2,2026-10-24,01,quantile,0.6,22
2026-10-10,wk inc rsv hosp,2,2026-10-24,01,quantile,0.65,24
2026-10-10,wk inc rsv hosp,2,2026-10-24,01,quantile,0.7,27
2026-10-10,wk inc rsv hosp,2,2026-10-24,01,quantile,0.75,31
2026-10-10,wk inc rsv hosp,2,2026-10-24,01,quantile,0.8,34
2026-10-10,wk inc rsv hosp,2,2026-10-24,01,quantile,0.85,40
2026-10-10,wk inc rsv hosp,2,2026-10-24,01,quantile,0.9,48
2026-10-10,wk inc rsv hosp,2,2026-10-24,01,quantile,0.95,67
2026-10-10,wk inc rsv hosp,2,2026-10-24,01,quantile,0.975,94
2026-10-10,wk inc rsv hosp,2,2026-10-24,01,quantile,0.99,134
2026-10-10,wk inc rsv hosp,2,2026-10-24,02,quantile,0.01,0
2026-10-10,wk inc rsv hosp,2,2026-10-24,02,quantile,0.025,0
2026-10-10,wk inc rsv hosp,2,2026-10-24,02,quantile,0.05,0
2026-10-10,wk inc rsv hosp,2,2026-10-24,02,quantile,0.1,0
2026-10-10,wk inc rsv hosp,2,2026-10-24,02,quantile,0.15,1
2026-10-10,wk inc rsv hosp,2,2026-10-24,02,quantile,0.2,1
2026-10-10,wk inc rsv hosp,2,2026-10-24,02,quantile,0.25,2
2026-10-10,wk inc rsv hosp,2,2026-10-24,02,quantile,0.3,3
2026-10-10,wk inc rsv hosp,2,2026-10-24,02,quantile,0.35,3
2026-10-10,wk inc rsv hosp,2,2026-10-24,02,quantile,0.4,4
2026-10-10,wk inc rsv hosp,2,2026-10-24,02,quantile,0.45,5
2026-10-10,wk inc rsv hosp,2,2026-10-24,02,quantile,0.5,6
2026-10-10,wk inc rsv hosp,2,2026-10-24,02,quantile,0.55,7
2026-10-10,wk inc rsv hosp,2,2026-10-24,02,quantile,0.6,8
2026-10-10,wk inc rsv hosp,2,2026-10-24,02,quantile,0.65,9
2026-10-10,wk inc rsv hosp,2,2026-10-24,02,quantile,0.7,11
2026-10-10,wk inc rsv hosp,2,2026-10-24,02,quantile,0.75,13
2026-10-10,wk inc rsv hosp,2,2026-10-24,02,quantile,0.8,15
2026-10-10,wk inc rsv hosp,2,2026-10-24,02,quantile,0.85,18
2026-10-10,wk inc rsv hosp,2,2026-10-24,02,quantile,0.9,21
2026-10-10,wk inc rsv hosp,2,2026-10-24,02,quantile,0.95,31
2026-10-10,wk inc rsv hosp,2,2026-10-24,02,quantile,0.975,38
2026-10-10,wk inc rsv hosp,2,2026-10-24,02,quantile,0.99,54
2026-10-10,wk inc rsv hosp,2,2026-10-24,04,quantile,0.01,0
2026-10-10,wk inc rsv hosp,2,2026-10-24,04,quantile,0.025,0
2026-10-10,wk inc rsv hosp,2,2026-10-24,04,quantile,0.05,0
2026-10-10,wk inc rsv hosp,2,2026-10-24,04,quantile,0.1,0
2026-10-10,wk inc rsv hosp,2,2026-10-24,04,quantile,0.15,0
2026-10-10,wk inc rsv hosp,2,2026-10-24,04,quantile,0.2,0
2026-10-10,wk inc rsv hosp,2,2026-10-24,04,quantile,0.25,0
2026-10-10,wk inc rsv hosp,2,2026-10-24,04,quantile,0.3,1
2026-10-10,wk inc rsv hosp,2,2026-10-24,04,quantile,0.35,1
2026-10-10,wk inc rsv hosp,2,2026-10-24,04,quantile,0.4,2
2026-10-10,wk inc rsv hosp,2,2026-10-24,04,quantile,0.45,2
2026-10-10,wk inc rsv hosp,2,2026-10-24,04,quantile,0.5,3
2026-10-10,wk inc rsv hosp,2,2026-10-24,04,quantile,0.55,4
2026-10-10,wk inc rsv hosp,2,2026-10-24,04,quantile,0.6,5
2026-10-10,wk inc rsv hosp,2,2026-10-24,04,quantile,0.65,6
2026-10-10,wk inc rsv hosp,2,2026-10-24,04,quantile,0.7,7
2026-10-10,wk inc rsv hosp,2,2026-10-24,04,quantile,0.75,8
2026-10-10,wk inc rsv hosp,2,2026-10-24,04,quantile,0.8,10
2026-10-10,wk inc rsv hosp,2,2026-10-24,04,quantile,0.85,13
2026-10-10,wk inc rsv hosp,2,2026-10-24,04,quantile,0.9,17
2026-10-10,wk inc rsv hosp,2,2026-10-24,04,quantile,0.95,28
2026-10-10,wk inc rsv hosp,2,2026-10-24,04,quantile,0.975,40
2026-10-10,wk inc rsv hosp,2,2026-10-24,04,quantile,0.99,52
2026-10-10,wk inc rsv hosp,2,2026-10-24,05,quantile,0.01,0
2026-10-10,wk inc rsv hosp,2,2026-10-24,05,quantile,0.025,0
2026-10-10,wk inc rsv hosp,2,2026-10-24,05,quantile,0.05,0
2026-10-10,wk inc rsv hosp,2,2026-10-24,05,quantile,0.1,0
2026-10-10,wk inc rsv hosp,2,2026-10-24,05,quantile,0.15,0
2026-10-10,wk inc rsv hosp,2,2026-10-24,05,quantile,0.2,1
2026-10-10,wk inc rsv hosp,2,2026-10-24,05,quantile,0.25,1
2026-10-10,wk inc rsv hosp,2,2026-10-24,05,quantile,0.3,2
2026-10-10,wk inc rsv hosp,2,2026-10-24,05,quantile,0.35,3
2026-10-10,wk inc rsv hosp,2,2026-10-24,05,quantile,0.4,3
2026-10-10,wk inc rsv hosp,2,2026-10-24,05,quantile,0.45,4
2026-10-10,wk inc rsv hosp,2,2026-10-24,05,quantile,0.5,5
2026-10-10,wk inc rsv hosp,2,2026-10-24,05,quantile,0.55,6
2026-10-10,wk inc rsv hosp,2,2026-10-24,05,quantile,0.6,7
2026-10-10,wk inc rsv hosp,2,2026-10-24,05,quantile,0.65,8
2026-10-10,wk inc rsv hosp,2,2026-10-24,05,quantile,0.7,10
2026-10-10,wk inc rsv hosp,2,2026-10-24,05,quantile,0.75,12
2026-10-10,wk inc rsv hosp,2,2026-10-24,05,quantile,0.8,15
2026-10-10,wk inc rsv hosp,2,2026-10-24,05,quantile,0.85,19
2026-10-10,wk inc rsv hosp,2,2026-10-24,05,quantile,0.9,25
2026-10-10,wk inc rsv hosp,2,2026-10-24,05,quantile,0.95,38
2026-10-10,wk inc rsv hosp,2,2026-10-24,05,quantile,0.975,57
2026-10-10,wk inc rsv hosp,2,2026-10-24,05,quantile,0.99,76
2026-10-10,wk inc rsv hosp,2,2026-10-24,06,quantile,0.01,9
2026-10-10,wk inc rsv hosp,2,2026-10-24,06,quantile,0.025,13
2026-10-10,wk inc rsv hosp,2,2026-10-24,06,quantile,0.05,17
2026-10-10,wk inc rsv hosp,2,2026-10-24,06,quantile,0.1,22
2026-10-10,wk inc rsv hosp,2,2026-10-24,06,quantile,0.15,26
2026-10-10,wk inc rsv hosp,2,2026-10-24,06,quantile,0.2,29
2026-10-10,wk inc rsv hosp,2,2026-10-24,06,quantile,0.25,33
2026-10-10,wk inc rsv hosp,2,2026-10-24,06,quantile,0.3,35
2026-10-10,wk inc rsv hosp,2,2026-10-24,06,quantile,0.35,39
2026-10-10,wk inc rsv hosp,2,2026-10-24,06,quantile,0.4,44
2026-10-10,wk inc rsv hosp,2,2026-10-24,06,quantile,0.45,48
2026-10-10,wk inc rsv hosp,2,2026-10-24,06,quantile,0.5,53
2026-10-10,wk inc rsv hosp,2,2026-10-24,06,quantile,0.55,57
2026-10-10,wk inc rsv hosp,2,2026-10-24,06,quantile,0.6,63
2026-10-10,wk inc rsv hosp,2,2026-10-24,06,quantile,0.65,69
2026-10-10,wk inc rsv hosp,2,2026-10-24,06,quantile,0.7,78
2026-10-10,wk inc rsv hosp,2,2026-10-24,06,quantile,0.75,87
2026-10-10,wk inc rsv hosp,2,2026-10-24,06,quantile,0.8,96
2026-10-10,wk inc rsv hosp,2,2026-10-24,06,quantile,0.85,115
2026-10-10,wk inc rsv hosp,2,2026-10-24,06,quantile,0.9,138
2026-10-10,wk inc rsv hosp,2,2026-10-24,06,quantile,0.95,192
2026-10-10,wk inc rsv hosp,2,2026-10-24,06,quantile,0.975,238
2026-10-10,wk inc rsv hosp,2,2026-10-24,06,quantile,0.99,326
2026-10-10,wk inc rsv hosp,2,2026-10-24,08,quantile,0.01,0
2026-10-10,wk inc rsv hosp,2,2026-10-24,08,quantile,0.025,0
2026-10-10,wk inc rsv hosp,2,2026-10-24,08,quantile,0.05,0
2026-10-10,wk inc rsv hosp,2,2026-10-24,08,quantile,0.1,1
2026-10-10,wk inc rsv hosp,2,2026-10-24,08,quantile,0.15,1
2026-10-10,wk inc rsv hosp,2,2026-10-24,08,quantile,0.2,2
2026-10-10,wk inc rsv hosp,2,2026-10-24,08,quantile,0.25,2
2026-10-10,wk inc rsv hosp,2,2026-10-24,08,quantile,0.3,2
2026-10-10,wk inc rsv hosp,2,2026-10-24,08,quantile,0.35,3
2026-10-10,wk inc rsv hosp,2,2026-10-24,08,quantile,0.4,3
2026-10-10,wk inc rsv hosp,2,2026-10-24,08,quantile,0.45,4
2026-10-10,wk inc rsv hosp,2,2026-10-24,08,quantile,0.5,4
2026-10-10,wk inc rsv hosp,2,2026-10-24,08,quantile,0.55,5
2026-10-10,wk inc rsv hosp,2,2026-10-24,08,quantile,0.6,6
2026-10-10,wk inc rsv hosp,2,2026-10-24,08,quantile,0.65,6
2026-10-10,wk inc rsv hosp,2,2026-10-24,08,quantile,0.7,7
2026-10-10,wk inc rsv hosp,2,2026-10-24,08,quantile,0.75,9
2026-10-10,wk inc rsv hosp,2,2026-10-24,08,quantile,0.8,10
2026-10-10,wk inc rsv hosp,2,2026-10-24,08,quantile,0.85,14
2026-10-10,wk inc rsv hosp,2,2026-10-24,08,quantile,0.9,18
2026-10-10,wk inc rsv hosp,2,2026-10-24,08,quantile,0.95,29
2026-10-10,wk inc rsv hosp,2,2026-10-24,08,quantile,0.975,40
2026-10-10,wk inc rsv hosp,2,2026-10-24,08,quantile,0.99,68
2026-10-10,wk inc rsv hosp,2,2026-10-24,09,quantile,0.01,0
2026-10-10,wk inc rsv hosp,2,2026-10-24,09,quantile,0.025,0
2026-10-10,wk inc rsv hosp,2,2026-10-24,09,quantile,0.05,0
2026-10-10,wk inc rsv hosp,2,2026-10-24,09,quantile,0.1,0
2026-10-10,wk inc rsv hosp,2,2026-10-24,09,quantile,0.15,0
2026-10-10,wk inc rsv hosp,2,2026-10-24,09,quantile,0.2,0
2026-10-10,wk inc rsv hosp,2,2026-10-24,09,quantile,0.25,0
2026-10-10,wk inc rsv hosp,2,2026-10-24,09,quantile,0.3,0
2026-10-10,wk inc rsv hosp,2,2026-10-24,09,quantile,0.35,0
2026-10-10,wk inc rsv hosp,2,2026-10-24,09,quantile,0.4,1
2026-10-10,wk inc rsv hosp,2,2026-10-24,09,quantile,0.45,1
2026-10-10,wk inc rsv hosp,2,2026-10-24,09,quantile,0.5,1
2026-10-10,wk inc rsv hosp,2,2026-10-24,09,quantile,0.55,1
2026-10-10,wk inc rsv hosp,2,2026-10-24,09,quantile,0.6,2
2026-10-10,wk inc rsv hosp,2,2026-10-24,09,quantile,0.65,2
2026-10-10,wk inc rsv hosp,2,2026-10-24,09,quantile,0.7,2
2026-10-10,wk inc rsv hosp,2,2026-10-24,09,quantile,0.75,3
2026-10-10,wk inc rsv hosp,2,2026-10-24,09,quantile,0.8,4
2026-10-10,wk inc rsv hosp,2,2026-10-24,09,quantile,0.85,5
2026-10-10,wk inc rsv hosp,2,2026-10-24,09,quantile,0.9,6
2026-10-10,wk inc rsv hosp,2,2026-10-24,09,quantile,0.95,9
2026-10-10,wk inc rsv hosp,2,2026-10-24,09,quantile,0.975,13
2026-10-10,wk inc rsv hosp,2,2026-10-24,09,quantile,0.99,23
2026-10-10,wk inc rsv hosp,2,2026-10-24,10,quantile,0.01,1
2026-10-10,wk inc rsv hosp,2,2026-10-24,10,quantile,0.025,2
2026-10-10,wk inc rsv hosp,2,2026-10-24,10,quantile,0.05,2
2026-10-10,wk inc rsv hosp,2,2026-10-24,10,quantile,0.1,4
2026-10-10,wk inc rsv hosp,2,2026-10-24,10,quantile,0.15,5
2026-10-10,wk inc rsv hosp,2,2026-10-24,10,quantile,0.2,6
2026-10-10,wk inc rsv hosp,2,2026-10-24,10,quantile,0.25,7
2026-10-10,wk inc rsv hosp,2,2026-10-24,10,quantile,0.3,9
2026-10-10,wk inc rsv hosp,2,2026-10-24,10,quantile,0.35,10
2026-10-10,wk inc rsv hosp,2,2026-10-24,10,quantile,0.4,12
2026-10-10,wk inc rsv hosp,2,2026-10-24,10,quantile,0.45,13
2026-10-10,wk inc rsv hosp,2,2026-10-24,10,quantile,0.5,15
2026-10-10,wk inc rsv hosp,2,2026-10-24,10,quantile,0.55,16
2026-10-10,wk inc rsv hosp,2,2026-10-24,10,quantile,0.6,18
2026-10-10,wk inc rsv hosp,2,2026-10-24,10,quantile,0.65,21
2026-10-10,wk inc rsv hosp,2,2026-10-24,10,quantile,0.7,25
2026-10-10,wk inc rsv hosp,2,2026-10-24,10,quantile,0.75,29
2026-10-10,wk inc rsv hosp,2,2026-10-24,10,quantile,0.8,36
2026-10-10,wk inc rsv hosp,2,2026-10-24,10,quantile,0.85,44
2026-10-10,wk inc rsv hosp,2,2026-10-24,10,quantile,0.9,61
2026-10-10,wk inc rsv hosp,2,2026-10-24,10,quantile,0.95,91
2026-10-10,wk inc rsv hosp,2,2026-10-24,10,quantile,0.975,129
2026-10-10,wk inc rsv hosp,2,2026-10-24,10,quantile,0.99,180
2026-10-10,wk inc rsv hosp,2,2026-10-24,11,quantile,0.01,0
2026-10-10,wk inc rsv hosp,2,2026-10-24,11,quantile,0.025,0
2026-10-10,wk inc rsv hosp,2,2026-10-24,11,quantile,0.05,0
2026-10-10,wk inc rsv hosp,2,2026-10-24,11,quantile,0.1,0
2026-10-10,wk inc rsv hosp,2,2026-10-24,11,quantile,0.15,0
2026-10-10,wk inc rsv hosp,2,2026-10-24,11,quantile,0.2,0
2026-10-10,wk inc rsv hosp,2,2026-10-24,11,quantile,0.25,0
2026-10-10,wk inc rsv hosp,2,2026-10-24,11,quantile,0.3,0
2026-10-10,wk inc rsv hosp,2,2026-10-24,11,quantile,0.35,0
2026-10-10,wk inc rsv hosp,2,2026-10-24,11,quantile,0.4,0
2026-10-10,wk inc rsv hosp,2,2026-10-24,11,quantile,0.45,0
2026-10-10,wk inc rsv hosp,2,2026-10-24,11,quantile,0.5,0
2026-10-10,wk inc rsv hosp,2,2026-10-24,11,quantile,0.55,0
2026-10-10,wk inc rsv hosp,2,2026-10-24,11,quantile,0.6,0
2026-10-10,wk inc rsv hosp,2,2026-10-24,11,quantile,0.65,0
2026-10-10,wk inc rsv hosp,2,2026-10-24,11,quantile,0.7,0
2026-10-10,wk inc rsv hosp,2,2026-10-24,11,quantile,0.75,0
2026-10-10,wk inc rsv hosp,2,2026-10-24,11,quantile,0.8,0
2026-10-10,wk inc rsv hosp,2,2026-10-24,11,quantile,0.85,0
2026-10-10,wk inc rsv hosp,2,2026-10-24,11,quantile,0.9,0
2026-10-10,wk inc rsv hosp,2,2026-10-24,11,quantile,0.95,0
2026-10-10,wk inc rsv hosp,2,2026-10-24,11,quantile,0.975,1
2026-10-10,wk inc rsv hosp,2,2026-10-24,11,quantile,0.99,3
2026-10-10,wk inc rsv hosp,2,2026-10-24,12,quantile,0.01,58
2026-10-10,wk inc rsv hosp,2,2026-10-24,12,quantile,0.025,83
2026-10-10,wk inc rsv hosp,2,2026-10-24,12,quantile,0.05,109
2026-10-10,wk inc rsv hosp,2,2026-10-24,12,quantile,0.1,139
2026-10-10,wk inc rsv hosp,2,2026-10-24,12,quantile,0.15,165
2026-10-10,wk inc rsv hosp,2,2026-10-24,12,quantile,0.2,183
2026-10-10,wk inc rsv hosp,2,2026-10-24,12,quantile,0.25,200
2026-10-10,wk inc rsv hosp,2,2026-10-24,12,quantile,0.3,220
2026-10-10,wk inc rsv hosp,2,2026-10-24,12,quantile,0.35,240
2026-10-10,wk inc rsv hosp,2,2026-10-24,12,quantile,0.4,259
2026-10-10,wk inc rsv hosp,2,2026-10-24,12,quantile,0.45,278
2026-10-10,wk inc rsv hosp,2,2026-10-24,12,quantile,0.5,294
2026-10-10,wk inc rsv hosp,2,2026-10-24,12,quantile,0.55,317
2026-10-10,wk inc rsv hosp,2,2026-10-24,12,quantile,0.6,347
2026-10-10,wk inc rsv hosp,2,2026-10-24,12,quantile,0.65,377
2026-10-10,wk inc rsv hosp,2,2026-10-24,12,quantile,0.7,409
2026-10-10,wk inc rsv hosp,2,2026-10-24,12,quantile,0.75,441
2026-10-10,wk inc rsv hosp,2,2026-10-24,12,quantile,0.8,488
2026-10-10,wk inc rsv hosp,2,2026-10-24,12,quantile,0.85,564
2026-10-10,wk inc rsv hosp,2,2026-10-24,12,quantile,0.9,658
2026-10-10,wk inc rsv hosp,2,2026-10-24,12,quantile,0.95,793
2026-10-10,wk inc rsv hosp,2,2026-10-24,12,quantile,0.975,990
2026-10-10,wk inc rsv hosp,2,2026-10-24,12,quantile,0.99,1121
2026-10-10,wk inc rsv hosp,2,2026-10-24,13,quantile,0.01,11
2026-10-10,wk inc rsv hosp,2,2026-10-24,13,quantile,0.025,16
2026-10-10,wk inc rsv hosp,2,2026-10-24,13,quantile,0.05,21
2026-10-10,wk inc rsv hosp,2,2026-10-24,13,quantile,0.1,29
2026-10-10,wk inc rsv hosp,2,2026-10-24,13,quantile,0.15,34
2026-10-10,wk inc rsv hosp,2,2026-10-24,13,quantile,0.2,39
2026-10-10,wk inc rsv hosp,2,2026-10-24,13,quantile,0.25,44
2026-10-10,wk inc rsv hosp,2,2026-10-24,13,quantile,0.3,49
2026-10-10,wk inc rsv hosp,2,2026-10-24,13,quantile,0.35,54
2026-10-10,wk inc rsv hosp,2,2026-10-24,13,quantile,0.4,59
2026-10-10,wk inc rsv hosp,2,2026-10-24,13,quantile,0.45,65
2026-10-10,wk inc rsv hosp,2,2026-10-24,13,quantile,0.5,72
2026-10-10,wk inc rsv hosp,2,2026-10-24,13,quantile,0.55,81
2026-10-10,wk inc rsv hosp,2,2026-10-24,13,quantile,0.6,91
2026-10-10,wk inc rsv hosp,2,2026-10-24,13,quantile,0.65,102
2026-10-10,wk inc rsv hosp,2,2026-10-24,13,quantile,0.7,111
2026-10-10,wk inc rsv hosp,2,2026-10-24,13,quantile,0.75,122
2026-10-10,wk inc rsv hosp,2,2026-10-24,13,quantile,0.8,144
2026-10-10,wk inc rsv hosp,2,2026-10-24,13,quantile,0.85,170
2026-10-10,wk inc rsv hosp,2,2026-10-24,13,quantile,0.9,213
2026-10-10,wk inc rsv hosp,2,2026-10-24,13,quantile,0.95,309
2026-10-10,wk inc rsv hosp,2,2026-10-24,13,quantile,0.975,381
2026-10-10,wk inc rsv hosp,2,2026-10-24,13,quantile,0.99,476
2026-10-10,wk inc rsv hosp,2,2026-10-24,15,quantile,0.01,0
2026-10-10,wk inc rsv hosp,2,2026-10-24,15,quantile,0.025,0
2026-10-10,wk inc rsv hosp,2,2026-10-24,15,quantile,0.05,1
2026-10-10,wk inc rsv hosp,2,2026-10-24,15,quantile,0.1,3
2026-10-10,wk inc rsv hosp,2,2026-10-24,15,quantile,0.15,5
2026-10-10,wk inc rsv hosp,2,2026-10-24,15,quantile,0.2,6
2026-10-10,wk inc rsv hosp,2,2026-10-24,15,quantile,0.25,7
2026-10-10,wk inc rsv hosp,2,2026-10-24,15,quantile,0.3,8
2026-10-10,wk inc rsv hosp,2,2026-10-24,15,quantile,0.35,9
2026-10-10,wk inc rsv hosp,2,2026-10-24,15,quantile,0.4,10
2026-10-10,wk inc rsv hosp,2,2026-10-24,15,quantile,0.45,12
2026-10-10,wk inc rsv hosp,2,2026-10-24,15,quantile,0.5,13
2026-10-10,wk inc rsv hosp,2,2026-10-24,15,quantile,0.55,15
2026-10-10,wk inc rsv hosp,2,2026-10-24,15,quantile,0.6,16
2026-10-10,wk inc rsv hosp,2,2026-10-24,15,quantile,0.65,18
2026-10-10,wk inc rsv hosp,2,2026-10-24,15,quantile,0.7,20
2026-10-10,wk inc rsv hosp,2,2026-10-24,15,quantile,0.75,24
2026-10-10,wk inc rsv hosp,2,2026-10-24,15,quantile,0.8,27
2026-10-10,wk inc rsv hosp,2,2026-10-24,15,quantile,0.85,31
2026-10-10,wk inc rsv hosp,2,2026-10-24,15,quantile,0.9,38
2026-10-10,wk inc rsv hosp,2,2026-10-24,15,quantile,0.95,53
2026-10-10,wk inc rsv hosp,2,2026-10-24,15,quantile,0.975,67
2026-10-10,wk inc rsv hosp,2,2026-10-24,15,quantile,0.99,93
2026-10-10,wk inc rsv hosp,2,2026-10-24,16,quantile,0.01,0
2026-10-10,wk inc rsv hosp,2,2026-10-24,16,quantile,0.025,0
2026-10-10,wk inc rsv hosp,2,2026-10-24,16,quantile,0.05,0
2026-10-10,wk inc rsv hosp,2,2026-10-24,16,quantile,0.1,1
2026-10-10,wk inc rsv hosp,2,2026-10-24,16,quantile,0.15,2
2026-10-10,wk inc rsv hosp,2,2026-10-24,16,quantile,0.2,3
2026-10-10,wk inc rsv hosp,2,2026-10-24,16,quantile,0.25,4
2026-10-10,wk inc rsv hosp,2,2026-10-24,16,quantile,0.3,5
2026-10-10,wk inc rsv hosp,2,2026-10-24,16,quantile,0.35,6
2026-10-10,wk inc rsv hosp,2,2026-10-24,16,quantile,0.4,7
2026-10-10,wk inc rsv hosp,2,2026-10-24,16,quantile,0.45,9
2026-10-10,wk inc rsv hosp,2,2026-10-24,16,quantile,0.5,11
2026-10-10,wk inc rsv hosp,2,2026-10-24,16,quantile,0.55,13
2026-10-10,wk inc rsv hosp,2,2026-10-24,16,quantile,0.6,15
2026-10-10,wk inc rsv hosp,2,2026-10-24,16,quantile,0.65,19
2026-10-10,wk inc rsv hosp,2,2026-10-24,16,quantile,0.7,24
2026-10-10,wk inc rsv hosp,2,2026-10-24,16,quantile,0.75,28
2026-10-10,wk inc rsv hosp,2,2026-10-24,16,quantile,0.8,34
2026-10-10,wk inc rsv hosp,2,2026-10-24,16,quantile,0.85,42
2026-10-10,wk inc rsv hosp,2,2026-10-24,16,quantile,0.9,59
2026-10-10,wk inc rsv hosp,2,2026-10-24,16,quantile,0.95,93
2026-10-10,wk inc rsv hosp,2,2026-10-24,16,quantile,0.975,129
2026-10-10,wk inc rsv hosp,2,2026-10-24,16,quantile,0.99,174
2026-10-10,wk inc rsv hosp,2,2026-10-24,17,quantile,0.01,0
2026-10-10,wk inc rsv hosp,2,2026-10-24,17,quantile,0.025,0
2026-10-10,wk inc rsv hosp,2,2026-10-24,17,quantile,0.05,1
2026-10-10,wk inc rsv hosp,2,2026-10-24,17,quantile,0.1,4
2026-10-10,wk inc rsv hosp,2,2026-10-24,17,quantile,0.15,6
2026-10-10,wk inc rsv hosp,2,2026-10-24,17,quantile,0.2,8
2026-10-10,wk inc rsv hosp,2,2026-10-24,17,quantile,0.25,9
2026-10-10,wk inc rsv hosp,2,2026-10-24,17,quantile,0.3,11
2026-10-10,wk inc rsv hosp,2,2026-10-24,17,quantile,0.35,12
2026-10-10,wk inc rsv hosp,2,2026-10-24,17,quantile,0.4,14
2026-10-10,wk inc rsv hosp,2,2026-10-24,17,quantile,0.45,16
2026-10-10,wk inc rsv hosp,2,2026-10-24,17,quantile,0.5,17
2026-10-10,wk inc rsv hosp,2,2026-10-24,17,quantile,0.55,19
2026-10-10,wk inc rsv hosp,2,2026-10-24,17,quantile,0.6,21
2026-10-10,wk inc rsv hosp,2,2026-10-24,17,quantile,0.65,24
2026-10-10,wk inc rsv hosp,2,2026-10-24,17,quantile,0.7,27
2026-10-10,wk inc rsv hosp,2,2026-10-24,17,quantile,0.75,31
2026-10-10,wk inc rsv hosp,2,2026-10-24,17,quantile,0.8,37
2026-10-10,wk inc rsv hosp,2,2026-10-24,17,quantile,0.85,45
2026-10-10,wk inc rsv hosp,2,2026-10-24,17,quantile,0.9,57
2026-10-10,wk inc rsv hosp,2,2026-10-24,17,quantile,0.95,80
2026-10-10,wk inc rsv hosp,2,2026-10-24,17,quantile,0.975,108
2026-10-10,wk inc rsv hosp,2,2026-10-24,17,quantile,0.99,182
2026-10-10,wk inc rsv hosp,2,2026-10-24,18,quantile,0.01,0
2026-10-10,wk inc rsv hosp,2,2026-10-24,18,quantile,0.025,0
2026-10-10,wk inc rsv hosp,2,2026-10-24,18,quantile,0.05,0
2026-10-10,wk inc rsv hosp,2,2026-10-24,18,quantile,0.1,0
2026-10-10,wk inc rsv hosp,2,2026-10-24,18,quantile,0.15,0
2026-10-10,wk inc rsv hosp,2,2026-10-24,18,quantile,0.2,0
2026-10-10,wk inc rsv hosp,2,2026-10-24,18,quantile,0.25,1
2026-10-10,wk inc rsv hosp,2,2026-10-24,18,quantile,0.3,1
2026-10-10,wk inc rsv hosp,2,2026-10-24,18,quantile,0.35,1
2026-10-10,wk inc rsv hosp,2,2026-10-24,18,quantile,0.4,2
2026-10-10,wk inc rsv hosp,2,2026-10-24,18,quantile,0.45,2
2026-10-10,wk inc rsv hosp,2,2026-10-24,18,quantile,0.5,3
2026-10-10,wk inc rsv hosp,2,2026-10-24,18,quantile,0.55,3
2026-10-10,wk inc rsv hosp,2,2026-10-24,18,quantile,0.6,4
2026-10-10,wk inc rsv hosp,2,2026-10-24,18,quantile,0.65,4
2026-10-10,wk inc rsv hosp,2,2026-10-24,18,quantile,0.7,5
2026-10-10,wk inc rsv hosp,2,2026-10-24,18,quantile,0.75,6
2026-10-10,wk inc rsv hosp,2,2026-10-24,18,quantile,0.8,7
2026-10-10,wk inc rsv hosp,2,2026-10-24,18,quantile,0.85,9
2026-10-10,wk inc rsv hosp,2,2026-10-24,18,quantile,0.9,12
2026-10-10,wk inc rsv hosp,2,2026-10-24,18,quantile,0.95,19
2026-10-10,wk inc rsv hosp,2,2026-10-24,18,quantile,0.975,30
2026-10-10,wk inc rsv hosp,2,2026-10-24,18,quantile,0.99,45
2026-10-10,wk inc rsv hosp,2,2026-10-24,19,quantile,0.01,0
2026-10-10,wk inc rsv hosp,2,2026-10-24,19,quantile,0.025,0
2026-10-10,wk inc rsv hosp,2,2026-10-24,19,quantile,0.05,0
2026-10-10,wk inc rsv hosp,2,2026-10-24,19,quantile,0.1,0
2026-10-10,wk inc rsv hosp,2,2026-10-24,19,quantile,0.15,0
2026-10-10,wk inc rsv hosp,2,2026-10-24,19,quantile,0.2,0
2026-10-10,wk inc rsv hosp,2,2026-10-24,19,quantile,0.25,0
2026-10-10,wk inc rsv hosp,2,2026-10-24,19,quantile,0.3,0
2026-10-10,wk inc rsv hosp,2,2026-10-24,19,quantile,0.35,0
2026-10-10,wk inc rsv hosp,2,2026-10-24,19,quantile,0.4,0
2026-10-10,wk inc rsv hosp,2,2026-10-24,19,quantile,0.45,0
2026-10-10,wk inc rsv hosp,2,2026-10-24,19,quantile,0.5,0
2026-10-10,wk inc rsv hosp,2,2026-10-24,19,quantile,0.55,1
2026-10-10,wk inc rsv hosp,2,2026-10-24,19,quantile,0.6,1
2026-10-10,wk inc rsv hosp,2,2026-10-24,19,quantile,0.65,2
2026-10-10,wk inc rsv hosp,2,2026-10-24,19,quantile,0.7,2
2026-10-10,wk inc rsv hosp,2,2026-10-24,19,quantile,0.75,4
2026-10-10,wk inc rsv hosp,2,2026-10-24,19,quantile,0.8,5
2026-10-10,wk inc rsv hosp,2,2026-10-24,19,quantile,0.85,6
2026-10-10,wk inc rsv hosp,2,2026-10-24,19,quantile,0.9,9
2026-10-10,wk inc rsv hosp,2,2026-10-24,19,quantile,0.95,18
2026-10-10,wk inc rsv hosp,2,2026-10-24,19,quantile,0.975,30
2026-10-10,wk inc rsv hosp,2,2026-10-24,19,quantile,0.99,39
2026-10-10,wk inc rsv hosp,2,2026-10-24,20,quantile,0.01,0
2026-10-10,wk inc rsv hosp,2,2026-10-24,20,quantile,0.025,0
2026-10-10,wk inc rsv hosp,2,2026-10-24,20,quantile,0.05,0
2026-10-10,wk inc rsv hosp,2,2026-10-24,20,quantile,0.1,0
2026-10-10,wk inc rsv hosp,2,2026-10-24,20,quantile,0.15,0
2026-10-10,wk inc rsv hosp,2,2026-10-24,20,quantile,0.2,0
2026-10-10,wk inc rsv hosp,2,2026-10-24,20,quantile,0.25,0
2026-10-10,wk inc rsv hosp,2,2026-10-24,20,quantile,0.3,0
2026-10-10,wk inc rsv hosp,2,2026-10-24,20,quantile,0.35,0
2026-10-10,wk inc rsv hosp,2,2026-10-24,20,quantile,0.4,1
2026-10-10,wk inc rsv hosp,2,2026-10-24,20,quantile,0.45,1
2026-10-10,wk inc rsv hosp,2,2026-10-24,20,quantile,0.5,1
2026-10-10,wk inc rsv hosp,2,2026-10-24,20,quantile,0.55,2
2026-10-10,wk inc rsv hosp,2,2026-10-24,20,quantile,0.6,2
2026-10-10,wk inc rsv hosp,2,2026-10-24,20,quantile,0.65,3
2026-10-10,wk inc rsv hosp,2,2026-10-24,20,quantile,0.7,4
2026-10-10,wk inc rsv hosp,2,2026-10-24,20,quantile,0.75,5
2026-10-10,wk inc rsv hosp,2,2026-10-24,20,quantile,0.8,6
2026-10-10,wk inc rsv hosp,2,2026-10-24,20,quantile,0.85,8
2026-10-10,wk inc rsv hosp,2,2026-10-24,20,quantile,0.9,11
2026-10-10,wk inc rsv hosp,2,2026-10-24,20,quantile,0.95,20
2026-10-10,wk inc rsv hosp,2,2026-10-24,20,quantile,0.975,30
2026-10-10,wk inc rsv hosp,2,2026-10-24,20,quantile,0.99,39
2026-10-10,wk inc rsv hosp,2,2026-10-24,21,quantile,0.01,1
2026-10-10,wk inc rsv hosp,2,2026-10-24,21,quantile,0.025,3
2026-10-10,wk inc rsv hosp,2,2026-10-24,21,quantile,0.05,4
2026-10-10,wk inc rsv hosp,2,2026-10-24,21,quantile,0.1,7
2026-10-10,wk inc rsv hosp,2,2026-10-24,21,quantile,0.15,9
2026-10-10,wk inc rsv hosp,2,2026-10-24,21,quantile,0.2,11
2026-10-10,wk inc rsv hosp,2,2026-10-24,21,quantile,0.25,13
2026-10-10,wk inc rsv hosp,2,2026-10-24,21,quantile,0.3,15
2026-10-10,wk inc rsv hosp,2,2026-10-24,21,quantile,0.35,17
2026-10-10,wk inc rsv hosp,2,2026-10-24,21,quantile,0.4,19
2026-10-10,wk inc rsv hosp,2,2026-10-24,21,quantile,0.45,22
2026-10-10,wk inc rsv hosp,2,2026-10-24,21,quantile,0.5,25
2026-10-10,wk inc rsv hosp,2,2026-10-24,21,quantile,0.55,28
2026-10-10,wk inc rsv hosp,2,2026-10-24,21,quantile,0.6,32
2026-10-10,wk inc rsv hosp,2,2026-10-24,21,quantile,0.65,37
2026-10-10,wk inc rsv hosp,2,2026-10-24,21,quantile,0.7,42
2026-10-10,wk inc rsv hosp,2,2026-10-24,21,quantile,0.75,48
2026-10-10,wk inc rsv hosp,2,2026-10-24,21,quantile,0.8,57
2026-10-10,wk inc rsv hosp,2,2026-10-24,21,quantile,0.85,68
2026-10-10,wk inc rsv hosp,2,2026-10-24,21,quantile,0.9,85
2026-10-10,wk inc rsv hosp,2,2026-10-24,21,quantile,0.95,118
2026-10-10,wk inc rsv hosp,2,2026-10-24,21,quantile,0.975,169
2026-10-10,wk inc rsv hosp,2,2026-10-24,21,quantile,0.99,289
2026-10-10,wk inc rsv hosp,2,2026-10-24,22,quantile,0.01,0
2026-10-10,wk inc rsv hosp,2,2026-10-24,22,quantile,0.025,2
2026-10-10,wk inc rsv hosp,2,2026-10-24,22,quantile,0.05,4
2026-10-10,wk inc rsv hosp,2,2026-10-24,22,quantile,0.1,6
2026-10-10,wk inc rsv hosp,2,2026-10-24,22,quantile,0.15,8
2026-10-10,wk inc rsv hosp,2,2026-10-24,22,quantile,0.2,10
2026-10-10,wk inc rsv hosp,2,2026-10-24,22,quantile,0.25,11
2026-10-10,wk inc rsv hosp,2,2026-10-24,22,quantile,0.3,13
2026-10-10,wk inc rsv hosp,2,2026-10-24,22,quantile,0.35,15
2026-10-10,wk inc rsv hosp,2,2026-10-24,22,quantile,0.4,17
2026-10-10,wk inc rsv hosp,2,2026-10-24,22,quantile,0.45,19
2026-10-10,wk inc rsv hosp,2,2026-10-24,22,quantile,0.5,22
2026-10-10,wk inc rsv hosp,2,2026-10-24,22,quantile,0.55,24
2026-10-10,wk inc rsv hosp,2,2026-10-24,22,quantile,0.6,27
2026-10-10,wk inc rsv hosp,2,2026-10-24,22,quantile,0.65,31
2026-10-10,wk inc rsv hosp,2,2026-10-24,22,quantile,0.7,34
2026-10-10,wk inc rsv hosp,2,2026-10-24,22,quantile,0.75,38
2026-10-10,wk inc rsv hosp,2,2026-10-24,22,quantile,0.8,46
2026-10-10,wk inc rsv hosp,2,2026-10-24,22,quantile,0.85,55
2026-10-10,wk inc rsv hosp,2,2026-10-24,22,quantile,0.9,67
2026-10-10,wk inc rsv hosp,2,2026-10-24,22,quantile,0.95,88
2026-10-10,wk inc rsv hosp,2,2026-10-24,22,quantile,0.975,121
2026-10-10,wk inc rsv hosp,2,2026-10-24,22,quantile,0.99,165
2026-10-10,wk inc rsv hosp,2,2026-10-24,23,quantile,0.01,0
2026-10-10,wk inc rsv hosp,2,2026-10-24,23,quantile,0.025,0
2026-10-10,wk inc rsv hosp,2,2026-10-24,23,quantile,0.05,0
2026-10-10,wk inc rsv hosp,2,2026-10-24,23,quantile,0.1,0
2026-10-10,wk inc rsv hosp,2,2026-10-24,23,quantile,0.15,0
2026-10-10,wk inc rsv hosp,2,2026-10-24,23,quantile,0.2,0
2026-10-10,wk inc rsv hosp,2,2026-10-24,23,quantile,0.25,0
2026-10-10,wk inc rsv hosp,2,2026-10-24,23,quantile,0.3,0
2026-10-10,wk inc rsv hosp,2,2026-10-24,23,quantile,0.35,0
2026-10-10,wk inc rsv hosp,2,2026-10-24,23,quantile,0.4,0
2026-10-10,wk inc rsv hosp,2,2026-10-24,23,quantile,0.45,0
2026-10-10,wk inc rsv hosp,2,2026-10-24,23,quantile,0.5,0
2026-10-10,wk inc rsv hosp,2,2026-10-24,23,quantile,0.55,0
2026-10-10,wk inc rsv hosp,2,2026-10-24,23,quantile,0.6,0
2026-10-10,wk inc rsv hosp,2,2026-10-24,23,quantile,0.65,0
2026-10-10,wk inc rsv hosp,2,2026-10-24,23,quantile,0.7,0
2026-10-10,wk inc rsv hosp,2,2026-10-24,23,quantile,0.75,0
2026-10-10,wk inc rsv hosp,2,2026-10-24,23,quantile,0.8,0
2026-10-10,wk inc rsv hosp,2,2026-10-24,23,quantile,0.85,0
2026-10-10,wk inc rsv hosp,2,2026-10-24,23,quantile,0.9,0
2026-10-10,wk inc rsv hosp,2,2026-10-24,23,quantile,0.95,0
2026-10-10,wk inc rsv hosp,2,2026-10-24,23,quantile,0.975,1
2026-10-10,wk inc rsv hosp,2,2026-10-24,23,quantile,0.99,3
2026-10-10,wk inc rsv hosp,2,2026-10-24,24,quantile,0.01,0
2026-10-10,wk inc rsv hosp,2,2026-10-24,24,quantile,0.025,0
2026-10-10,wk inc rsv hosp,2,2026-10-24,24,quantile,0.05,0
2026-10-10,wk inc rsv hosp,2,2026-10-24,24,quantile,0.1,0
2026-10-10,wk inc rsv hosp,2,2026-10-24,24,quantile,0.15,1
2026-10-10,wk inc rsv hosp,2,2026-10-24,24,quantile,0.2,1
2026-10-10,wk inc rsv hosp,2,2026-10-24,24,quantile,0.25,2
2026-10-10,wk inc rsv hosp,2,2026-10-24,24,quantile,0.3,2
2026-10-10,wk inc rsv hosp,2,2026-10-24,24,quantile,0.35,3
2026-10-10,wk inc rsv hosp,2,2026-10-24,24,quantile,0.4,3
2026-10-10,wk inc rsv hosp,2,2026-10-24,24,quantile,0.45,4
2026-10-10,wk inc rsv hosp,2,2026-10-24,24,quantile,0.5,4
2026-10-10,wk inc rsv hosp,2,2026-10-24,24,quantile,0.55,4
2026-10-10,wk inc rsv hosp,2,2026-10-24,24,quantile,0.6,5
2026-10-10,wk inc rsv hosp,2,2026-10-24,24,quantile,0.65,6
2026-10-10,wk inc rsv hosp,2,2026-10-24,24,quantile,0.7,7
2026-10-10,wk inc rsv hosp,2,2026-10-24,24,quantile,0.75,7
2026-10-10,wk inc rsv hosp,2,2026-10-24,24,quantile,0.8,9
2026-10-10,wk inc rsv hosp,2,2026-10-24,24,quantile,0.85,11
2026-10-10,wk inc rsv hosp,2,2026-10-24,24,quantile,0.9,14
2026-10-10,wk inc rsv hosp,2,2026-10-24,24,quantile,0.95,23
2026-10-10,wk inc rsv hosp,2,2026-10-24,24,quantile,0.975,34
2026-10-10,wk inc rsv hosp,2,2026-10-24,24,quantile,0.99,56
2026-10-10,wk inc rsv hosp,2,2026-10-24,25,quantile,0.01,0
2026-10-10,wk inc rsv hosp,2,2026-10-24,25,quantile,0.025,0
2026-10-10,wk inc rsv hosp,2,2026-10-24,25,quantile,0.05,0
2026-10-10,wk inc rsv hosp,2,2026-10-24,25,quantile,0.1,0
2026-10-10,wk inc rsv hosp,2,2026-10-24,25,quantile,0.15,0
2026-10-10,wk inc rsv hosp,2,2026-10-24,25,quantile,0.2,0
2026-10-10,wk inc rsv hosp,2,2026-10-24,25,quantile,0.25,0
2026-10-10,wk inc rsv hosp,2,2026-10-24,25,quantile,0.3,1
2026-10-10,wk inc rsv hosp,2,2026-10-24,25,quantile,0.35,1
2026-10-10,wk inc rsv hosp,2,2026-10-24,25,quantile,0.4,1
2026-10-10,wk inc rsv hosp,2,2026-10-24,25,quantile,0.45,2
2026-10-10,wk inc rsv hosp,2,2026-10-24,25,quantile,0.5,2
2026-10-10,wk inc rsv hosp,2,2026-10-24,25,quantile,0.55,3
2026-10-10,wk inc rsv hosp,2,2026-10-24,25,quantile,0.6,3
2026-10-10,wk inc rsv hosp,2,2026-10-24,25,quantile,0.65,4
2026-10-10,wk inc rsv hosp,2,2026-10-24,25,quantile,0.7,5
2026-10-10,wk inc rsv hosp,2,2026-10-24,25,quantile,0.75,6
2026-10-10,wk inc rsv hosp,2,2026-10-24,25,quantile,0.8,7
2026-10-10,wk inc rsv hosp,2,2026-10-24,25,quantile,0.85,9
2026-10-10,wk inc rsv hosp,2,2026-10-24,25,quantile,0.9,12
2026-10-10,wk inc rsv hosp,2,2026-10-24,25,quantile,0.95,19
2026-10-10,wk inc rsv hosp,2,2026-10-24,25,quantile,0.975,26
2026-10-10,wk inc rsv hosp,2,2026-10-24,25,quantile,0.99,41
2026-10-10,wk inc rsv hosp,2,2026-10-24,26,quantile,0.01,0
2026-10-10,wk inc rsv hosp,2,2026-10-24,26,quantile,0.025,3
2026-10-10,wk inc rsv hosp,2,2026-10-24,26,quantile,0.05,5
2026-10-10,wk inc rsv hosp,2,2026-10-24,26,quantile,0.1,8
2026-10-10,wk inc rsv hosp,2,2026-10-24,26,quantile,0.15,11
2026-10-10,wk inc rsv hosp,2,2026-10-24,26,quantile,0.2,13
2026-10-10,wk inc rsv hosp,2,2026-10-24,26,quantile,0.25,15
2026-10-10,wk inc rsv hosp,2,2026-10-24,26,quantile,0.3,17
2026-10-10,wk inc rsv hosp,2,2026-10-24,26,quantile,0.35,19
2026-10-10,wk inc rsv hosp,2,2026-10-24,26,quantile,0.4,22
2026-10-10,wk inc rsv hosp,2,2026-10-24,26,quantile,0.45,25
2026-10-10,wk inc rsv hosp,2,2026-10-24,26,quantile,0.5,28
2026-10-10,wk inc rsv hosp,2,2026-10-24,26,quantile,0.55,30
2026-10-10,wk inc rsv hosp,2,2026-10-24,26,quantile,0.6,34
2026-10-10,wk inc rsv hosp,2,2026-10-24,26,quantile,0.65,39
2026-10-10,wk inc rsv hosp,2,2026-10-24,26,quantile,0.7,46
2026-10-10,wk inc rsv hosp,2,2026-10-24,26,quantile,0.75,52
2026-10-10,wk inc rsv hosp,2,2026-10-24,26,quantile,0.8,64
2026-10-10,wk inc rsv hosp,2,2026-10-24,26,quantile,0.85,80
2026-10-10,wk inc rsv hosp,2,2026-10-24,26,quantile,0.9,115
2026-10-10,wk inc rsv hosp,2,2026-10-24,26,quantile,0.95,205
2026-10-10,wk inc rsv hosp,2,2026-10-24,26,quantile,0.975,297
2026-10-10,wk inc rsv hosp,2,2026-10-24,26,quantile,0.99,531
2026-10-10,wk inc rsv hosp,2,2026-10-24,27,quantile,0.01,0
2026-10-10,wk inc rsv hosp,2,2026-10-24,27,quantile,0.025,0
2026-10-10,wk inc rsv hosp,2,2026-10-24,27,quantile,0.05,0
2026-10-10,wk inc rsv hosp,2,2026-10-24,27,quantile,0.1,0
2026-10-10,wk inc rsv hosp,2,2026-10-24,27,quantile,0.15,0
2026-10-10,wk inc rsv hosp,2,2026-10-24,27,quantile,0.2,0
2026-10-10,wk inc rsv hosp,2,2026-10-24,27,quantile,0.25,0
2026-10-10,wk inc rsv hosp,2,2026-10-24,27,quantile,0.3,1
2026-10-10,wk inc rsv hosp,2,2026-10-24,27,quantile,0.35,1
2026-10-10,wk inc rsv hosp,2,2026-10-24,27,quantile,0.4,1
2026-10-10,wk inc rsv hosp,2,2026-10-24,27,quantile,0.45,1
2026-10-10,wk inc rsv hosp,2,2026-10-24,27,quantile,0.5,1
2026-10-10,wk inc rsv hosp,2,2026-10-24,27,quantile,0.55,2
2026-10-10,wk inc rsv hosp,2,2026-10-24,27,quantile,0.6,2
2026-10-10,wk inc rsv hosp,2,2026-10-24,27,quantile,0.65,2
2026-10-10,wk inc rsv hosp,2,2026-10-24,27,quantile,0.7,3
2026-10-10,wk inc rsv hosp,2,2026-10-24,27,quantile,0.75,4
2026-10-10,wk inc rsv hosp,2,2026-10-24,27,quantile,0.8,4
2026-10-10,wk inc rsv hosp,2,2026-10-24,27,quantile,0.85,5
2026-10-10,wk inc rsv hosp,2,2026-10-24,27,quantile,0.9,8
2026-10-10,wk inc rsv hosp,2,2026-10-24,27,quantile,0.95,14
2026-10-10,wk inc rsv hosp,2,2026-10-24,27,quantile,0.975,25
2026-10-10,wk inc rsv hosp,2,2026-10-24,27,quantile,0.99,64
2026-10-10,wk inc rsv hosp,2,2026-10-24,28,quantile,0.01,0
2026-10-10,wk inc rsv hosp,2,2026-10-24,28,quantile,0.025,0
2026-10-10,wk inc rsv hosp,2,2026-10-24,28,quantile,0.05,0
2026-10-10,wk inc rsv hosp,2,2026-10-24,28,quantile,0.1,1
2026-10-10,wk inc rsv hosp,2,2026-10-24,28,quantile,0.15,2
2026-10-10,wk inc rsv hosp,2,2026-10-24,28,quantile,0.2,3
2026-10-10,wk inc rsv hosp,2,2026-10-24,28,quantile,0.25,4
2026-10-10,wk inc rsv hosp,2,2026-10-24,28,quantile,0.3,5
2026-10-10,wk inc rsv hosp,2,2026-10-24,28,quantile,0.35,5
2026-10-10,wk inc rsv hosp,2,2026-10-24,28,quantile,0.4,6
2026-10-10,wk inc rsv hosp,2,2026-10-24,28,quantile,0.45,7
2026-10-10,wk inc rsv hosp,2,2026-10-24,28,quantile,0.5,8
2026-10-10,wk inc rsv hosp,2,2026-10-24,28,quantile,0.55,9
2026-10-10,wk inc rsv hosp,2,2026-10-24,28,quantile,0.6,11
2026-10-10,wk inc rsv hosp,2,2026-10-24,28,quantile,0.65,12
2026-10-10,wk inc rsv hosp,2,2026-10-24,28,quantile,0.7,14
2026-10-10,wk inc rsv hosp,2,2026-10-24,28,quantile,0.75,16
2026-10-10,wk inc rsv hosp,2,2026-10-24,28,quantile,0.8,18
2026-10-10,wk inc rsv hosp,2,2026-10-24,28,quantile,0.85,22
2026-10-10,wk inc rsv hosp,2,2026-10-24,28,quantile,0.9,27
2026-10-10,wk inc rsv hosp,2,2026-10-24,28,quantile,0.95,41
2026-10-10,wk inc rsv hosp,2,2026-10-24,28,quantile,0.975,67
2026-10-10,wk inc rsv hosp,2,2026-10-24,28,quantile,0.99,100
2026-10-10,wk inc rsv hosp,2,2026-10-24,29,quantile,0.01,2
2026-10-10,wk inc rsv hosp,2,2026-10-24,29,quantile,0.025,4
2026-10-10,wk inc rsv hosp,2,2026-10-24,29,quantile,0.05,6
2026-10-10,wk inc rsv hosp,2,2026-10-24,29,quantile,0.1,8
2026-10-10,wk inc rsv hosp,2,2026-10-24,29,quantile,0.15,10
2026-10-10,wk inc rsv hosp,2,2026-10-24,29,quantile,0.2,12
2026-10-10,wk inc rsv hosp,2,2026-10-24,29,quantile,0.25,13
2026-10-10,wk inc rsv hosp,2,2026-10-24,29,quantile,0.3,15
2026-10-10,wk inc rsv hosp,2,2026-10-24,29,quantile,0.35,17
2026-10-10,wk inc rsv hosp,2,2026-10-24,29,quantile,0.4,20
2026-10-10,wk inc rsv hosp,2,2026-10-24,29,quantile,0.45,22
2026-10-10,wk inc rsv hosp,2,2026-10-24,29,quantile,0.5,24
2026-10-10,wk inc rsv hosp,2,2026-10-24,29,quantile,0.55,27
2026-10-10,wk inc rsv hosp,2,2026-10-24,29,quantile,0.6,31
2026-10-10,wk inc rsv hosp,2,2026-10-24,29,quantile,0.65,34
2026-10-10,wk inc rsv hosp,2,2026-10-24,29,quantile,0.7,39
2026-10-10,wk inc rsv hosp,2,2026-10-24,29,quantile,0.75,44
2026-10-10,wk inc rsv hosp,2,2026-10-24,29,quantile,0.8,52
2026-10-10,wk inc rsv hosp,2,2026-10-24,29,quantile,0.85,69
2026-10-10,wk inc rsv hosp,2,2026-10-24,29,quantile,0.9,94
2026-10-10,wk inc rsv hosp,2,2026-10-24,29,quantile,0.95,130
2026-10-10,wk inc rsv hosp,2,2026-10-24,29,quantile,0.975,186
2026-10-10,wk inc rsv hosp,2,2026-10-24,29,quantile,0.99,306
2026-10-10,wk inc rsv hosp,2,2026-10-24,30,quantile,0.01,0
2026-10-10,wk inc rsv hosp,2,2026-10-24,30,quantile,0.025,0
2026-10-10,wk inc rsv hosp,2,2026-10-24,30,quantile,0.05,0
2026-10-10,wk inc rsv hosp,2,2026-10-24,30,quantile,0.1,0
2026-10-10,wk inc rsv hosp,2,2026-10-24,30,quantile,0.15,0
2026-10-10,wk inc rsv hosp,2,2026-10-24,30,quantile,0.2,0
2026-10-10,wk inc rsv hosp,2,2026-10-24,30,quantile,0.25,0
2026-10-10,wk inc rsv hosp,2,2026-10-24,30,quantile,0.3,0
2026-10-10,wk inc rsv hosp,2,2026-10-24,30,quantile,0.35,0
2026-10-10,wk inc rsv hosp,2,2026-10-24,30,quantile,0.4,0
2026-10-10,wk inc rsv hosp,2,2026-10-24,30,quantile,0.45,0
2026-10-10,wk inc rsv hosp,2,2026-10-24,30,quantile,0.5,0
2026-10-10,wk inc rsv hosp,2,2026-10-24,30,quantile,0.55,0
2026-10-10,wk inc rsv hosp,2,2026-10-24,30,quantile,0.6,0
2026-10-10,wk inc rsv hosp,2,2026-10-24,30,quantile,0.65,0
2026-10-10,wk inc rsv hosp,2,2026-10-24,30,quantile,0.7,0
2026-10-10,wk inc rsv hosp,2,2026-10-24,30,quantile,0.75,1
2026-10-10,wk inc rsv hosp,2,2026-10-24,30,quantile,0.8,1
2026-10-10,wk inc rsv hosp,2,2026-10-24,30,quantile,0.85,1
2026-10-10,wk inc rsv hosp,2,2026-10-24,30,quantile,0.9,3
2026-10-10,wk inc rsv hosp,2,2026-10-24,30,quantile,0.95,6
2026-10-10,wk inc rsv hosp,2,2026-10-24,30,quantile,0.975,10
2026-10-10,wk inc rsv hosp,2,2026-10-24,30,quantile,0.99,25
2026-10-10,wk inc rsv hosp,2,2026-10-24,31,quantile,0.01,0
2026-10-10,wk inc rsv hosp,2,2026-10-24,31,quantile,0.025,0
2026-10-10,wk inc rsv hosp,2,2026-10-24,31,quantile,0.05,0
2026-10-10,wk inc rsv hosp,2,2026-10-24,31,quantile,0.1,0
2026-10-10,wk inc rsv hosp,2,2026-10-24,31,quantile,0.15,0
2026-10-10,wk inc rsv hosp,2,2026-10-24,31,quantile,0.2,0
2026-10-10,wk inc rsv hosp,2,2026-10-24,31,quantile,0.25,0
2026-10-10,wk inc rsv hosp,2,2026-10-24,31,quantile,0.3,0
2026-10-10,wk inc rsv hosp,2,2026-10-24,31,quantile,0.35,0
2026-10-10,wk inc rsv hosp,2,2026-10-24,31,quantile,0.4,0
2026-10-10,wk inc rsv hosp,2,2026-10-24,31,quantile,0.45,0
2026-10-10,wk inc rsv hosp,2,2026-10-24,31,quantile,0.5,0
2026-10-10,wk inc rsv hosp,2,2026-10-24,31,quantile,0.55,1
2026-10-10,wk inc rsv hosp,2,2026-10-24,31,quantile,0.6,1
2026-10-10,wk inc rsv hosp,2,2026-10-24,31,quantile,0.65,2
2026-10-10,wk inc rsv hosp,2,2026-10-24,31,quantile,0.7,2
2026-10-10,wk inc rsv hosp,2,2026-10-24,31,quantile,0.75,3
2026-10-10,wk inc rsv hosp,2,2026-10-24,31,quantile,0.8,4
2026-10-10,wk inc rsv hosp,2,2026-10-24,31,quantile,0.85,6
2026-10-10,wk inc rsv hosp,2,2026-10-24,31,quantile,0.9,8
2026-10-10,wk inc rsv hosp,2,2026-10-24,31,quantile,0.95,15
2026-10-10,wk inc rsv hosp,2,2026-10-24,31,quantile,0.975,23
2026-10-10,wk inc rsv hosp,2,2026-10-24,31,quantile,0.99,43
2026-10-10,wk inc rsv hosp,2,2026-10-24,32,quantile,0.01,0
2026-10-10,wk inc rsv hosp,2,2026-10-24,32,quantile,0.025,0
2026-10-10,wk inc rsv hosp,2,2026-10-24,32,quantile,0.05,0
2026-10-10,wk inc rsv hosp,2,2026-10-24,32,quantile,0.1,0
2026-10-10,wk inc rsv hosp,2,2026-10-24,32,quantile,0.15,0
2026-10-10,wk inc rsv hosp,2,2026-10-24,32,quantile,0.2,0
2026-10-10,wk inc rsv hosp,2,2026-10-24,32,quantile,0.25,0
2026-10-10,wk inc rsv hosp,2,2026-10-24,32,quantile,0.3,0
2026-10-10,wk inc rsv hosp,2,2026-10-24,32,quantile,0.35,0
2026-10-10,wk inc rsv hosp,2,2026-10-24,32,quantile,0.4,1
2026-10-10,wk inc rsv hosp,2,2026-10-24,32,quantile,0.45,1
2026-10-10,wk inc rsv hosp,2,2026-10-24,32,quantile,0.5,1
2026-10-10,wk inc rsv hosp,2,2026-10-24,32,quantile,0.55,2
2026-10-10,wk inc rsv hosp,2,2026-10-24,32,quantile,0.6,2
2026-10-10,wk inc rsv hosp,2,2026-10-24,32,quantile,0.65,3
2026-10-10,wk inc rsv hosp,2,2026-10-24,32,quantile,0.7,3
2026-10-10,wk inc rsv hosp,2,2026-10-24,32,quantile,0.75,4
2026-10-10,wk inc rsv hosp,2,2026-10-24,32,quantile,0.8,6
2026-10-10,wk inc rsv hosp,2,2026-10-24,32,quantile,0.85,8
2026-10-10,wk inc rsv hosp,2,2026-10-24,32,quantile,0.9,11
2026-10-10,wk inc rsv hosp,2,2026-10-24,32,quantile,0.95,16
2026-10-10,wk inc rsv hosp,2,2026-10-24,32,quantile,0.975,26
2026-10-10,wk inc rsv hosp,2,2026-10-24,32,quantile,0.99,50
2026-10-10,wk inc rsv hosp,2,2026-10-24,33,quantile,0.01,0
2026-10-10,wk inc rsv hosp,2,2026-10-24,33,quantile,0.025,0
2026-10-10,wk inc rsv hosp,2,2026-10-24,33,quantile,0.05,0
2026-10-10,wk inc rsv hosp,2,2026-10-24,33,quantile,0.1,0
2026-10-10,wk inc rsv hosp,2,2026-10-24,33,quantile,0.15,0
2026-10-10,wk inc rsv hosp,2,2026-10-24,33,quantile,0.2,0
2026-10-10,wk inc rsv hosp,2,2026-10-24,33,quantile,0.25,0
2026-10-10,wk inc rsv hosp,2,2026-10-24,33,quantile,0.3,0
2026-10-10,wk inc rsv hosp,2,2026-10-24,33,quantile,0.35,1
2026-10-10,wk inc rsv hosp,2,2026-10-24,33,quantile,0.4,1
2026-10-10,wk inc rsv hosp,2,2026-10-24,33,quantile,0.45,1
2026-10-10,wk inc rsv hosp,2,2026-10-24,33,quantile,0.5,1
2026-10-10,wk inc rsv hosp,2,2026-10-24,33,quantile,0.55,1
2026-10-10,wk inc rsv hosp,2,2026-10-24,33,quantile,0.6,2
2026-10-10,wk inc rsv hosp,2,2026-10-24,33,quantile,0.65,2
2026-10-10,wk inc rsv hosp,2,2026-10-24,33,quantile,0.7,2
2026-10-10,wk inc rsv hosp,2,2026-10-24,33,quantile,0.75,3
2026-10-10,wk inc rsv hosp,2,2026-10-24,33,quantile,0.8,4
2026-10-10,wk inc rsv hosp,2,2026-10-24,33,quantile,0.85,5
2026-10-10,wk inc rsv hosp,2,2026-10-24,33,quantile,0.9,7
2026-10-10,wk inc rsv hosp,2,2026-10-24,33,quantile,0.95,13
2026-10-10,wk inc rsv hosp,2,2026-10-24,33,quantile,0.975,20
2026-10-10,wk inc rsv hosp,2,2026-10-24,33,quantile,0.99,30
2026-10-10,wk inc rsv hosp,2,2026-10-24,34,quantile,0.01,1
2026-10-10,wk inc rsv hosp,2,2026-10-24,34,quantile,0.025,3
2026-10-10,wk inc rsv hosp,2,2026-10-24,34,quantile,0.05,4
2026-10-10,wk inc rsv hosp,2,2026-10-24,34,quantile,0.1,6
2026-10-10,wk inc rsv hosp,2,2026-10-24,34,quantile,0.15,8
2026-10-10,wk inc rsv hosp,2,2026-10-24,34,quantile,0.2,10
2026-10-10,wk inc rsv hosp,2,2026-10-24,34,quantile,0.25,12
2026-10-10,wk inc rsv hosp,2,2026-10-24,34,quantile,0.3,13
2026-10-10,wk inc rsv hosp,2,2026-10-24,34,quantile,0.35,15
2026-10-10,wk inc rsv hosp,2,2026-10-24,34,quantile,0.4,17
2026-10-10,wk inc rsv hosp,2,2026-10-24,34,quantile,0.45,19
2026-10-10,wk inc rsv hosp,2,2026-10-24,34,quantile,0.5,21
2026-10-10,wk inc rsv hosp,2,2026-10-24,34,quantile,0.55,24
2026-10-10,wk inc rsv hosp,2,2026-10-24,34,quantile,0.6,27
2026-10-10,wk inc rsv hosp,2,2026-10-24,34,quantile,0.65,30
2026-10-10,wk inc rsv hosp,2,2026-10-24,34,quantile,0.7,34
2026-10-10,wk inc rsv hosp,2,2026-10-24,34,quantile,0.75,40
2026-10-10,wk inc rsv hosp,2,2026-10-24,34,quantile,0.8,46
2026-10-10,wk inc rsv hosp,2,2026-10-24,34,quantile,0.85,56
2026-10-10,wk inc rsv hosp,2,2026-10-24,34,quantile,0.9,71
2026-10-10,wk inc rsv hosp,2,2026-10-24,34,quantile,0.95,99
2026-10-10,wk inc rsv hosp,2,2026-10-24,34,quantile,0.975,137
2026-10-10,wk inc rsv hosp,2,2026-10-24,34,quantile,0.99,212
2026-10-10,wk inc rsv hosp,2,2026-10-24,35,quantile,0.01,0
2026-10-10,wk inc rsv hosp,2,2026-10-24,35,quantile,0.025,0
2026-10-10,wk inc rsv hosp,2,2026-10-24,35,quantile,0.05,0
2026-10-10,wk inc rsv hosp,2,2026-10-24,35,quantile,0.1,0
2026-10-10,wk inc rsv hosp,2,2026-10-24,35,quantile,0.15,0
2026-10-10,wk inc rsv hosp,2,2026-10-24,35,quantile,0.2,1
2026-10-10,wk inc rsv hosp,2,2026-10-24,35,quantile,0.25,1
2026-10-10,wk inc rsv hosp,2,2026-10-24,35,quantile,0.3,1
2026-10-10,wk inc rsv hosp,2,2026-10-24,35,quantile,0.35,2
2026-10-10,wk inc rsv hosp,2,2026-10-24,35,quantile,0.4,2
2026-10-10,wk inc rsv hosp,2,2026-10-24,35,quantile,0.45,3
2026-10-10,wk inc rsv hosp,2,2026-10-24,35,quantile,0.5,3
2026-10-10,wk inc rsv hosp,2,2026-10-24,35,quantile,0.55,3
2026-10-10,wk inc rsv hosp,2,2026-10-24,35,quantile,0.6,4
2026-10-10,wk inc rsv hosp,2,2026-10-24,35,quantile,0.65,5
2026-10-10,wk inc rsv hosp,2,2026-10-24,35,quantile,0.7,5
2026-10-10,wk inc rsv hosp,2,2026-10-24,35,quantile,0.75,7
2026-10-10,wk inc rsv hosp,2,2026-10-24,35,quantile,0.8,10
2026-10-10,wk inc rsv hosp,2,2026-10-24,35,quantile,0.85,12
2026-10-10,wk inc rsv hosp,2,2026-10-24,35,quantile,0.9,19
2026-10-10,wk inc rsv hosp,2,2026-10-24,35,quantile,0.95,33
2026-10-10,wk inc rsv hosp,2,2026-10-24,35,quantile,0.975,59
2026-10-10,wk inc rsv hosp,2,2026-10-24,35,quantile,0.99,139
2026-10-10,wk inc rsv hosp,2,2026-10-24,36,quantile,0.01,12
2026-10-10,wk inc rsv hosp,2,2026-10-24,36,quantile,0.025,16
2026-10-10,wk inc rsv hosp,2,2026-10-24,36,quantile,0.05,22
2026-10-10,wk inc rsv hosp,2,2026-10-24,36,quantile,0.1,27
2026-10-10,wk inc rsv hosp,2,2026-10-24,36,quantile,0.15,32
2026-10-10,wk inc rsv hosp,2,2026-10-24,36,quantile,0.2,37
2026-10-10,wk inc rsv hosp,2,2026-10-24,36,quantile,0.25,41
2026-10-10,wk inc rsv hosp,2,2026-10-24,36,quantile,0.3,45
2026-10-10,wk inc rsv hosp,2,2026-10-24,36,quantile,0.35,49
2026-10-10,wk inc rsv hosp,2,2026-10-24,36,quantile,0.4,54
2026-10-10,wk inc rsv hosp,2,2026-10-24,36,quantile,0.45,59
2026-10-10,wk inc rsv hosp,2,2026-10-24,36,quantile,0.5,64
2026-10-10,wk inc rsv hosp,2,2026-10-24,36,quantile,0.55,71
2026-10-10,wk inc rsv hosp,2,2026-10-24,36,quantile,0.6,79
2026-10-10,wk inc rsv hosp,2,2026-10-24,36,quantile,0.65,86
2026-10-10,wk inc rsv hosp,2,2026-10-24,36,quantile,0.7,94
2026-10-10,wk inc rsv hosp,2,2026-10-24,36,quantile,0.75,106
2026-10-10,wk inc rsv hosp,2,2026-10-24,36,quantile,0.8,120
2026-10-10,wk inc rsv hosp,2,2026-10-24,36,quantile,0.85,142
2026-10-10,wk inc rsv hosp,2,2026-10-24,36,quantile,0.9,177
2026-10-10,wk inc rsv hosp,2,2026-10-24,36,quantile,0.95,245
2026-10-10,wk inc rsv hosp,2,2026-10-24,36,quantile,0.975,329
2026-10-10,wk inc rsv hosp,2,2026-10-24,36,quantile,0.99,458
2026-10-10,wk inc rsv hosp,2,2026-10-24,37,quantile,0.01,4
2026-10-10,wk inc rsv hosp,2,2026-10-24,37,quantile,0.025,7
2026-10-10,wk inc rsv hosp,2,2026-10-24,37,quantile,0.05,9
2026-10-10,wk inc rsv hosp,2,2026-10-24,37,quantile,0.1,13
2026-10-10,wk inc rsv hosp,2,2026-10-24,37,quantile,0.15,16
2026-10-10,wk inc rsv hosp,2,2026-10-24,37,quantile,0.2,18
2026-10-10,wk inc rsv hosp,2,2026-10-24,37,quantile,0.25,21
2026-10-10,wk inc rsv hosp,2,2026-10-24,37,quantile,0.3,23
2026-10-10,wk inc rsv hosp,2,2026-10-24,37,quantile,0.35,25
2026-10-10,wk inc rsv hosp,2,2026-10-24,37,quantile,0.4,28
2026-10-10,wk inc rsv hosp,2,2026-10-24,37,quantile,0.45,30
2026-10-10,wk inc rsv hosp,2,2026-10-24,37,quantile,0.5,33
2026-10-10,wk inc rsv hosp,2,2026-10-24,37,quantile,0.55,36
2026-10-10,wk inc rsv hosp,2,2026-10-24,37,quantile,0.6,39
2026-10-10,wk inc rsv hosp,2,2026-10-24,37,quantile,0.65,43
2026-10-10,wk inc rsv hosp,2,2026-10-24,37,quantile,0.7,48
2026-10-10,wk inc rsv hosp,2,2026-10-24,37,quantile,0.75,55
2026-10-10,wk inc rsv hosp,2,2026-10-24,37,quantile,0.8,64
2026-10-10,wk inc rsv hosp,2,2026-10-24,37,quantile,0.85,76
2026-10-10,wk inc rsv hosp,2,2026-10-24,37,quantile,0.9,90
2026-10-10,wk inc rsv hosp,2,2026-10-24,37,quantile,0.95,119
2026-10-10,wk inc rsv hosp,2,2026-10-24,37,quantile,0.975,160
2026-10-10,wk inc rsv hosp,2,2026-10-24,37,quantile,0.99,235
2026-10-10,wk inc rsv hosp,2,2026-10-24,38,quantile,0.01,0
2026-10-10,wk inc rsv hosp,2,2026-10-24,38,quantile,0.025,0
2026-10-10,wk inc rsv hosp,2,2026-10-24,38,quantile,0.05,0
2026-10-10,wk inc rsv hosp,2,2026-10-24,38,quantile,0.1,0
2026-10-10,wk inc rsv hosp,2,2026-10-24,38,quantile,0.15,0
2026-10-10,wk inc rsv hosp,2,2026-10-24,38,quantile,0.2,0
2026-10-10,wk inc rsv hosp,2,2026-10-24,38,quantile,0.25,0
2026-10-10,wk inc rsv hosp,2,2026-10-24,38,quantile,0.3,0
2026-10-10,wk inc rsv hosp,2,2026-10-24,38,quantile,0.35,0
2026-10-10,wk inc rsv hosp,2,2026-10-24,38,quantile,0.4,0
2026-10-10,wk inc rsv hosp,2,2026-10-24,38,quantile,0.45,0
2026-10-10,wk inc rsv hosp,2,2026-10-24,38,quantile,0.5,0
2026-10-10,wk inc rsv hosp,2,2026-10-24,38,quantile,0.55,0
2026-10-10,wk inc rsv hosp,2,2026-10-24,38,quantile,0.6,0
2026-10-10,wk inc rsv hosp,2,2026-10-24,38,quantile,0.65,0
2026-10-10,wk inc rsv hosp,2,2026-10-24,38,quantile,0.7,0
2026-10-10,wk inc rsv hosp,2,2026-10-24,38,quantile,0.75,0
2026-10-10,wk inc rsv hosp,2,2026-10-24,38,quantile,0.8,0
2026-10-10,wk inc rsv hosp,2,2026-10-24,38,quantile,0.85,0
2026-10-10,wk inc rsv hosp,2,2026-10-24,38,quantile,0.9,1
2026-10-10,wk inc rsv hosp,2,2026-10-24,38,quantile,0.95,3
2026-10-10,wk inc rsv hosp,2,2026-10-24,38,quantile,0.975,6
2026-10-10,wk inc rsv hosp,2,2026-10-24,38,quantile,0.99,9
2026-10-10,wk inc rsv hosp,2,2026-10-24,39,quantile,0.01,0
2026-10-10,wk inc rsv hosp,2,2026-10-24,39,quantile,0.025,0
2026-10-10,wk inc rsv hosp,2,2026-10-24,39,quantile,0.05,2
2026-10-10,wk inc rsv hosp,2,2026-10-24,39,quantile,0.1,4
2026-10-10,wk inc rsv hosp,2,2026-10-24,39,quantile,0.15,5
2026-10-10,wk inc rsv hosp,2,2026-10-24,39,quantile,0.2,6
2026-10-10,wk inc rsv hosp,2,2026-10-24,39,quantile,0.25,7
2026-10-10,wk inc rsv hosp,2,2026-10-24,39,quantile,0.3,9
2026-10-10,wk inc rsv hosp,2,2026-10-24,39,quantile,0.35,10
2026-10-10,wk inc rsv hosp,2,2026-10-24,39,quantile,0.4,11
2026-10-10,wk inc rsv hosp,2,2026-10-24,39,quantile,0.45,13
2026-10-10,wk inc rsv hosp,2,2026-10-24,39,quantile,0.5,14
2026-10-10,wk inc rsv hosp,2,2026-10-24,39,quantile,0.55,16
2026-10-10,wk inc rsv hosp,2,2026-10-24,39,quantile,0.6,18
2026-10-10,wk inc rsv hosp,2,2026-10-24,39,quantile,0.65,21
2026-10-10,wk inc rsv hosp,2,2026-10-24,39,quantile,0.7,23
2026-10-10,wk inc rsv hosp,2,2026-10-24,39,quantile,0.75,27
2026-10-10,wk inc rsv hosp,2,2026-10-24,39,quantile,0.8,31
2026-10-10,wk inc rsv hosp,2,2026-10-24,39,quantile,0.85,37
2026-10-10,wk inc rsv hosp,2,2026-10-24,39,quantile,0.9,46
2026-10-10,wk inc rsv hosp,2,2026-10-24,39,quantile,0.95,63
2026-10-10,wk inc rsv hosp,2,2026-10-24,39,quantile,0.975,83
2026-10-10,wk inc rsv hosp,2,2026-10-24,39,quantile,0.99,129
2026-10-10,wk inc rsv hosp,2,2026-10-24,40,quantile,0.01,0
2026-10-10,wk inc rsv hosp,2,2026-10-24,40,quantile,0.025,0
2026-10-10,wk inc rsv hosp,2,2026-10-24,40,quantile,0.05,0
2026-10-10,wk inc rsv hosp,2,2026-10-24,40,quantile,0.1,0
2026-10-10,wk inc rsv hosp,2,2026-10-24,40,quantile,0.15,0
2026-10-10,wk inc rsv hosp,2,2026-10-24,40,quantile,0.2,0
2026-10-10,wk inc rsv hosp,2,2026-10-24,40,quantile,0.25,0
2026-10-10,wk inc rsv hosp,2,2026-10-24,40,quantile,0.3,0
2026-10-10,wk inc rsv hosp,2,2026-10-24,40,quantile,0.35,0
2026-10-10,wk inc rsv hosp,2,2026-10-24,40,quantile,0.4,0
2026-10-10,wk inc rsv hosp,2,2026-10-24,40,quantile,0.45,0
2026-10-10,wk inc rsv hosp,2,2026-10-24,40,quantile,0.5,1
2026-10-10,wk inc rsv hosp,2,2026-10-24,40,quantile,0.55,1
2026-10-10,wk inc rsv hosp,2,2026-10-24,40,quantile,0.6,1
2026-10-10,wk inc rsv hosp,2,2026-10-24,40,quantile,0.65,2
2026-10-10,wk inc rsv hosp,2,2026-10-24,40,quantile,0.7,3
2026-10-10,wk inc rsv hosp,2,2026-10-24,40,quantile,0.75,4
2026-10-10,wk inc rsv hosp,2,2026-10-24,40,quantile,0.8,5
2026-10-10,wk inc rsv hosp,2,2026-10-24,40,quantile,0.85,7
2026-10-10,wk inc rsv hosp,2,2026-10-24,40,quantile,0.9,11
2026-10-10,wk inc rsv hosp,2,2026-10-24,40,quantile,0.95,19
2026-10-10,wk inc rsv hosp,2,2026-10-24,40,quantile,0.975,32
2026-10-10,wk inc rsv hosp,2,2026-10-24,40,quantile,0.99,71
2026-10-10,wk inc rsv hosp,2,2026-10-24,41,quantile,0.01,0
2026-10-10,wk inc rsv hosp,2,2026-10-24,41,quantile,0.025,0
2026-10-10,wk inc rsv hosp,2,2026-10-24,41,quantile,0.05,0
2026-10-10,wk inc rsv hosp,2,2026-10-24,41,quantile,0.1,0
2026-10-10,wk inc rsv hosp,2,2026-10-24,41,quantile,0.15,0
2026-10-10,wk inc rsv hosp,2,2026-10-24,41,quantile,0.2,1
2026-10-10,wk inc rsv hosp,2,2026-10-24,41,quantile,0.25,1
2026-10-10,wk inc rsv hosp,2,2026-10-24,41,quantile,0.3,2
2026-10-10,wk inc rsv hosp,2,2026-10-24,41,quantile,0.35,2
2026-10-10,wk inc rsv hosp,2,2026-10-24,41,quantile,0.4,3
2026-10-10,wk inc rsv hosp,2,2026-10-24,41,quantile,0.45,3
2026-10-10,wk inc rsv hosp,2,2026-10-24,41,quantile,0.5,4
2026-10-10,wk inc rsv hosp,2,2026-10-24,41,quantile,0.55,4
2026-10-10,wk inc rsv hosp,2,2026-10-24,41,quantile,0.6,5
2026-10-10,wk inc rsv hosp,2,2026-10-24,41,quantile,0.65,6
2026-10-10,wk inc rsv hosp,2,2026-10-24,41,quantile,0.7,7
2026-10-10,wk inc rsv hosp,2,2026-10-24,41,quantile,0.75,8
2026-10-10,wk inc rsv hosp,2,2026-10-24,41,quantile,0.8,9
2026-10-10,wk inc rsv hosp,2,2026-10-24,41,quantile,0.85,11
2026-10-10,wk inc rsv hosp,2,2026-10-24,41,quantile,0.9,17
2026-10-10,wk inc rsv hosp,2,2026-10-24,41,quantile,0.95,30
2026-10-10,wk inc rsv hosp,2,2026-10-24,41,quantile,0.975,47
2026-10-10,wk inc rsv hosp,2,2026-10-24,41,quantile,0.99,108
2026-10-10,wk inc rsv hosp,2,2026-10-24,42,quantile,0.01,7
2026-10-10,wk inc rsv hosp,2,2026-10-24,42,quantile,0.025,12
2026-10-10,wk inc rsv hosp,2,2026-10-24,42,quantile,0.05,17
2026-10-10,wk inc rsv hosp,2,2026-10-24,42,quantile,0.1,23
2026-10-10,wk inc rsv hosp,2,2026-10-24,42,quantile,0.15,26
2026-10-10,wk inc rsv hosp,2,2026-10-24,42,quantile,0.2,30
2026-10-10,wk inc rsv hosp,2,2026-10-24,42,quantile,0.25,33
2026-10-10,wk inc rsv hosp,2,2026-10-24,42,quantile,0.3,36
2026-10-10,wk inc rsv hosp,2,2026-10-24,42,quantile,0.35,41
2026-10-10,wk inc rsv hosp,2,2026-10-24,42,quantile,0.4,44
2026-10-10,wk inc rsv hosp,2,2026-10-24,42,quantile,0.45,48
2026-10-10,wk inc rsv hosp,2,2026-10-24,42,quantile,0.5,52
2026-10-10,wk inc rsv hosp,2,2026-10-24,42,quantile,0.55,57
2026-10-10,wk inc rsv hosp,2,2026-10-24,42,quantile,0.6,61
2026-10-10,wk inc rsv hosp,2,2026-10-24,42,quantile,0.65,66
2026-10-10,wk inc rsv hosp,2,2026-10-24,42,quantile,0.7,76
2026-10-10,wk inc rsv hosp,2,2026-10-24,42,quantile,0.75,83
2026-10-10,wk inc rsv hosp,2,2026-10-24,42,quantile,0.8,93
2026-10-10,wk inc rsv hosp,2,2026-10-24,42,quantile,0.85,105
2026-10-10,wk inc rsv hosp,2,2026-10-24,42,quantile,0.9,133
2026-10-10,wk inc rsv hosp,2,2026-10-24,42,quantile,0.95,176
2026-10-10,wk inc rsv hosp,2,2026-10-24,42,quantile,0.975,244
2026-10-10,wk inc rsv hosp,2,2026-10-24,42,quantile,0.99,312
2026-10-10,wk inc rsv hosp,2,2026-10-24,44,quantile,0.01,0
2026-10-10,wk inc rsv hosp,2,2026-10-24,44,quantile,0.025,0
2026-10-10,wk inc rsv hosp,2,2026-10-24,44,quantile,0.05,0
2026-10-10,wk inc rsv hosp,2,2026-10-24,44,quantile,0.1,0
2026-10-10,wk inc rsv hosp,2,2026-10-24,44,quantile,0.15,0
2026-10-10,wk inc rsv hosp,2,2026-10-24,44,quantile,0.2,0
2026-10-10,wk inc rsv hosp,2,2026-10-24,44,quantile,0.25,0
2026-10-10,wk inc rsv hosp,2,2026-10-24,44,quantile,0.3,0
2026-10-10,wk inc rsv hosp,2,2026-10-24,44,quantile,0.35,1
2026-10-10,wk inc rsv hosp,2,2026-10-24,44,quantile,0.4,1
2026-10-10,wk inc rsv hosp,2,2026-10-24,44,quantile,0.45,2
2026-10-10,wk inc rsv hosp,2,2026-10-24,44,quantile,0.5,2
2026-10-10,wk inc rsv hosp,2,2026-10-24,44,quantile,0.55,2
2026-10-10,wk inc rsv hosp,2,2026-10-24,44,quantile,0.6,3
2026-10-10,wk inc rsv hosp,2,2026-10-24,44,quantile,0.65,4
2026-10-10,wk inc rsv hosp,2,2026-10-24,44,quantile,0.7,5
2026-10-10,wk inc rsv hosp,2,2026-10-24,44,quantile,0.75,6
2026-10-10,wk inc rsv hosp,2,2026-10-24,44,quantile,0.8,8
2026-10-10,wk inc rsv hosp,2,2026-10-24,44,quantile,0.85,10
2026-10-10,wk inc rsv hosp,2,2026-10-24,44,quantile,0.9,14
2026-10-10,wk inc rsv hosp,2,2026-10-24,44,quantile,0.95,23
2026-10-10,wk inc rsv hosp,2,2026-10-24,44,quantile,0.975,33
2026-10-10,wk inc rsv hosp,2,2026-10-24,44,quantile,0.99,51
2026-10-10,wk inc rsv hosp,2,2026-10-24,45,quantile,0.01,0
2026-10-10,wk inc rsv hosp,2,2026-10-24,45,quantile,0.025,0
2026-10-10,wk inc rsv hosp,2,2026-10-24,45,quantile,0.05,1
2026-10-10,wk inc rsv hosp,2,2026-10-24,45,quantile,0.1,3
2026-10-10,wk inc rsv hosp,2,2026-10-24,45,quantile,0.15,4
2026-10-10,wk inc rsv hosp,2,2026-10-24,45,quantile,0.2,5
2026-10-10,wk inc rsv hosp,2,2026-10-24,45,quantile,0.25,6
2026-10-10,wk inc rsv hosp,2,2026-10-24,45,quantile,0.3,7
2026-10-10,wk inc rsv hosp,2,2026-10-24,45,quantile,0.35,8
2026-10-10,wk inc rsv hosp,2,2026-10-24,45,quantile,0.4,9
2026-10-10,wk inc rsv hosp,2,2026-10-24,45,quantile,0.45,11
2026-10-10,wk inc rsv hosp,2,2026-10-24,45,quantile,0.5,12
2026-10-10,wk inc rsv hosp,2,2026-10-24,45,quantile,0.55,13
2026-10-10,wk inc rsv hosp,2,2026-10-24,45,quantile,0.6,15
2026-10-10,wk inc rsv hosp,2,2026-10-24,45,quantile,0.65,17
2026-10-10,wk inc rsv hosp,2,2026-10-24,45,quantile,0.7,19
2026-10-10,wk inc rsv hosp,2,2026-10-24,45,quantile,0.75,23
2026-10-10,wk inc rsv hosp,2,2026-10-24,45,quantile,0.8,28
2026-10-10,wk inc rsv hosp,2,2026-10-24,45,quantile,0.85,33
2026-10-10,wk inc rsv hosp,2,2026-10-24,45,quantile,0.9,41
2026-10-10,wk inc rsv hosp,2,2026-10-24,45,quantile,0.95,57
2026-10-10,wk inc rsv hosp,2,2026-10-24,45,quantile,0.975,81
2026-10-10,wk inc rsv hosp,2,2026-10-24,45,quantile,0.99,104
2026-10-10,wk inc rsv hosp,2,2026-10-24,46,quantile,0.01,0
2026-10-10,wk inc rsv hosp,2,2026-10-24,46,quantile,0.025,0
2026-10-10,wk inc rsv hosp,2,2026-10-24,46,quantile,0.05,0
2026-10-10,wk inc rsv hosp,2,2026-10-24,46,quantile,0.1,0
2026-10-10,wk inc rsv hosp,2,2026-10-24,46,quantile,0.15,1
2026-10-10,wk inc rsv hosp,2,2026-10-24,46,quantile,0.2,1
2026-10-10,wk inc rsv hosp,2,2026-10-24,46,quantile,0.25,2
2026-10-10,wk inc rsv hosp,2,2026-10-24,46,quantile,0.3,2
2026-10-10,wk inc rsv hosp,2,2026-10-24,46,quantile,0.35,2
2026-10-10,wk inc rsv hosp,2,2026-10-24,46,quantile,0.4,3
2026-10-10,wk inc rsv hosp,2,2026-10-24,46,quantile,0.45,3
2026-10-10,wk inc rsv hosp,2,2026-10-24,46,quantile,0.5,4
2026-10-10,wk inc rsv hosp,2,2026-10-24,46,quantile,0.55,4
2026-10-10,wk inc rsv hosp,2,2026-10-24,46,quantile,0.6,5
2026-10-10,wk inc rsv hosp,2,2026-10-24,46,quantile,0.65,5
2026-10-10,wk inc rsv hosp,2,2026-10-24,46,quantile,0.7,6
2026-10-10,wk inc rsv hosp,2,2026-10-24,46,quantile,0.75,7
2026-10-10,wk inc rsv hosp,2,2026-10-24,46,quantile,0.8,9
2026-10-10,wk inc rsv hosp,2,2026-10-24,46,quantile,0.85,11
2026-10-10,wk inc rsv hosp,2,2026-10-24,46,quantile,0.9,14
2026-10-10,wk inc rsv hosp,2,2026-10-24,46,quantile,0.95,22
2026-10-10,wk inc rsv hosp,2,2026-10-24,46,quantile,0.975,30
2026-10-10,wk inc rsv hosp,2,2026-10-24,46,quantile,0.99,44
2026-10-10,wk inc rsv hosp,2,2026-10-24,47,quantile,0.01,0
2026-10-10,wk inc rsv hosp,2,2026-10-24,47,quantile,0.025,2
2026-10-10,wk inc rsv hosp,2,2026-10-24,47,quantile,0.05,4
2026-10-10,wk inc rsv hosp,2,2026-10-24,47,quantile,0.1,6
2026-10-10,wk inc rsv hosp,2,2026-10-24,47,quantile,0.15,7
2026-10-10,wk inc rsv hosp,2,2026-10-24,47,quantile,0.2,9
2026-10-10,wk inc rsv hosp,2,2026-10-24,47,quantile,0.25,10
2026-10-10,wk inc rsv hosp,2,2026-10-24,47,quantile,0.3,11
2026-10-10,wk inc rsv hosp,2,2026-10-24,47,quantile,0.35,13
2026-10-10,wk inc rsv hosp,2,2026-10-24,47,quantile,0.4,15
2026-10-10,wk inc rsv hosp,2,2026-10-24,47,quantile,0.45,16
2026-10-10,wk inc rsv hosp,2,2026-10-24,47,quantile,0.5,18
2026-10-10,wk inc rsv hosp,2,2026-10-24,47,quantile,0.55,20
2026-10-10,wk inc rsv hosp,2,2026-10-24,47,quantile,0.6,21
2026-10-10,wk inc rsv hosp,2,2026-10-24,47,quantile,0.65,24
2026-10-10,wk inc rsv hosp,2,2026-10-24,47,quantile,0.7,27
2026-10-10,wk inc rsv hosp,2,2026-10-24,47,quantile,0.75,31
2026-10-10,wk inc rsv hosp,2,2026-10-24,47,quantile,0.8,38
2026-10-10,wk inc rsv hosp,2,2026-10-24,47,quantile,0.85,47
2026-10-10,wk inc rsv hosp,2,2026-10-24,47,quantile,0.9,57
2026-10-10,wk inc rsv hosp,2,2026-10-24,47,quantile,0.95,83
2026-10-10,wk inc rsv hosp,2,2026-10-24,47,quantile,0.975,112
2026-10-10,wk inc rsv hosp,2,2026-10-24,47,quantile,0.99,194
2026-10-10,wk inc rsv hosp,2,2026-10-24,48,quantile,0.01,41
2026-10-10,wk inc rsv hosp,2,2026-10-24,48,quantile,0.025,53
2026-10-10,wk inc rsv hosp,2,2026-10-24,48,quantile,0.05,66
2026-10-10,wk inc rsv hosp,2,2026-10-24,48,quantile,0.1,81
2026-10-10,wk inc rsv hosp,2,2026-10-24,48,quantile,0.15,99
2026-10-10,wk inc rsv hosp,2,2026-10-24,48,quantile,0.2,114
2026-10-10,wk inc rsv hosp,2,2026-10-24,48,quantile,0.25,128
2026-10-10,wk inc rsv hosp,2,2026-10-24,48,quantile,0.3,141
2026-10-10,wk inc rsv hosp,2,2026-10-24,48,quantile,0.35,152
2026-10-10,wk inc rsv hosp,2,2026-10-24,48,quantile,0.4,165
2026-10-10,wk inc rsv hosp,2,2026-10-24,48,quantile,0.45,175
2026-10-10,wk inc rsv hosp,2,2026-10-24,48,quantile,0.5,192
2026-10-10,wk inc rsv hosp,2,2026-10-24,48,quantile,0.55,215
2026-10-10,wk inc rsv hosp,2,2026-10-24,48,quantile,0.6,237
2026-10-10,wk inc rsv hosp,2,2026-10-24,48,quantile,0.65,256
2026-10-10,wk inc rsv hosp,2,2026-10-24,48,quantile,0.7,276
2026-10-10,wk inc rsv hosp,2,2026-10-24,48,quantile,0.75,304
2026-10-10,wk inc rsv hosp,2,2026-10-24,48,quantile,0.8,342
2026-10-10,wk inc rsv hosp,2,2026-10-24,48,quantile,0.85,403
2026-10-10,wk inc rsv hosp,2,2026-10-24,48,quantile,0.9,486
2026-10-10,wk inc rsv hosp,2,2026-10-24,48,quantile,0.95,706
2026-10-10,wk inc rsv hosp,2,2026-10-24,48,quantile,0.975,846
2026-10-10,wk inc rsv hosp,2,2026-10-24,48,quantile,0.99,1083
2026-10-10,wk inc rsv hosp,2,2026-10-24,49,quantile,0.01,0
2026-10-10,wk inc rsv hosp,2,2026-10-24,49,quantile,0.025,0
2026-10-10,wk inc rsv hosp,2,2026-10-24,49,quantile,0.05,0
2026-10-10,wk inc rsv hosp,2,2026-10-24,49,quantile,0.1,0
2026-10-10,wk inc rsv hosp,2,2026-10-24,49,quantile,0.15,0
2026-10-10,wk inc rsv hosp,2,2026-10-24,49,quantile,0.2,0
2026-10-10,wk inc rsv hosp,2,2026-10-24,49,quantile,0.25,0
2026-10-10,wk inc rsv hosp,2,2026-10-24,49,quantile,0.3,0
2026-10-10,wk inc rsv hosp,2,2026-10-24,49,quantile,0.35,0
2026-10-10,wk inc rsv hosp,2,2026-10-24,49,quantile,0.4,0
2026-10-10,wk inc rsv hosp,2,2026-10-24,49,quantile,0.45,0
2026-10-10,wk inc rsv hosp,2,2026-10-24,49,quantile,0.5,0
2026-10-10,wk inc rsv hosp,2,2026-10-24,49,quantile,0.55,0
2026-10-10,wk inc rsv hosp,2,2026-10-24,49,quantile,0.6,0
2026-10-10,wk inc rsv hosp,2,2026-10-24,49,quantile,0.65,0
2026-10-10,wk inc rsv hosp,2,2026-10-24,49,quantile,0.7,0
2026-10-10,wk inc rsv hosp,2,2026-10-24,49,quantile,0.75,0
2026-10-10,wk inc rsv hosp,2,2026-10-24,49,quantile,0.8,1
2026-10-10,wk inc rsv hosp,2,2026-10-24,49,quantile,0.85,2
2026-10-10,wk inc rsv hosp,2,2026-10-24,49,quantile,0.9,3
2026-10-10,wk inc rsv hosp,2,2026-10-24,49,quantile,0.95,6
2026-10-10,wk inc rsv hosp,2,2026-10-24,49,quantile,0.975,12
2026-10-10,wk inc rsv hosp,2,2026-10-24,49,quantile,0.99,27
2026-10-10,wk inc rsv hosp,2,2026-10-24,50,quantile,0.01,0
2026-10-10,wk inc rsv hosp,2,2026-10-24,50,quantile,0.025,0
2026-10-10,wk inc rsv hosp,2,2026-10-24,50,quantile,0.05,0
2026-10-10,wk inc rsv hosp,2,2026-10-24,50,quantile,0.1,0
2026-10-10,wk inc rsv hosp,2,2026-10-24,50,quantile,0.15,0
2026-10-10,wk inc rsv hosp,2,2026-10-24,50,quantile,0.2,0
2026-10-10,wk inc rsv hosp,2,2026-10-24,50,quantile,0.25,0
2026-10-10,wk inc rsv hosp,2,2026-10-24,50,quantile,0.3,0
2026-10-10,wk inc rsv hosp,2,2026-10-24,50,quantile,0.35,0
2026-10-10,wk inc rsv hosp,2,2026-10-24,50,quantile,0.4,0
2026-10-10,wk inc rsv hosp,2,2026-10-24,50,quantile,0.45,0
2026-10-10,wk inc rsv hosp,2,2026-10-24,50,quantile,0.5,0
2026-10-10,wk inc rsv hosp,2,2026-10-24,50,quantile,0.55,0
2026-10-10,wk inc rsv hosp,2,2026-10-24,50,quantile,0.6,0
2026-10-10,wk inc rsv hosp,2,2026-10-24,50,quantile,0.65,0
2026-10-10,wk inc rsv hosp,2,2026-10-24,50,quantile,0.7,0
2026-10-10,wk inc rsv hosp,2,2026-10-24,50,quantile,0.75,1
2026-10-10,wk inc rsv hosp,2,2026-10-24,50,quantile,0.8,1
2026-10-10,wk inc rsv hosp,2,2026-10-24,50,quantile,0.85,2
2026-10-10,wk inc rsv hosp,2,2026-10-24,50,quantile,0.9,3
2026-10-10,wk inc rsv hosp,2,2026-10-24,50,quantile,0.95,6
2026-10-10,wk inc rsv hosp,2,2026-10-24,50,quantile,0.975,12
2026-10-10,wk inc rsv hosp,2,2026-10-24,50,quantile,0.99,25
2026-10-10,wk inc rsv hosp,2,2026-10-24,51,quantile,0.01,0
2026-10-10,wk inc rsv hosp,2,2026-10-24,51,quantile,0.025,0
2026-10-10,wk inc rsv hosp,2,2026-10-24,51,quantile,0.05,0
2026-10-10,wk inc rsv hosp,2,2026-10-24,51,quantile,0.1,1
2026-10-10,wk inc rsv hosp,2,2026-10-24,51,quantile,0.15,3
2026-10-10,wk inc rsv hosp,2,2026-10-24,51,quantile,0.2,4
2026-10-10,wk inc rsv hosp,2,2026-10-24,51,quantile,0.25,4
2026-10-10,wk inc rsv hosp,2,2026-10-24,51,quantile,0.3,5
2026-10-10,wk inc rsv hosp,2,2026-10-24,51,quantile,0.35,6
2026-10-10,wk inc rsv hosp,2,2026-10-24,51,quantile,0.4,7
2026-10-10,wk inc rsv hosp,2,2026-10-24,51,quantile,0.45,8
2026-10-10,wk inc rsv hosp,2,2026-10-24,51,quantile,0.5,8
2026-10-10,wk inc rsv hosp,2,2026-10-24,51,quantile,0.55,9
2026-10-10,wk inc rsv hosp,2,2026-10-24,51,quantile,0.6,11
2026-10-10,wk inc rsv hosp,2,2026-10-24,51,quantile,0.65,12
2026-10-10,wk inc rsv hosp,2,2026-10-24,51,quantile,0.7,14
2026-10-10,wk inc rsv hosp,2,2026-10-24,51,quantile,0.75,16
2026-10-10,wk inc rsv hosp,2,2026-10-24,51,quantile,0.8,18
2026-10-10,wk inc rsv hosp,2,2026-10-24,51,quantile,0.85,21
2026-10-10,wk inc rsv hosp,2,2026-10-24,51,quantile,0.9,28
2026-10-10,wk inc rsv hosp,2,2026-10-24,51,quantile,0.95,43
2026-10-10,wk inc rsv hosp,2,2026-10-24,51,quantile,0.975,61
2026-10-10,wk inc rsv hosp,2,2026-10-24,51,quantile,0.99,83
2026-10-10,wk inc rsv hosp,2,2026-10-24,53,quantile,0.01,0
2026-10-10,wk inc rsv hosp,2,2026-10-24,53,quantile,0.025,0
2026-10-10,wk inc rsv hosp,2,2026-10-24,53,quantile,0.05,0
2026-10-10,wk inc rsv hosp,2,2026-10-24,53,quantile,0.1,0
2026-10-10,wk inc rsv hosp,2,2026-10-24,53,quantile,0.15,1
2026-10-10,wk inc rsv hosp,2,2026-10-24,53,quantile,0.2,1
2026-10-10,wk inc rsv hosp,2,2026-10-24,53,quantile,0.25,2
2026-10-10,wk inc rsv hosp,2,2026-10-24,53,quantile,0.3,2
2026-10-10,wk inc rsv hosp,2,2026-10-24,53,quantile,0.35,3
2026-10-10,wk inc rsv hosp,2,2026-10-24,53,quantile,0.4,3
2026-10-10,wk inc rsv hosp,2,2026-10-24,53,quantile,0.45,4
2026-10-10,wk inc rsv hosp,2,2026-10-24,53,quantile,0.5,4
2026-10-10,wk inc rsv hosp,2,2026-10-24,53,quantile,0.55,5
2026-10-10,wk inc rsv hosp,2,2026-10-24,53,quantile,0.6,6
2026-10-10,wk inc rsv hosp,2,2026-10-24,53,quantile,0.65,7
2026-10-10,wk inc rsv hosp,2,2026-10-24,53,quantile,0.7,8
2026-10-10,wk inc rsv hosp,2,2026-10-24,53,quantile,0.75,9
2026-10-10,wk inc rsv hosp,2,2026-10-24,53,quantile,0.8,11
2026-10-10,wk inc rsv hosp,2,2026-10-24,53,quantile,0.85,14
2026-10-10,wk inc rsv hosp,2,2026-10-24,53,quantile,0.9,18
2026-10-10,wk inc rsv hosp,2,2026-10-24,53,quantile,0.95,28
2026-10-10,wk inc rsv hosp,2,2026-10-24,53,quantile,0.975,45
2026-10-10,wk inc rsv hosp,2,2026-10-24,53,quantile,0.99,69
2026-10-10,wk inc rsv hosp,2,2026-10-24,54,quantile,0.01,0
2026-10-10,wk inc rsv hosp,2,2026-10-24,54,quantile,0.025,0
2026-10-10,wk inc rsv hosp,2,2026-10-24,54,quantile,0.05,0
2026-10-10,wk inc rsv hosp,2,2026-10-24,54,quantile,0.1,0
2026-10-10,wk inc rsv hosp,2,2026-10-24,54,quantile,0.15,0
2026-10-10,wk inc rsv hosp,2,2026-10-24,54,quantile,0.2,0
2026-10-10,wk inc rsv hosp,2,2026-10-24,54,quantile,0.25,0
2026-10-10,wk inc rsv hosp,2,2026-10-24,54,quantile,0.3,1
2026-10-10,wk inc rsv hosp,2,2026-10-24,54,quantile,0.35,1
2026-10-10,wk inc rsv hosp,2,2026-10-24,54,quantile,0.4,1
2026-10-10,wk inc rsv hosp,2,2026-10-24,54,quantile,0.45,2
2026-10-10,wk inc rsv hosp,2,2026-10-24,54,quantile,0.5,2
2026-10-10,wk inc rsv hosp,2,2026-10-24,54,quantile,0.55,2
2026-10-10,wk inc rsv hosp,2,2026-10-24,54,quantile,0.6,3
2026-10-10,wk inc rsv hosp,2,2026-10-24,54,quantile,0.65,4
2026-10-10,wk inc rsv hosp,2,2026-10-24,54,quantile,0.7,5
2026-10-10,wk inc rsv hosp,2,2026-10-24,54,quantile,0.75,6
2026-10-10,wk inc rsv hosp,2,2026-10-24,54,quantile,0.8,7
2026-10-10,wk inc rsv hosp,2,2026-10-24,54,quantile,0.85,9
2026-10-10,wk inc rsv hosp,2,2026-10-24,54,quantile,0.9,12
2026-10-10,wk inc rsv hosp,2,2026-10-24,54,quantile,0.95,21
2026-10-10,wk inc rsv hosp,2,2026-10-24,54,quantile,0.975,34
2026-10-10,wk inc rsv hosp,2,2026-10-24,54,quantile,0.99,57
2026-10-10,wk inc rsv hosp,2,2026-10-24,55,quantile,0.01,1
2026-10-10,wk inc rsv hosp,2,2026-10-24,55,quantile,0.025,1
2026-10-10,wk inc rsv hosp,2,2026-10-24,55,quantile,0.05,2
2026-10-10,wk inc rsv hosp,2,2026-10-24,55,quantile,0.1,3
2026-10-10,wk inc rsv hosp,2,2026-10-24,55,quantile,0.15,4
2026-10-10,wk inc rsv hosp,2,2026-10-24,55,quantile,0.2,5
2026-10-10,wk inc rsv hosp,2,2026-10-24,55,quantile,0.25,6
2026-10-10,wk inc rsv hosp,2,2026-10-24,55,quantile,0.3,7
2026-10-10,wk inc rsv hosp,2,2026-10-24,55,quantile,0.35,8
2026-10-10,wk inc rsv hosp,2,2026-10-24,55,quantile,0.4,9
2026-10-10,wk inc rsv hosp,2,2026-10-24,55,quantile,0.45,10
2026-10-10,wk inc rsv hosp,2,2026-10-24,55,quantile,0.5,11
2026-10-10,wk inc rsv hosp,2,2026-10-24,55,quantile,0.55,12
2026-10-10,wk inc rsv hosp,2,2026-10-24,55,quantile,0.6,13
2026-10-10,wk inc rsv hosp,2,2026-10-24,55,quantile,0.65,15
2026-10-10,wk inc rsv hosp,2,2026-10-24,55,quantile,0.7,17
2026-10-10,wk inc rsv hosp,2,2026-10-24,55,quantile,0.75,19
2026-10-10,wk inc rsv hosp,2,2026-10-24,55,quantile,0.8,21
2026-10-10,wk inc rsv hosp,2,2026-10-24,55,quantile,0.85,25
2026-10-10,wk inc rsv hosp,2,2026-10-24,55,quantile,0.9,30
2026-10-10,wk inc rsv hosp,2,2026-10-24,55,quantile,0.95,46
2026-10-10,wk inc rsv hosp,2,2026-10-24,55,quantile,0.975,70
2026-10-10,wk inc rsv hosp,2,2026-10-24,55,quantile,0.99,110
2026-10-10,wk inc rsv hosp,2,2026-10-24,56,quantile,0.01,0
2026-10-10,wk inc rsv hosp,2,2026-10-24,56,quantile,0.025,0
2026-10-10,wk inc rsv hosp,2,2026-10-24,56,quantile,0.05,0
2026-10-10,wk inc rsv hosp,2,2026-10-24,56,quantile,0.1,0
2026-10-10,wk inc rsv hosp,2,2026-10-24,56,quantile,0.15,0
2026-10-10,wk inc rsv hosp,2,2026-10-24,56,quantile,0.2,0
2026-10-10,wk inc rsv hosp,2,2026-10-24,56,quantile,0.25,0
2026-10-10,wk inc rsv hosp,2,2026-10-24,56,quantile,0.3,0
2026-10-10,wk inc rsv hosp,2,2026-10-24,56,quantile,0.35,0
2026-10-10,wk inc rsv hosp,2,2026-10-24,56,quantile,0.4,0
2026-10-10,wk inc rsv hosp,2,2026-10-24,56,quantile,0.45,0
2026-10-10,wk inc rsv hosp,2,2026-10-24,56,quantile,0.5,1
2026-10-10,wk inc rsv hosp,2,2026-10-24,56,quantile,0.55,1
2026-10-10,wk inc rsv hosp,2,2026-10-24,56,quantile,0.6,2
2026-10-10,wk inc rsv hosp,2,2026-10-24,56,quantile,0.65,3
2026-10-10,wk inc rsv hosp,2,2026-10-24,56,quantile,0.7,4
2026-10-10,wk inc rsv hosp,2,2026-10-24,56,quantile,0.75,5
2026-10-10,wk inc rsv hosp,2,2026-10-24,56,quantile,0.8,7
2026-10-10,wk inc rsv hosp,2,2026-10-24,56,quantile,0.85,10
2026-10-10,wk inc rsv hosp,2,2026-10-24,56,quantile,0.9,14
2026-10-10,wk inc rsv hosp,2,2026-10-24,56,quantile,0.95,26
2026-10-10,wk inc rsv hosp,2,2026-10-24,56,quantile,0.975,38
2026-10-10,wk inc rsv hosp,2,2026-10-24,56,quantile,0.99,58
2026-10-10,wk inc rsv hosp,2,2026-10-24,72,quantile,0.01,1
2026-10-10,wk inc rsv hosp,2,2026-10-24,72,quantile,0.025,2
2026-10-10,wk inc rsv hosp,2,2026-10-24,72,quantile,0.05,3
2026-10-10,wk inc rsv hosp,2,2026-10-24,72,quantile,0.1,5
2026-10-10,wk inc rsv hosp,2,2026-10-24,72,quantile,0.15,6
2026-10-10,wk inc rsv hosp,2,2026-10-24,72,quantile,0.2,7
2026-10-10,wk inc rsv hosp,2,2026-10-24,72,quantile,0.25,8
2026-10-10,wk inc rsv hosp,2,2026-10-24,72,quantile,0.3,9
2026-10-10,wk inc rsv hosp,2,2026-10-24,72,quantile,0.35,11
2026-10-10,wk inc rsv hosp,2,2026-10-24,72,quantile,0.4,12
2026-10-10,wk inc rsv hosp,2,2026-10-24,72,quantile,0.45,13
2026-10-10,wk inc rsv hosp,2,2026-10-24,72,quantile,0.5,14
2026-10-10,wk inc rsv hosp,2,2026-10-24,72,quantile,0.55,16
2026-10-10,wk inc rsv hosp,2,2026-10-24,72,quantile,0.6,18
2026-10-10,wk inc rsv hosp,2,2026-10-24,72,quantile,0.65,20
2026-10-10,wk inc rsv hosp,2,2026-10-24,72,quantile,0.7,22
2026-10-10,wk inc rsv hosp,2,2026-10-24,72,quantile,0.75,25
2026-10-10,wk inc rsv hosp,2,2026-10-24,72,quantile,0.8,29
2026-10-10,wk inc rsv hosp,2,2026-10-24,72,quantile,0.85,33
2026-10-10,wk inc rsv hosp,2,2026-10-24,72,quantile,0.9,40
2026-10-10,wk inc rsv hosp,2,2026-10-24,72,quantile,0.95,55
2026-10-10,wk inc rsv hosp,2,2026-10-24,72,quantile,0.975,72
2026-10-10,wk inc rsv hosp,2,2026-10-24,72,quantile,0.99,103
2026-10-10,wk inc rsv hosp,2,2026-10-24,US,quantile,0.01,919
2026-10-10,wk inc rsv hosp,2,2026-10-24,US,quantile,0.025,981
2026-10-10,wk inc rsv hosp,2,2026-10-24,US,quantile,0.05,1056
2026-10-10,wk inc rsv hosp,2,2026-10-24,US,quantile,0.1,1147
2026-10-10,wk inc rsv hosp,2,2026-10-24,US,quantile,0.15,1205
2026-10-10,wk inc rsv hosp,2,2026-10-24,US,quantile,0.2,1258
2026-10-10,wk inc rsv hosp,2,2026-10-24,US,quantile,0.25,1309
2026-10-10,wk inc rsv hosp,2,2026-10-24,US,quantile,0.3,1353
2026-10-10,wk inc rsv hosp,2,2026-10-24,US,quantile,0.35,1396
2026-10-10,wk inc rsv hosp,2,2026-10-24,US,quantile,0.4,1442
2026-10-10,wk inc rsv hosp,2,2026-10-24,US,quantile,0.45,1483
2026-10-10,wk inc rsv hosp,2,2026-10-24,US,quantile,0.5,1524
2026-10-10,wk inc rsv hosp,2,2026-10-24,US,quantile,0.55,1561
2026-10-10,wk inc rsv hosp,2,2026-10-24,US,quantile,0.6,1602
2026-10-10,wk inc rsv hosp,2,2026-10-24,US,quantile,0.65,1642
2026-10-10,wk inc rsv hosp,2,2026-10-24,US,quantile,0.7,1719
2026-10-10,wk inc rsv hosp,2,2026-10-24,US,quantile,0.75,1809
2026-10-10,wk inc rsv hosp,2,2026-10-24,US,quantile,0.8,1897
2026-10-10,wk inc rsv hosp,2,2026-10-24,US,quantile,0.85,1996
2026-10-10,wk inc rsv hosp,2,2026-10-24,US,quantile,0.9,2119
2026-10-10,wk inc rsv hosp,2,2026-10-24,US,quantile,0.95,2342
2026-10-10,wk inc rsv hosp,2,2026-10-24,US,quantile,0.975,2602
2026-10-10,wk inc rsv hosp,2,2026-10-24,US,quantile,0.99,2917
2026-10-10,wk inc rsv hosp,3,2026-10-31,01,quantile,0.01,0
2026-10-10,wk inc rsv hosp,3,2026-10-31,01,quantile,0.025,0
2026-10-10,wk inc rsv hosp,3,2026-10-31,01,quantile,0.05,1
2026-10-10,wk inc rsv hosp,3,2026-10-31,01,quantile,0.1,5
2026-10-10,wk inc rsv hosp,3,2026-10-31,01,quantile,0.15,7
2026-10-10,wk inc rsv hosp,3,2026-10-31,01,quantile,0.2,9
2026-10-10,wk inc rsv hosp,3,2026-10-31,01,quantile,0.25,10
2026-10-10,wk inc rsv hosp,3,2026-10-31,01,quantile,0.3,12
2026-10-10,wk inc rsv hosp,3,2026-10-31,01,quantile,0.35,14
2026-10-10,wk inc rsv hosp,3,2026-10-31,01,quantile,0.4,16
2026-10-10,wk inc rsv hosp,3,2026-10-31,01,quantile,0.45,18
2026-10-10,wk inc rsv hosp,3,2026-10-31,01,quantile,0.5,20
2026-10-10,wk inc rsv hosp,3,2026-10-31,01,quantile,0.55,23
2026-10-10,wk inc rsv hosp,3,2026-10-31,01,quantile,0.6,26
2026-10-10,wk inc rsv hosp,3,2026-10-31,01,quantile,0.65,29
2026-10-10,wk inc rsv hosp,3,2026-10-31,01,quantile,0.7,33
2026-10-10,wk inc rsv hosp,3,2026-10-31,01,quantile,0.75,39
2026-10-10,wk inc rsv hosp,3,2026-10-31,01,quantile,0.8,45
2026-10-10,wk inc rsv hosp,3,2026-10-31,01,quantile,0.85,54
2026-10-10,wk inc rsv hosp,3,2026-10-31,01,quantile,0.9,67
2026-10-10,wk inc rsv hosp,3,2026-10-31,01,quantile,0.95,97
2026-10-10,wk inc rsv hosp,3,2026-10-31,01,quantile,0.975,147
2026-10-10,wk inc rsv hosp,3,2026-10-31,01,quantile,0.99,204
2026-10-10,wk inc rsv hosp,3,2026-10-31,02,quantile,0.01,0
2026-10-10,wk inc rsv hosp,3,2026-10-31,02,quantile,0.025,0
2026-10-10,wk inc rsv hosp,3,2026-10-31,02,quantile,0.05,0
2026-10-10,wk inc rsv hosp,3,2026-10-31,02,quantile,0.1,0
2026-10-10,wk inc rsv hosp,3,2026-10-31,02,quantile,0.15,0
2026-10-10,wk inc rsv hosp,3,2026-10-31,02,quantile,0.2,1
2026-10-10,wk inc rsv hosp,3,2026-10-31,02,quantile,0.25,2
2026-10-10,wk inc rsv hosp,3,2026-10-31,02,quantile,0.3,3
2026-10-10,wk inc rsv hosp,3,2026-10-31,02,quantile,0.35,4
2026-10-10,wk inc rsv hosp,3,2026-10-31,02,quantile,0.4,5
2026-10-10,wk inc rsv hosp,3,2026-10-31,02,quantile,0.45,6
2026-10-10,wk inc rsv hosp,3,2026-10-31,02,quantile,0.5,7
2026-10-10,wk inc rsv hosp,3,2026-10-31,02,quantile,0.55,8
2026-10-10,wk inc rsv hosp,3,2026-10-31,02,quantile,0.6,9
2026-10-10,wk inc rsv hosp,3,2026-10-31,02,quantile,0.65,11
2026-10-10,wk inc rsv hosp,3,2026-10-31,02,quantile,0.7,13
2026-10-10,wk inc rsv hosp,3,2026-10-31,02,quantile,0.75,15
2026-10-10,wk inc rsv hosp,3,2026-10-31,02,quantile,0.8,17
2026-10-10,wk inc rsv hosp,3,2026-10-31,02,quantile,0.85,21
2026-10-10,wk inc rsv hosp,3,2026-10-31,02,quantile,0.9,28
2026-10-10,wk inc rsv hosp,3,2026-10-31,02,quantile,0.95,38
2026-10-10,wk inc rsv hosp,3,2026-10-31,02,quantile,0.975,48
2026-10-10,wk inc rsv hosp,3,2026-10-31,02,quantile,0.99,65
2026-10-10,wk inc rsv hosp,3,2026-10-31,04,quantile,0.01,0
2026-10-10,wk inc rsv hosp,3,2026-10-31,04,quantile,0.025,0
2026-10-10,wk inc rsv hosp,3,2026-10-31,04,quantile,0.05,0
2026-10-10,wk inc rsv hosp,3,2026-10-31,04,quantile,0.1,0
2026-10-10,wk inc rsv hosp,3,2026-10-31,04,quantile,0.15,0
2026-10-10,wk inc rsv hosp,3,2026-10-31,04,quantile,0.2,0
2026-10-10,wk inc rsv hosp,3,2026-10-31,04,quantile,0.25,1
2026-10-10,wk inc rsv hosp,3,2026-10-31,04,quantile,0.3,1
2026-10-10,wk inc rsv hosp,3,2026-10-31,04,quantile,0.35,2
2026-10-10,wk inc rsv hosp,3,2026-10-31,04,quantile,0.4,2
2026-10-10,wk inc rsv hosp,3,2026-10-31,04,quantile,0.45,3
2026-10-10,wk inc rsv hosp,3,2026-10-31,04,quantile,0.5,3
2026-10-10,wk inc rsv hosp,3,2026-10-31,04,quantile,0.55,4
2026-10-10,wk inc rsv hosp,3,2026-10-31,04,quantile,0.6,5
2026-10-10,wk inc rsv hosp,3,2026-10-31,04,quantile,0.65,6
2026-10-10,wk inc rsv hosp,3,2026-10-31,04,quantile,0.7,8
2026-10-10,wk inc rsv hosp,3,2026-10-31,04,quantile,0.75,10
2026-10-10,wk inc rsv hosp,3,2026-10-31,04,quantile,0.8,12
2026-10-10,wk inc rsv hosp,3,2026-10-31,04,quantile,0.85,16
2026-10-10,wk inc rsv hosp,3,2026-10-31,04,quantile,0.9,24
2026-10-10,wk inc rsv hosp,3,2026-10-31,04,quantile,0.95,40
2026-10-10,wk inc rsv hosp,3,2026-10-31,04,quantile,0.975,66
2026-10-10,wk inc rsv hosp,3,2026-10-31,04,quantile,0.99,109
2026-10-10,wk inc rsv hosp,3,2026-10-31,05,quantile,0.01,0
2026-10-10,wk inc rsv hosp,3,2026-10-31,05,quantile,0.025,0
2026-10-10,wk inc rsv hosp,3,2026-10-31,05,quantile,0.05,0
2026-10-10,wk inc rsv hosp,3,2026-10-31,05,quantile,0.1,0
2026-10-10,wk inc rsv hosp,3,2026-10-31,05,quantile,0.15,0
2026-10-10,wk inc rsv hosp,3,2026-10-31,05,quantile,0.2,1
2026-10-10,wk inc rsv hosp,3,2026-10-31,05,quantile,0.25,1
2026-10-10,wk inc rsv hosp,3,2026-10-31,05,quantile,0.3,2
2026-10-10,wk inc rsv hosp,3,2026-10-31,05,quantile,0.35,3
2026-10-10,wk inc rsv hosp,3,2026-10-31,05,quantile,0.4,3
2026-10-10,wk inc rsv hosp,3,2026-10-31,05,quantile,0.45,4
2026-10-10,wk inc rsv hosp,3,2026-10-31,05,quantile,0.5,5
2026-10-10,wk inc rsv hosp,3,2026-10-31,05,quantile,0.55,7
2026-10-10,wk inc rsv hosp,3,2026-10-31,05,quantile,0.6,8
2026-10-10,wk inc rsv hosp,3,2026-10-31,05,quantile,0.65,10
2026-10-10,wk inc rsv hosp,3,2026-10-31,05,quantile,0.7,12
2026-10-10,wk inc rsv hosp,3,2026-10-31,05,quantile,0.75,16
2026-10-10,wk inc rsv hosp,3,2026-10-31,05,quantile,0.8,19
2026-10-10,wk inc rsv hosp,3,2026-10-31,05,quantile,0.85,25
2026-10-10,wk inc rsv hosp,3,2026-10-31,05,quantile,0.9,36
2026-10-10,wk inc rsv hosp,3,2026-10-31,05,quantile,0.95,61
2026-10-10,wk inc rsv hosp,3,2026-10-31,05,quantile,0.975,98
2026-10-10,wk inc rsv hosp,3,2026-10-31,05,quantile,0.99,187
2026-10-10,wk inc rsv hosp,3,2026-10-31,06,quantile,0.01,8
2026-10-10,wk inc rsv hosp,3,2026-10-31,06,quantile,0.025,12
2026-10-10,wk inc rsv hosp,3,2026-10-31,06,quantile,0.05,16
2026-10-10,wk inc rsv hosp,3,2026-10-31,06,quantile,0.1,22
2026-10-10,wk inc rsv hosp,3,2026-10-31,06,quantile,0.15,25
2026-10-10,wk inc rsv hosp,3,2026-10-31,06,quantile,0.2,30
2026-10-10,wk inc rsv hosp,3,2026-10-31,06,quantile,0.25,36
2026-10-10,wk inc rsv hosp,3,2026-10-31,06,quantile,0.3,41
2026-10-10,wk inc rsv hosp,3,2026-10-31,06,quantile,0.35,45
2026-10-10,wk inc rsv hosp,3,2026-10-31,06,quantile,0.4,51
2026-10-10,wk inc rsv hosp,3,2026-10-31,06,quantile,0.45,58
2026-10-10,wk inc rsv hosp,3,2026-10-31,06,quantile,0.5,64
2026-10-10,wk inc rsv hosp,3,2026-10-31,06,quantile,0.55,71
2026-10-10,wk inc rsv hosp,3,2026-10-31,06,quantile,0.6,80
2026-10-10,wk inc rsv hosp,3,2026-10-31,06,quantile,0.65,91
2026-10-10,wk inc rsv hosp,3,2026-10-31,06,quantile,0.7,105
2026-10-10,wk inc rsv hosp,3,2026-10-31,06,quantile,0.75,121
2026-10-10,wk inc rsv hosp,3,2026-10-31,06,quantile,0.8,141
2026-10-10,wk inc rsv hosp,3,2026-10-31,06,quantile,0.85,172
2026-10-10,wk inc rsv hosp,3,2026-10-31,06,quantile,0.9,241
2026-10-10,wk inc rsv hosp,3,2026-10-31,06,quantile,0.95,355
2026-10-10,wk inc rsv hosp,3,2026-10-31,06,quantile,0.975,460
2026-10-10,wk inc rsv hosp,3,2026-10-31,06,quantile,0.99,659
2026-10-10,wk inc rsv hosp,3,2026-10-31,08,quantile,0.01,0
2026-10-10,wk inc rsv hosp,3,2026-10-31,08,quantile,0.025,0
2026-10-10,wk inc rsv hosp,3,2026-10-31,08,quantile,0.05,0
2026-10-10,wk inc rsv hosp,3,2026-10-31,08,quantile,0.1,1
2026-10-10,wk inc rsv hosp,3,2026-10-31,08,quantile,0.15,1
2026-10-10,wk inc rsv hosp,3,2026-10-31,08,quantile,0.2,2
2026-10-10,wk inc rsv hosp,3,2026-10-31,08,quantile,0.25,2
2026-10-10,wk inc rsv hosp,3,2026-10-31,08,quantile,0.3,3
2026-10-10,wk inc rsv hosp,3,2026-10-31,08,quantile,0.35,3
2026-10-10,wk inc rsv hosp,3,2026-10-31,08,quantile,0.4,4
2026-10-10,wk inc rsv hosp,3,2026-10-31,08,quantile,0.45,5
2026-10-10,wk inc rsv hosp,3,2026-10-31,08,quantile,0.5,6
2026-10-10,wk inc rsv hosp,3,2026-10-31,08,quantile,0.55,6
2026-10-10,wk inc rsv hosp,3,2026-10-31,08,quantile,0.6,8
2026-10-10,wk inc rsv hosp,3,2026-10-31,08,quantile,0.65,9
2026-10-10,wk inc rsv hosp,3,2026-10-31,08,quantile,0.7,11
2026-10-10,wk inc rsv hosp,3,2026-10-31,08,quantile,0.75,13
2026-10-10,wk inc rsv hosp,3,2026-10-31,08,quantile,0.8,17
2026-10-10,wk inc rsv hosp,3,2026-10-31,08,quantile,0.85,21
2026-10-10,wk inc rsv hosp,3,2026-10-31,08,quantile,0.9,32
2026-10-10,wk inc rsv hosp,3,2026-10-31,08,quantile,0.95,56
2026-10-10,wk inc rsv hosp,3,2026-10-31,08,quantile,0.975,94
2026-10-10,wk inc rsv hosp,3,2026-10-31,08,quantile,0.99,130
2026-10-10,wk inc rsv hosp,3,2026-10-31,09,quantile,0.01,0
2026-10-10,wk inc rsv hosp,3,2026-10-31,09,quantile,0.025,0
2026-10-10,wk inc rsv hosp,3,2026-10-31,09,quantile,0.05,0
2026-10-10,wk inc rsv hosp,3,2026-10-31,09,quantile,0.1,0
2026-10-10,wk inc rsv hosp,3,2026-10-31,09,quantile,0.15,0
2026-10-10,wk inc rsv hosp,3,2026-10-31,09,quantile,0.2,0
2026-10-10,wk inc rsv hosp,3,2026-10-31,09,quantile,0.25,0
2026-10-10,wk inc rsv hosp,3,2026-10-31,09,quantile,0.3,0
2026-10-10,wk inc rsv hosp,3,2026-10-31,09,quantile,0.35,0
2026-10-10,wk inc rsv hosp,3,2026-10-31,09,quantile,0.4,1
2026-10-10,wk inc rsv hosp,3,2026-10-31,09,quantile,0.45,1
2026-10-10,wk inc rsv hosp,3,2026-10-31,09,quantile,0.5,1
2026-10-10,wk inc rsv hosp,3,2026-10-31,09,quantile,0.55,2
2026-10-10,wk inc rsv hosp,3,2026-10-31,09,quantile,0.6,2
2026-10-10,wk inc rsv hosp,3,2026-10-31,09,quantile,0.65,2
2026-10-10,wk inc rsv hosp,3,2026-10-31,09,quantile,0.7,3
2026-10-10,wk inc rsv hosp,3,2026-10-31,09,quantile,0.75,4
2026-10-10,wk inc rsv hosp,3,2026-10-31,09,quantile,0.8,5
2026-10-10,wk inc rsv hosp,3,2026-10-31,09,quantile,0.85,7
2026-10-10,wk inc rsv hosp,3,2026-10-31,09,quantile,0.9,9
2026-10-10,wk inc rsv hosp,3,2026-10-31,09,quantile,0.95,15
2026-10-10,wk inc rsv hosp,3,2026-10-31,09,quantile,0.975,23
2026-10-10,wk inc rsv hosp,3,2026-10-31,09,quantile,0.99,45
2026-10-10,wk inc rsv hosp,3,2026-10-31,10,quantile,0.01,0
2026-10-10,wk inc rsv hosp,3,2026-10-31,10,quantile,0.025,2
2026-10-10,wk inc rsv hosp,3,2026-10-31,10,quantile,0.05,2
2026-10-10,wk inc rsv hosp,3,2026-10-31,10,quantile,0.1,4
2026-10-10,wk inc rsv hosp,3,2026-10-31,10,quantile,0.15,6
2026-10-10,wk inc rsv hosp,3,2026-10-31,10,quantile,0.2,8
2026-10-10,wk inc rsv hosp,3,2026-10-31,10,quantile,0.25,10
2026-10-10,wk inc rsv hosp,3,2026-10-31,10,quantile,0.3,11
2026-10-10,wk inc rsv hosp,3,2026-10-31,10,quantile,0.35,13
2026-10-10,wk inc rsv hosp,3,2026-10-31,10,quantile,0.4,15
2026-10-10,wk inc rsv hosp,3,2026-10-31,10,quantile,0.45,18
2026-10-10,wk inc rsv hosp,3,2026-10-31,10,quantile,0.5,20
2026-10-10,wk inc rsv hosp,3,2026-10-31,10,quantile,0.55,23
2026-10-10,wk inc rsv hosp,3,2026-10-31,10,quantile,0.6,26
2026-10-10,wk inc rsv hosp,3,2026-10-31,10,quantile,0.65,31
2026-10-10,wk inc rsv hosp,3,2026-10-31,10,quantile,0.7,38
2026-10-10,wk inc rsv hosp,3,2026-10-31,10,quantile,0.75,45
2026-10-10,wk inc rsv hosp,3,2026-10-31,10,quantile,0.8,57
2026-10-10,wk inc rsv hosp,3,2026-10-31,10,quantile,0.85,70
2026-10-10,wk inc rsv hosp,3,2026-10-31,10,quantile,0.9,97
2026-10-10,wk inc rsv hosp,3,2026-10-31,10,quantile,0.95,140
2026-10-10,wk inc rsv hosp,3,2026-10-31,10,quantile,0.975,178
2026-10-10,wk inc rsv hosp,3,2026-10-31,10,quantile,0.99,219
2026-10-10,wk inc rsv hosp,3,2026-10-31,11,quantile,0.01,0
2026-10-10,wk inc rsv hosp,3,2026-10-31,11,quantile,0.025,0
2026-10-10,wk inc rsv hosp,3,2026-10-31,11,quantile,0.05,0
2026-10-10,wk inc rsv hosp,3,2026-10-31,11,quantile,0.1,0
2026-10-10,wk inc rsv hosp,3,2026-10-31,11,quantile,0.15,0
2026-10-10,wk inc rsv hosp,3,2026-10-31,11,quantile,0.2,0
2026-10-10,wk inc rsv hosp,3,2026-10-31,11,quantile,0.25,0
2026-10-10,wk inc rsv hosp,3,2026-10-31,11,quantile,0.3,0
2026-10-10,wk inc rsv hosp,3,2026-10-31,11,quantile,0.35,0
2026-10-10,wk inc rsv hosp,3,2026-10-31,11,quantile,0.4,0
2026-10-10,wk inc rsv hosp,3,2026-10-31,11,quantile,0.45,0
2026-10-10,wk inc rsv hosp,3,2026-10-31,11,quantile,0.5,0
2026-10-10,wk inc rsv hosp,3,2026-10-31,11,quantile,0.55,0
2026-10-10,wk inc rsv hosp,3,2026-10-31,11,quantile,0.6,0
2026-10-10,wk inc rsv hosp,3,2026-10-31,11,quantile,0.65,0
2026-10-10,wk inc rsv hosp,3,2026-10-31,11,quantile,0.7,0
2026-10-10,wk inc rsv hosp,3,2026-10-31,11,quantile,0.75,0
2026-10-10,wk inc rsv hosp,3,2026-10-31,11,quantile,0.8,0
2026-10-10,wk inc rsv hosp,3,2026-10-31,11,quantile,0.85,0
2026-10-10,wk inc rsv hosp,3,2026-10-31,11,quantile,0.9,0
2026-10-10,wk inc rsv hosp,3,2026-10-31,11,quantile,0.95,0
2026-10-10,wk inc rsv hosp,3,2026-10-31,11,quantile,0.975,1
2026-10-10,wk inc rsv hosp,3,2026-10-31,11,quantile,0.99,6
2026-10-10,wk inc rsv hosp,3,2026-10-31,12,quantile,0.01,51
2026-10-10,wk inc rsv hosp,3,2026-10-31,12,quantile,0.025,79
2026-10-10,wk inc rsv hosp,3,2026-10-31,12,quantile,0.05,104
2026-10-10,wk inc rsv hosp,3,2026-10-31,12,quantile,0.1,136
2026-10-10,wk inc rsv hosp,3,2026-10-31,12,quantile,0.15,162
2026-10-10,wk inc rsv hosp,3,2026-10-31,12,quantile,0.2,184
2026-10-10,wk inc rsv hosp,3,2026-10-31,12,quantile,0.25,210
2026-10-10,wk inc rsv hosp,3,2026-10-31,12,quantile,0.3,238
2026-10-10,wk inc rsv hosp,3,2026-10-31,12,quantile,0.35,267
2026-10-10,wk inc rsv hosp,3,2026-10-31,12,quantile,0.4,291
2026-10-10,wk inc rsv hosp,3,2026-10-31,12,quantile,0.45,319
2026-10-10,wk inc rsv hosp,3,2026-10-31,12,quantile,0.5,342
2026-10-10,wk inc rsv hosp,3,2026-10-31,12,quantile,0.55,378
2026-10-10,wk inc rsv hosp,3,2026-10-31,12,quantile,0.6,416
2026-10-10,wk inc rsv hosp,3,2026-10-31,12,quantile,0.65,446
2026-10-10,wk inc rsv hosp,3,2026-10-31,12,quantile,0.7,491
2026-10-10,wk inc rsv hosp,3,2026-10-31,12,quantile,0.75,543
2026-10-10,wk inc rsv hosp,3,2026-10-31,12,quantile,0.8,634
2026-10-10,wk inc rsv hosp,3,2026-10-31,12,quantile,0.85,735
2026-10-10,wk inc rsv hosp,3,2026-10-31,12,quantile,0.9,868
2026-10-10,wk inc rsv hosp,3,2026-10-31,12,quantile,0.95,1131
2026-10-10,wk inc rsv hosp,3,2026-10-31,12,quantile,0.975,1360
2026-10-10,wk inc rsv hosp,3,2026-10-31,12,quantile,0.99,1604
2026-10-10,wk inc rsv hosp,3,2026-10-31,13,quantile,0.01,12
2026-10-10,wk inc rsv hosp,3,2026-10-31,13,quantile,0.025,17
2026-10-10,wk inc rsv hosp,3,2026-10-31,13,quantile,0.05,21
2026-10-10,wk inc rsv hosp,3,2026-10-31,13,quantile,0.1,28
2026-10-10,wk inc rsv hosp,3,2026-10-31,13,quantile,0.15,36
2026-10-10,wk inc rsv hosp,3,2026-10-31,13,quantile,0.2,42
2026-10-10,wk inc rsv hosp,3,2026-10-31,13,quantile,0.25,49
2026-10-10,wk inc rsv hosp,3,2026-10-31,13,quantile,0.3,55
2026-10-10,wk inc rsv hosp,3,2026-10-31,13,quantile,0.35,63
2026-10-10,wk inc rsv hosp,3,2026-10-31,13,quantile,0.4,73
2026-10-10,wk inc rsv hosp,3,2026-10-31,13,quantile,0.45,81
2026-10-10,wk inc rsv hosp,3,2026-10-31,13,quantile,0.5,94
2026-10-10,wk inc rsv hosp,3,2026-10-31,13,quantile,0.55,106
2026-10-10,wk inc rsv hosp,3,2026-10-31,13,quantile,0.6,120
2026-10-10,wk inc rsv hosp,3,2026-10-31,13,quantile,0.65,133
2026-10-10,wk inc rsv hosp,3,2026-10-31,13,quantile,0.7,157
2026-10-10,wk inc rsv hosp,3,2026-10-31,13,quantile,0.75,191
2026-10-10,wk inc rsv hosp,3,2026-10-31,13,quantile,0.8,226
2026-10-10,wk inc rsv hosp,3,2026-10-31,13,quantile,0.85,275
2026-10-10,wk inc rsv hosp,3,2026-10-31,13,quantile,0.9,372
2026-10-10,wk inc rsv hosp,3,2026-10-31,13,quantile,0.95,535
2026-10-10,wk inc rsv hosp,3,2026-10-31,13,quantile,0.975,715
2026-10-10,wk inc rsv hosp,3,2026-10-31,13,quantile,0.99,987
2026-10-10,wk inc rsv hosp,3,2026-10-31,15,quantile,0.01,0
2026-10-10,wk inc rsv hosp,3,2026-10-31,15,quantile,0.025,0
2026-10-10,wk inc rsv hosp,3,2026-10-31,15,quantile,0.05,1
2026-10-10,wk inc rsv hosp,3,2026-10-31,15,quantile,0.1,3
2026-10-10,wk inc rsv hosp,3,2026-10-31,15,quantile,0.15,5
2026-10-10,wk inc rsv hosp,3,2026-10-31,15,quantile,0.2,6
2026-10-10,wk inc rsv hosp,3,2026-10-31,15,quantile,0.25,7
2026-10-10,wk inc rsv hosp,3,2026-10-31,15,quantile,0.3,8
2026-10-10,wk inc rsv hosp,3,2026-10-31,15,quantile,0.35,10
2026-10-10,wk inc rsv hosp,3,2026-10-31,15,quantile,0.4,11
2026-10-10,wk inc rsv hosp,3,2026-10-31,15,quantile,0.45,13
2026-10-10,wk inc rsv hosp,3,2026-10-31,15,quantile,0.5,15
2026-10-10,wk inc rsv hosp,3,2026-10-31,15,quantile,0.55,17
2026-10-10,wk inc rsv hosp,3,2026-10-31,15,quantile,0.6,19
2026-10-10,wk inc rsv hosp,3,2026-10-31,15,quantile,0.65,21
2026-10-10,wk inc rsv hosp,3,2026-10-31,15,quantile,0.7,25
2026-10-10,wk inc rsv hosp,3,2026-10-31,15,quantile,0.75,29
2026-10-10,wk inc rsv hosp,3,2026-10-31,15,quantile,0.8,33
2026-10-10,wk inc rsv hosp,3,2026-10-31,15,quantile,0.85,40
2026-10-10,wk inc rsv hosp,3,2026-10-31,15,quantile,0.9,52
2026-10-10,wk inc rsv hosp,3,2026-10-31,15,quantile,0.95,76
2026-10-10,wk inc rsv hosp,3,2026-10-31,15,quantile,0.975,101
2026-10-10,wk inc rsv hosp,3,2026-10-31,15,quantile,0.99,146
2026-10-10,wk inc rsv hosp,3,2026-10-31,16,quantile,0.01,0
2026-10-10,wk inc rsv hosp,3,2026-10-31,16,quantile,0.025,0
2026-10-10,wk inc rsv hosp,3,2026-10-31,16,quantile,0.05,0
2026-10-10,wk inc rsv hosp,3,2026-10-31,16,quantile,0.1,1
2026-10-10,wk inc rsv hosp,3,2026-10-31,16,quantile,0.15,2
2026-10-10,wk inc rsv hosp,3,2026-10-31,16,quantile,0.2,3
2026-10-10,wk inc rsv hosp,3,2026-10-31,16,quantile,0.25,4
2026-10-10,wk inc rsv hosp,3,2026-10-31,16,quantile,0.3,5
2026-10-10,wk inc rsv hosp,3,2026-10-31,16,quantile,0.35,7
2026-10-10,wk inc rsv hosp,3,2026-10-31,16,quantile,0.4,9
2026-10-10,wk inc rsv hosp,3,2026-10-31,16,quantile,0.45,10
2026-10-10,wk inc rsv hosp,3,2026-10-31,16,quantile,0.5,12
2026-10-10,wk inc rsv hosp,3,2026-10-31,16,quantile,0.55,15
2026-10-10,wk inc rsv hosp,3,2026-10-31,16,quantile,0.6,18
2026-10-10,wk inc rsv hosp,3,2026-10-31,16,quantile,0.65,22
2026-10-10,wk inc rsv hosp,3,2026-10-31,16,quantile,0.7,27
2026-10-10,wk inc rsv hosp,3,2026-10-31,16,quantile,0.75,34
2026-10-10,wk inc rsv hosp,3,2026-10-31,16,quantile,0.8,44
2026-10-10,wk inc rsv hosp,3,2026-10-31,16,quantile,0.85,59
2026-10-10,wk inc rsv hosp,3,2026-10-31,16,quantile,0.9,84
2026-10-10,wk inc rsv hosp,3,2026-10-31,16,quantile,0.95,121
2026-10-10,wk inc rsv hosp,3,2026-10-31,16,quantile,0.975,165
2026-10-10,wk inc rsv hosp,3,2026-10-31,16,quantile,0.99,219
2026-10-10,wk inc rsv hosp,3,2026-10-31,17,quantile,0.01,0
2026-10-10,wk inc rsv hosp,3,2026-10-31,17,quantile,0.025,0
2026-10-10,wk inc rsv hosp,3,2026-10-31,17,quantile,0.05,1
2026-10-10,wk inc rsv hosp,3,2026-10-31,17,quantile,0.1,4
2026-10-10,wk inc rsv hosp,3,2026-10-31,17,quantile,0.15,6
2026-10-10,wk inc rsv hosp,3,2026-10-31,17,quantile,0.2,8
2026-10-10,wk inc rsv hosp,3,2026-10-31,17,quantile,0.25,10
2026-10-10,wk inc rsv hosp,3,2026-10-31,17,quantile,0.3,12
2026-10-10,wk inc rsv hosp,3,2026-10-31,17,quantile,0.35,13
2026-10-10,wk inc rsv hosp,3,2026-10-31,17,quantile,0.4,16
2026-10-10,wk inc rsv hosp,3,2026-10-31,17,quantile,0.45,18
2026-10-10,wk inc rsv hosp,3,2026-10-31,17,quantile,0.5,21
2026-10-10,wk inc rsv hosp,3,2026-10-31,17,quantile,0.55,24
2026-10-10,wk inc rsv hosp,3,2026-10-31,17,quantile,0.6,27
2026-10-10,wk inc rsv hosp,3,2026-10-31,17,quantile,0.65,31
2026-10-10,wk inc rsv hosp,3,2026-10-31,17,quantile,0.7,36
2026-10-10,wk inc rsv hosp,3,2026-10-31,17,quantile,0.75,41
2026-10-10,wk inc rsv hosp,3,2026-10-31,17,quantile,0.8,51
2026-10-10,wk inc rsv hosp,3,2026-10-31,17,quantile,0.85,68
2026-10-10,wk inc rsv hosp,3,2026-10-31,17,quantile,0.9,93
2026-10-10,wk inc rsv hosp,3,2026-10-31,17,quantile,0.95,135
2026-10-10,wk inc rsv hosp,3,2026-10-31,17,quantile,0.975,197
2026-10-10,wk inc rsv hosp,3,2026-10-31,17,quantile,0.99,346
2026-10-10,wk inc rsv hosp,3,2026-10-31,18,quantile,0.01,0
2026-10-10,wk inc rsv hosp,3,2026-10-31,18,quantile,0.025,0
2026-10-10,wk inc rsv hosp,3,2026-10-31,18,quantile,0.05,0
2026-10-10,wk inc rsv hosp,3,2026-10-31,18,quantile,0.1,0
2026-10-10,wk inc rsv hosp,3,2026-10-31,18,quantile,0.15,0
2026-10-10,wk inc rsv hosp,3,2026-10-31,18,quantile,0.2,0
2026-10-10,wk inc rsv hosp,3,2026-10-31,18,quantile,0.25,1
2026-10-10,wk inc rsv hosp,3,2026-10-31,18,quantile,0.3,1
2026-10-10,wk inc rsv hosp,3,2026-10-31,18,quantile,0.35,1
2026-10-10,wk inc rsv hosp,3,2026-10-31,18,quantile,0.4,2
2026-10-10,wk inc rsv hosp,3,2026-10-31,18,quantile,0.45,2
2026-10-10,wk inc rsv hosp,3,2026-10-31,18,quantile,0.5,3
2026-10-10,wk inc rsv hosp,3,2026-10-31,18,quantile,0.55,4
2026-10-10,wk inc rsv hosp,3,2026-10-31,18,quantile,0.6,4
2026-10-10,wk inc rsv hosp,3,2026-10-31,18,quantile,0.65,5
2026-10-10,wk inc rsv hosp,3,2026-10-31,18,quantile,0.7,6
2026-10-10,wk inc rsv hosp,3,2026-10-31,18,quantile,0.75,7
2026-10-10,wk inc rsv hosp,3,2026-10-31,18,quantile,0.8,9
2026-10-10,wk inc rsv hosp,3,2026-10-31,18,quantile,0.85,12
2026-10-10,wk inc rsv hosp,3,2026-10-31,18,quantile,0.9,17
2026-10-10,wk inc rsv hosp,3,2026-10-31,18,quantile,0.95,30
2026-10-10,wk inc rsv hosp,3,2026-10-31,18,quantile,0.975,52
2026-10-10,wk inc rsv hosp,3,2026-10-31,18,quantile,0.99,76
2026-10-10,wk inc rsv hosp,3,2026-10-31,19,quantile,0.01,0
2026-10-10,wk inc rsv hosp,3,2026-10-31,19,quantile,0.025,0
2026-10-10,wk inc rsv hosp,3,2026-10-31,19,quantile,0.05,0
2026-10-10,wk inc rsv hosp,3,2026-10-31,19,quantile,0.1,0
2026-10-10,wk inc rsv hosp,3,2026-10-31,19,quantile,0.15,0
2026-10-10,wk inc rsv hosp,3,2026-10-31,19,quantile,0.2,0
2026-10-10,wk inc rsv hosp,3,2026-10-31,19,quantile,0.25,0
2026-10-10,wk inc rsv hosp,3,2026-10-31,19,quantile,0.3,0
2026-10-10,wk inc rsv hosp,3,2026-10-31,19,quantile,0.35,0
2026-10-10,wk inc rsv hosp,3,2026-10-31,19,quantile,0.4,0
2026-10-10,wk inc rsv hosp,3,2026-10-31,19,quantile,0.45,0
2026-10-10,wk inc rsv hosp,3,2026-10-31,19,quantile,0.5,0
2026-10-10,wk inc rsv hosp,3,2026-10-31,19,quantile,0.55,1
2026-10-10,wk inc rsv hosp,3,2026-10-31,19,quantile,0.6,1
2026-10-10,wk inc rsv hosp,3,2026-10-31,19,quantile,0.65,2
2026-10-10,wk inc rsv hosp,3,2026-10-31,19,quantile,0.7,3
2026-10-10,wk inc rsv hosp,3,2026-10-31,19,quantile,0.75,4
2026-10-10,wk inc rsv hosp,3,2026-10-31,19,quantile,0.8,6
2026-10-10,wk inc rsv hosp,3,2026-10-31,19,quantile,0.85,9
2026-10-10,wk inc rsv hosp,3,2026-10-31,19,quantile,0.9,13
2026-10-10,wk inc rsv hosp,3,2026-10-31,19,quantile,0.95,24
2026-10-10,wk inc rsv hosp,3,2026-10-31,19,quantile,0.975,38
2026-10-10,wk inc rsv hosp,3,2026-10-31,19,quantile,0.99,61
2026-10-10,wk inc rsv hosp,3,2026-10-31,20,quantile,0.01,0
2026-10-10,wk inc rsv hosp,3,2026-10-31,20,quantile,0.025,0
2026-10-10,wk inc rsv hosp,3,2026-10-31,20,quantile,0.05,0
2026-10-10,wk inc rsv hosp,3,2026-10-31,20,quantile,0.1,0
2026-10-10,wk inc rsv hosp,3,2026-10-31,20,quantile,0.15,0
2026-10-10,wk inc rsv hosp,3,2026-10-31,20,quantile,0.2,0
2026-10-10,wk inc rsv hosp,3,2026-10-31,20,quantile,0.25,0
2026-10-10,wk inc rsv hosp,3,2026-10-31,20,quantile,0.3,0
2026-10-10,wk inc rsv hosp,3,2026-10-31,20,quantile,0.35,0
2026-10-10,wk inc rsv hosp,3,2026-10-31,20,quantile,0.4,1
2026-10-10,wk inc rsv hosp,3,2026-10-31,20,quantile,0.45,1
2026-10-10,wk inc rsv hosp,3,2026-10-31,20,quantile,0.5,2
2026-10-10,wk inc rsv hosp,3,2026-10-31,20,quantile,0.55,2
2026-10-10,wk inc rsv hosp,3,2026-10-31,20,quantile,0.6,3
2026-10-10,wk inc rsv hosp,3,2026-10-31,20,quantile,0.65,4
2026-10-10,wk inc rsv hosp,3,2026-10-31,20,quantile,0.7,4
2026-10-10,wk inc rsv hosp,3,2026-10-31,20,quantile,0.75,6
2026-10-10,wk inc rsv hosp,3,2026-10-31,20,quantile,0.8,8
2026-10-10,wk inc rsv hosp,3,2026-10-31,20,quantile,0.85,11
2026-10-10,wk inc rsv hosp,3,2026-10-31,20,quantile,0.9,17
2026-10-10,wk inc rsv hosp,3,2026-10-31,20,quantile,0.95,31
2026-10-10,wk inc rsv hosp,3,2026-10-31,20,quantile,0.975,46
2026-10-10,wk inc rsv hosp,3,2026-10-31,20,quantile,0.99,74
2026-10-10,wk inc rsv hosp,3,2026-10-31,21,quantile,0.01,2
2026-10-10,wk inc rsv hosp,3,2026-10-31,21,quantile,0.025,3
2026-10-10,wk inc rsv hosp,3,2026-10-31,21,quantile,0.05,4
2026-10-10,wk inc rsv hosp,3,2026-10-31,21,quantile,0.1,7
2026-10-10,wk inc rsv hosp,3,2026-10-31,21,quantile,0.15,10
2026-10-10,wk inc rsv hosp,3,2026-10-31,21,quantile,0.2,12
2026-10-10,wk inc rsv hosp,3,2026-10-31,21,quantile,0.25,15
2026-10-10,wk inc rsv hosp,3,2026-10-31,21,quantile,0.3,17
2026-10-10,wk inc rsv hosp,3,2026-10-31,21,quantile,0.35,19
2026-10-10,wk inc rsv hosp,3,2026-10-31,21,quantile,0.4,23
2026-10-10,wk inc rsv hosp,3,2026-10-31,21,quantile,0.45,26
2026-10-10,wk inc rsv hosp,3,2026-10-31,21,quantile,0.5,31
2026-10-10,wk inc rsv hosp,3,2026-10-31,21,quantile,0.55,37
2026-10-10,wk inc rsv hosp,3,2026-10-31,21,quantile,0.6,43
2026-10-10,wk inc rsv hosp,3,2026-10-31,21,quantile,0.65,49
2026-10-10,wk inc rsv hosp,3,2026-10-31,21,quantile,0.7,57
2026-10-10,wk inc rsv hosp,3,2026-10-31,21,quantile,0.75,68
2026-10-10,wk inc rsv hosp,3,2026-10-31,21,quantile,0.8,81
2026-10-10,wk inc rsv hosp,3,2026-10-31,21,quantile,0.85,102
2026-10-10,wk inc rsv hosp,3,2026-10-31,21,quantile,0.9,138
2026-10-10,wk inc rsv hosp,3,2026-10-31,21,quantile,0.95,204
2026-10-10,wk inc rsv hosp,3,2026-10-31,21,quantile,0.975,296
2026-10-10,wk inc rsv hosp,3,2026-10-31,21,quantile,0.99,489
2026-10-10,wk inc rsv hosp,3,2026-10-31,22,quantile,0.01,0
2026-10-10,wk inc rsv hosp,3,2026-10-31,22,quantile,0.025,1
2026-10-10,wk inc rsv hosp,3,2026-10-31,22,quantile,0.05,3
2026-10-10,wk inc rsv hosp,3,2026-10-31,22,quantile,0.1,6
2026-10-10,wk inc rsv hosp,3,2026-10-31,22,quantile,0.15,8
2026-10-10,wk inc rsv hosp,3,2026-10-31,22,quantile,0.2,10
2026-10-10,wk inc rsv hosp,3,2026-10-31,22,quantile,0.25,12
2026-10-10,wk inc rsv hosp,3,2026-10-31,22,quantile,0.3,14
2026-10-10,wk inc rsv hosp,3,2026-10-31,22,quantile,0.35,16
2026-10-10,wk inc rsv hosp,3,2026-10-31,22,quantile,0.4,19
2026-10-10,wk inc rsv hosp,3,2026-10-31,22,quantile,0.45,22
2026-10-10,wk inc rsv hosp,3,2026-10-31,22,quantile,0.5,26
2026-10-10,wk inc rsv hosp,3,2026-10-31,22,quantile,0.55,29
2026-10-10,wk inc rsv hosp,3,2026-10-31,22,quantile,0.6,33
2026-10-10,wk inc rsv hosp,3,2026-10-31,22,quantile,0.65,38
2026-10-10,wk inc rsv hosp,3,2026-10-31,22,quantile,0.7,46
2026-10-10,wk inc rsv hosp,3,2026-10-31,22,quantile,0.75,55
2026-10-10,wk inc rsv hosp,3,2026-10-31,22,quantile,0.8,66
2026-10-10,wk inc rsv hosp,3,2026-10-31,22,quantile,0.85,79
2026-10-10,wk inc rsv hosp,3,2026-10-31,22,quantile,0.9,110
2026-10-10,wk inc rsv hosp,3,2026-10-31,22,quantile,0.95,164
2026-10-10,wk inc rsv hosp,3,2026-10-31,22,quantile,0.975,212
2026-10-10,wk inc rsv hosp,3,2026-10-31,22,quantile,0.99,271
2026-10-10,wk inc rsv hosp,3,2026-10-31,23,quantile,0.01,0
2026-10-10,wk inc rsv hosp,3,2026-10-31,23,quantile,0.025,0
2026-10-10,wk inc rsv hosp,3,2026-10-31,23,quantile,0.05,0
2026-10-10,wk inc rsv hosp,3,2026-10-31,23,quantile,0.1,0
2026-10-10,wk inc rsv hosp,3,2026-10-31,23,quantile,0.15,0
2026-10-10,wk inc rsv hosp,3,2026-10-31,23,quantile,0.2,0
2026-10-10,wk inc rsv hosp,3,2026-10-31,23,quantile,0.25,0
2026-10-10,wk inc rsv hosp,3,2026-10-31,23,quantile,0.3,0
2026-10-10,wk inc rsv hosp,3,2026-10-31,23,quantile,0.35,0
2026-10-10,wk inc rsv hosp,3,2026-10-31,23,quantile,0.4,0
2026-10-10,wk inc rsv hosp,3,2026-10-31,23,quantile,0.45,0
2026-10-10,wk inc rsv hosp,3,2026-10-31,23,quantile,0.5,0
2026-10-10,wk inc rsv hosp,3,2026-10-31,23,quantile,0.55,0
2026-10-10,wk inc rsv hosp,3,2026-10-31,23,quantile,0.6,0
2026-10-10,wk inc rsv hosp,3,2026-10-31,23,quantile,0.65,0
2026-10-10,wk inc rsv hosp,3,2026-10-31,23,quantile,0.7,0
2026-10-10,wk inc rsv hosp,3,2026-10-31,23,quantile,0.75,0
2026-10-10,wk inc rsv hosp,3,2026-10-31,23,quantile,0.8,0
2026-10-10,wk inc rsv hosp,3,2026-10-31,23,quantile,0.85,0
2026-10-10,wk inc rsv hosp,3,2026-10-31,23,quantile,0.9,0
2026-10-10,wk inc rsv hosp,3,2026-10-31,23,quantile,0.95,0
2026-10-10,wk inc rsv hosp,3,2026-10-31,23,quantile,0.975,1
2026-10-10,wk inc rsv hosp,3,2026-10-31,23,quantile,0.99,3
2026-10-10,wk inc rsv hosp,3,2026-10-31,24,quantile,0.01,0
2026-10-10,wk inc rsv hosp,3,2026-10-31,24,quantile,0.025,0
2026-10-10,wk inc rsv hosp,3,2026-10-31,24,quantile,0.05,0
2026-10-10,wk inc rsv hosp,3,2026-10-31,24,quantile,0.1,0
2026-10-10,wk inc rsv hosp,3,2026-10-31,24,quantile,0.15,1
2026-10-10,wk inc rsv hosp,3,2026-10-31,24,quantile,0.2,1
2026-10-10,wk inc rsv hosp,3,2026-10-31,24,quantile,0.25,2
2026-10-10,wk inc rsv hosp,3,2026-10-31,24,quantile,0.3,2
2026-10-10,wk inc rsv hosp,3,2026-10-31,24,quantile,0.35,3
2026-10-10,wk inc rsv hosp,3,2026-10-31,24,quantile,0.4,3
2026-10-10,wk inc rsv hosp,3,2026-10-31,24,quantile,0.45,4
2026-10-10,wk inc rsv hosp,3,2026-10-31,24,quantile,0.5,4
2026-10-10,wk inc rsv hosp,3,2026-10-31,24,quantile,0.55,5
2026-10-10,wk inc rsv hosp,3,2026-10-31,24,quantile,0.6,6
2026-10-10,wk inc rsv hosp,3,2026-10-31,24,quantile,0.65,7
2026-10-10,wk inc rsv hosp,3,2026-10-31,24,quantile,0.7,8
2026-10-10,wk inc rsv hosp,3,2026-10-31,24,quantile,0.75,9
2026-10-10,wk inc rsv hosp,3,2026-10-31,24,quantile,0.8,12
2026-10-10,wk inc rsv hosp,3,2026-10-31,24,quantile,0.85,15
2026-10-10,wk inc rsv hosp,3,2026-10-31,24,quantile,0.9,21
2026-10-10,wk inc rsv hosp,3,2026-10-31,24,quantile,0.95,36
2026-10-10,wk inc rsv hosp,3,2026-10-31,24,quantile,0.975,56
2026-10-10,wk inc rsv hosp,3,2026-10-31,24,quantile,0.99,114
2026-10-10,wk inc rsv hosp,3,2026-10-31,25,quantile,0.01,0
2026-10-10,wk inc rsv hosp,3,2026-10-31,25,quantile,0.025,0
2026-10-10,wk inc rsv hosp,3,2026-10-31,25,quantile,0.05,0
2026-10-10,wk inc rsv hosp,3,2026-10-31,25,quantile,0.1,0
2026-10-10,wk inc rsv hosp,3,2026-10-31,25,quantile,0.15,0
2026-10-10,wk inc rsv hosp,3,2026-10-31,25,quantile,0.2,0
2026-10-10,wk inc rsv hosp,3,2026-10-31,25,quantile,0.25,0
2026-10-10,wk inc rsv hosp,3,2026-10-31,25,quantile,0.3,1
2026-10-10,wk inc rsv hosp,3,2026-10-31,25,quantile,0.35,1
2026-10-10,wk inc rsv hosp,3,2026-10-31,25,quantile,0.4,2
2026-10-10,wk inc rsv hosp,3,2026-10-31,25,quantile,0.45,2
2026-10-10,wk inc rsv hosp,3,2026-10-31,25,quantile,0.5,3
2026-10-10,wk inc rsv hosp,3,2026-10-31,25,quantile,0.55,3
2026-10-10,wk inc rsv hosp,3,2026-10-31,25,quantile,0.6,4
2026-10-10,wk inc rsv hosp,3,2026-10-31,25,quantile,0.65,5
2026-10-10,wk inc rsv hosp,3,2026-10-31,25,quantile,0.7,6
2026-10-10,wk inc rsv hosp,3,2026-10-31,25,quantile,0.75,7
2026-10-10,wk inc rsv hosp,3,2026-10-31,25,quantile,0.8,9
2026-10-10,wk inc rsv hosp,3,2026-10-31,25,quantile,0.85,11
2026-10-10,wk inc rsv hosp,3,2026-10-31,25,quantile,0.9,15
2026-10-10,wk inc rsv hosp,3,2026-10-31,25,quantile,0.95,26
2026-10-10,wk inc rsv hosp,3,2026-10-31,25,quantile,0.975,35
2026-10-10,wk inc rsv hosp,3,2026-10-31,25,quantile,0.99,65
2026-10-10,wk inc rsv hosp,3,2026-10-31,26,quantile,0.01,0
2026-10-10,wk inc rsv hosp,3,2026-10-31,26,quantile,0.025,2
2026-10-10,wk inc rsv hosp,3,2026-10-31,26,quantile,0.05,7
2026-10-10,wk inc rsv hosp,3,2026-10-31,26,quantile,0.1,10
2026-10-10,wk inc rsv hosp,3,2026-10-31,26,quantile,0.15,14
2026-10-10,wk inc rsv hosp,3,2026-10-31,26,quantile,0.2,17
2026-10-10,wk inc rsv hosp,3,2026-10-31,26,quantile,0.25,20
2026-10-10,wk inc rsv hosp,3,2026-10-31,26,quantile,0.3,24
2026-10-10,wk inc rsv hosp,3,2026-10-31,26,quantile,0.35,28
2026-10-10,wk inc rsv hosp,3,2026-10-31,26,quantile,0.4,33
2026-10-10,wk inc rsv hosp,3,2026-10-31,26,quantile,0.45,36
2026-10-10,wk inc rsv hosp,3,2026-10-31,26,quantile,0.5,43
2026-10-10,wk inc rsv hosp,3,2026-10-31,26,quantile,0.55,50
2026-10-10,wk inc rsv hosp,3,2026-10-31,26,quantile,0.6,58
2026-10-10,wk inc rsv hosp,3,2026-10-31,26,quantile,0.65,69
2026-10-10,wk inc rsv hosp,3,2026-10-31,26,quantile,0.7,86
2026-10-10,wk inc rsv hosp,3,2026-10-31,26,quantile,0.75,104
2026-10-10,wk inc rsv hosp,3,2026-10-31,26,quantile,0.8,130
2026-10-10,wk inc rsv hosp,3,2026-10-31,26,quantile,0.85,180
2026-10-10,wk inc rsv hosp,3,2026-10-31,26,quantile,0.9,268
2026-10-10,wk inc rsv hosp,3,2026-10-31,26,quantile,0.95,485
2026-10-10,wk inc rsv hosp,3,2026-10-31,26,quantile,0.975,813
2026-10-10,wk inc rsv hosp,3,2026-10-31,26,quantile,0.99,1325
2026-10-10,wk inc rsv hosp,3,2026-10-31,27,quantile,0.01,0
2026-10-10,wk inc rsv hosp,3,2026-10-31,27,quantile,0.025,0
2026-10-10,wk inc rsv hosp,3,2026-10-31,27,quantile,0.05,0
2026-10-10,wk inc rsv hosp,3,2026-10-31,27,quantile,0.1,0
2026-10-10,wk inc rsv hosp,3,2026-10-31,27,quantile,0.15,0
2026-10-10,wk inc rsv hosp,3,2026-10-31,27,quantile,0.2,0
2026-10-10,wk inc rsv hosp,3,2026-10-31,27,quantile,0.25,0
2026-10-10,wk inc rsv hosp,3,2026-10-31,27,quantile,0.3,1
2026-10-10,wk inc rsv hosp,3,2026-10-31,27,quantile,0.35,1
2026-10-10,wk inc rsv hosp,3,2026-10-31,27,quantile,0.4,1
2026-10-10,wk inc rsv hosp,3,2026-10-31,27,quantile,0.45,1
2026-10-10,wk inc rsv hosp,3,2026-10-31,27,quantile,0.5,2
2026-10-10,wk inc rsv hosp,3,2026-10-31,27,quantile,0.55,2
2026-10-10,wk inc rsv hosp,3,2026-10-31,27,quantile,0.6,3
2026-10-10,wk inc rsv hosp,3,2026-10-31,27,quantile,0.65,3
2026-10-10,wk inc rsv hosp,3,2026-10-31,27,quantile,0.7,4
2026-10-10,wk inc rsv hosp,3,2026-10-31,27,quantile,0.75,5
2026-10-10,wk inc rsv hosp,3,2026-10-31,27,quantile,0.8,6
2026-10-10,wk inc rsv hosp,3,2026-10-31,27,quantile,0.85,8
2026-10-10,wk inc rsv hosp,3,2026-10-31,27,quantile,0.9,13
2026-10-10,wk inc rsv hosp,3,2026-10-31,27,quantile,0.95,25
2026-10-10,wk inc rsv hosp,3,2026-10-31,27,quantile,0.975,54
2026-10-10,wk inc rsv hosp,3,2026-10-31,27,quantile,0.99,166
2026-10-10,wk inc rsv hosp,3,2026-10-31,28,quantile,0.01,0
2026-10-10,wk inc rsv hosp,3,2026-10-31,28,quantile,0.025,0
2026-10-10,wk inc rsv hosp,3,2026-10-31,28,quantile,0.05,0
2026-10-10,wk inc rsv hosp,3,2026-10-31,28,quantile,0.1,1
2026-10-10,wk inc rsv hosp,3,2026-10-31,28,quantile,0.15,2
2026-10-10,wk inc rsv hosp,3,2026-10-31,28,quantile,0.2,3
2026-10-10,wk inc rsv hosp,3,2026-10-31,28,quantile,0.25,4
2026-10-10,wk inc rsv hosp,3,2026-10-31,28,quantile,0.3,5
2026-10-10,wk inc rsv hosp,3,2026-10-31,28,quantile,0.35,6
2026-10-10,wk inc rsv hosp,3,2026-10-31,28,quantile,0.4,7
2026-10-10,wk inc rsv hosp,3,2026-10-31,28,quantile,0.45,8
2026-10-10,wk inc rsv hosp,3,2026-10-31,28,quantile,0.5,9
2026-10-10,wk inc rsv hosp,3,2026-10-31,28,quantile,0.55,11
2026-10-10,wk inc rsv hosp,3,2026-10-31,28,quantile,0.6,13
2026-10-10,wk inc rsv hosp,3,2026-10-31,28,quantile,0.65,15
2026-10-10,wk inc rsv hosp,3,2026-10-31,28,quantile,0.7,17
2026-10-10,wk inc rsv hosp,3,2026-10-31,28,quantile,0.75,20
2026-10-10,wk inc rsv hosp,3,2026-10-31,28,quantile,0.8,24
2026-10-10,wk inc rsv hosp,3,2026-10-31,28,quantile,0.85,29
2026-10-10,wk inc rsv hosp,3,2026-10-31,28,quantile,0.9,37
2026-10-10,wk inc rsv hosp,3,2026-10-31,28,quantile,0.95,63
2026-10-10,wk inc rsv hosp,3,2026-10-31,28,quantile,0.975,116
2026-10-10,wk inc rsv hosp,3,2026-10-31,28,quantile,0.99,162
2026-10-10,wk inc rsv hosp,3,2026-10-31,29,quantile,0.01,2
2026-10-10,wk inc rsv hosp,3,2026-10-31,29,quantile,0.025,4
2026-10-10,wk inc rsv hosp,3,2026-10-31,29,quantile,0.05,6
2026-10-10,wk inc rsv hosp,3,2026-10-31,29,quantile,0.1,9
2026-10-10,wk inc rsv hosp,3,2026-10-31,29,quantile,0.15,11
2026-10-10,wk inc rsv hosp,3,2026-10-31,29,quantile,0.2,13
2026-10-10,wk inc rsv hosp,3,2026-10-31,29,quantile,0.25,16
2026-10-10,wk inc rsv hosp,3,2026-10-31,29,quantile,0.3,18
2026-10-10,wk inc rsv hosp,3,2026-10-31,29,quantile,0.35,21
2026-10-10,wk inc rsv hosp,3,2026-10-31,29,quantile,0.4,24
2026-10-10,wk inc rsv hosp,3,2026-10-31,29,quantile,0.45,29
2026-10-10,wk inc rsv hosp,3,2026-10-31,29,quantile,0.5,33
2026-10-10,wk inc rsv hosp,3,2026-10-31,29,quantile,0.55,38
2026-10-10,wk inc rsv hosp,3,2026-10-31,29,quantile,0.6,44
2026-10-10,wk inc rsv hosp,3,2026-10-31,29,quantile,0.65,53
2026-10-10,wk inc rsv hosp,3,2026-10-31,29,quantile,0.7,62
2026-10-10,wk inc rsv hosp,3,2026-10-31,29,quantile,0.75,75
2026-10-10,wk inc rsv hosp,3,2026-10-31,29,quantile,0.8,95
2026-10-10,wk inc rsv hosp,3,2026-10-31,29,quantile,0.85,124
2026-10-10,wk inc rsv hosp,3,2026-10-31,29,quantile,0.9,184
2026-10-10,wk inc rsv hosp,3,2026-10-31,29,quantile,0.95,281
2026-10-10,wk inc rsv hosp,3,2026-10-31,29,quantile,0.975,422
2026-10-10,wk inc rsv hosp,3,2026-10-31,29,quantile,0.99,673
2026-10-10,wk inc rsv hosp,3,2026-10-31,30,quantile,0.01,0
2026-10-10,wk inc rsv hosp,3,2026-10-31,30,quantile,0.025,0
2026-10-10,wk inc rsv hosp,3,2026-10-31,30,quantile,0.05,0
2026-10-10,wk inc rsv hosp,3,2026-10-31,30,quantile,0.1,0
2026-10-10,wk inc rsv hosp,3,2026-10-31,30,quantile,0.15,0
2026-10-10,wk inc rsv hosp,3,2026-10-31,30,quantile,0.2,0
2026-10-10,wk inc rsv hosp,3,2026-10-31,30,quantile,0.25,0
2026-10-10,wk inc rsv hosp,3,2026-10-31,30,quantile,0.3,0
2026-10-10,wk inc rsv hosp,3,2026-10-31,30,quantile,0.35,0
2026-10-10,wk inc rsv hosp,3,2026-10-31,30,quantile,0.4,0
2026-10-10,wk inc rsv hosp,3,2026-10-31,30,quantile,0.45,0
2026-10-10,wk inc rsv hosp,3,2026-10-31,30,quantile,0.5,0
2026-10-10,wk inc rsv hosp,3,2026-10-31,30,quantile,0.55,0
2026-10-10,wk inc rsv hosp,3,2026-10-31,30,quantile,0.6,0
2026-10-10,wk inc rsv hosp,3,2026-10-31,30,quantile,0.65,0
2026-10-10,wk inc rsv hosp,3,2026-10-31,30,quantile,0.7,0
2026-10-10,wk inc rsv hosp,3,2026-10-31,30,quantile,0.75,1
2026-10-10,wk inc rsv hosp,3,2026-10-31,30,quantile,0.8,1
2026-10-10,wk inc rsv hosp,3,2026-10-31,30,quantile,0.85,2
2026-10-10,wk inc rsv hosp,3,2026-10-31,30,quantile,0.9,4
2026-10-10,wk inc rsv hosp,3,2026-10-31,30,quantile,0.95,7
2026-10-10,wk inc rsv hosp,3,2026-10-31,30,quantile,0.975,17
2026-10-10,wk inc rsv hosp,3,2026-10-31,30,quantile,0.99,39
2026-10-10,wk inc rsv hosp,3,2026-10-31,31,quantile,0.01,0
2026-10-10,wk inc rsv hosp,3,2026-10-31,31,quantile,0.025,0
2026-10-10,wk inc rsv hosp,3,2026-10-31,31,quantile,0.05,0
2026-10-10,wk inc rsv hosp,3,2026-10-31,31,quantile,0.1,0
2026-10-10,wk inc rsv hosp,3,2026-10-31,31,quantile,0.15,0
2026-10-10,wk inc rsv hosp,3,2026-10-31,31,quantile,0.2,0
2026-10-10,wk inc rsv hosp,3,2026-10-31,31,quantile,0.25,0
2026-10-10,wk inc rsv hosp,3,2026-10-31,31,quantile,0.3,0
2026-10-10,wk inc rsv hosp,3,2026-10-31,31,quantile,0.35,0
2026-10-10,wk inc rsv hosp,3,2026-10-31,31,quantile,0.4,0
2026-10-10,wk inc rsv hosp,3,2026-10-31,31,quantile,0.45,0
2026-10-10,wk inc rsv hosp,3,2026-10-31,31,quantile,0.5,0
2026-10-10,wk inc rsv hosp,3,2026-10-31,31,quantile,0.55,1
2026-10-10,wk inc rsv hosp,3,2026-10-31,31,quantile,0.6,1
2026-10-10,wk inc rsv hosp,3,2026-10-31,31,quantile,0.65,2
2026-10-10,wk inc rsv hosp,3,2026-10-31,31,quantile,0.7,3
2026-10-10,wk inc rsv hosp,3,2026-10-31,31,quantile,0.75,4
2026-10-10,wk inc rsv hosp,3,2026-10-31,31,quantile,0.8,5
2026-10-10,wk inc rsv hosp,3,2026-10-31,31,quantile,0.85,7
2026-10-10,wk inc rsv hosp,3,2026-10-31,31,quantile,0.9,11
2026-10-10,wk inc rsv hosp,3,2026-10-31,31,quantile,0.95,22
2026-10-10,wk inc rsv hosp,3,2026-10-31,31,quantile,0.975,38
2026-10-10,wk inc rsv hosp,3,2026-10-31,31,quantile,0.99,72
2026-10-10,wk inc rsv hosp,3,2026-10-31,32,quantile,0.01,0
2026-10-10,wk inc rsv hosp,3,2026-10-31,32,quantile,0.025,0
2026-10-10,wk inc rsv hosp,3,2026-10-31,32,quantile,0.05,0
2026-10-10,wk inc rsv hosp,3,2026-10-31,32,quantile,0.1,0
2026-10-10,wk inc rsv hosp,3,2026-10-31,32,quantile,0.15,0
2026-10-10,wk inc rsv hosp,3,2026-10-31,32,quantile,0.2,0
2026-10-10,wk inc rsv hosp,3,2026-10-31,32,quantile,0.25,0
2026-10-10,wk inc rsv hosp,3,2026-10-31,32,quantile,0.3,0
2026-10-10,wk inc rsv hosp,3,2026-10-31,32,quantile,0.35,0
2026-10-10,wk inc rsv hosp,3,2026-10-31,32,quantile,0.4,1
2026-10-10,wk inc rsv hosp,3,2026-10-31,32,quantile,0.45,1
2026-10-10,wk inc rsv hosp,3,2026-10-31,32,quantile,0.5,2
2026-10-10,wk inc rsv hosp,3,2026-10-31,32,quantile,0.55,2
2026-10-10,wk inc rsv hosp,3,2026-10-31,32,quantile,0.6,3
2026-10-10,wk inc rsv hosp,3,2026-10-31,32,quantile,0.65,3
2026-10-10,wk inc rsv hosp,3,2026-10-31,32,quantile,0.7,4
2026-10-10,wk inc rsv hosp,3,2026-10-31,32,quantile,0.75,6
2026-10-10,wk inc rsv hosp,3,2026-10-31,32,quantile,0.8,7
2026-10-10,wk inc rsv hosp,3,2026-10-31,32,quantile,0.85,10
2026-10-10,wk inc rsv hosp,3,2026-10-31,32,quantile,0.9,16
2026-10-10,wk inc rsv hosp,3,2026-10-31,32,quantile,0.95,26
2026-10-10,wk inc rsv hosp,3,2026-10-31,32,quantile,0.975,44
2026-10-10,wk inc rsv hosp,3,2026-10-31,32,quantile,0.99,68
2026-10-10,wk inc rsv hosp,3,2026-10-31,33,quantile,0.01,0
2026-10-10,wk inc rsv hosp,3,2026-10-31,33,quantile,0.025,0
2026-10-10,wk inc rsv hosp,3,2026-10-31,33,quantile,0.05,0
2026-10-10,wk inc rsv hosp,3,2026-10-31,33,quantile,0.1,0
2026-10-10,wk inc rsv hosp,3,2026-10-31,33,quantile,0.15,0
2026-10-10,wk inc rsv hosp,3,2026-10-31,33,quantile,0.2,0
2026-10-10,wk inc rsv hosp,3,2026-10-31,33,quantile,0.25,0
2026-10-10,wk inc rsv hosp,3,2026-10-31,33,quantile,0.3,0
2026-10-10,wk inc rsv hosp,3,2026-10-31,33,quantile,0.35,1
2026-10-10,wk inc rsv hosp,3,2026-10-31,33,quantile,0.4,1
2026-10-10,wk inc rsv hosp,3,2026-10-31,33,quantile,0.45,1
2026-10-10,wk inc rsv hosp,3,2026-10-31,33,quantile,0.5,1
2026-10-10,wk inc rsv hosp,3,2026-10-31,33,quantile,0.55,2
2026-10-10,wk inc rsv hosp,3,2026-10-31,33,quantile,0.6,2
2026-10-10,wk inc rsv hosp,3,2026-10-31,33,quantile,0.65,2
2026-10-10,wk inc rsv hosp,3,2026-10-31,33,quantile,0.7,3
2026-10-10,wk inc rsv hosp,3,2026-10-31,33,quantile,0.75,4
2026-10-10,wk inc rsv hosp,3,2026-10-31,33,quantile,0.8,5
2026-10-10,wk inc rsv hosp,3,2026-10-31,33,quantile,0.85,6
2026-10-10,wk inc rsv hosp,3,2026-10-31,33,quantile,0.9,11
2026-10-10,wk inc rsv hosp,3,2026-10-31,33,quantile,0.95,20
2026-10-10,wk inc rsv hosp,3,2026-10-31,33,quantile,0.975,35
2026-10-10,wk inc rsv hosp,3,2026-10-31,33,quantile,0.99,60
2026-10-10,wk inc rsv hosp,3,2026-10-31,34,quantile,0.01,1
2026-10-10,wk inc rsv hosp,3,2026-10-31,34,quantile,0.025,2
2026-10-10,wk inc rsv hosp,3,2026-10-31,34,quantile,0.05,4
2026-10-10,wk inc rsv hosp,3,2026-10-31,34,quantile,0.1,6
2026-10-10,wk inc rsv hosp,3,2026-10-31,34,quantile,0.15,8
2026-10-10,wk inc rsv hosp,3,2026-10-31,34,quantile,0.2,10
2026-10-10,wk inc rsv hosp,3,2026-10-31,34,quantile,0.25,13
2026-10-10,wk inc rsv hosp,3,2026-10-31,34,quantile,0.3,15
2026-10-10,wk inc rsv hosp,3,2026-10-31,34,quantile,0.35,17
2026-10-10,wk inc rsv hosp,3,2026-10-31,34,quantile,0.4,19
2026-10-10,wk inc rsv hosp,3,2026-10-31,34,quantile,0.45,22
2026-10-10,wk inc rsv hosp,3,2026-10-31,34,quantile,0.5,26
2026-10-10,wk inc rsv hosp,3,2026-10-31,34,quantile,0.55,28
2026-10-10,wk inc rsv hosp,3,2026-10-31,34,quantile,0.6,33
2026-10-10,wk inc rsv hosp,3,2026-10-31,34,quantile,0.65,39
2026-10-10,wk inc rsv hosp,3,2026-10-31,34,quantile,0.7,47
2026-10-10,wk inc rsv hosp,3,2026-10-31,34,quantile,0.75,54
2026-10-10,wk inc rsv hosp,3,2026-10-31,34,quantile,0.8,66
2026-10-10,wk inc rsv hosp,3,2026-10-31,34,quantile,0.85,86
2026-10-10,wk inc rsv hosp,3,2026-10-31,34,quantile,0.9,112
2026-10-10,wk inc rsv hosp,3,2026-10-31,34,quantile,0.95,176
2026-10-10,wk inc rsv hosp,3,2026-10-31,34,quantile,0.975,265
2026-10-10,wk inc rsv hosp,3,2026-10-31,34,quantile,0.99,444
2026-10-10,wk inc rsv hosp,3,2026-10-31,35,quantile,0.01,0
2026-10-10,wk inc rsv hosp,3,2026-10-31,35,quantile,0.025,0
2026-10-10,wk inc rsv hosp,3,2026-10-31,35,quantile,0.05,0
2026-10-10,wk inc rsv hosp,3,2026-10-31,35,quantile,0.1,0
2026-10-10,wk inc rsv hosp,3,2026-10-31,35,quantile,0.15,0
2026-10-10,wk inc rsv hosp,3,2026-10-31,35,quantile,0.2,1
2026-10-10,wk inc rsv hosp,3,2026-10-31,35,quantile,0.25,1
2026-10-10,wk inc rsv hosp,3,2026-10-31,35,quantile,0.3,2
2026-10-10,wk inc rsv hosp,3,2026-10-31,35,quantile,0.35,2
2026-10-10,wk inc rsv hosp,3,2026-10-31,35,quantile,0.4,3
2026-10-10,wk inc rsv hosp,3,2026-10-31,35,quantile,0.45,3
2026-10-10,wk inc rsv hosp,3,2026-10-31,35,quantile,0.5,4
2026-10-10,wk inc rsv hosp,3,2026-10-31,35,quantile,0.55,5
2026-10-10,wk inc rsv hosp,3,2026-10-31,35,quantile,0.6,5
2026-10-10,wk inc rsv hosp,3,2026-10-31,35,quantile,0.65,7
2026-10-10,wk inc rsv hosp,3,2026-10-31,35,quantile,0.7,9
2026-10-10,wk inc rsv hosp,3,2026-10-31,35,quantile,0.75,12
2026-10-10,wk inc rsv hosp,3,2026-10-31,35,quantile,0.8,17
2026-10-10,wk inc rsv hosp,3,2026-10-31,35,quantile,0.85,23
2026-10-10,wk inc rsv hosp,3,2026-10-31,35,quantile,0.9,37
2026-10-10,wk inc rsv hosp,3,2026-10-31,35,quantile,0.95,84
2026-10-10,wk inc rsv hosp,3,2026-10-31,35,quantile,0.975,151
2026-10-10,wk inc rsv hosp,3,2026-10-31,35,quantile,0.99,306
2026-10-10,wk inc rsv hosp,3,2026-10-31,36,quantile,0.01,12
2026-10-10,wk inc rsv hosp,3,2026-10-31,36,quantile,0.025,15
2026-10-10,wk inc rsv hosp,3,2026-10-31,36,quantile,0.05,22
2026-10-10,wk inc rsv hosp,3,2026-10-31,36,quantile,0.1,28
2026-10-10,wk inc rsv hosp,3,2026-10-31,36,quantile,0.15,33
2026-10-10,wk inc rsv hosp,3,2026-10-31,36,quantile,0.2,39
2026-10-10,wk inc rsv hosp,3,2026-10-31,36,quantile,0.25,45
2026-10-10,wk inc rsv hosp,3,2026-10-31,36,quantile,0.3,51
2026-10-10,wk inc rsv hosp,3,2026-10-31,36,quantile,0.35,56
2026-10-10,wk inc rsv hosp,3,2026-10-31,36,quantile,0.4,61
2026-10-10,wk inc rsv hosp,3,2026-10-31,36,quantile,0.45,69
2026-10-10,wk inc rsv hosp,3,2026-10-31,36,quantile,0.5,78
2026-10-10,wk inc rsv hosp,3,2026-10-31,36,quantile,0.55,88
2026-10-10,wk inc rsv hosp,3,2026-10-31,36,quantile,0.6,101
2026-10-10,wk inc rsv hosp,3,2026-10-31,36,quantile,0.65,115
2026-10-10,wk inc rsv hosp,3,2026-10-31,36,quantile,0.7,132
2026-10-10,wk inc rsv hosp,3,2026-10-31,36,quantile,0.75,152
2026-10-10,wk inc rsv hosp,3,2026-10-31,36,quantile,0.8,176
2026-10-10,wk inc rsv hosp,3,2026-10-31,36,quantile,0.85,226
2026-10-10,wk inc rsv hosp,3,2026-10-31,36,quantile,0.9,303
2026-10-10,wk inc rsv hosp,3,2026-10-31,36,quantile,0.95,458
2026-10-10,wk inc rsv hosp,3,2026-10-31,36,quantile,0.975,719
2026-10-10,wk inc rsv hosp,3,2026-10-31,36,quantile,0.99,1189
2026-10-10,wk inc rsv hosp,3,2026-10-31,37,quantile,0.01,3
2026-10-10,wk inc rsv hosp,3,2026-10-31,37,quantile,0.025,7
2026-10-10,wk inc rsv hosp,3,2026-10-31,37,quantile,0.05,9
2026-10-10,wk inc rsv hosp,3,2026-10-31,37,quantile,0.1,14
2026-10-10,wk inc rsv hosp,3,2026-10-31,37,quantile,0.15,16
2026-10-10,wk inc rsv hosp,3,2026-10-31,37,quantile,0.2,20
2026-10-10,wk inc rsv hosp,3,2026-10-31,37,quantile,0.25,23
2026-10-10,wk inc rsv hosp,3,2026-10-31,37,quantile,0.3,26
2026-10-10,wk inc rsv hosp,3,2026-10-31,37,quantile,0.35,29
2026-10-10,wk inc rsv hosp,3,2026-10-31,37,quantile,0.4,33
2026-10-10,wk inc rsv hosp,3,2026-10-31,37,quantile,0.45,36
2026-10-10,wk inc rsv hosp,3,2026-10-31,37,quantile,0.5,40
2026-10-10,wk inc rsv hosp,3,2026-10-31,37,quantile,0.55,45
2026-10-10,wk inc rsv hosp,3,2026-10-31,37,quantile,0.6,51
2026-10-10,wk inc rsv hosp,3,2026-10-31,37,quantile,0.65,60
2026-10-10,wk inc rsv hosp,3,2026-10-31,37,quantile,0.7,69
2026-10-10,wk inc rsv hosp,3,2026-10-31,37,quantile,0.75,81
2026-10-10,wk inc rsv hosp,3,2026-10-31,37,quantile,0.8,92
2026-10-10,wk inc rsv hosp,3,2026-10-31,37,quantile,0.85,112
2026-10-10,wk inc rsv hosp,3,2026-10-31,37,quantile,0.9,143
2026-10-10,wk inc rsv hosp,3,2026-10-31,37,quantile,0.95,211
2026-10-10,wk inc rsv hosp,3,2026-10-31,37,quantile,0.975,302
2026-10-10,wk inc rsv hosp,3,2026-10-31,37,quantile,0.99,528
2026-10-10,wk inc rsv hosp,3,2026-10-31,38,quantile,0.01,0
2026-10-10,wk inc rsv hosp,3,2026-10-31,38,quantile,0.025,0
2026-10-10,wk inc rsv hosp,3,2026-10-31,38,quantile,0.05,0
2026-10-10,wk inc rsv hosp,3,2026-10-31,38,quantile,0.1,0
2026-10-10,wk inc rsv hosp,3,2026-10-31,38,quantile,0.15,0
2026-10-10,wk inc rsv hosp,3,2026-10-31,38,quantile,0.2,0
2026-10-10,wk inc rsv hosp,3,2026-10-31,38,quantile,0.25,0
2026-10-10,wk inc rsv hosp,3,2026-10-31,38,quantile,0.3,0
2026-10-10,wk inc rsv hosp,3,2026-10-31,38,quantile,0.35,0
2026-10-10,wk inc rsv hosp,3,2026-10-31,38,quantile,0.4,0
2026-10-10,wk inc rsv hosp,3,2026-10-31,38,quantile,0.45,0
2026-10-10,wk inc rsv hosp,3,2026-10-31,38,quantile,0.5,0
2026-10-10,wk inc rsv hosp,3,2026-10-31,38,quantile,0.55,0
2026-10-10,wk inc rsv hosp,3,2026-10-31,38,quantile,0.6,0
2026-10-10,wk inc rsv hosp,3,2026-10-31,38,quantile,0.65,0
2026-10-10,wk inc rsv hosp,3,2026-10-31,38,quantile,0.7,0
2026-10-10,wk inc rsv hosp,3,2026-10-31,38,quantile,0.75,0
2026-10-10,wk inc rsv hosp,3,2026-10-31,38,quantile,0.8,0
2026-10-10,wk inc rsv hosp,3,2026-10-31,38,quantile,0.85,0
2026-10-10,wk inc rsv hosp,3,2026-10-31,38,quantile,0.9,1
2026-10-10,wk inc rsv hosp,3,2026-10-31,38,quantile,0.95,4
2026-10-10,wk inc rsv hosp,3,2026-10-31,38,quantile,0.975,9
2026-10-10,wk inc rsv hosp,3,2026-10-31,38,quantile,0.99,23
2026-10-10,wk inc rsv hosp,3,2026-10-31,39,quantile,0.01,0
2026-10-10,wk inc rsv hosp,3,2026-10-31,39,quantile,0.025,0
2026-10-10,wk inc rsv hosp,3,2026-10-31,39,quantile,0.05,2
2026-10-10,wk inc rsv hosp,3,2026-10-31,39,quantile,0.1,4
2026-10-10,wk inc rsv hosp,3,2026-10-31,39,quantile,0.15,5
2026-10-10,wk inc rsv hosp,3,2026-10-31,39,quantile,0.2,6
2026-10-10,wk inc rsv hosp,3,2026-10-31,39,quantile,0.25,8
2026-10-10,wk inc rsv hosp,3,2026-10-31,39,quantile,0.3,9
2026-10-10,wk inc rsv hosp,3,2026-10-31,39,quantile,0.35,11
2026-10-10,wk inc rsv hosp,3,2026-10-31,39,quantile,0.4,12
2026-10-10,wk inc rsv hosp,3,2026-10-31,39,quantile,0.45,14
2026-10-10,wk inc rsv hosp,3,2026-10-31,39,quantile,0.5,17
2026-10-10,wk inc rsv hosp,3,2026-10-31,39,quantile,0.55,19
2026-10-10,wk inc rsv hosp,3,2026-10-31,39,quantile,0.6,22
2026-10-10,wk inc rsv hosp,3,2026-10-31,39,quantile,0.65,25
2026-10-10,wk inc rsv hosp,3,2026-10-31,39,quantile,0.7,29
2026-10-10,wk inc rsv hosp,3,2026-10-31,39,quantile,0.75,35
2026-10-10,wk inc rsv hosp,3,2026-10-31,39,quantile,0.8,42
2026-10-10,wk inc rsv hosp,3,2026-10-31,39,quantile,0.85,54
2026-10-10,wk inc rsv hosp,3,2026-10-31,39,quantile,0.9,72
2026-10-10,wk inc rsv hosp,3,2026-10-31,39,quantile,0.95,103
2026-10-10,wk inc rsv hosp,3,2026-10-31,39,quantile,0.975,144
2026-10-10,wk inc rsv hosp,3,2026-10-31,39,quantile,0.99,225
2026-10-10,wk inc rsv hosp,3,2026-10-31,40,quantile,0.01,0
2026-10-10,wk inc rsv hosp,3,2026-10-31,40,quantile,0.025,0
2026-10-10,wk inc rsv hosp,3,2026-10-31,40,quantile,0.05,0
2026-10-10,wk inc rsv hosp,3,2026-10-31,40,quantile,0.1,0
2026-10-10,wk inc rsv hosp,3,2026-10-31,40,quantile,0.15,0
2026-10-10,wk inc rsv hosp,3,2026-10-31,40,quantile,0.2,0
2026-10-10,wk inc rsv hosp,3,2026-10-31,40,quantile,0.25,0
2026-10-10,wk inc rsv hosp,3,2026-10-31,40,quantile,0.3,0
2026-10-10,wk inc rsv hosp,3,2026-10-31,40,quantile,0.35,0
2026-10-10,wk inc rsv hosp,3,2026-10-31,40,quantile,0.4,0
2026-10-10,wk inc rsv hosp,3,2026-10-31,40,quantile,0.45,0
2026-10-10,wk inc rsv hosp,3,2026-10-31,40,quantile,0.5,1
2026-10-10,wk inc rsv hosp,3,2026-10-31,40,quantile,0.55,1
2026-10-10,wk inc rsv hosp,3,2026-10-31,40,quantile,0.6,2
2026-10-10,wk inc rsv hosp,3,2026-10-31,40,quantile,0.65,2
2026-10-10,wk inc rsv hosp,3,2026-10-31,40,quantile,0.7,3
2026-10-10,wk inc rsv hosp,3,2026-10-31,40,quantile,0.75,4
2026-10-10,wk inc rsv hosp,3,2026-10-31,40,quantile,0.8,5
2026-10-10,wk inc rsv hosp,3,2026-10-31,40,quantile,0.85,8
2026-10-10,wk inc rsv hosp,3,2026-10-31,40,quantile,0.9,14
2026-10-10,wk inc rsv hosp,3,2026-10-31,40,quantile,0.95,29
2026-10-10,wk inc rsv hosp,3,2026-10-31,40,quantile,0.975,65
2026-10-10,wk inc rsv hosp,3,2026-10-31,40,quantile,0.99,115
2026-10-10,wk inc rsv hosp,3,2026-10-31,41,quantile,0.01,0
2026-10-10,wk inc rsv hosp,3,2026-10-31,41,quantile,0.025,0
2026-10-10,wk inc rsv hosp,3,2026-10-31,41,quantile,0.05,0
2026-10-10,wk inc rsv hosp,3,2026-10-31,41,quantile,0.1,0
2026-10-10,wk inc rsv hosp,3,2026-10-31,41,quantile,0.15,0
2026-10-10,wk inc rsv hosp,3,2026-10-31,41,quantile,0.2,1
2026-10-10,wk inc rsv hosp,3,2026-10-31,41,quantile,0.25,1
2026-10-10,wk inc rsv hosp,3,2026-10-31,41,quantile,0.3,2
2026-10-10,wk inc rsv hosp,3,2026-10-31,41,quantile,0.35,2
2026-10-10,wk inc rsv hosp,3,2026-10-31,41,quantile,0.4,3
2026-10-10,wk inc rsv hosp,3,2026-10-31,41,quantile,0.45,4
2026-10-10,wk inc rsv hosp,3,2026-10-31,41,quantile,0.5,4
2026-10-10,wk inc rsv hosp,3,2026-10-31,41,quantile,0.55,5
2026-10-10,wk inc rsv hosp,3,2026-10-31,41,quantile,0.6,6
2026-10-10,wk inc rsv hosp,3,2026-10-31,41,quantile,0.65,7
2026-10-10,wk inc rsv hosp,3,2026-10-31,41,quantile,0.7,9
2026-10-10,wk inc rsv hosp,3,2026-10-31,41,quantile,0.75,11
2026-10-10,wk inc rsv hosp,3,2026-10-31,41,quantile,0.8,13
2026-10-10,wk inc rsv hosp,3,2026-10-31,41,quantile,0.85,17
2026-10-10,wk inc rsv hosp,3,2026-10-31,41,quantile,0.9,28
2026-10-10,wk inc rsv hosp,3,2026-10-31,41,quantile,0.95,50
2026-10-10,wk inc rsv hosp,3,2026-10-31,41,quantile,0.975,80
2026-10-10,wk inc rsv hosp,3,2026-10-31,41,quantile,0.99,194
2026-10-10,wk inc rsv hosp,3,2026-10-31,42,quantile,0.01,5
2026-10-10,wk inc rsv hosp,3,2026-10-31,42,quantile,0.025,11
2026-10-10,wk inc rsv hosp,3,2026-10-31,42,quantile,0.05,15
2026-10-10,wk inc rsv hosp,3,2026-10-31,42,quantile,0.1,19
2026-10-10,wk inc rsv hosp,3,2026-10-31,42,quantile,0.15,24
2026-10-10,wk inc rsv hosp,3,2026-10-31,42,quantile,0.2,28
2026-10-10,wk inc rsv hosp,3,2026-10-31,42,quantile,0.25,31
2026-10-10,wk inc rsv hosp,3,2026-10-31,42,quantile,0.3,35
2026-10-10,wk inc rsv hosp,3,2026-10-31,42,quantile,0.35,39
2026-10-10,wk inc rsv hosp,3,2026-10-31,42,quantile,0.4,43
2026-10-10,wk inc rsv hosp,3,2026-10-31,42,quantile,0.45,48
2026-10-10,wk inc rsv hosp,3,2026-10-31,42,quantile,0.5,53
2026-10-10,wk inc rsv hosp,3,2026-10-31,42,quantile,0.55,60
2026-10-10,wk inc rsv hosp,3,2026-10-31,42,quantile,0.6,67
2026-10-10,wk inc rsv hosp,3,2026-10-31,42,quantile,0.65,75
2026-10-10,wk inc rsv hosp,3,2026-10-31,42,quantile,0.7,84
2026-10-10,wk inc rsv hosp,3,2026-10-31,42,quantile,0.75,95
2026-10-10,wk inc rsv hosp,3,2026-10-31,42,quantile,0.8,107
2026-10-10,wk inc rsv hosp,3,2026-10-31,42,quantile,0.85,129
2026-10-10,wk inc rsv hosp,3,2026-10-31,42,quantile,0.9,178
2026-10-10,wk inc rsv hosp,3,2026-10-31,42,quantile,0.95,240
2026-10-10,wk inc rsv hosp,3,2026-10-31,42,quantile,0.975,360
2026-10-10,wk inc rsv hosp,3,2026-10-31,42,quantile,0.99,442
2026-10-10,wk inc rsv hosp,3,2026-10-31,44,quantile,0.01,0
2026-10-10,wk inc rsv hosp,3,2026-10-31,44,quantile,0.025,0
2026-10-10,wk inc rsv hosp,3,2026-10-31,44,quantile,0.05,0
2026-10-10,wk inc rsv hosp,3,2026-10-31,44,quantile,0.1,0
2026-10-10,wk inc rsv hosp,3,2026-10-31,44,quantile,0.15,0
2026-10-10,wk inc rsv hosp,3,2026-10-31,44,quantile,0.2,0
2026-10-10,wk inc rsv hosp,3,2026-10-31,44,quantile,0.25,0
2026-10-10,wk inc rsv hosp,3,2026-10-31,44,quantile,0.3,0
2026-10-10,wk inc rsv hosp,3,2026-10-31,44,quantile,0.35,1
2026-10-10,wk inc rsv hosp,3,2026-10-31,44,quantile,0.4,1
2026-10-10,wk inc rsv hosp,3,2026-10-31,44,quantile,0.45,2
2026-10-10,wk inc rsv hosp,3,2026-10-31,44,quantile,0.5,2
2026-10-10,wk inc rsv hosp,3,2026-10-31,44,quantile,0.55,3
2026-10-10,wk inc rsv hosp,3,2026-10-31,44,quantile,0.6,4
2026-10-10,wk inc rsv hosp,3,2026-10-31,44,quantile,0.65,5
2026-10-10,wk inc rsv hosp,3,2026-10-31,44,quantile,0.7,6
2026-10-10,wk inc rsv hosp,3,2026-10-31,44,quantile,0.75,8
2026-10-10,wk inc rsv hosp,3,2026-10-31,44,quantile,0.8,11
2026-10-10,wk inc rsv hosp,3,2026-10-31,44,quantile,0.85,14
2026-10-10,wk inc rsv hosp,3,2026-10-31,44,quantile,0.9,21
2026-10-10,wk inc rsv hosp,3,2026-10-31,44,quantile,0.95,31
2026-10-10,wk inc rsv hosp,3,2026-10-31,44,quantile,0.975,51
2026-10-10,wk inc rsv hosp,3,2026-10-31,44,quantile,0.99,75
2026-10-10,wk inc rsv hosp,3,2026-10-31,45,quantile,0.01,0
2026-10-10,wk inc rsv hosp,3,2026-10-31,45,quantile,0.025,0
2026-10-10,wk inc rsv hosp,3,2026-10-31,45,quantile,0.05,1
2026-10-10,wk inc rsv hosp,3,2026-10-31,45,quantile,0.1,3
2026-10-10,wk inc rsv hosp,3,2026-10-31,45,quantile,0.15,4
2026-10-10,wk inc rsv hosp,3,2026-10-31,45,quantile,0.2,5
2026-10-10,wk inc rsv hosp,3,2026-10-31,45,quantile,0.25,7
2026-10-10,wk inc rsv hosp,3,2026-10-31,45,quantile,0.3,8
2026-10-10,wk inc rsv hosp,3,2026-10-31,45,quantile,0.35,9
2026-10-10,wk inc rsv hosp,3,2026-10-31,45,quantile,0.4,10
2026-10-10,wk inc rsv hosp,3,2026-10-31,45,quantile,0.45,12
2026-10-10,wk inc rsv hosp,3,2026-10-31,45,quantile,0.5,14
2026-10-10,wk inc rsv hosp,3,2026-10-31,45,quantile,0.55,16
2026-10-10,wk inc rsv hosp,3,2026-10-31,45,quantile,0.6,19
2026-10-10,wk inc rsv hosp,3,2026-10-31,45,quantile,0.65,22
2026-10-10,wk inc rsv hosp,3,2026-10-31,45,quantile,0.7,26
2026-10-10,wk inc rsv hosp,3,2026-10-31,45,quantile,0.75,31
2026-10-10,wk inc rsv hosp,3,2026-10-31,45,quantile,0.8,37
2026-10-10,wk inc rsv hosp,3,2026-10-31,45,quantile,0.85,46
2026-10-10,wk inc rsv hosp,3,2026-10-31,45,quantile,0.9,58
2026-10-10,wk inc rsv hosp,3,2026-10-31,45,quantile,0.95,95
2026-10-10,wk inc rsv hosp,3,2026-10-31,45,quantile,0.975,130
2026-10-10,wk inc rsv hosp,3,2026-10-31,45,quantile,0.99,192
2026-10-10,wk inc rsv hosp,3,2026-10-31,46,quantile,0.01,0
2026-10-10,wk inc rsv hosp,3,2026-10-31,46,quantile,0.025,0
2026-10-10,wk inc rsv hosp,3,2026-10-31,46,quantile,0.05,0
2026-10-10,wk inc rsv hosp,3,2026-10-31,46,quantile,0.1,0
2026-10-10,wk inc rsv hosp,3,2026-10-31,46,quantile,0.15,1
2026-10-10,wk inc rsv hosp,3,2026-10-31,46,quantile,0.2,1
2026-10-10,wk inc rsv hosp,3,2026-10-31,46,quantile,0.25,2
2026-10-10,wk inc rsv hosp,3,2026-10-31,46,quantile,0.3,2
2026-10-10,wk inc rsv hosp,3,2026-10-31,46,quantile,0.35,3
2026-10-10,wk inc rsv hosp,3,2026-10-31,46,quantile,0.4,3
2026-10-10,wk inc rsv hosp,3,2026-10-31,46,quantile,0.45,4
2026-10-10,wk inc rsv hosp,3,2026-10-31,46,quantile,0.5,4
2026-10-10,wk inc rsv hosp,3,2026-10-31,46,quantile,0.55,5
2026-10-10,wk inc rsv hosp,3,2026-10-31,46,quantile,0.6,6
2026-10-10,wk inc rsv hosp,3,2026-10-31,46,quantile,0.65,7
2026-10-10,wk inc rsv hosp,3,2026-10-31,46,quantile,0.7,8
2026-10-10,wk inc rsv hosp,3,2026-10-31,46,quantile,0.75,10
2026-10-10,wk inc rsv hosp,3,2026-10-31,46,quantile,0.8,12
2026-10-10,wk inc rsv hosp,3,2026-10-31,46,quantile,0.85,15
2026-10-10,wk inc rsv hosp,3,2026-10-31,46,quantile,0.9,21
2026-10-10,wk inc rsv hosp,3,2026-10-31,46,quantile,0.95,35
2026-10-10,wk inc rsv hosp,3,2026-10-31,46,quantile,0.975,52
2026-10-10,wk inc rsv hosp,3,2026-10-31,46,quantile,0.99,75
2026-10-10,wk inc rsv hosp,3,2026-10-31,47,quantile,0.01,0
2026-10-10,wk inc rsv hosp,3,2026-10-31,47,quantile,0.025,2
2026-10-10,wk inc rsv hosp,3,2026-10-31,47,quantile,0.05,3
2026-10-10,wk inc rsv hosp,3,2026-10-31,47,quantile,0.1,5
2026-10-10,wk inc rsv hosp,3,2026-10-31,47,quantile,0.15,7
2026-10-10,wk inc rsv hosp,3,2026-10-31,47,quantile,0.2,9
2026-10-10,wk inc rsv hosp,3,2026-10-31,47,quantile,0.25,11
2026-10-10,wk inc rsv hosp,3,2026-10-31,47,quantile,0.3,12
2026-10-10,wk inc rsv hosp,3,2026-10-31,47,quantile,0.35,15
2026-10-10,wk inc rsv hosp,3,2026-10-31,47,quantile,0.4,17
2026-10-10,wk inc rsv hosp,3,2026-10-31,47,quantile,0.45,19
2026-10-10,wk inc rsv hosp,3,2026-10-31,47,quantile,0.5,22
2026-10-10,wk inc rsv hosp,3,2026-10-31,47,quantile,0.55,25
2026-10-10,wk inc rsv hosp,3,2026-10-31,47,quantile,0.6,28
2026-10-10,wk inc rsv hosp,3,2026-10-31,47,quantile,0.65,33
2026-10-10,wk inc rsv hosp,3,2026-10-31,47,quantile,0.7,38
2026-10-10,wk inc rsv hosp,3,2026-10-31,47,quantile,0.75,45
2026-10-10,wk inc rsv hosp,3,2026-10-31,47,quantile,0.8,55
2026-10-10,wk inc rsv hosp,3,2026-10-31,47,quantile,0.85,72
2026-10-10,wk inc rsv hosp,3,2026-10-31,47,quantile,0.9,94
2026-10-10,wk inc rsv hosp,3,2026-10-31,47,quantile,0.95,150
2026-10-10,wk inc rsv hosp,3,2026-10-31,47,quantile,0.975,226
2026-10-10,wk inc rsv hosp,3,2026-10-31,47,quantile,0.99,367
2026-10-10,wk inc rsv hosp,3,2026-10-31,48,quantile,0.01,36
2026-10-10,wk inc rsv hosp,3,2026-10-31,48,quantile,0.025,54
2026-10-10,wk inc rsv hosp,3,2026-10-31,48,quantile,0.05,68
2026-10-10,wk inc rsv hosp,3,2026-10-31,48,quantile,0.1,91
2026-10-10,wk inc rsv hosp,3,2026-10-31,48,quantile,0.15,109
2026-10-10,wk inc rsv hosp,3,2026-10-31,48,quantile,0.2,129
2026-10-10,wk inc rsv hosp,3,2026-10-31,48,quantile,0.25,148
2026-10-10,wk inc rsv hosp,3,2026-10-31,48,quantile,0.3,168
2026-10-10,wk inc rsv hosp,3,2026-10-31,48,quantile,0.35,190
2026-10-10,wk inc rsv hosp,3,2026-10-31,48,quantile,0.4,209
2026-10-10,wk inc rsv hosp,3,2026-10-31,48,quantile,0.45,230
2026-10-10,wk inc rsv hosp,3,2026-10-31,48,quantile,0.5,264
2026-10-10,wk inc rsv hosp,3,2026-10-31,48,quantile,0.55,291
2026-10-10,wk inc rsv hosp,3,2026-10-31,48,quantile,0.6,326
2026-10-10,wk inc rsv hosp,3,2026-10-31,48,quantile,0.65,368
2026-10-10,wk inc rsv hosp,3,2026-10-31,48,quantile,0.7,419
2026-10-10,wk inc rsv hosp,3,2026-10-31,48,quantile,0.75,463
2026-10-10,wk inc rsv hosp,3,2026-10-31,48,quantile,0.8,519
2026-10-10,wk inc rsv hosp,3,2026-10-31,48,quantile,0.85,637
2026-10-10,wk inc rsv hosp,3,2026-10-31,48,quantile,0.9,800
2026-10-10,wk inc rsv hosp,3,2026-10-31,48,quantile,0.95,1101
2026-10-10,wk inc rsv hosp,3,2026-10-31,48,quantile,0.975,1542
2026-10-10,wk inc rsv hosp,3,2026-10-31,48,quantile,0.99,1932
2026-10-10,wk inc rsv hosp,3,2026-10-31,49,quantile,0.01,0
2026-10-10,wk inc rsv hosp,3,2026-10-31,49,quantile,0.025,0
2026-10-10,wk inc rsv hosp,3,2026-10-31,49,quantile,0.05,0
2026-10-10,wk inc rsv hosp,3,2026-10-31,49,quantile,0.1,0
2026-10-10,wk inc rsv hosp,3,2026-10-31,49,quantile,0.15,0
2026-10-10,wk inc rsv hosp,3,2026-10-31,49,quantile,0.2,0
2026-10-10,wk inc rsv hosp,3,2026-10-31,49,quantile,0.25,0
2026-10-10,wk inc rsv hosp,3,2026-10-31,49,quantile,0.3,0
2026-10-10,wk inc rsv hosp,3,2026-10-31,49,quantile,0.35,0
2026-10-10,wk inc rsv hosp,3,2026-10-31,49,quantile,0.4,0
2026-10-10,wk inc rsv hosp,3,2026-10-31,49,quantile,0.45,0
2026-10-10,wk inc rsv hosp,3,2026-10-31,49,quantile,0.5,0
2026-10-10,wk inc rsv hosp,3,2026-10-31,49,quantile,0.55,0
2026-10-10,wk inc rsv hosp,3,2026-10-31,49,quantile,0.6,0
2026-10-10,wk inc rsv hosp,3,2026-10-31,49,quantile,0.65,0
2026-10-10,wk inc rsv hosp,3,2026-10-31,49,quantile,0.7,0
2026-10-10,wk inc rsv hosp,3,2026-10-31,49,quantile,0.75,1
2026-10-10,wk inc rsv hosp,3,2026-10-31,49,quantile,0.8,1
2026-10-10,wk inc rsv hosp,3,2026-10-31,49,quantile,0.85,2
2026-10-10,wk inc rsv hosp,3,2026-10-31,49,quantile,0.9,5
2026-10-10,wk inc rsv hosp,3,2026-10-31,49,quantile,0.95,9
2026-10-10,wk inc rsv hosp,3,2026-10-31,49,quantile,0.975,15
2026-10-10,wk inc rsv hosp,3,2026-10-31,49,quantile,0.99,31
2026-10-10,wk inc rsv hosp,3,2026-10-31,50,quantile,0.01,0
2026-10-10,wk inc rsv hosp,3,2026-10-31,50,quantile,0.025,0
2026-10-10,wk inc rsv hosp,3,2026-10-31,50,quantile,0.05,0
2026-10-10,wk inc rsv hosp,3,2026-10-31,50,quantile,0.1,0
2026-10-10,wk inc rsv hosp,3,2026-10-31,50,quantile,0.15,0
2026-10-10,wk inc rsv hosp,3,2026-10-31,50,quantile,0.2,0
2026-10-10,wk inc rsv hosp,3,2026-10-31,50,quantile,0.25,0
2026-10-10,wk inc rsv hosp,3,2026-10-31,50,quantile,0.3,0
2026-10-10,wk inc rsv hosp,3,2026-10-31,50,quantile,0.35,0
2026-10-10,wk inc rsv hosp,3,2026-10-31,50,quantile,0.4,0
2026-10-10,wk inc rsv hosp,3,2026-10-31,50,quantile,0.45,0
2026-10-10,wk inc rsv hosp,3,2026-10-31,50,quantile,0.5,0
2026-10-10,wk inc rsv hosp,3,2026-10-31,50,quantile,0.55,0
2026-10-10,wk inc rsv hosp,3,2026-10-31,50,quantile,0.6,0
2026-10-10,wk inc rsv hosp,3,2026-10-31,50,quantile,0.65,0
2026-10-10,wk inc rsv hosp,3,2026-10-31,50,quantile,0.7,1
2026-10-10,wk inc rsv hosp,3,2026-10-31,50,quantile,0.75,1
2026-10-10,wk inc rsv hosp,3,2026-10-31,50,quantile,0.8,2
2026-10-10,wk inc rsv hosp,3,2026-10-31,50,quantile,0.85,3
2026-10-10,wk inc rsv hosp,3,2026-10-31,50,quantile,0.9,5
2026-10-10,wk inc rsv hosp,3,2026-10-31,50,quantile,0.95,11
2026-10-10,wk inc rsv hosp,3,2026-10-31,50,quantile,0.975,17
2026-10-10,wk inc rsv hosp,3,2026-10-31,50,quantile,0.99,30
2026-10-10,wk inc rsv hosp,3,2026-10-31,51,quantile,0.01,0
2026-10-10,wk inc rsv hosp,3,2026-10-31,51,quantile,0.025,0
2026-10-10,wk inc rsv hosp,3,2026-10-31,51,quantile,0.05,0
2026-10-10,wk inc rsv hosp,3,2026-10-31,51,quantile,0.1,1
2026-10-10,wk inc rsv hosp,3,2026-10-31,51,quantile,0.15,2
2026-10-10,wk inc rsv hosp,3,2026-10-31,51,quantile,0.2,3
2026-10-10,wk inc rsv hosp,3,2026-10-31,51,quantile,0.25,4
2026-10-10,wk inc rsv hosp,3,2026-10-31,51,quantile,0.3,5
2026-10-10,wk inc rsv hosp,3,2026-10-31,51,quantile,0.35,6
2026-10-10,wk inc rsv hosp,3,2026-10-31,51,quantile,0.4,7
2026-10-10,wk inc rsv hosp,3,2026-10-31,51,quantile,0.45,8
2026-10-10,wk inc rsv hosp,3,2026-10-31,51,quantile,0.5,9
2026-10-10,wk inc rsv hosp,3,2026-10-31,51,quantile,0.55,11
2026-10-10,wk inc rsv hosp,3,2026-10-31,51,quantile,0.6,12
2026-10-10,wk inc rsv hosp,3,2026-10-31,51,quantile,0.65,15
2026-10-10,wk inc rsv hosp,3,2026-10-31,51,quantile,0.7,17
2026-10-10,wk inc rsv hosp,3,2026-10-31,51,quantile,0.75,20
2026-10-10,wk inc rsv hosp,3,2026-10-31,51,quantile,0.8,25
2026-10-10,wk inc rsv hosp,3,2026-10-31,51,quantile,0.85,31
2026-10-10,wk inc rsv hosp,3,2026-10-31,51,quantile,0.9,41
2026-10-10,wk inc rsv hosp,3,2026-10-31,51,quantile,0.95,65
2026-10-10,wk inc rsv hosp,3,2026-10-31,51,quantile,0.975,99
2026-10-10,wk inc rsv hosp,3,2026-10-31,51,quantile,0.99,158
2026-10-10,wk inc rsv hosp,3,2026-10-31,53,quantile,0.01,0
2026-10-10,wk inc rsv hosp,3,2026-10-31,53,quantile,0.025,0
2026-10-10,wk inc rsv hosp,3,2026-10-31,53,quantile,0.05,0
2026-10-10,wk inc rsv hosp,3,2026-10-31,53,quantile,0.1,0
2026-10-10,wk inc rsv hosp,3,2026-10-31,53,quantile,0.15,1
2026-10-10,wk inc rsv hosp,3,2026-10-31,53,quantile,0.2,1
2026-10-10,wk inc rsv hosp,3,2026-10-31,53,quantile,0.25,2
2026-10-10,wk inc rsv hosp,3,2026-10-31,53,quantile,0.3,2
2026-10-10,wk inc rsv hosp,3,2026-10-31,53,quantile,0.35,3
2026-10-10,wk inc rsv hosp,3,2026-10-31,53,quantile,0.4,3
2026-10-10,wk inc rsv hosp,3,2026-10-31,53,quantile,0.45,4
2026-10-10,wk inc rsv hosp,3,2026-10-31,53,quantile,0.5,5
2026-10-10,wk inc rsv hosp,3,2026-10-31,53,quantile,0.55,5
2026-10-10,wk inc rsv hosp,3,2026-10-31,53,quantile,0.6,7
2026-10-10,wk inc rsv hosp,3,2026-10-31,53,quantile,0.65,8
2026-10-10,wk inc rsv hosp,3,2026-10-31,53,quantile,0.7,9
2026-10-10,wk inc rsv hosp,3,2026-10-31,53,quantile,0.75,12
2026-10-10,wk inc rsv hosp,3,2026-10-31,53,quantile,0.8,16
2026-10-10,wk inc rsv hosp,3,2026-10-31,53,quantile,0.85,20
2026-10-10,wk inc rsv hosp,3,2026-10-31,53,quantile,0.9,30
2026-10-10,wk inc rsv hosp,3,2026-10-31,53,quantile,0.95,51
2026-10-10,wk inc rsv hosp,3,2026-10-31,53,quantile,0.975,72
2026-10-10,wk inc rsv hosp,3,2026-10-31,53,quantile,0.99,146
2026-10-10,wk inc rsv hosp,3,2026-10-31,54,quantile,0.01,0
2026-10-10,wk inc rsv hosp,3,2026-10-31,54,quantile,0.025,0
2026-10-10,wk inc rsv hosp,3,2026-10-31,54,quantile,0.05,0
2026-10-10,wk inc rsv hosp,3,2026-10-31,54,quantile,0.1,0
2026-10-10,wk inc rsv hosp,3,2026-10-31,54,quantile,0.15,0
2026-10-10,wk inc rsv hosp,3,2026-10-31,54,quantile,0.2,0
2026-10-10,wk inc rsv hosp,3,2026-10-31,54,quantile,0.25,0
2026-10-10,wk inc rsv hosp,3,2026-10-31,54,quantile,0.3,0
2026-10-10,wk inc rsv hosp,3,2026-10-31,54,quantile,0.35,1
2026-10-10,wk inc rsv hosp,3,2026-10-31,54,quantile,0.4,1
2026-10-10,wk inc rsv hosp,3,2026-10-31,54,quantile,0.45,2
2026-10-10,wk inc rsv hosp,3,2026-10-31,54,quantile,0.5,2
2026-10-10,wk inc rsv hosp,3,2026-10-31,54,quantile,0.55,3
2026-10-10,wk inc rsv hosp,3,2026-10-31,54,quantile,0.6,3
2026-10-10,wk inc rsv hosp,3,2026-10-31,54,quantile,0.65,5
2026-10-10,wk inc rsv hosp,3,2026-10-31,54,quantile,0.7,6
2026-10-10,wk inc rsv hosp,3,2026-10-31,54,quantile,0.75,7
2026-10-10,wk inc rsv hosp,3,2026-10-31,54,quantile,0.8,10
2026-10-10,wk inc rsv hosp,3,2026-10-31,54,quantile,0.85,13
2026-10-10,wk inc rsv hosp,3,2026-10-31,54,quantile,0.9,19
2026-10-10,wk inc rsv hosp,3,2026-10-31,54,quantile,0.95,32
2026-10-10,wk inc rsv hosp,3,2026-10-31,54,quantile,0.975,56
2026-10-10,wk inc rsv hosp,3,2026-10-31,54,quantile,0.99,91
2026-10-10,wk inc rsv hosp,3,2026-10-31,55,quantile,0.01,0
2026-10-10,wk inc rsv hosp,3,2026-10-31,55,quantile,0.025,1
2026-10-10,wk inc rsv hosp,3,2026-10-31,55,quantile,0.05,2
2026-10-10,wk inc rsv hosp,3,2026-10-31,55,quantile,0.1,3
2026-10-10,wk inc rsv hosp,3,2026-10-31,55,quantile,0.15,5
2026-10-10,wk inc rsv hosp,3,2026-10-31,55,quantile,0.2,6
2026-10-10,wk inc rsv hosp,3,2026-10-31,55,quantile,0.25,7
2026-10-10,wk inc rsv hosp,3,2026-10-31,55,quantile,0.3,9
2026-10-10,wk inc rsv hosp,3,2026-10-31,55,quantile,0.35,10
2026-10-10,wk inc rsv hosp,3,2026-10-31,55,quantile,0.4,11
2026-10-10,wk inc rsv hosp,3,2026-10-31,55,quantile,0.45,12
2026-10-10,wk inc rsv hosp,3,2026-10-31,55,quantile,0.5,14
2026-10-10,wk inc rsv hosp,3,2026-10-31,55,quantile,0.55,16
2026-10-10,wk inc rsv hosp,3,2026-10-31,55,quantile,0.6,18
2026-10-10,wk inc rsv hosp,3,2026-10-31,55,quantile,0.65,21
2026-10-10,wk inc rsv hosp,3,2026-10-31,55,quantile,0.7,25
2026-10-10,wk inc rsv hosp,3,2026-10-31,55,quantile,0.75,30
2026-10-10,wk inc rsv hosp,3,2026-10-31,55,quantile,0.8,35
2026-10-10,wk inc rsv hosp,3,2026-10-31,55,quantile,0.85,44
2026-10-10,wk inc rsv hosp,3,2026-10-31,55,quantile,0.9,59
2026-10-10,wk inc rsv hosp,3,2026-10-31,55,quantile,0.95,97
2026-10-10,wk inc rsv hosp,3,2026-10-31,55,quantile,0.975,174
2026-10-10,wk inc rsv hosp,3,2026-10-31,55,quantile,0.99,429
2026-10-10,wk inc rsv hosp,3,2026-10-31,56,quantile,0.01,0
2026-10-10,wk inc rsv hosp,3,2026-10-31,56,quantile,0.025,0
2026-10-10,wk inc rsv hosp,3,2026-10-31,56,quantile,0.05,0
2026-10-10,wk inc rsv hosp,3,2026-10-31,56,quantile,0.1,0
2026-10-10,wk inc rsv hosp,3,2026-10-31,56,quantile,0.15,0
2026-10-10,wk inc rsv hosp,3,2026-10-31,56,quantile,0.2,0
2026-10-10,wk inc rsv hosp,3,2026-10-31,56,quantile,0.25,0
2026-10-10,wk inc rsv hosp,3,2026-10-31,56,quantile,0.3,0
2026-10-10,wk inc rsv hosp,3,2026-10-31,56,quantile,0.35,0
2026-10-10,wk inc rsv hosp,3,2026-10-31,56,quantile,0.4,0
2026-10-10,wk inc rsv hosp,3,2026-10-31,56,quantile,0.45,1
2026-10-10,wk inc rsv hosp,3,2026-10-31,56,quantile,0.5,1
2026-10-10,wk inc rsv hosp,3,2026-10-31,56,quantile,0.55,2
2026-10-10,wk inc rsv hosp,3,2026-10-31,56,quantile,0.6,2
2026-10-10,wk inc rsv hosp,3,2026-10-31,56,quantile,0.65,3
2026-10-10,wk inc rsv hosp,3,2026-10-31,56,quantile,0.7,5
2026-10-10,wk inc rsv hosp,3,2026-10-31,56,quantile,0.75,8
2026-10-10,wk inc rsv hosp,3,2026-10-31,56,quantile,0.8,11
2026-10-10,wk inc rsv hosp,3,2026-10-31,56,quantile,0.85,14
2026-10-10,wk inc rsv hosp,3,2026-10-31,56,quantile,0.9,22
2026-10-10,wk inc rsv hosp,3,2026-10-31,56,quantile,0.95,36
2026-10-10,wk inc rsv hosp,3,2026-10-31,56,quantile,0.975,55
2026-10-10,wk inc rsv hosp,3,2026-10-31,56,quantile,0.99,67
2026-10-10,wk inc rsv hosp,3,2026-10-31,72,quantile,0.01,0
2026-10-10,wk inc rsv hosp,3,2026-10-31,72,quantile,0.025,2
2026-10-10,wk inc rsv hosp,3,2026-10-31,72,quantile,0.05,3
2026-10-10,wk inc rsv hosp,3,2026-10-31,72,quantile,0.1,5
2026-10-10,wk inc rsv hosp,3,2026-10-31,72,quantile,0.15,6
2026-10-10,wk inc rsv hosp,3,2026-10-31,72,quantile,0.2,7
2026-10-10,wk inc rsv hosp,3,2026-10-31,72,quantile,0.25,8
2026-10-10,wk inc rsv hosp,3,2026-10-31,72,quantile,0.3,10
2026-10-10,wk inc rsv hosp,3,2026-10-31,72,quantile,0.35,12
2026-10-10,wk inc rsv hosp,3,2026-10-31,72,quantile,0.4,13
2026-10-10,wk inc rsv hosp,3,2026-10-31,72,quantile,0.45,15
2026-10-10,wk inc rsv hosp,3,2026-10-31,72,quantile,0.5,16
2026-10-10,wk inc rsv hosp,3,2026-10-31,72,quantile,0.55,18
2026-10-10,wk inc rsv hosp,3,2026-10-31,72,quantile,0.6,20
2026-10-10,wk inc rsv hosp,3,2026-10-31,72,quantile,0.65,23
2026-10-10,wk inc rsv hosp,3,2026-10-31,72,quantile,0.7,26
2026-10-10,wk inc rsv hosp,3,2026-10-31,72,quantile,0.75,31
2026-10-10,wk inc rsv hosp,3,2026-10-31,72,quantile,0.8,37
2026-10-10,wk inc rsv hosp,3,2026-10-31,72,quantile,0.85,45
2026-10-10,wk inc rsv hosp,3,2026-10-31,72,quantile,0.9,60
2026-10-10,wk inc rsv hosp,3,2026-10-31,72,quantile,0.95,85
2026-10-10,wk inc rsv hosp,3,2026-10-31,72,quantile,0.975,113
2026-10-10,wk inc rsv hosp,3,2026-10-31,72,quantile,0.99,159
2026-10-10,wk inc rsv hosp,3,2026-10-31,US,quantile,0.01,1164
2026-10-10,wk inc rsv hosp,3,2026-10-31,US,quantile,0.025,1295
2026-10-10,wk inc rsv hosp,3,2026-10-31,US,quantile,0.05,1390
2026-10-10,wk inc rsv hosp,3,2026-10-31,US,quantile,0.1,1512
2026-10-10,wk inc rsv hosp,3,2026-10-31,US,quantile,0.15,1637
2026-10-10,wk inc rsv hosp,3,2026-10-31,US,quantile,0.2,1726
2026-10-10,wk inc rsv hosp,3,2026-10-31,US,quantile,0.25,1816
2026-10-10,wk inc rsv hosp,3,2026-10-31,US,quantile,0.3,1889
2026-10-10,wk inc rsv hosp,3,2026-10-31,US,quantile,0.35,1944
2026-10-10,wk inc rsv hosp,3,2026-10-31,US,quantile,0.4,2029
2026-10-10,wk inc rsv hosp,3,2026-10-31,US,quantile,0.45,2110
2026-10-10,wk inc rsv hosp,3,2026-10-31,US,quantile,0.5,2192
2026-10-10,wk inc rsv hosp,3,2026-10-31,US,quantile,0.55,2247
2026-10-10,wk inc rsv hosp,3,2026-10-31,US,quantile,0.6,2342
2026-10-10,wk inc rsv hosp,3,2026-10-31,US,quantile,0.65,2425
2026-10-10,wk inc rsv hosp,3,2026-10-31,US,quantile,0.7,2559
2026-10-10,wk inc rsv hosp,3,2026-10-31,US,quantile,0.75,2658
2026-10-10,wk inc rsv hosp,3,2026-10-31,US,quantile,0.8,2797
2026-10-10,wk inc rsv hosp,3,2026-10-31,US,quantile,0.85,2941
2026-10-10,wk inc rsv hosp,3,2026-10-31,US,quantile,0.9,3231
2026-10-10,wk inc rsv hosp,3,2026-10-31,US,quantile,0.95,3730
2026-10-10,wk inc rsv hosp,3,2026-10-31,US,quantile,0.975,4143
2026-10-10,wk inc rsv hosp,3,2026-10-31,US,quantile,0.99,4759
