reference_date,location,horizon,target,target_end_date,output_type,output_type_id,value
2026-09-26,01,-1,wk inc rsv hosp,2026-09-19,quantile,0.01,4
2026-09-26,01,-1,wk inc rsv hosp,2026-09-19,quantile,0.025,5
2026-09-26,01,-1,wk inc rsv hosp,2026-09-19,quantile,0.05,6
2026-09-26,01,-1,wk inc rsv hosp,2026-09-19,quantile,0.1,7
2026-09-26,01,-1,wk inc rsv hosp,2026-09-19,quantile,0.15,8
2026-09-26,01,-1,wk inc rsv hosp,2026-09-19,quantile,0.2,9
2026-09-26,01,-1,wk inc rsv hosp,2026-09-19,quantile,0.25,9
2026-09-26,01,-1,wk inc rsv hosp,2026-09-19,quantile,0.3,10
2026-09-26,01,-1,wk inc rsv hosp,2026-09-19,quantile,0.35,10
2026-09-26,01,-1,wk inc rsv hosp,2026-09-19,quantile,0.4,10.5
2026-09-26,01,-1,wk inc rsv hosp,2026-09-19,quantile,0.45,11
2026-09-26,01,-1,wk inc rsv hosp,2026-09-19,quantile,0.5,11.5
2026-09-26,01,-1,wk inc rsv hosp,2026-09-19,quantile,0.55,12
2026-09-26,01,-1,wk inc rsv hosp,2026-09-19,quantile,0.6,12.5
2026-09-26,01,-1,wk inc rsv hosp,2026-09-19,quantile,0.65,13
2026-09-26,01,-1,wk inc rsv hosp,2026-09-19,quantile,0.7,13.5
2026-09-26,01,-1,wk inc rsv hosp,2026-09-19,quantile,0.75,14.5
2026-09-26,01,-1,wk inc rsv hosp,2026-09-19,quantile,0.8,15
2026-09-26,01,-1,wk inc rsv hosp,2026-09-19,quantile,0.85,16
2026-09-26,01,-1,wk inc rsv hosp,2026-09-19,quantile,0.9,17
2026-09-26,01,-1,wk inc rsv hosp,2026-09-19,quantile,0.95,19
2026-09-26,01,-1,wk inc rsv hosp,2026-09-19,quantile,0.975,20.5
2026-09-26,01,-1,wk inc rsv hosp,2026-09-19,quantile,0.99,22.504999999999995
2026-09-26,01,0,wk inc rsv hosp,2026-09-26,quantile,0.01,3
2026-09-26,01,0,wk inc rsv hosp,2026-09-26,quantile,0.025,3.9750000000000014
2026-09-26,01,0,wk inc rsv hosp,2026-09-26,quantile,0.05,4
2026-09-26,01,0,wk inc rsv hosp,2026-09-26,quantile,0.1,6
2026-09-26,01,0,wk inc rsv hosp,2026-09-26,quantile,0.15,7
2026-09-26,01,0,wk inc rsv hosp,2026-09-26,quantile,0.2,8
2026-09-26,01,0,wk inc rsv hosp,2026-09-26,quantile,0.25,8
2026-09-26,01,0,wk inc rsv hosp,2026-09-26,quantile,0.3,9
2026-09-26,01,0,wk inc rsv hosp,2026-09-26,quantile,0.35,9
2026-09-26,01,0,wk inc rsv hosp,2026-09-26,quantile,0.4,10
2026-09-26,01,0,wk inc rsv hosp,2026-09-26,quantile,0.45,10
2026-09-26,01,0,wk inc rsv hosp,2026-09-26,quantile,0.5,11
2026-09-26,01,0,wk inc rsv hosp,2026-09-26,quantile,0.55,11.450000000000044
2026-09-26,01,0,wk inc rsv hosp,2026-09-26,quantile,0.6,12
2026-09-26,01,0,wk inc rsv hosp,2026-09-26,quantile,0.65,13
2026-09-26,01,0,wk inc rsv hosp,2026-09-26,quantile,0.7,13
2026-09-26,01,0,wk inc rsv hosp,2026-09-26,quantile,0.75,14
2026-09-26,01,0,wk inc rsv hosp,2026-09-26,quantile,0.8,15
2026-09-26,01,0,wk inc rsv hosp,2026-09-26,quantile,0.85,16
2026-09-26,01,0,wk inc rsv hosp,2026-09-26,quantile,0.9,18
2026-09-26,01,0,wk inc rsv hosp,2026-09-26,quantile,0.95,20
2026-09-26,01,0,wk inc rsv hosp,2026-09-26,quantile,0.975,22
2026-09-26,01,0,wk inc rsv hosp,2026-09-26,quantile,0.99,25
2026-09-26,01,1,wk inc rsv hosp,2026-10-03,quantile,0.01,2.990000000000002
2026-09-26,01,1,wk inc rsv hosp,2026-10-03,quantile,0.025,3
2026-09-26,01,1,wk inc rsv hosp,2026-10-03,quantile,0.05,4
2026-09-26,01,1,wk inc rsv hosp,2026-10-03,quantile,0.1,6
2026-09-26,01,1,wk inc rsv hosp,2026-10-03,quantile,0.15,6
2026-09-26,01,1,wk inc rsv hosp,2026-10-03,quantile,0.2,7
2026-09-26,01,1,wk inc rsv hosp,2026-10-03,quantile,0.25,8
2026-09-26,01,1,wk inc rsv hosp,2026-10-03,quantile,0.3,8
2026-09-26,01,1,wk inc rsv hosp,2026-10-03,quantile,0.35,9
2026-09-26,01,1,wk inc rsv hosp,2026-10-03,quantile,0.4,10
2026-09-26,01,1,wk inc rsv hosp,2026-10-03,quantile,0.45,10
2026-09-26,01,1,wk inc rsv hosp,2026-10-03,quantile,0.5,11
2026-09-26,01,1,wk inc rsv hosp,2026-10-03,quantile,0.55,11
2026-09-26,01,1,wk inc rsv hosp,2026-10-03,quantile,0.6,12
2026-09-26,01,1,wk inc rsv hosp,2026-10-03,quantile,0.65,13
2026-09-26,01,1,wk inc rsv hosp,2026-10-03,quantile,0.7,14
2026-09-26,01,1,wk inc rsv hosp,2026-10-03,quantile,0.75,15
2026-09-26,01,1,wk inc rsv hosp,2026-10-03,quantile,0.8,16
2026-09-26,01,1,wk inc rsv hosp,2026-10-03,quantile,0.85,17
2026-09-26,01,1,wk inc rsv hosp,2026-10-03,quantile,0.9,19
2026-09-26,01,1,wk inc rsv hosp,2026-10-03,quantile,0.95,23
2026-09-26,01,1,wk inc rsv hosp,2026-10-03,quantile,0.975,26
2026-09-26,01,1,wk inc rsv hosp,2026-10-03,quantile,0.99,31.00999999999999
2026-09-26,01,2,wk inc rsv hosp,2026-10-10,quantile,0.01,1.990000000000002
2026-09-26,01,2,wk inc rsv hosp,2026-10-10,quantile,0.025,2
2026-09-26,01,2,wk inc rsv hosp,2026-10-10,quantile,0.05,4
2026-09-26,01,2,wk inc rsv hosp,2026-10-10,quantile,0.1,5
2026-09-26,01,2,wk inc rsv hosp,2026-10-10,quantile,0.15,5
2026-09-26,01,2,wk inc rsv hosp,2026-10-10,quantile,0.2,6
2026-09-26,01,2,wk inc rsv hosp,2026-10-10,quantile,0.25,7
2026-09-26,01,2,wk inc rsv hosp,2026-10-10,quantile,0.3,8
2026-09-26,01,2,wk inc rsv hosp,2026-10-10,quantile,0.35,9
2026-09-26,01,2,wk inc rsv hosp,2026-10-10,quantile,0.4,9
2026-09-26,01,2,wk inc rsv hosp,2026-10-10,quantile,0.45,10
2026-09-26,01,2,wk inc rsv hosp,2026-10-10,quantile,0.5,11
2026-09-26,01,2,wk inc rsv hosp,2026-10-10,quantile,0.55,12
2026-09-26,01,2,wk inc rsv hosp,2026-10-10,quantile,0.6,13
2026-09-26,01,2,wk inc rsv hosp,2026-10-10,quantile,0.65,13
2026-09-26,01,2,wk inc rsv hosp,2026-10-10,quantile,0.7,14
2026-09-26,01,2,wk inc rsv hosp,2026-10-10,quantile,0.75,16
2026-09-26,01,2,wk inc rsv hosp,2026-10-10,quantile,0.8,18
2026-09-26,01,2,wk inc rsv hosp,2026-10-10,quantile,0.85,20
2026-09-26,01,2,wk inc rsv hosp,2026-10-10,quantile,0.9,23
2026-09-26,01,2,wk inc rsv hosp,2026-10-10,quantile,0.95,28
2026-09-26,01,2,wk inc rsv hosp,2026-10-10,quantile,0.975,35
2026-09-26,01,2,wk inc rsv hosp,2026-10-10,quantile,0.99,42.00999999999999
2026-09-26,01,3,wk inc rsv hosp,2026-10-17,quantile,0.01,1
2026-09-26,01,3,wk inc rsv hosp,2026-10-17,quantile,0.025,1.5
2026-09-26,01,3,wk inc rsv hosp,2026-10-17,quantile,0.05,3
2026-09-26,01,3,wk inc rsv hosp,2026-10-17,quantile,0.1,4.5
2026-09-26,01,3,wk inc rsv hosp,2026-10-17,quantile,0.15,5.5
2026-09-26,01,3,wk inc rsv hosp,2026-10-17,quantile,0.2,7
2026-09-26,01,3,wk inc rsv hosp,2026-10-17,quantile,0.25,8.5
2026-09-26,01,3,wk inc rsv hosp,2026-10-17,quantile,0.3,9.5
2026-09-26,01,3,wk inc rsv hosp,2026-10-17,quantile,0.35,11
2026-09-26,01,3,wk inc rsv hosp,2026-10-17,quantile,0.4,12.5
2026-09-26,01,3,wk inc rsv hosp,2026-10-17,quantile,0.45,14
2026-09-26,01,3,wk inc rsv hosp,2026-10-17,quantile,0.5,16
2026-09-26,01,3,wk inc rsv hosp,2026-10-17,quantile,0.55,18
2026-09-26,01,3,wk inc rsv hosp,2026-10-17,quantile,0.6,19.5
2026-09-26,01,3,wk inc rsv hosp,2026-10-17,quantile,0.65,22.5
2026-09-26,01,3,wk inc rsv hosp,2026-10-17,quantile,0.7,25.5
2026-09-26,01,3,wk inc rsv hosp,2026-10-17,quantile,0.75,29.5
2026-09-26,01,3,wk inc rsv hosp,2026-10-17,quantile,0.8,35.5
2026-09-26,01,3,wk inc rsv hosp,2026-10-17,quantile,0.85,42.5
2026-09-26,01,3,wk inc rsv hosp,2026-10-17,quantile,0.9,54
2026-09-26,01,3,wk inc rsv hosp,2026-10-17,quantile,0.95,83
2026-09-26,01,3,wk inc rsv hosp,2026-10-17,quantile,0.975,113.5
2026-09-26,01,3,wk inc rsv hosp,2026-10-17,quantile,0.99,160.5
2026-09-26,02,-1,wk inc rsv hosp,2026-09-19,quantile,0.01,0.5
2026-09-26,02,-1,wk inc rsv hosp,2026-09-19,quantile,0.025,1
2026-09-26,02,-1,wk inc rsv hosp,2026-09-19,quantile,0.05,1.5
2026-09-26,02,-1,wk inc rsv hosp,2026-09-19,quantile,0.1,2
2026-09-26,02,-1,wk inc rsv hosp,2026-09-19,quantile,0.15,2
2026-09-26,02,-1,wk inc rsv hosp,2026-09-19,quantile,0.2,2
2026-09-26,02,-1,wk inc rsv hosp,2026-09-19,quantile,0.25,3
2026-09-26,02,-1,wk inc rsv hosp,2026-09-19,quantile,0.3,3
2026-09-26,02,-1,wk inc rsv hosp,2026-09-19,quantile,0.35,3
2026-09-26,02,-1,wk inc rsv hosp,2026-09-19,quantile,0.4,3
2026-09-26,02,-1,wk inc rsv hosp,2026-09-19,quantile,0.45,3
2026-09-26,02,-1,wk inc rsv hosp,2026-09-19,quantile,0.5,3
2026-09-26,02,-1,wk inc rsv hosp,2026-09-19,quantile,0.55,4
2026-09-26,02,-1,wk inc rsv hosp,2026-09-19,quantile,0.6,4
2026-09-26,02,-1,wk inc rsv hosp,2026-09-19,quantile,0.65,4
2026-09-26,02,-1,wk inc rsv hosp,2026-09-19,quantile,0.7,4
2026-09-26,02,-1,wk inc rsv hosp,2026-09-19,quantile,0.75,5
2026-09-26,02,-1,wk inc rsv hosp,2026-09-19,quantile,0.8,5
2026-09-26,02,-1,wk inc rsv hosp,2026-09-19,quantile,0.85,5
2026-09-26,02,-1,wk inc rsv hosp,2026-09-19,quantile,0.9,6
2026-09-26,02,-1,wk inc rsv hosp,2026-09-19,quantile,0.95,7
2026-09-26,02,-1,wk inc rsv hosp,2026-09-19,quantile,0.975,8.5
2026-09-26,02,-1,wk inc rsv hosp,2026-09-19,quantile,0.99,10
2026-09-26,02,0,wk inc rsv hosp,2026-09-26,quantile,0.01,0
2026-09-26,02,0,wk inc rsv hosp,2026-09-26,quantile,0.025,0
2026-09-26,02,0,wk inc rsv hosp,2026-09-26,quantile,0.05,1
2026-09-26,02,0,wk inc rsv hosp,2026-09-26,quantile,0.1,2
2026-09-26,02,0,wk inc rsv hosp,2026-09-26,quantile,0.15,3
2026-09-26,02,0,wk inc rsv hosp,2026-09-26,quantile,0.2,3
2026-09-26,02,0,wk inc rsv hosp,2026-09-26,quantile,0.25,3
2026-09-26,02,0,wk inc rsv hosp,2026-09-26,quantile,0.3,3
2026-09-26,02,0,wk inc rsv hosp,2026-09-26,quantile,0.35,3
2026-09-26,02,0,wk inc rsv hosp,2026-09-26,quantile,0.4,3
2026-09-26,02,0,wk inc rsv hosp,2026-09-26,quantile,0.45,4
2026-09-26,02,0,wk inc rsv hosp,2026-09-26,quantile,0.5,4
2026-09-26,02,0,wk inc rsv hosp,2026-09-26,quantile,0.55,4
2026-09-26,02,0,wk inc rsv hosp,2026-09-26,quantile,0.6,4
2026-09-26,02,0,wk inc rsv hosp,2026-09-26,quantile,0.65,4
2026-09-26,02,0,wk inc rsv hosp,2026-09-26,quantile,0.7,4
2026-09-26,02,0,wk inc rsv hosp,2026-09-26,quantile,0.75,5
2026-09-26,02,0,wk inc rsv hosp,2026-09-26,quantile,0.8,5
2026-09-26,02,0,wk inc rsv hosp,2026-09-26,quantile,0.85,5
2026-09-26,02,0,wk inc rsv hosp,2026-09-26,quantile,0.9,6
2026-09-26,02,0,wk inc rsv hosp,2026-09-26,quantile,0.95,8
2026-09-26,02,0,wk inc rsv hosp,2026-09-26,quantile,0.975,9
2026-09-26,02,0,wk inc rsv hosp,2026-09-26,quantile,0.99,12
2026-09-26,02,1,wk inc rsv hosp,2026-10-03,quantile,0.01,0
2026-09-26,02,1,wk inc rsv hosp,2026-10-03,quantile,0.025,0
2026-09-26,02,1,wk inc rsv hosp,2026-10-03,quantile,0.05,0
2026-09-26,02,1,wk inc rsv hosp,2026-10-03,quantile,0.1,2
2026-09-26,02,1,wk inc rsv hosp,2026-10-03,quantile,0.15,2
2026-09-26,02,1,wk inc rsv hosp,2026-10-03,quantile,0.2,3
2026-09-26,02,1,wk inc rsv hosp,2026-10-03,quantile,0.25,3
2026-09-26,02,1,wk inc rsv hosp,2026-10-03,quantile,0.3,3
2026-09-26,02,1,wk inc rsv hosp,2026-10-03,quantile,0.35,3
2026-09-26,02,1,wk inc rsv hosp,2026-10-03,quantile,0.4,4
2026-09-26,02,1,wk inc rsv hosp,2026-10-03,quantile,0.45,4
2026-09-26,02,1,wk inc rsv hosp,2026-10-03,quantile,0.5,4
2026-09-26,02,1,wk inc rsv hosp,2026-10-03,quantile,0.55,4
2026-09-26,02,1,wk inc rsv hosp,2026-10-03,quantile,0.6,4
2026-09-26,02,1,wk inc rsv hosp,2026-10-03,quantile,0.65,5
2026-09-26,02,1,wk inc rsv hosp,2026-10-03,quantile,0.7,6
2026-09-26,02,1,wk inc rsv hosp,2026-10-03,quantile,0.75,6
2026-09-26,02,1,wk inc rsv hosp,2026-10-03,quantile,0.8,7
2026-09-26,02,1,wk inc rsv hosp,2026-10-03,quantile,0.85,9
2026-09-26,02,1,wk inc rsv hosp,2026-10-03,quantile,0.9,11
2026-09-26,02,1,wk inc rsv hosp,2026-10-03,quantile,0.95,15
2026-09-26,02,1,wk inc rsv hosp,2026-10-03,quantile,0.975,20
2026-09-26,02,1,wk inc rsv hosp,2026-10-03,quantile,0.99,29
2026-09-26,02,2,wk inc rsv hosp,2026-10-10,quantile,0.01,0
2026-09-26,02,2,wk inc rsv hosp,2026-10-10,quantile,0.025,0
2026-09-26,02,2,wk inc rsv hosp,2026-10-10,quantile,0.05,1
2026-09-26,02,2,wk inc rsv hosp,2026-10-10,quantile,0.1,2
2026-09-26,02,2,wk inc rsv hosp,2026-10-10,quantile,0.15,2
2026-09-26,02,2,wk inc rsv hosp,2026-10-10,quantile,0.2,2
2026-09-26,02,2,wk inc rsv hosp,2026-10-10,quantile,0.25,3
2026-09-26,02,2,wk inc rsv hosp,2026-10-10,quantile,0.3,3
2026-09-26,02,2,wk inc rsv hosp,2026-10-10,quantile,0.35,3
2026-09-26,02,2,wk inc rsv hosp,2026-10-10,quantile,0.4,3
2026-09-26,02,2,wk inc rsv hosp,2026-10-10,quantile,0.45,4
2026-09-26,02,2,wk inc rsv hosp,2026-10-10,quantile,0.5,5
2026-09-26,02,2,wk inc rsv hosp,2026-10-10,quantile,0.55,5
2026-09-26,02,2,wk inc rsv hosp,2026-10-10,quantile,0.6,6
2026-09-26,02,2,wk inc rsv hosp,2026-10-10,quantile,0.65,7
2026-09-26,02,2,wk inc rsv hosp,2026-10-10,quantile,0.7,8
2026-09-26,02,2,wk inc rsv hosp,2026-10-10,quantile,0.75,10
2026-09-26,02,2,wk inc rsv hosp,2026-10-10,quantile,0.8,12
2026-09-26,02,2,wk inc rsv hosp,2026-10-10,quantile,0.85,15
2026-09-26,02,2,wk inc rsv hosp,2026-10-10,quantile,0.9,21
2026-09-26,02,2,wk inc rsv hosp,2026-10-10,quantile,0.95,31
2026-09-26,02,2,wk inc rsv hosp,2026-10-10,quantile,0.975,46.04999999999973
2026-09-26,02,2,wk inc rsv hosp,2026-10-10,quantile,0.99,68.01999999999998
2026-09-26,02,3,wk inc rsv hosp,2026-10-17,quantile,0.01,0.5
2026-09-26,02,3,wk inc rsv hosp,2026-10-17,quantile,0.025,0.5
2026-09-26,02,3,wk inc rsv hosp,2026-10-17,quantile,0.05,1
2026-09-26,02,3,wk inc rsv hosp,2026-10-17,quantile,0.1,2
2026-09-26,02,3,wk inc rsv hosp,2026-10-17,quantile,0.15,2.5
2026-09-26,02,3,wk inc rsv hosp,2026-10-17,quantile,0.2,3
2026-09-26,02,3,wk inc rsv hosp,2026-10-17,quantile,0.25,3.5
2026-09-26,02,3,wk inc rsv hosp,2026-10-17,quantile,0.3,5
2026-09-26,02,3,wk inc rsv hosp,2026-10-17,quantile,0.35,5.5
2026-09-26,02,3,wk inc rsv hosp,2026-10-17,quantile,0.4,6
2026-09-26,02,3,wk inc rsv hosp,2026-10-17,quantile,0.45,7.5
2026-09-26,02,3,wk inc rsv hosp,2026-10-17,quantile,0.5,8
2026-09-26,02,3,wk inc rsv hosp,2026-10-17,quantile,0.55,9.5
2026-09-26,02,3,wk inc rsv hosp,2026-10-17,quantile,0.6,10.5
2026-09-26,02,3,wk inc rsv hosp,2026-10-17,quantile,0.65,12
2026-09-26,02,3,wk inc rsv hosp,2026-10-17,quantile,0.7,13.5
2026-09-26,02,3,wk inc rsv hosp,2026-10-17,quantile,0.75,16
2026-09-26,02,3,wk inc rsv hosp,2026-10-17,quantile,0.8,19.5
2026-09-26,02,3,wk inc rsv hosp,2026-10-17,quantile,0.85,24
2026-09-26,02,3,wk inc rsv hosp,2026-10-17,quantile,0.9,30
2026-09-26,02,3,wk inc rsv hosp,2026-10-17,quantile,0.95,40.5
2026-09-26,02,3,wk inc rsv hosp,2026-10-17,quantile,0.975,54.5
2026-09-26,02,3,wk inc rsv hosp,2026-10-17,quantile,0.99,71
2026-09-26,04,-1,wk inc rsv hosp,2026-09-19,quantile,0.01,0
2026-09-26,04,-1,wk inc rsv hosp,2026-09-19,quantile,0.025,0
2026-09-26,04,-1,wk inc rsv hosp,2026-09-19,quantile,0.05,0
2026-09-26,04,-1,wk inc rsv hosp,2026-09-19,quantile,0.1,0
2026-09-26,04,-1,wk inc rsv hosp,2026-09-19,quantile,0.15,0.5
2026-09-26,04,-1,wk inc rsv hosp,2026-09-19,quantile,0.2,0.5
2026-09-26,04,-1,wk inc rsv hosp,2026-09-19,quantile,0.25,0.5
2026-09-26,04,-1,wk inc rsv hosp,2026-09-19,quantile,0.3,0.5
2026-09-26,04,-1,wk inc rsv hosp,2026-09-19,quantile,0.35,0.5
2026-09-26,04,-1,wk inc rsv hosp,2026-09-19,quantile,0.4,1
2026-09-26,04,-1,wk inc rsv hosp,2026-09-19,quantile,0.45,1
2026-09-26,04,-1,wk inc rsv hosp,2026-09-19,quantile,0.5,1
2026-09-26,04,-1,wk inc rsv hosp,2026-09-19,quantile,0.55,1
2026-09-26,04,-1,wk inc rsv hosp,2026-09-19,quantile,0.6,1.5
2026-09-26,04,-1,wk inc rsv hosp,2026-09-19,quantile,0.65,2
2026-09-26,04,-1,wk inc rsv hosp,2026-09-19,quantile,0.7,2
2026-09-26,04,-1,wk inc rsv hosp,2026-09-19,quantile,0.75,2.5
2026-09-26,04,-1,wk inc rsv hosp,2026-09-19,quantile,0.8,3
2026-09-26,04,-1,wk inc rsv hosp,2026-09-19,quantile,0.85,3
2026-09-26,04,-1,wk inc rsv hosp,2026-09-19,quantile,0.9,4
2026-09-26,04,-1,wk inc rsv hosp,2026-09-19,quantile,0.95,4.5
2026-09-26,04,-1,wk inc rsv hosp,2026-09-19,quantile,0.975,5.5
2026-09-26,04,-1,wk inc rsv hosp,2026-09-19,quantile,0.99,6
2026-09-26,04,0,wk inc rsv hosp,2026-09-26,quantile,0.01,0
2026-09-26,04,0,wk inc rsv hosp,2026-09-26,quantile,0.025,0
2026-09-26,04,0,wk inc rsv hosp,2026-09-26,quantile,0.05,0
2026-09-26,04,0,wk inc rsv hosp,2026-09-26,quantile,0.1,0
2026-09-26,04,0,wk inc rsv hosp,2026-09-26,quantile,0.15,1
2026-09-26,04,0,wk inc rsv hosp,2026-09-26,quantile,0.2,1
2026-09-26,04,0,wk inc rsv hosp,2026-09-26,quantile,0.25,1
2026-09-26,04,0,wk inc rsv hosp,2026-09-26,quantile,0.3,1
2026-09-26,04,0,wk inc rsv hosp,2026-09-26,quantile,0.35,1
2026-09-26,04,0,wk inc rsv hosp,2026-09-26,quantile,0.4,2
2026-09-26,04,0,wk inc rsv hosp,2026-09-26,quantile,0.45,2
2026-09-26,04,0,wk inc rsv hosp,2026-09-26,quantile,0.5,2
2026-09-26,04,0,wk inc rsv hosp,2026-09-26,quantile,0.55,2
2026-09-26,04,0,wk inc rsv hosp,2026-09-26,quantile,0.6,3
2026-09-26,04,0,wk inc rsv hosp,2026-09-26,quantile,0.65,3
2026-09-26,04,0,wk inc rsv hosp,2026-09-26,quantile,0.7,3
2026-09-26,04,0,wk inc rsv hosp,2026-09-26,quantile,0.75,4
2026-09-26,04,0,wk inc rsv hosp,2026-09-26,quantile,0.8,4
2026-09-26,04,0,wk inc rsv hosp,2026-09-26,quantile,0.85,4
2026-09-26,04,0,wk inc rsv hosp,2026-09-26,quantile,0.9,6
2026-09-26,04,0,wk inc rsv hosp,2026-09-26,quantile,0.95,8
2026-09-26,04,0,wk inc rsv hosp,2026-09-26,quantile,0.975,12
2026-09-26,04,0,wk inc rsv hosp,2026-09-26,quantile,0.99,15
2026-09-26,04,1,wk inc rsv hosp,2026-10-03,quantile,0.01,0
2026-09-26,04,1,wk inc rsv hosp,2026-10-03,quantile,0.025,0
2026-09-26,04,1,wk inc rsv hosp,2026-10-03,quantile,0.05,0
2026-09-26,04,1,wk inc rsv hosp,2026-10-03,quantile,0.1,0
2026-09-26,04,1,wk inc rsv hosp,2026-10-03,quantile,0.15,1
2026-09-26,04,1,wk inc rsv hosp,2026-10-03,quantile,0.2,1
2026-09-26,04,1,wk inc rsv hosp,2026-10-03,quantile,0.25,1
2026-09-26,04,1,wk inc rsv hosp,2026-10-03,quantile,0.3,1
2026-09-26,04,1,wk inc rsv hosp,2026-10-03,quantile,0.35,1
2026-09-26,04,1,wk inc rsv hosp,2026-10-03,quantile,0.4,2
2026-09-26,04,1,wk inc rsv hosp,2026-10-03,quantile,0.45,2
2026-09-26,04,1,wk inc rsv hosp,2026-10-03,quantile,0.5,2
2026-09-26,04,1,wk inc rsv hosp,2026-10-03,quantile,0.55,2
2026-09-26,04,1,wk inc rsv hosp,2026-10-03,quantile,0.6,3
2026-09-26,04,1,wk inc rsv hosp,2026-10-03,quantile,0.65,3
2026-09-26,04,1,wk inc rsv hosp,2026-10-03,quantile,0.7,3
2026-09-26,04,1,wk inc rsv hosp,2026-10-03,quantile,0.75,4
2026-09-26,04,1,wk inc rsv hosp,2026-10-03,quantile,0.8,4
2026-09-26,04,1,wk inc rsv hosp,2026-10-03,quantile,0.85,5
2026-09-26,04,1,wk inc rsv hosp,2026-10-03,quantile,0.9,7
2026-09-26,04,1,wk inc rsv hosp,2026-10-03,quantile,0.95,11
2026-09-26,04,1,wk inc rsv hosp,2026-10-03,quantile,0.975,16
2026-09-26,04,1,wk inc rsv hosp,2026-10-03,quantile,0.99,19
2026-09-26,04,2,wk inc rsv hosp,2026-10-10,quantile,0.01,0
2026-09-26,04,2,wk inc rsv hosp,2026-10-10,quantile,0.025,0
2026-09-26,04,2,wk inc rsv hosp,2026-10-10,quantile,0.05,0
2026-09-26,04,2,wk inc rsv hosp,2026-10-10,quantile,0.1,0
2026-09-26,04,2,wk inc rsv hosp,2026-10-10,quantile,0.15,1
2026-09-26,04,2,wk inc rsv hosp,2026-10-10,quantile,0.2,1
2026-09-26,04,2,wk inc rsv hosp,2026-10-10,quantile,0.25,1
2026-09-26,04,2,wk inc rsv hosp,2026-10-10,quantile,0.3,1
2026-09-26,04,2,wk inc rsv hosp,2026-10-10,quantile,0.35,1
2026-09-26,04,2,wk inc rsv hosp,2026-10-10,quantile,0.4,2
2026-09-26,04,2,wk inc rsv hosp,2026-10-10,quantile,0.45,2
2026-09-26,04,2,wk inc rsv hosp,2026-10-10,quantile,0.5,2
2026-09-26,04,2,wk inc rsv hosp,2026-10-10,quantile,0.55,3
2026-09-26,04,2,wk inc rsv hosp,2026-10-10,quantile,0.6,3
2026-09-26,04,2,wk inc rsv hosp,2026-10-10,quantile,0.65,3
2026-09-26,04,2,wk inc rsv hosp,2026-10-10,quantile,0.7,4
2026-09-26,04,2,wk inc rsv hosp,2026-10-10,quantile,0.75,4
2026-09-26,04,2,wk inc rsv hosp,2026-10-10,quantile,0.8,5
2026-09-26,04,2,wk inc rsv hosp,2026-10-10,quantile,0.85,7
2026-09-26,04,2,wk inc rsv hosp,2026-10-10,quantile,0.9,10
2026-09-26,04,2,wk inc rsv hosp,2026-10-10,quantile,0.95,16
2026-09-26,04,2,wk inc rsv hosp,2026-10-10,quantile,0.975,20
2026-09-26,04,2,wk inc rsv hosp,2026-10-10,quantile,0.99,28
2026-09-26,04,3,wk inc rsv hosp,2026-10-17,quantile,0.01,0
2026-09-26,04,3,wk inc rsv hosp,2026-10-17,quantile,0.025,0
2026-09-26,04,3,wk inc rsv hosp,2026-10-17,quantile,0.05,0
2026-09-26,04,3,wk inc rsv hosp,2026-10-17,quantile,0.1,0.5
2026-09-26,04,3,wk inc rsv hosp,2026-10-17,quantile,0.15,1
2026-09-26,04,3,wk inc rsv hosp,2026-10-17,quantile,0.2,1
2026-09-26,04,3,wk inc rsv hosp,2026-10-17,quantile,0.25,1.5
2026-09-26,04,3,wk inc rsv hosp,2026-10-17,quantile,0.3,1.5
2026-09-26,04,3,wk inc rsv hosp,2026-10-17,quantile,0.35,2
2026-09-26,04,3,wk inc rsv hosp,2026-10-17,quantile,0.4,2
2026-09-26,04,3,wk inc rsv hosp,2026-10-17,quantile,0.45,2.5
2026-09-26,04,3,wk inc rsv hosp,2026-10-17,quantile,0.5,3.5
2026-09-26,04,3,wk inc rsv hosp,2026-10-17,quantile,0.55,3.5
2026-09-26,04,3,wk inc rsv hosp,2026-10-17,quantile,0.6,4.5
2026-09-26,04,3,wk inc rsv hosp,2026-10-17,quantile,0.65,5
2026-09-26,04,3,wk inc rsv hosp,2026-10-17,quantile,0.7,5.5
2026-09-26,04,3,wk inc rsv hosp,2026-10-17,quantile,0.75,7.5
2026-09-26,04,3,wk inc rsv hosp,2026-10-17,quantile,0.8,8.5
2026-09-26,04,3,wk inc rsv hosp,2026-10-17,quantile,0.85,11
2026-09-26,04,3,wk inc rsv hosp,2026-10-17,quantile,0.9,14
2026-09-26,04,3,wk inc rsv hosp,2026-10-17,quantile,0.95,21.5
2026-09-26,04,3,wk inc rsv hosp,2026-10-17,quantile,0.975,32
2026-09-26,04,3,wk inc rsv hosp,2026-10-17,quantile,0.99,45.5
2026-09-26,05,-1,wk inc rsv hosp,2026-09-19,quantile,0.01,0
2026-09-26,05,-1,wk inc rsv hosp,2026-09-19,quantile,0.025,0
2026-09-26,05,-1,wk inc rsv hosp,2026-09-19,quantile,0.05,0
2026-09-26,05,-1,wk inc rsv hosp,2026-09-19,quantile,0.1,0
2026-09-26,05,-1,wk inc rsv hosp,2026-09-19,quantile,0.15,1
2026-09-26,05,-1,wk inc rsv hosp,2026-09-19,quantile,0.2,1
2026-09-26,05,-1,wk inc rsv hosp,2026-09-19,quantile,0.25,1
2026-09-26,05,-1,wk inc rsv hosp,2026-09-19,quantile,0.3,1
2026-09-26,05,-1,wk inc rsv hosp,2026-09-19,quantile,0.35,1.3249999999999886
2026-09-26,05,-1,wk inc rsv hosp,2026-09-19,quantile,0.4,1.5
2026-09-26,05,-1,wk inc rsv hosp,2026-09-19,quantile,0.45,1.5
2026-09-26,05,-1,wk inc rsv hosp,2026-09-19,quantile,0.5,1.5
2026-09-26,05,-1,wk inc rsv hosp,2026-09-19,quantile,0.55,1.5
2026-09-26,05,-1,wk inc rsv hosp,2026-09-19,quantile,0.6,2.5
2026-09-26,05,-1,wk inc rsv hosp,2026-09-19,quantile,0.65,2.5
2026-09-26,05,-1,wk inc rsv hosp,2026-09-19,quantile,0.7,2.5
2026-09-26,05,-1,wk inc rsv hosp,2026-09-19,quantile,0.75,2.5
2026-09-26,05,-1,wk inc rsv hosp,2026-09-19,quantile,0.8,3
2026-09-26,05,-1,wk inc rsv hosp,2026-09-19,quantile,0.85,3.5
2026-09-26,05,-1,wk inc rsv hosp,2026-09-19,quantile,0.9,4
2026-09-26,05,-1,wk inc rsv hosp,2026-09-19,quantile,0.95,4.5
2026-09-26,05,-1,wk inc rsv hosp,2026-09-19,quantile,0.975,5.5
2026-09-26,05,-1,wk inc rsv hosp,2026-09-19,quantile,0.99,6.5
2026-09-26,05,0,wk inc rsv hosp,2026-09-26,quantile,0.01,0
2026-09-26,05,0,wk inc rsv hosp,2026-09-26,quantile,0.025,0
2026-09-26,05,0,wk inc rsv hosp,2026-09-26,quantile,0.05,0
2026-09-26,05,0,wk inc rsv hosp,2026-09-26,quantile,0.1,0
2026-09-26,05,0,wk inc rsv hosp,2026-09-26,quantile,0.15,1
2026-09-26,05,0,wk inc rsv hosp,2026-09-26,quantile,0.2,1
2026-09-26,05,0,wk inc rsv hosp,2026-09-26,quantile,0.25,1
2026-09-26,05,0,wk inc rsv hosp,2026-09-26,quantile,0.3,1
2026-09-26,05,0,wk inc rsv hosp,2026-09-26,quantile,0.35,1
2026-09-26,05,0,wk inc rsv hosp,2026-09-26,quantile,0.4,1
2026-09-26,05,0,wk inc rsv hosp,2026-09-26,quantile,0.45,1
2026-09-26,05,0,wk inc rsv hosp,2026-09-26,quantile,0.5,1
2026-09-26,05,0,wk inc rsv hosp,2026-09-26,quantile,0.55,2
2026-09-26,05,0,wk inc rsv hosp,2026-09-26,quantile,0.6,2
2026-09-26,05,0,wk inc rsv hosp,2026-09-26,quantile,0.65,2
2026-09-26,05,0,wk inc rsv hosp,2026-09-26,quantile,0.7,3
2026-09-26,05,0,wk inc rsv hosp,2026-09-26,quantile,0.75,3
2026-09-26,05,0,wk inc rsv hosp,2026-09-26,quantile,0.8,3
2026-09-26,05,0,wk inc rsv hosp,2026-09-26,quantile,0.85,4
2026-09-26,05,0,wk inc rsv hosp,2026-09-26,quantile,0.9,5
2026-09-26,05,0,wk inc rsv hosp,2026-09-26,quantile,0.95,6
2026-09-26,05,0,wk inc rsv hosp,2026-09-26,quantile,0.975,7
2026-09-26,05,0,wk inc rsv hosp,2026-09-26,quantile,0.99,8
2026-09-26,05,1,wk inc rsv hosp,2026-10-03,quantile,0.01,0
2026-09-26,05,1,wk inc rsv hosp,2026-10-03,quantile,0.025,0
2026-09-26,05,1,wk inc rsv hosp,2026-10-03,quantile,0.05,0
2026-09-26,05,1,wk inc rsv hosp,2026-10-03,quantile,0.1,0
2026-09-26,05,1,wk inc rsv hosp,2026-10-03,quantile,0.15,1
2026-09-26,05,1,wk inc rsv hosp,2026-10-03,quantile,0.2,1
2026-09-26,05,1,wk inc rsv hosp,2026-10-03,quantile,0.25,1
2026-09-26,05,1,wk inc rsv hosp,2026-10-03,quantile,0.3,1
2026-09-26,05,1,wk inc rsv hosp,2026-10-03,quantile,0.35,1
2026-09-26,05,1,wk inc rsv hosp,2026-10-03,quantile,0.4,1
2026-09-26,05,1,wk inc rsv hosp,2026-10-03,quantile,0.45,1
2026-09-26,05,1,wk inc rsv hosp,2026-10-03,quantile,0.5,1
2026-09-26,05,1,wk inc rsv hosp,2026-10-03,quantile,0.55,2
2026-09-26,05,1,wk inc rsv hosp,2026-10-03,quantile,0.6,2
2026-09-26,05,1,wk inc rsv hosp,2026-10-03,quantile,0.65,3
2026-09-26,05,1,wk inc rsv hosp,2026-10-03,quantile,0.7,3
2026-09-26,05,1,wk inc rsv hosp,2026-10-03,quantile,0.75,4
2026-09-26,05,1,wk inc rsv hosp,2026-10-03,quantile,0.8,4
2026-09-26,05,1,wk inc rsv hosp,2026-10-03,quantile,0.85,5
2026-09-26,05,1,wk inc rsv hosp,2026-10-03,quantile,0.9,6
2026-09-26,05,1,wk inc rsv hosp,2026-10-03,quantile,0.95,7
2026-09-26,05,1,wk inc rsv hosp,2026-10-03,quantile,0.975,8
2026-09-26,05,1,wk inc rsv hosp,2026-10-03,quantile,0.99,10
2026-09-26,05,2,wk inc rsv hosp,2026-10-10,quantile,0.01,0
2026-09-26,05,2,wk inc rsv hosp,2026-10-10,quantile,0.025,0
2026-09-26,05,2,wk inc rsv hosp,2026-10-10,quantile,0.05,0
2026-09-26,05,2,wk inc rsv hosp,2026-10-10,quantile,0.1,0
2026-09-26,05,2,wk inc rsv hosp,2026-10-10,quantile,0.15,0
2026-09-26,05,2,wk inc rsv hosp,2026-10-10,quantile,0.2,1
2026-09-26,05,2,wk inc rsv hosp,2026-10-10,quantile,0.25,1
2026-09-26,05,2,wk inc rsv hosp,2026-10-10,quantile,0.3,1
2026-09-26,05,2,wk inc rsv hosp,2026-10-10,quantile,0.35,1
2026-09-26,05,2,wk inc rsv hosp,2026-10-10,quantile,0.4,1
2026-09-26,05,2,wk inc rsv hosp,2026-10-10,quantile,0.45,1
2026-09-26,05,2,wk inc rsv hosp,2026-10-10,quantile,0.5,2
2026-09-26,05,2,wk inc rsv hosp,2026-10-10,quantile,0.55,2
2026-09-26,05,2,wk inc rsv hosp,2026-10-10,quantile,0.6,3
2026-09-26,05,2,wk inc rsv hosp,2026-10-10,quantile,0.65,3
2026-09-26,05,2,wk inc rsv hosp,2026-10-10,quantile,0.7,4
2026-09-26,05,2,wk inc rsv hosp,2026-10-10,quantile,0.75,4
2026-09-26,05,2,wk inc rsv hosp,2026-10-10,quantile,0.8,5
2026-09-26,05,2,wk inc rsv hosp,2026-10-10,quantile,0.85,5
2026-09-26,05,2,wk inc rsv hosp,2026-10-10,quantile,0.9,6
2026-09-26,05,2,wk inc rsv hosp,2026-10-10,quantile,0.95,8
2026-09-26,05,2,wk inc rsv hosp,2026-10-10,quantile,0.975,10
2026-09-26,05,2,wk inc rsv hosp,2026-10-10,quantile,0.99,14
2026-09-26,05,3,wk inc rsv hosp,2026-10-17,quantile,0.01,0
2026-09-26,05,3,wk inc rsv hosp,2026-10-17,quantile,0.025,0
2026-09-26,05,3,wk inc rsv hosp,2026-10-17,quantile,0.05,0
2026-09-26,05,3,wk inc rsv hosp,2026-10-17,quantile,0.1,0
2026-09-26,05,3,wk inc rsv hosp,2026-10-17,quantile,0.15,0
2026-09-26,05,3,wk inc rsv hosp,2026-10-17,quantile,0.2,0
2026-09-26,05,3,wk inc rsv hosp,2026-10-17,quantile,0.25,0.5
2026-09-26,05,3,wk inc rsv hosp,2026-10-17,quantile,0.3,1
2026-09-26,05,3,wk inc rsv hosp,2026-10-17,quantile,0.35,1
2026-09-26,05,3,wk inc rsv hosp,2026-10-17,quantile,0.4,1
2026-09-26,05,3,wk inc rsv hosp,2026-10-17,quantile,0.45,1
2026-09-26,05,3,wk inc rsv hosp,2026-10-17,quantile,0.5,1.5
2026-09-26,05,3,wk inc rsv hosp,2026-10-17,quantile,0.55,1.5
2026-09-26,05,3,wk inc rsv hosp,2026-10-17,quantile,0.6,2.5
2026-09-26,05,3,wk inc rsv hosp,2026-10-17,quantile,0.65,2.5
2026-09-26,05,3,wk inc rsv hosp,2026-10-17,quantile,0.7,3
2026-09-26,05,3,wk inc rsv hosp,2026-10-17,quantile,0.75,4
2026-09-26,05,3,wk inc rsv hosp,2026-10-17,quantile,0.8,4.5
2026-09-26,05,3,wk inc rsv hosp,2026-10-17,quantile,0.85,6.5
2026-09-26,05,3,wk inc rsv hosp,2026-10-17,quantile,0.9,8.5
2026-09-26,05,3,wk inc rsv hosp,2026-10-17,quantile,0.95,15.5
2026-09-26,05,3,wk inc rsv hosp,2026-10-17,quantile,0.975,24
2026-09-26,05,3,wk inc rsv hosp,2026-10-17,quantile,0.99,36.5
2026-09-26,06,-1,wk inc rsv hosp,2026-09-19,quantile,0.01,7.5
2026-09-26,06,-1,wk inc rsv hosp,2026-09-19,quantile,0.025,9
2026-09-26,06,-1,wk inc rsv hosp,2026-09-19,quantile,0.05,10.5
2026-09-26,06,-1,wk inc rsv hosp,2026-09-19,quantile,0.1,12.5
2026-09-26,06,-1,wk inc rsv hosp,2026-09-19,quantile,0.15,13.5
2026-09-26,06,-1,wk inc rsv hosp,2026-09-19,quantile,0.2,14.5
2026-09-26,06,-1,wk inc rsv hosp,2026-09-19,quantile,0.25,15.5
2026-09-26,06,-1,wk inc rsv hosp,2026-09-19,quantile,0.3,16
2026-09-26,06,-1,wk inc rsv hosp,2026-09-19,quantile,0.35,17
2026-09-26,06,-1,wk inc rsv hosp,2026-09-19,quantile,0.4,18
2026-09-26,06,-1,wk inc rsv hosp,2026-09-19,quantile,0.45,18.5
2026-09-26,06,-1,wk inc rsv hosp,2026-09-19,quantile,0.5,19.5
2026-09-26,06,-1,wk inc rsv hosp,2026-09-19,quantile,0.55,20.5
2026-09-26,06,-1,wk inc rsv hosp,2026-09-19,quantile,0.6,20.5
2026-09-26,06,-1,wk inc rsv hosp,2026-09-19,quantile,0.65,21.5
2026-09-26,06,-1,wk inc rsv hosp,2026-09-19,quantile,0.7,22.5
2026-09-26,06,-1,wk inc rsv hosp,2026-09-19,quantile,0.75,23
2026-09-26,06,-1,wk inc rsv hosp,2026-09-19,quantile,0.8,24.5
2026-09-26,06,-1,wk inc rsv hosp,2026-09-19,quantile,0.85,25.5
2026-09-26,06,-1,wk inc rsv hosp,2026-09-19,quantile,0.9,27
2026-09-26,06,-1,wk inc rsv hosp,2026-09-19,quantile,0.95,30
2026-09-26,06,-1,wk inc rsv hosp,2026-09-19,quantile,0.975,33
2026-09-26,06,-1,wk inc rsv hosp,2026-09-19,quantile,0.99,37.5
2026-09-26,06,0,wk inc rsv hosp,2026-09-26,quantile,0.01,9
2026-09-26,06,0,wk inc rsv hosp,2026-09-26,quantile,0.025,9
2026-09-26,06,0,wk inc rsv hosp,2026-09-26,quantile,0.05,10
2026-09-26,06,0,wk inc rsv hosp,2026-09-26,quantile,0.1,12
2026-09-26,06,0,wk inc rsv hosp,2026-09-26,quantile,0.15,13
2026-09-26,06,0,wk inc rsv hosp,2026-09-26,quantile,0.2,14
2026-09-26,06,0,wk inc rsv hosp,2026-09-26,quantile,0.25,14
2026-09-26,06,0,wk inc rsv hosp,2026-09-26,quantile,0.3,15
2026-09-26,06,0,wk inc rsv hosp,2026-09-26,quantile,0.35,16
2026-09-26,06,0,wk inc rsv hosp,2026-09-26,quantile,0.4,17
2026-09-26,06,0,wk inc rsv hosp,2026-09-26,quantile,0.45,17
2026-09-26,06,0,wk inc rsv hosp,2026-09-26,quantile,0.5,18
2026-09-26,06,0,wk inc rsv hosp,2026-09-26,quantile,0.55,19
2026-09-26,06,0,wk inc rsv hosp,2026-09-26,quantile,0.6,21
2026-09-26,06,0,wk inc rsv hosp,2026-09-26,quantile,0.65,22
2026-09-26,06,0,wk inc rsv hosp,2026-09-26,quantile,0.7,24
2026-09-26,06,0,wk inc rsv hosp,2026-09-26,quantile,0.75,26
2026-09-26,06,0,wk inc rsv hosp,2026-09-26,quantile,0.8,29
2026-09-26,06,0,wk inc rsv hosp,2026-09-26,quantile,0.85,32
2026-09-26,06,0,wk inc rsv hosp,2026-09-26,quantile,0.9,36
2026-09-26,06,0,wk inc rsv hosp,2026-09-26,quantile,0.95,44
2026-09-26,06,0,wk inc rsv hosp,2026-09-26,quantile,0.975,50
2026-09-26,06,0,wk inc rsv hosp,2026-09-26,quantile,0.99,59.00999999999999
2026-09-26,06,1,wk inc rsv hosp,2026-10-03,quantile,0.01,6
2026-09-26,06,1,wk inc rsv hosp,2026-10-03,quantile,0.025,8
2026-09-26,06,1,wk inc rsv hosp,2026-10-03,quantile,0.05,8
2026-09-26,06,1,wk inc rsv hosp,2026-10-03,quantile,0.1,10
2026-09-26,06,1,wk inc rsv hosp,2026-10-03,quantile,0.15,11
2026-09-26,06,1,wk inc rsv hosp,2026-10-03,quantile,0.2,12
2026-09-26,06,1,wk inc rsv hosp,2026-10-03,quantile,0.25,13
2026-09-26,06,1,wk inc rsv hosp,2026-10-03,quantile,0.3,14
2026-09-26,06,1,wk inc rsv hosp,2026-10-03,quantile,0.35,15
2026-09-26,06,1,wk inc rsv hosp,2026-10-03,quantile,0.4,16
2026-09-26,06,1,wk inc rsv hosp,2026-10-03,quantile,0.45,18
2026-09-26,06,1,wk inc rsv hosp,2026-10-03,quantile,0.5,19
2026-09-26,06,1,wk inc rsv hosp,2026-10-03,quantile,0.55,21
2026-09-26,06,1,wk inc rsv hosp,2026-10-03,quantile,0.6,23
2026-09-26,06,1,wk inc rsv hosp,2026-10-03,quantile,0.65,25
2026-09-26,06,1,wk inc rsv hosp,2026-10-03,quantile,0.7,28
2026-09-26,06,1,wk inc rsv hosp,2026-10-03,quantile,0.75,32
2026-09-26,06,1,wk inc rsv hosp,2026-10-03,quantile,0.8,36
2026-09-26,06,1,wk inc rsv hosp,2026-10-03,quantile,0.85,41
2026-09-26,06,1,wk inc rsv hosp,2026-10-03,quantile,0.9,47
2026-09-26,06,1,wk inc rsv hosp,2026-10-03,quantile,0.95,62
2026-09-26,06,1,wk inc rsv hosp,2026-10-03,quantile,0.975,76
2026-09-26,06,1,wk inc rsv hosp,2026-10-03,quantile,0.99,95.01
2026-09-26,06,2,wk inc rsv hosp,2026-10-10,quantile,0.01,5
2026-09-26,06,2,wk inc rsv hosp,2026-10-10,quantile,0.025,6
2026-09-26,06,2,wk inc rsv hosp,2026-10-10,quantile,0.05,7
2026-09-26,06,2,wk inc rsv hosp,2026-10-10,quantile,0.1,8
2026-09-26,06,2,wk inc rsv hosp,2026-10-10,quantile,0.15,10
2026-09-26,06,2,wk inc rsv hosp,2026-10-10,quantile,0.2,11
2026-09-26,06,2,wk inc rsv hosp,2026-10-10,quantile,0.25,12
2026-09-26,06,2,wk inc rsv hosp,2026-10-10,quantile,0.3,13
2026-09-26,06,2,wk inc rsv hosp,2026-10-10,quantile,0.35,14
2026-09-26,06,2,wk inc rsv hosp,2026-10-10,quantile,0.4,16
2026-09-26,06,2,wk inc rsv hosp,2026-10-10,quantile,0.45,18
2026-09-26,06,2,wk inc rsv hosp,2026-10-10,quantile,0.5,21
2026-09-26,06,2,wk inc rsv hosp,2026-10-10,quantile,0.55,23
2026-09-26,06,2,wk inc rsv hosp,2026-10-10,quantile,0.6,26
2026-09-26,06,2,wk inc rsv hosp,2026-10-10,quantile,0.65,30
2026-09-26,06,2,wk inc rsv hosp,2026-10-10,quantile,0.7,34
2026-09-26,06,2,wk inc rsv hosp,2026-10-10,quantile,0.75,38
2026-09-26,06,2,wk inc rsv hosp,2026-10-10,quantile,0.8,45
2026-09-26,06,2,wk inc rsv hosp,2026-10-10,quantile,0.85,52
2026-09-26,06,2,wk inc rsv hosp,2026-10-10,quantile,0.9,66
2026-09-26,06,2,wk inc rsv hosp,2026-10-10,quantile,0.95,91
2026-09-26,06,2,wk inc rsv hosp,2026-10-10,quantile,0.975,120
2026-09-26,06,2,wk inc rsv hosp,2026-10-10,quantile,0.99,159
2026-09-26,06,3,wk inc rsv hosp,2026-10-17,quantile,0.01,1.5
2026-09-26,06,3,wk inc rsv hosp,2026-10-17,quantile,0.025,2
2026-09-26,06,3,wk inc rsv hosp,2026-10-17,quantile,0.05,3.5
2026-09-26,06,3,wk inc rsv hosp,2026-10-17,quantile,0.1,6
2026-09-26,06,3,wk inc rsv hosp,2026-10-17,quantile,0.15,7.5
2026-09-26,06,3,wk inc rsv hosp,2026-10-17,quantile,0.2,9.5
2026-09-26,06,3,wk inc rsv hosp,2026-10-17,quantile,0.25,11
2026-09-26,06,3,wk inc rsv hosp,2026-10-17,quantile,0.3,12.5
2026-09-26,06,3,wk inc rsv hosp,2026-10-17,quantile,0.35,14.5
2026-09-26,06,3,wk inc rsv hosp,2026-10-17,quantile,0.4,16
2026-09-26,06,3,wk inc rsv hosp,2026-10-17,quantile,0.45,18
2026-09-26,06,3,wk inc rsv hosp,2026-10-17,quantile,0.5,20.5
2026-09-26,06,3,wk inc rsv hosp,2026-10-17,quantile,0.55,23.5
2026-09-26,06,3,wk inc rsv hosp,2026-10-17,quantile,0.6,26
2026-09-26,06,3,wk inc rsv hosp,2026-10-17,quantile,0.65,30
2026-09-26,06,3,wk inc rsv hosp,2026-10-17,quantile,0.7,34.5
2026-09-26,06,3,wk inc rsv hosp,2026-10-17,quantile,0.75,40.5
2026-09-26,06,3,wk inc rsv hosp,2026-10-17,quantile,0.8,47
2026-09-26,06,3,wk inc rsv hosp,2026-10-17,quantile,0.85,56.5
2026-09-26,06,3,wk inc rsv hosp,2026-10-17,quantile,0.9,72
2026-09-26,06,3,wk inc rsv hosp,2026-10-17,quantile,0.95,102.5
2026-09-26,06,3,wk inc rsv hosp,2026-10-17,quantile,0.975,129.5
2026-09-26,06,3,wk inc rsv hosp,2026-10-17,quantile,0.99,198.5
2026-09-26,08,-1,wk inc rsv hosp,2026-09-19,quantile,0.01,0
2026-09-26,08,-1,wk inc rsv hosp,2026-09-19,quantile,0.025,0
2026-09-26,08,-1,wk inc rsv hosp,2026-09-19,quantile,0.05,0
2026-09-26,08,-1,wk inc rsv hosp,2026-09-19,quantile,0.1,0
2026-09-26,08,-1,wk inc rsv hosp,2026-09-19,quantile,0.15,0.5
2026-09-26,08,-1,wk inc rsv hosp,2026-09-19,quantile,0.2,0.5
2026-09-26,08,-1,wk inc rsv hosp,2026-09-19,quantile,0.25,0.5
2026-09-26,08,-1,wk inc rsv hosp,2026-09-19,quantile,0.3,0.5
2026-09-26,08,-1,wk inc rsv hosp,2026-09-19,quantile,0.35,1
2026-09-26,08,-1,wk inc rsv hosp,2026-09-19,quantile,0.4,1
2026-09-26,08,-1,wk inc rsv hosp,2026-09-19,quantile,0.45,1
2026-09-26,08,-1,wk inc rsv hosp,2026-09-19,quantile,0.5,1
2026-09-26,08,-1,wk inc rsv hosp,2026-09-19,quantile,0.55,1
2026-09-26,08,-1,wk inc rsv hosp,2026-09-19,quantile,0.6,1
2026-09-26,08,-1,wk inc rsv hosp,2026-09-19,quantile,0.65,1
2026-09-26,08,-1,wk inc rsv hosp,2026-09-19,quantile,0.7,1.5
2026-09-26,08,-1,wk inc rsv hosp,2026-09-19,quantile,0.75,2
2026-09-26,08,-1,wk inc rsv hosp,2026-09-19,quantile,0.8,2
2026-09-26,08,-1,wk inc rsv hosp,2026-09-19,quantile,0.85,2
2026-09-26,08,-1,wk inc rsv hosp,2026-09-19,quantile,0.9,3
2026-09-26,08,-1,wk inc rsv hosp,2026-09-19,quantile,0.95,3.5
2026-09-26,08,-1,wk inc rsv hosp,2026-09-19,quantile,0.975,4
2026-09-26,08,-1,wk inc rsv hosp,2026-09-19,quantile,0.99,5.5
2026-09-26,08,0,wk inc rsv hosp,2026-09-26,quantile,0.01,0
2026-09-26,08,0,wk inc rsv hosp,2026-09-26,quantile,0.025,0
2026-09-26,08,0,wk inc rsv hosp,2026-09-26,quantile,0.05,0
2026-09-26,08,0,wk inc rsv hosp,2026-09-26,quantile,0.1,0
2026-09-26,08,0,wk inc rsv hosp,2026-09-26,quantile,0.15,0
2026-09-26,08,0,wk inc rsv hosp,2026-09-26,quantile,0.2,0
2026-09-26,08,0,wk inc rsv hosp,2026-09-26,quantile,0.25,0
2026-09-26,08,0,wk inc rsv hosp,2026-09-26,quantile,0.3,0
2026-09-26,08,0,wk inc rsv hosp,2026-09-26,quantile,0.35,1
2026-09-26,08,0,wk inc rsv hosp,2026-09-26,quantile,0.4,1
2026-09-26,08,0,wk inc rsv hosp,2026-09-26,quantile,0.45,1
2026-09-26,08,0,wk inc rsv hosp,2026-09-26,quantile,0.5,1
2026-09-26,08,0,wk inc rsv hosp,2026-09-26,quantile,0.55,1
2026-09-26,08,0,wk inc rsv hosp,2026-09-26,quantile,0.6,2
2026-09-26,08,0,wk inc rsv hosp,2026-09-26,quantile,0.65,2
2026-09-26,08,0,wk inc rsv hosp,2026-09-26,quantile,0.7,2
2026-09-26,08,0,wk inc rsv hosp,2026-09-26,quantile,0.75,3
2026-09-26,08,0,wk inc rsv hosp,2026-09-26,quantile,0.8,3
2026-09-26,08,0,wk inc rsv hosp,2026-09-26,quantile,0.85,4
2026-09-26,08,0,wk inc rsv hosp,2026-09-26,quantile,0.9,5
2026-09-26,08,0,wk inc rsv hosp,2026-09-26,quantile,0.95,6
2026-09-26,08,0,wk inc rsv hosp,2026-09-26,quantile,0.975,7
2026-09-26,08,0,wk inc rsv hosp,2026-09-26,quantile,0.99,8
2026-09-26,08,1,wk inc rsv hosp,2026-10-03,quantile,0.01,0
2026-09-26,08,1,wk inc rsv hosp,2026-10-03,quantile,0.025,0
2026-09-26,08,1,wk inc rsv hosp,2026-10-03,quantile,0.05,0
2026-09-26,08,1,wk inc rsv hosp,2026-10-03,quantile,0.1,0
2026-09-26,08,1,wk inc rsv hosp,2026-10-03,quantile,0.15,0
2026-09-26,08,1,wk inc rsv hosp,2026-10-03,quantile,0.2,0
2026-09-26,08,1,wk inc rsv hosp,2026-10-03,quantile,0.25,0
2026-09-26,08,1,wk inc rsv hosp,2026-10-03,quantile,0.3,0
2026-09-26,08,1,wk inc rsv hosp,2026-10-03,quantile,0.35,1
2026-09-26,08,1,wk inc rsv hosp,2026-10-03,quantile,0.4,1
2026-09-26,08,1,wk inc rsv hosp,2026-10-03,quantile,0.45,1
2026-09-26,08,1,wk inc rsv hosp,2026-10-03,quantile,0.5,1
2026-09-26,08,1,wk inc rsv hosp,2026-10-03,quantile,0.55,1
2026-09-26,08,1,wk inc rsv hosp,2026-10-03,quantile,0.6,2
2026-09-26,08,1,wk inc rsv hosp,2026-10-03,quantile,0.65,2
2026-09-26,08,1,wk inc rsv hosp,2026-10-03,quantile,0.7,2
2026-09-26,08,1,wk inc rsv hosp,2026-10-03,quantile,0.75,3
2026-09-26,08,1,wk inc rsv hosp,2026-10-03,quantile,0.8,3
2026-09-26,08,1,wk inc rsv hosp,2026-10-03,quantile,0.85,4
2026-09-26,08,1,wk inc rsv hosp,2026-10-03,quantile,0.9,6
2026-09-26,08,1,wk inc rsv hosp,2026-10-03,quantile,0.95,8
2026-09-26,08,1,wk inc rsv hosp,2026-10-03,quantile,0.975,8
2026-09-26,08,1,wk inc rsv hosp,2026-10-03,quantile,0.99,9
2026-09-26,08,2,wk inc rsv hosp,2026-10-10,quantile,0.01,0
2026-09-26,08,2,wk inc rsv hosp,2026-10-10,quantile,0.025,0
2026-09-26,08,2,wk inc rsv hosp,2026-10-10,quantile,0.05,0
2026-09-26,08,2,wk inc rsv hosp,2026-10-10,quantile,0.1,0
2026-09-26,08,2,wk inc rsv hosp,2026-10-10,quantile,0.15,0
2026-09-26,08,2,wk inc rsv hosp,2026-10-10,quantile,0.2,0
2026-09-26,08,2,wk inc rsv hosp,2026-10-10,quantile,0.25,0
2026-09-26,08,2,wk inc rsv hosp,2026-10-10,quantile,0.3,0
2026-09-26,08,2,wk inc rsv hosp,2026-10-10,quantile,0.35,1
2026-09-26,08,2,wk inc rsv hosp,2026-10-10,quantile,0.4,1
2026-09-26,08,2,wk inc rsv hosp,2026-10-10,quantile,0.45,1
2026-09-26,08,2,wk inc rsv hosp,2026-10-10,quantile,0.5,1
2026-09-26,08,2,wk inc rsv hosp,2026-10-10,quantile,0.55,1
2026-09-26,08,2,wk inc rsv hosp,2026-10-10,quantile,0.6,2
2026-09-26,08,2,wk inc rsv hosp,2026-10-10,quantile,0.65,2
2026-09-26,08,2,wk inc rsv hosp,2026-10-10,quantile,0.7,3
2026-09-26,08,2,wk inc rsv hosp,2026-10-10,quantile,0.75,3
2026-09-26,08,2,wk inc rsv hosp,2026-10-10,quantile,0.8,4
2026-09-26,08,2,wk inc rsv hosp,2026-10-10,quantile,0.85,5
2026-09-26,08,2,wk inc rsv hosp,2026-10-10,quantile,0.9,7
2026-09-26,08,2,wk inc rsv hosp,2026-10-10,quantile,0.95,8
2026-09-26,08,2,wk inc rsv hosp,2026-10-10,quantile,0.975,11
2026-09-26,08,2,wk inc rsv hosp,2026-10-10,quantile,0.99,15
2026-09-26,08,3,wk inc rsv hosp,2026-10-17,quantile,0.01,0
2026-09-26,08,3,wk inc rsv hosp,2026-10-17,quantile,0.025,0
2026-09-26,08,3,wk inc rsv hosp,2026-10-17,quantile,0.05,0
2026-09-26,08,3,wk inc rsv hosp,2026-10-17,quantile,0.1,0
2026-09-26,08,3,wk inc rsv hosp,2026-10-17,quantile,0.15,0
2026-09-26,08,3,wk inc rsv hosp,2026-10-17,quantile,0.2,0.5
2026-09-26,08,3,wk inc rsv hosp,2026-10-17,quantile,0.25,0.5
2026-09-26,08,3,wk inc rsv hosp,2026-10-17,quantile,0.3,1
2026-09-26,08,3,wk inc rsv hosp,2026-10-17,quantile,0.35,1.5
2026-09-26,08,3,wk inc rsv hosp,2026-10-17,quantile,0.4,1.5
2026-09-26,08,3,wk inc rsv hosp,2026-10-17,quantile,0.45,1.5
2026-09-26,08,3,wk inc rsv hosp,2026-10-17,quantile,0.5,1.5
2026-09-26,08,3,wk inc rsv hosp,2026-10-17,quantile,0.55,2.5
2026-09-26,08,3,wk inc rsv hosp,2026-10-17,quantile,0.6,2.5
2026-09-26,08,3,wk inc rsv hosp,2026-10-17,quantile,0.65,3.5
2026-09-26,08,3,wk inc rsv hosp,2026-10-17,quantile,0.7,4
2026-09-26,08,3,wk inc rsv hosp,2026-10-17,quantile,0.75,4.5
2026-09-26,08,3,wk inc rsv hosp,2026-10-17,quantile,0.8,5.5
2026-09-26,08,3,wk inc rsv hosp,2026-10-17,quantile,0.85,7
2026-09-26,08,3,wk inc rsv hosp,2026-10-17,quantile,0.9,9.5
2026-09-26,08,3,wk inc rsv hosp,2026-10-17,quantile,0.95,16.5
2026-09-26,08,3,wk inc rsv hosp,2026-10-17,quantile,0.975,27
2026-09-26,08,3,wk inc rsv hosp,2026-10-17,quantile,0.99,54.5
2026-09-26,09,-1,wk inc rsv hosp,2026-09-19,quantile,0.01,0
2026-09-26,09,-1,wk inc rsv hosp,2026-09-19,quantile,0.025,0
2026-09-26,09,-1,wk inc rsv hosp,2026-09-19,quantile,0.05,0
2026-09-26,09,-1,wk inc rsv hosp,2026-09-19,quantile,0.1,0
2026-09-26,09,-1,wk inc rsv hosp,2026-09-19,quantile,0.15,0
2026-09-26,09,-1,wk inc rsv hosp,2026-09-19,quantile,0.2,0
2026-09-26,09,-1,wk inc rsv hosp,2026-09-19,quantile,0.25,0
2026-09-26,09,-1,wk inc rsv hosp,2026-09-19,quantile,0.3,0
2026-09-26,09,-1,wk inc rsv hosp,2026-09-19,quantile,0.35,0
2026-09-26,09,-1,wk inc rsv hosp,2026-09-19,quantile,0.4,0
2026-09-26,09,-1,wk inc rsv hosp,2026-09-19,quantile,0.45,0.5
2026-09-26,09,-1,wk inc rsv hosp,2026-09-19,quantile,0.5,0.5
2026-09-26,09,-1,wk inc rsv hosp,2026-09-19,quantile,0.55,0.5
2026-09-26,09,-1,wk inc rsv hosp,2026-09-19,quantile,0.6,0.5
2026-09-26,09,-1,wk inc rsv hosp,2026-09-19,quantile,0.65,0.5
2026-09-26,09,-1,wk inc rsv hosp,2026-09-19,quantile,0.7,0.5
2026-09-26,09,-1,wk inc rsv hosp,2026-09-19,quantile,0.75,1
2026-09-26,09,-1,wk inc rsv hosp,2026-09-19,quantile,0.8,1
2026-09-26,09,-1,wk inc rsv hosp,2026-09-19,quantile,0.85,1.5
2026-09-26,09,-1,wk inc rsv hosp,2026-09-19,quantile,0.9,1.5
2026-09-26,09,-1,wk inc rsv hosp,2026-09-19,quantile,0.95,2.5
2026-09-26,09,-1,wk inc rsv hosp,2026-09-19,quantile,0.975,3
2026-09-26,09,-1,wk inc rsv hosp,2026-09-19,quantile,0.99,3.5
2026-09-26,09,0,wk inc rsv hosp,2026-09-26,quantile,0.01,0
2026-09-26,09,0,wk inc rsv hosp,2026-09-26,quantile,0.025,0
2026-09-26,09,0,wk inc rsv hosp,2026-09-26,quantile,0.05,0
2026-09-26,09,0,wk inc rsv hosp,2026-09-26,quantile,0.1,0
2026-09-26,09,0,wk inc rsv hosp,2026-09-26,quantile,0.15,0
2026-09-26,09,0,wk inc rsv hosp,2026-09-26,quantile,0.2,0
2026-09-26,09,0,wk inc rsv hosp,2026-09-26,quantile,0.25,0
2026-09-26,09,0,wk inc rsv hosp,2026-09-26,quantile,0.3,0
2026-09-26,09,0,wk inc rsv hosp,2026-09-26,quantile,0.35,0
2026-09-26,09,0,wk inc rsv hosp,2026-09-26,quantile,0.4,0
2026-09-26,09,0,wk inc rsv hosp,2026-09-26,quantile,0.45,1
2026-09-26,09,0,wk inc rsv hosp,2026-09-26,quantile,0.5,1
2026-09-26,09,0,wk inc rsv hosp,2026-09-26,quantile,0.55,1
2026-09-26,09,0,wk inc rsv hosp,2026-09-26,quantile,0.6,1
2026-09-26,09,0,wk inc rsv hosp,2026-09-26,quantile,0.65,1
2026-09-26,09,0,wk inc rsv hosp,2026-09-26,quantile,0.7,1
2026-09-26,09,0,wk inc rsv hosp,2026-09-26,quantile,0.75,2
2026-09-26,09,0,wk inc rsv hosp,2026-09-26,quantile,0.8,2
2026-09-26,09,0,wk inc rsv hosp,2026-09-26,quantile,0.85,2
2026-09-26,09,0,wk inc rsv hosp,2026-09-26,quantile,0.9,3
2026-09-26,09,0,wk inc rsv hosp,2026-09-26,quantile,0.95,3
2026-09-26,09,0,wk inc rsv hosp,2026-09-26,quantile,0.975,5
2026-09-26,09,0,wk inc rsv hosp,2026-09-26,quantile,0.99,7
2026-09-26,09,1,wk inc rsv hosp,2026-10-03,quantile,0.01,0
2026-09-26,09,1,wk inc rsv hosp,2026-10-03,quantile,0.025,0
2026-09-26,09,1,wk inc rsv hosp,2026-10-03,quantile,0.05,0
2026-09-26,09,1,wk inc rsv hosp,2026-10-03,quantile,0.1,0
2026-09-26,09,1,wk inc rsv hosp,2026-10-03,quantile,0.15,0
2026-09-26,09,1,wk inc rsv hosp,2026-10-03,quantile,0.2,0
2026-09-26,09,1,wk inc rsv hosp,2026-10-03,quantile,0.25,0
2026-09-26,09,1,wk inc rsv hosp,2026-10-03,quantile,0.3,0
2026-09-26,09,1,wk inc rsv hosp,2026-10-03,quantile,0.35,0
2026-09-26,09,1,wk inc rsv hosp,2026-10-03,quantile,0.4,1
2026-09-26,09,1,wk inc rsv hosp,2026-10-03,quantile,0.45,1
2026-09-26,09,1,wk inc rsv hosp,2026-10-03,quantile,0.5,1
2026-09-26,09,1,wk inc rsv hosp,2026-10-03,quantile,0.55,1
2026-09-26,09,1,wk inc rsv hosp,2026-10-03,quantile,0.6,1
2026-09-26,09,1,wk inc rsv hosp,2026-10-03,quantile,0.65,1
2026-09-26,09,1,wk inc rsv hosp,2026-10-03,quantile,0.7,1
2026-09-26,09,1,wk inc rsv hosp,2026-10-03,quantile,0.75,2
2026-09-26,09,1,wk inc rsv hosp,2026-10-03,quantile,0.8,2
2026-09-26,09,1,wk inc rsv hosp,2026-10-03,quantile,0.85,2
2026-09-26,09,1,wk inc rsv hosp,2026-10-03,quantile,0.9,3
2026-09-26,09,1,wk inc rsv hosp,2026-10-03,quantile,0.95,4
2026-09-26,09,1,wk inc rsv hosp,2026-10-03,quantile,0.975,8
2026-09-26,09,1,wk inc rsv hosp,2026-10-03,quantile,0.99,9
2026-09-26,09,2,wk inc rsv hosp,2026-10-10,quantile,0.01,0
2026-09-26,09,2,wk inc rsv hosp,2026-10-10,quantile,0.025,0
2026-09-26,09,2,wk inc rsv hosp,2026-10-10,quantile,0.05,0
2026-09-26,09,2,wk inc rsv hosp,2026-10-10,quantile,0.1,0
2026-09-26,09,2,wk inc rsv hosp,2026-10-10,quantile,0.15,0
2026-09-26,09,2,wk inc rsv hosp,2026-10-10,quantile,0.2,0
2026-09-26,09,2,wk inc rsv hosp,2026-10-10,quantile,0.25,0
2026-09-26,09,2,wk inc rsv hosp,2026-10-10,quantile,0.3,0
2026-09-26,09,2,wk inc rsv hosp,2026-10-10,quantile,0.35,0
2026-09-26,09,2,wk inc rsv hosp,2026-10-10,quantile,0.4,1
2026-09-26,09,2,wk inc rsv hosp,2026-10-10,quantile,0.45,1
2026-09-26,09,2,wk inc rsv hosp,2026-10-10,quantile,0.5,1
2026-09-26,09,2,wk inc rsv hosp,2026-10-10,quantile,0.55,1
2026-09-26,09,2,wk inc rsv hosp,2026-10-10,quantile,0.6,1
2026-09-26,09,2,wk inc rsv hosp,2026-10-10,quantile,0.65,1
2026-09-26,09,2,wk inc rsv hosp,2026-10-10,quantile,0.7,2
2026-09-26,09,2,wk inc rsv hosp,2026-10-10,quantile,0.75,2
2026-09-26,09,2,wk inc rsv hosp,2026-10-10,quantile,0.8,2
2026-09-26,09,2,wk inc rsv hosp,2026-10-10,quantile,0.85,3
2026-09-26,09,2,wk inc rsv hosp,2026-10-10,quantile,0.9,3
2026-09-26,09,2,wk inc rsv hosp,2026-10-10,quantile,0.95,6
2026-09-26,09,2,wk inc rsv hosp,2026-10-10,quantile,0.975,9
2026-09-26,09,2,wk inc rsv hosp,2026-10-10,quantile,0.99,10
2026-09-26,09,3,wk inc rsv hosp,2026-10-17,quantile,0.01,0
2026-09-26,09,3,wk inc rsv hosp,2026-10-17,quantile,0.025,0
2026-09-26,09,3,wk inc rsv hosp,2026-10-17,quantile,0.05,0
2026-09-26,09,3,wk inc rsv hosp,2026-10-17,quantile,0.1,0
2026-09-26,09,3,wk inc rsv hosp,2026-10-17,quantile,0.15,0
2026-09-26,09,3,wk inc rsv hosp,2026-10-17,quantile,0.2,0.5
2026-09-26,09,3,wk inc rsv hosp,2026-10-17,quantile,0.25,0.5
2026-09-26,09,3,wk inc rsv hosp,2026-10-17,quantile,0.3,0.5
2026-09-26,09,3,wk inc rsv hosp,2026-10-17,quantile,0.35,0.5
2026-09-26,09,3,wk inc rsv hosp,2026-10-17,quantile,0.4,0.5
2026-09-26,09,3,wk inc rsv hosp,2026-10-17,quantile,0.45,0.5
2026-09-26,09,3,wk inc rsv hosp,2026-10-17,quantile,0.5,1
2026-09-26,09,3,wk inc rsv hosp,2026-10-17,quantile,0.55,1
2026-09-26,09,3,wk inc rsv hosp,2026-10-17,quantile,0.6,1
2026-09-26,09,3,wk inc rsv hosp,2026-10-17,quantile,0.65,1.5
2026-09-26,09,3,wk inc rsv hosp,2026-10-17,quantile,0.7,1.5
2026-09-26,09,3,wk inc rsv hosp,2026-10-17,quantile,0.75,2
2026-09-26,09,3,wk inc rsv hosp,2026-10-17,quantile,0.8,2.5
2026-09-26,09,3,wk inc rsv hosp,2026-10-17,quantile,0.85,3.5
2026-09-26,09,3,wk inc rsv hosp,2026-10-17,quantile,0.9,5
2026-09-26,09,3,wk inc rsv hosp,2026-10-17,quantile,0.95,8.5
2026-09-26,09,3,wk inc rsv hosp,2026-10-17,quantile,0.975,13
2026-09-26,09,3,wk inc rsv hosp,2026-10-17,quantile,0.99,24.5
2026-09-26,10,-1,wk inc rsv hosp,2026-09-19,quantile,0.01,0
2026-09-26,10,-1,wk inc rsv hosp,2026-09-19,quantile,0.025,0.5
2026-09-26,10,-1,wk inc rsv hosp,2026-09-19,quantile,0.05,0.5
2026-09-26,10,-1,wk inc rsv hosp,2026-09-19,quantile,0.1,1
2026-09-26,10,-1,wk inc rsv hosp,2026-09-19,quantile,0.15,1
2026-09-26,10,-1,wk inc rsv hosp,2026-09-19,quantile,0.2,1
2026-09-26,10,-1,wk inc rsv hosp,2026-09-19,quantile,0.25,1.5
2026-09-26,10,-1,wk inc rsv hosp,2026-09-19,quantile,0.3,1.5
2026-09-26,10,-1,wk inc rsv hosp,2026-09-19,quantile,0.35,1.5
2026-09-26,10,-1,wk inc rsv hosp,2026-09-19,quantile,0.4,1.5
2026-09-26,10,-1,wk inc rsv hosp,2026-09-19,quantile,0.45,1.5
2026-09-26,10,-1,wk inc rsv hosp,2026-09-19,quantile,0.5,1.5
2026-09-26,10,-1,wk inc rsv hosp,2026-09-19,quantile,0.55,2
2026-09-26,10,-1,wk inc rsv hosp,2026-09-19,quantile,0.6,2
2026-09-26,10,-1,wk inc rsv hosp,2026-09-19,quantile,0.65,2
2026-09-26,10,-1,wk inc rsv hosp,2026-09-19,quantile,0.7,2
2026-09-26,10,-1,wk inc rsv hosp,2026-09-19,quantile,0.75,2
2026-09-26,10,-1,wk inc rsv hosp,2026-09-19,quantile,0.8,2.5
2026-09-26,10,-1,wk inc rsv hosp,2026-09-19,quantile,0.85,2.5
2026-09-26,10,-1,wk inc rsv hosp,2026-09-19,quantile,0.9,3
2026-09-26,10,-1,wk inc rsv hosp,2026-09-19,quantile,0.95,4
2026-09-26,10,-1,wk inc rsv hosp,2026-09-19,quantile,0.975,4
2026-09-26,10,-1,wk inc rsv hosp,2026-09-19,quantile,0.99,5.5
2026-09-26,10,0,wk inc rsv hosp,2026-09-26,quantile,0.01,0
2026-09-26,10,0,wk inc rsv hosp,2026-09-26,quantile,0.025,0
2026-09-26,10,0,wk inc rsv hosp,2026-09-26,quantile,0.05,0
2026-09-26,10,0,wk inc rsv hosp,2026-09-26,quantile,0.1,0
2026-09-26,10,0,wk inc rsv hosp,2026-09-26,quantile,0.15,0
2026-09-26,10,0,wk inc rsv hosp,2026-09-26,quantile,0.2,1
2026-09-26,10,0,wk inc rsv hosp,2026-09-26,quantile,0.25,1
2026-09-26,10,0,wk inc rsv hosp,2026-09-26,quantile,0.3,1
2026-09-26,10,0,wk inc rsv hosp,2026-09-26,quantile,0.35,1
2026-09-26,10,0,wk inc rsv hosp,2026-09-26,quantile,0.4,2
2026-09-26,10,0,wk inc rsv hosp,2026-09-26,quantile,0.45,2
2026-09-26,10,0,wk inc rsv hosp,2026-09-26,quantile,0.5,2
2026-09-26,10,0,wk inc rsv hosp,2026-09-26,quantile,0.55,2
2026-09-26,10,0,wk inc rsv hosp,2026-09-26,quantile,0.6,3
2026-09-26,10,0,wk inc rsv hosp,2026-09-26,quantile,0.65,3
2026-09-26,10,0,wk inc rsv hosp,2026-09-26,quantile,0.7,3
2026-09-26,10,0,wk inc rsv hosp,2026-09-26,quantile,0.75,3
2026-09-26,10,0,wk inc rsv hosp,2026-09-26,quantile,0.8,4
2026-09-26,10,0,wk inc rsv hosp,2026-09-26,quantile,0.85,4
2026-09-26,10,0,wk inc rsv hosp,2026-09-26,quantile,0.9,4
2026-09-26,10,0,wk inc rsv hosp,2026-09-26,quantile,0.95,6
2026-09-26,10,0,wk inc rsv hosp,2026-09-26,quantile,0.975,7
2026-09-26,10,0,wk inc rsv hosp,2026-09-26,quantile,0.99,9
2026-09-26,10,1,wk inc rsv hosp,2026-10-03,quantile,0.01,0
2026-09-26,10,1,wk inc rsv hosp,2026-10-03,quantile,0.025,0
2026-09-26,10,1,wk inc rsv hosp,2026-10-03,quantile,0.05,0
2026-09-26,10,1,wk inc rsv hosp,2026-10-03,quantile,0.1,0
2026-09-26,10,1,wk inc rsv hosp,2026-10-03,quantile,0.15,1
2026-09-26,10,1,wk inc rsv hosp,2026-10-03,quantile,0.2,1
2026-09-26,10,1,wk inc rsv hosp,2026-10-03,quantile,0.25,1
2026-09-26,10,1,wk inc rsv hosp,2026-10-03,quantile,0.3,1
2026-09-26,10,1,wk inc rsv hosp,2026-10-03,quantile,0.35,2
2026-09-26,10,1,wk inc rsv hosp,2026-10-03,quantile,0.4,2
2026-09-26,10,1,wk inc rsv hosp,2026-10-03,quantile,0.45,2
2026-09-26,10,1,wk inc rsv hosp,2026-10-03,quantile,0.5,3
2026-09-26,10,1,wk inc rsv hosp,2026-10-03,quantile,0.55,3
2026-09-26,10,1,wk inc rsv hosp,2026-10-03,quantile,0.6,3
2026-09-26,10,1,wk inc rsv hosp,2026-10-03,quantile,0.65,3
2026-09-26,10,1,wk inc rsv hosp,2026-10-03,quantile,0.7,4
2026-09-26,10,1,wk inc rsv hosp,2026-10-03,quantile,0.75,4
2026-09-26,10,1,wk inc rsv hosp,2026-10-03,quantile,0.8,5
2026-09-26,10,1,wk inc rsv hosp,2026-10-03,quantile,0.85,5
2026-09-26,10,1,wk inc rsv hosp,2026-10-03,quantile,0.9,7
2026-09-26,10,1,wk inc rsv hosp,2026-10-03,quantile,0.95,9
2026-09-26,10,1,wk inc rsv hosp,2026-10-03,quantile,0.975,11
2026-09-26,10,1,wk inc rsv hosp,2026-10-03,quantile,0.99,17
2026-09-26,10,2,wk inc rsv hosp,2026-10-10,quantile,0.01,0
2026-09-26,10,2,wk inc rsv hosp,2026-10-10,quantile,0.025,0
2026-09-26,10,2,wk inc rsv hosp,2026-10-10,quantile,0.05,0
2026-09-26,10,2,wk inc rsv hosp,2026-10-10,quantile,0.1,0
2026-09-26,10,2,wk inc rsv hosp,2026-10-10,quantile,0.15,1
2026-09-26,10,2,wk inc rsv hosp,2026-10-10,quantile,0.2,1
2026-09-26,10,2,wk inc rsv hosp,2026-10-10,quantile,0.25,1
2026-09-26,10,2,wk inc rsv hosp,2026-10-10,quantile,0.3,2
2026-09-26,10,2,wk inc rsv hosp,2026-10-10,quantile,0.35,2
2026-09-26,10,2,wk inc rsv hosp,2026-10-10,quantile,0.4,2
2026-09-26,10,2,wk inc rsv hosp,2026-10-10,quantile,0.45,3
2026-09-26,10,2,wk inc rsv hosp,2026-10-10,quantile,0.5,3
2026-09-26,10,2,wk inc rsv hosp,2026-10-10,quantile,0.55,3
2026-09-26,10,2,wk inc rsv hosp,2026-10-10,quantile,0.6,4
2026-09-26,10,2,wk inc rsv hosp,2026-10-10,quantile,0.65,4
2026-09-26,10,2,wk inc rsv hosp,2026-10-10,quantile,0.7,5
2026-09-26,10,2,wk inc rsv hosp,2026-10-10,quantile,0.75,6
2026-09-26,10,2,wk inc rsv hosp,2026-10-10,quantile,0.8,7
2026-09-26,10,2,wk inc rsv hosp,2026-10-10,quantile,0.85,8
2026-09-26,10,2,wk inc rsv hosp,2026-10-10,quantile,0.9,10
2026-09-26,10,2,wk inc rsv hosp,2026-10-10,quantile,0.95,14
2026-09-26,10,2,wk inc rsv hosp,2026-10-10,quantile,0.975,19
2026-09-26,10,2,wk inc rsv hosp,2026-10-10,quantile,0.99,31
2026-09-26,10,3,wk inc rsv hosp,2026-10-17,quantile,0.01,0
2026-09-26,10,3,wk inc rsv hosp,2026-10-17,quantile,0.025,0
2026-09-26,10,3,wk inc rsv hosp,2026-10-17,quantile,0.05,0
2026-09-26,10,3,wk inc rsv hosp,2026-10-17,quantile,0.1,0.5
2026-09-26,10,3,wk inc rsv hosp,2026-10-17,quantile,0.15,1
2026-09-26,10,3,wk inc rsv hosp,2026-10-17,quantile,0.2,1
2026-09-26,10,3,wk inc rsv hosp,2026-10-17,quantile,0.25,1
2026-09-26,10,3,wk inc rsv hosp,2026-10-17,quantile,0.3,2
2026-09-26,10,3,wk inc rsv hosp,2026-10-17,quantile,0.35,2
2026-09-26,10,3,wk inc rsv hosp,2026-10-17,quantile,0.4,2
2026-09-26,10,3,wk inc rsv hosp,2026-10-17,quantile,0.45,2.5
2026-09-26,10,3,wk inc rsv hosp,2026-10-17,quantile,0.5,3
2026-09-26,10,3,wk inc rsv hosp,2026-10-17,quantile,0.55,3.5
2026-09-26,10,3,wk inc rsv hosp,2026-10-17,quantile,0.6,4
2026-09-26,10,3,wk inc rsv hosp,2026-10-17,quantile,0.65,5
2026-09-26,10,3,wk inc rsv hosp,2026-10-17,quantile,0.7,5.5
2026-09-26,10,3,wk inc rsv hosp,2026-10-17,quantile,0.75,6
2026-09-26,10,3,wk inc rsv hosp,2026-10-17,quantile,0.8,7.5
2026-09-26,10,3,wk inc rsv hosp,2026-10-17,quantile,0.85,9
2026-09-26,10,3,wk inc rsv hosp,2026-10-17,quantile,0.9,13
2026-09-26,10,3,wk inc rsv hosp,2026-10-17,quantile,0.95,18.5
2026-09-26,10,3,wk inc rsv hosp,2026-10-17,quantile,0.975,26
2026-09-26,10,3,wk inc rsv hosp,2026-10-17,quantile,0.99,39
2026-09-26,11,-1,wk inc rsv hosp,2026-09-19,quantile,0.01,0
2026-09-26,11,-1,wk inc rsv hosp,2026-09-19,quantile,0.025,0
2026-09-26,11,-1,wk inc rsv hosp,2026-09-19,quantile,0.05,0
2026-09-26,11,-1,wk inc rsv hosp,2026-09-19,quantile,0.1,0
2026-09-26,11,-1,wk inc rsv hosp,2026-09-19,quantile,0.15,0
2026-09-26,11,-1,wk inc rsv hosp,2026-09-19,quantile,0.2,0
2026-09-26,11,-1,wk inc rsv hosp,2026-09-19,quantile,0.25,0
2026-09-26,11,-1,wk inc rsv hosp,2026-09-19,quantile,0.3,0
2026-09-26,11,-1,wk inc rsv hosp,2026-09-19,quantile,0.35,0
2026-09-26,11,-1,wk inc rsv hosp,2026-09-19,quantile,0.4,0
2026-09-26,11,-1,wk inc rsv hosp,2026-09-19,quantile,0.45,0
2026-09-26,11,-1,wk inc rsv hosp,2026-09-19,quantile,0.5,0
2026-09-26,11,-1,wk inc rsv hosp,2026-09-19,quantile,0.55,0
2026-09-26,11,-1,wk inc rsv hosp,2026-09-19,quantile,0.6,0
2026-09-26,11,-1,wk inc rsv hosp,2026-09-19,quantile,0.65,0
2026-09-26,11,-1,wk inc rsv hosp,2026-09-19,quantile,0.7,0
2026-09-26,11,-1,wk inc rsv hosp,2026-09-19,quantile,0.75,0.5
2026-09-26,11,-1,wk inc rsv hosp,2026-09-19,quantile,0.8,0.5
2026-09-26,11,-1,wk inc rsv hosp,2026-09-19,quantile,0.85,0.5
2026-09-26,11,-1,wk inc rsv hosp,2026-09-19,quantile,0.9,0.5
2026-09-26,11,-1,wk inc rsv hosp,2026-09-19,quantile,0.95,1
2026-09-26,11,-1,wk inc rsv hosp,2026-09-19,quantile,0.975,1.5
2026-09-26,11,-1,wk inc rsv hosp,2026-09-19,quantile,0.99,1.5
2026-09-26,11,0,wk inc rsv hosp,2026-09-26,quantile,0.01,0
2026-09-26,11,0,wk inc rsv hosp,2026-09-26,quantile,0.025,0
2026-09-26,11,0,wk inc rsv hosp,2026-09-26,quantile,0.05,0
2026-09-26,11,0,wk inc rsv hosp,2026-09-26,quantile,0.1,0
2026-09-26,11,0,wk inc rsv hosp,2026-09-26,quantile,0.15,0
2026-09-26,11,0,wk inc rsv hosp,2026-09-26,quantile,0.2,0
2026-09-26,11,0,wk inc rsv hosp,2026-09-26,quantile,0.25,0
2026-09-26,11,0,wk inc rsv hosp,2026-09-26,quantile,0.3,0
2026-09-26,11,0,wk inc rsv hosp,2026-09-26,quantile,0.35,0
2026-09-26,11,0,wk inc rsv hosp,2026-09-26,quantile,0.4,0
2026-09-26,11,0,wk inc rsv hosp,2026-09-26,quantile,0.45,0
2026-09-26,11,0,wk inc rsv hosp,2026-09-26,quantile,0.5,0
2026-09-26,11,0,wk inc rsv hosp,2026-09-26,quantile,0.55,0
2026-09-26,11,0,wk inc rsv hosp,2026-09-26,quantile,0.6,0
2026-09-26,11,0,wk inc rsv hosp,2026-09-26,quantile,0.65,0
2026-09-26,11,0,wk inc rsv hosp,2026-09-26,quantile,0.7,0
2026-09-26,11,0,wk inc rsv hosp,2026-09-26,quantile,0.75,1
2026-09-26,11,0,wk inc rsv hosp,2026-09-26,quantile,0.8,1
2026-09-26,11,0,wk inc rsv hosp,2026-09-26,quantile,0.85,1
2026-09-26,11,0,wk inc rsv hosp,2026-09-26,quantile,0.9,1
2026-09-26,11,0,wk inc rsv hosp,2026-09-26,quantile,0.95,2
2026-09-26,11,0,wk inc rsv hosp,2026-09-26,quantile,0.975,2
2026-09-26,11,0,wk inc rsv hosp,2026-09-26,quantile,0.99,3
2026-09-26,11,1,wk inc rsv hosp,2026-10-03,quantile,0.01,0
2026-09-26,11,1,wk inc rsv hosp,2026-10-03,quantile,0.025,0
2026-09-26,11,1,wk inc rsv hosp,2026-10-03,quantile,0.05,0
2026-09-26,11,1,wk inc rsv hosp,2026-10-03,quantile,0.1,0
2026-09-26,11,1,wk inc rsv hosp,2026-10-03,quantile,0.15,0
2026-09-26,11,1,wk inc rsv hosp,2026-10-03,quantile,0.2,0
2026-09-26,11,1,wk inc rsv hosp,2026-10-03,quantile,0.25,0
2026-09-26,11,1,wk inc rsv hosp,2026-10-03,quantile,0.3,0
2026-09-26,11,1,wk inc rsv hosp,2026-10-03,quantile,0.35,0
2026-09-26,11,1,wk inc rsv hosp,2026-10-03,quantile,0.4,0
2026-09-26,11,1,wk inc rsv hosp,2026-10-03,quantile,0.45,0
2026-09-26,11,1,wk inc rsv hosp,2026-10-03,quantile,0.5,0
2026-09-26,11,1,wk inc rsv hosp,2026-10-03,quantile,0.55,0
2026-09-26,11,1,wk inc rsv hosp,2026-10-03,quantile,0.6,0
2026-09-26,11,1,wk inc rsv hosp,2026-10-03,quantile,0.65,0
2026-09-26,11,1,wk inc rsv hosp,2026-10-03,quantile,0.7,0
2026-09-26,11,1,wk inc rsv hosp,2026-10-03,quantile,0.75,1
2026-09-26,11,1,wk inc rsv hosp,2026-10-03,quantile,0.8,1
2026-09-26,11,1,wk inc rsv hosp,2026-10-03,quantile,0.85,1
2026-09-26,11,1,wk inc rsv hosp,2026-10-03,quantile,0.9,1
2026-09-26,11,1,wk inc rsv hosp,2026-10-03,quantile,0.95,2
2026-09-26,11,1,wk inc rsv hosp,2026-10-03,quantile,0.975,2
2026-09-26,11,1,wk inc rsv hosp,2026-10-03,quantile,0.99,3
2026-09-26,11,2,wk inc rsv hosp,2026-10-10,quantile,0.01,0
2026-09-26,11,2,wk inc rsv hosp,2026-10-10,quantile,0.025,0
2026-09-26,11,2,wk inc rsv hosp,2026-10-10,quantile,0.05,0
2026-09-26,11,2,wk inc rsv hosp,2026-10-10,quantile,0.1,0
2026-09-26,11,2,wk inc rsv hosp,2026-10-10,quantile,0.15,0
2026-09-26,11,2,wk inc rsv hosp,2026-10-10,quantile,0.2,0
2026-09-26,11,2,wk inc rsv hosp,2026-10-10,quantile,0.25,0
2026-09-26,11,2,wk inc rsv hosp,2026-10-10,quantile,0.3,0
2026-09-26,11,2,wk inc rsv hosp,2026-10-10,quantile,0.35,0
2026-09-26,11,2,wk inc rsv hosp,2026-10-10,quantile,0.4,0
2026-09-26,11,2,wk inc rsv hosp,2026-10-10,quantile,0.45,0
2026-09-26,11,2,wk inc rsv hosp,2026-10-10,quantile,0.5,0
2026-09-26,11,2,wk inc rsv hosp,2026-10-10,quantile,0.55,0
2026-09-26,11,2,wk inc rsv hosp,2026-10-10,quantile,0.6,0
2026-09-26,11,2,wk inc rsv hosp,2026-10-10,quantile,0.65,0
2026-09-26,11,2,wk inc rsv hosp,2026-10-10,quantile,0.7,1
2026-09-26,11,2,wk inc rsv hosp,2026-10-10,quantile,0.75,1
2026-09-26,11,2,wk inc rsv hosp,2026-10-10,quantile,0.8,1
2026-09-26,11,2,wk inc rsv hosp,2026-10-10,quantile,0.85,1
2026-09-26,11,2,wk inc rsv hosp,2026-10-10,quantile,0.9,1
2026-09-26,11,2,wk inc rsv hosp,2026-10-10,quantile,0.95,2
2026-09-26,11,2,wk inc rsv hosp,2026-10-10,quantile,0.975,3
2026-09-26,11,2,wk inc rsv hosp,2026-10-10,quantile,0.99,5
2026-09-26,11,3,wk inc rsv hosp,2026-10-17,quantile,0.01,0
2026-09-26,11,3,wk inc rsv hosp,2026-10-17,quantile,0.025,0
2026-09-26,11,3,wk inc rsv hosp,2026-10-17,quantile,0.05,0
2026-09-26,11,3,wk inc rsv hosp,2026-10-17,quantile,0.1,0
2026-09-26,11,3,wk inc rsv hosp,2026-10-17,quantile,0.15,0
2026-09-26,11,3,wk inc rsv hosp,2026-10-17,quantile,0.2,0
2026-09-26,11,3,wk inc rsv hosp,2026-10-17,quantile,0.25,0
2026-09-26,11,3,wk inc rsv hosp,2026-10-17,quantile,0.3,0
2026-09-26,11,3,wk inc rsv hosp,2026-10-17,quantile,0.35,0.5
2026-09-26,11,3,wk inc rsv hosp,2026-10-17,quantile,0.4,0.5
2026-09-26,11,3,wk inc rsv hosp,2026-10-17,quantile,0.45,0.5
2026-09-26,11,3,wk inc rsv hosp,2026-10-17,quantile,0.5,0.5
2026-09-26,11,3,wk inc rsv hosp,2026-10-17,quantile,0.55,0.5
2026-09-26,11,3,wk inc rsv hosp,2026-10-17,quantile,0.6,0.5
2026-09-26,11,3,wk inc rsv hosp,2026-10-17,quantile,0.65,0.5
2026-09-26,11,3,wk inc rsv hosp,2026-10-17,quantile,0.7,0.5
2026-09-26,11,3,wk inc rsv hosp,2026-10-17,quantile,0.75,0.5
2026-09-26,11,3,wk inc rsv hosp,2026-10-17,quantile,0.8,0.5
2026-09-26,11,3,wk inc rsv hosp,2026-10-17,quantile,0.85,1
2026-09-26,11,3,wk inc rsv hosp,2026-10-17,quantile,0.9,1
2026-09-26,11,3,wk inc rsv hosp,2026-10-17,quantile,0.95,1.5
2026-09-26,11,3,wk inc rsv hosp,2026-10-17,quantile,0.975,3
2026-09-26,11,3,wk inc rsv hosp,2026-10-17,quantile,0.99,5.5
2026-09-26,12,-1,wk inc rsv hosp,2026-09-19,quantile,0.01,84.495
2026-09-26,12,-1,wk inc rsv hosp,2026-09-19,quantile,0.025,89.9875
2026-09-26,12,-1,wk inc rsv hosp,2026-09-19,quantile,0.05,95
2026-09-26,12,-1,wk inc rsv hosp,2026-09-19,quantile,0.1,100.5
2026-09-26,12,-1,wk inc rsv hosp,2026-09-19,quantile,0.15,104
2026-09-26,12,-1,wk inc rsv hosp,2026-09-19,quantile,0.2,107
2026-09-26,12,-1,wk inc rsv hosp,2026-09-19,quantile,0.25,110
2026-09-26,12,-1,wk inc rsv hosp,2026-09-19,quantile,0.3,112.5
2026-09-26,12,-1,wk inc rsv hosp,2026-09-19,quantile,0.35,114.5
2026-09-26,12,-1,wk inc rsv hosp,2026-09-19,quantile,0.4,116.5
2026-09-26,12,-1,wk inc rsv hosp,2026-09-19,quantile,0.45,118.5
2026-09-26,12,-1,wk inc rsv hosp,2026-09-19,quantile,0.5,120
2026-09-26,12,-1,wk inc rsv hosp,2026-09-19,quantile,0.55,122
2026-09-26,12,-1,wk inc rsv hosp,2026-09-19,quantile,0.6,124.5
2026-09-26,12,-1,wk inc rsv hosp,2026-09-19,quantile,0.65,126.5
2026-09-26,12,-1,wk inc rsv hosp,2026-09-19,quantile,0.7,129.5
2026-09-26,12,-1,wk inc rsv hosp,2026-09-19,quantile,0.75,132
2026-09-26,12,-1,wk inc rsv hosp,2026-09-19,quantile,0.8,135
2026-09-26,12,-1,wk inc rsv hosp,2026-09-19,quantile,0.85,138.5
2026-09-26,12,-1,wk inc rsv hosp,2026-09-19,quantile,0.9,143.5
2026-09-26,12,-1,wk inc rsv hosp,2026-09-19,quantile,0.95,151
2026-09-26,12,-1,wk inc rsv hosp,2026-09-19,quantile,0.975,158
2026-09-26,12,-1,wk inc rsv hosp,2026-09-19,quantile,0.99,167
2026-09-26,12,0,wk inc rsv hosp,2026-09-26,quantile,0.01,84
2026-09-26,12,0,wk inc rsv hosp,2026-09-26,quantile,0.025,88
2026-09-26,12,0,wk inc rsv hosp,2026-09-26,quantile,0.05,93
2026-09-26,12,0,wk inc rsv hosp,2026-09-26,quantile,0.1,98
2026-09-26,12,0,wk inc rsv hosp,2026-09-26,quantile,0.15,102
2026-09-26,12,0,wk inc rsv hosp,2026-09-26,quantile,0.2,107
2026-09-26,12,0,wk inc rsv hosp,2026-09-26,quantile,0.25,112
2026-09-26,12,0,wk inc rsv hosp,2026-09-26,quantile,0.3,116
2026-09-26,12,0,wk inc rsv hosp,2026-09-26,quantile,0.35,121
2026-09-26,12,0,wk inc rsv hosp,2026-09-26,quantile,0.4,127
2026-09-26,12,0,wk inc rsv hosp,2026-09-26,quantile,0.45,131
2026-09-26,12,0,wk inc rsv hosp,2026-09-26,quantile,0.5,136
2026-09-26,12,0,wk inc rsv hosp,2026-09-26,quantile,0.55,141
2026-09-26,12,0,wk inc rsv hosp,2026-09-26,quantile,0.6,145
2026-09-26,12,0,wk inc rsv hosp,2026-09-26,quantile,0.65,148
2026-09-26,12,0,wk inc rsv hosp,2026-09-26,quantile,0.7,151
2026-09-26,12,0,wk inc rsv hosp,2026-09-26,quantile,0.75,156
2026-09-26,12,0,wk inc rsv hosp,2026-09-26,quantile,0.8,161
2026-09-26,12,0,wk inc rsv hosp,2026-09-26,quantile,0.85,167
2026-09-26,12,0,wk inc rsv hosp,2026-09-26,quantile,0.9,175
2026-09-26,12,0,wk inc rsv hosp,2026-09-26,quantile,0.95,184.04999999999995
2026-09-26,12,0,wk inc rsv hosp,2026-09-26,quantile,0.975,195
2026-09-26,12,0,wk inc rsv hosp,2026-09-26,quantile,0.99,211
2026-09-26,12,1,wk inc rsv hosp,2026-10-03,quantile,0.01,81
2026-09-26,12,1,wk inc rsv hosp,2026-10-03,quantile,0.025,86
2026-09-26,12,1,wk inc rsv hosp,2026-10-03,quantile,0.05,91
2026-09-26,12,1,wk inc rsv hosp,2026-10-03,quantile,0.1,99
2026-09-26,12,1,wk inc rsv hosp,2026-10-03,quantile,0.15,105
2026-09-26,12,1,wk inc rsv hosp,2026-10-03,quantile,0.2,111
2026-09-26,12,1,wk inc rsv hosp,2026-10-03,quantile,0.25,118
2026-09-26,12,1,wk inc rsv hosp,2026-10-03,quantile,0.3,125
2026-09-26,12,1,wk inc rsv hosp,2026-10-03,quantile,0.35,133
2026-09-26,12,1,wk inc rsv hosp,2026-10-03,quantile,0.4,142
2026-09-26,12,1,wk inc rsv hosp,2026-10-03,quantile,0.45,147
2026-09-26,12,1,wk inc rsv hosp,2026-10-03,quantile,0.5,151
2026-09-26,12,1,wk inc rsv hosp,2026-10-03,quantile,0.55,156
2026-09-26,12,1,wk inc rsv hosp,2026-10-03,quantile,0.6,161
2026-09-26,12,1,wk inc rsv hosp,2026-10-03,quantile,0.65,166
2026-09-26,12,1,wk inc rsv hosp,2026-10-03,quantile,0.7,172
2026-09-26,12,1,wk inc rsv hosp,2026-10-03,quantile,0.75,179
2026-09-26,12,1,wk inc rsv hosp,2026-10-03,quantile,0.8,187
2026-09-26,12,1,wk inc rsv hosp,2026-10-03,quantile,0.85,196
2026-09-26,12,1,wk inc rsv hosp,2026-10-03,quantile,0.9,209.10000000000016
2026-09-26,12,1,wk inc rsv hosp,2026-10-03,quantile,0.95,232
2026-09-26,12,1,wk inc rsv hosp,2026-10-03,quantile,0.975,255
2026-09-26,12,1,wk inc rsv hosp,2026-10-03,quantile,0.99,281.01
2026-09-26,12,2,wk inc rsv hosp,2026-10-10,quantile,0.01,71
2026-09-26,12,2,wk inc rsv hosp,2026-10-10,quantile,0.025,82
2026-09-26,12,2,wk inc rsv hosp,2026-10-10,quantile,0.05,89
2026-09-26,12,2,wk inc rsv hosp,2026-10-10,quantile,0.1,100
2026-09-26,12,2,wk inc rsv hosp,2026-10-10,quantile,0.15,108
2026-09-26,12,2,wk inc rsv hosp,2026-10-10,quantile,0.2,114
2026-09-26,12,2,wk inc rsv hosp,2026-10-10,quantile,0.25,123
2026-09-26,12,2,wk inc rsv hosp,2026-10-10,quantile,0.3,136
2026-09-26,12,2,wk inc rsv hosp,2026-10-10,quantile,0.35,145
2026-09-26,12,2,wk inc rsv hosp,2026-10-10,quantile,0.4,152
2026-09-26,12,2,wk inc rsv hosp,2026-10-10,quantile,0.45,159
2026-09-26,12,2,wk inc rsv hosp,2026-10-10,quantile,0.5,166
2026-09-26,12,2,wk inc rsv hosp,2026-10-10,quantile,0.55,173
2026-09-26,12,2,wk inc rsv hosp,2026-10-10,quantile,0.6,181.39999999999984
2026-09-26,12,2,wk inc rsv hosp,2026-10-10,quantile,0.65,190
2026-09-26,12,2,wk inc rsv hosp,2026-10-10,quantile,0.7,199
2026-09-26,12,2,wk inc rsv hosp,2026-10-10,quantile,0.75,210
2026-09-26,12,2,wk inc rsv hosp,2026-10-10,quantile,0.8,222
2026-09-26,12,2,wk inc rsv hosp,2026-10-10,quantile,0.85,235
2026-09-26,12,2,wk inc rsv hosp,2026-10-10,quantile,0.9,256
2026-09-26,12,2,wk inc rsv hosp,2026-10-10,quantile,0.95,301
2026-09-26,12,2,wk inc rsv hosp,2026-10-10,quantile,0.975,349.0499999999997
2026-09-26,12,2,wk inc rsv hosp,2026-10-10,quantile,0.99,425.0799999999999
2026-09-26,12,3,wk inc rsv hosp,2026-10-17,quantile,0.01,54.5
2026-09-26,12,3,wk inc rsv hosp,2026-10-17,quantile,0.025,65
2026-09-26,12,3,wk inc rsv hosp,2026-10-17,quantile,0.05,79
2026-09-26,12,3,wk inc rsv hosp,2026-10-17,quantile,0.1,95.5
2026-09-26,12,3,wk inc rsv hosp,2026-10-17,quantile,0.15,107.5
2026-09-26,12,3,wk inc rsv hosp,2026-10-17,quantile,0.2,119
2026-09-26,12,3,wk inc rsv hosp,2026-10-17,quantile,0.25,131
2026-09-26,12,3,wk inc rsv hosp,2026-10-17,quantile,0.3,141.5
2026-09-26,12,3,wk inc rsv hosp,2026-10-17,quantile,0.35,153.5
2026-09-26,12,3,wk inc rsv hosp,2026-10-17,quantile,0.4,167
2026-09-26,12,3,wk inc rsv hosp,2026-10-17,quantile,0.45,178
2026-09-26,12,3,wk inc rsv hosp,2026-10-17,quantile,0.5,194.5
2026-09-26,12,3,wk inc rsv hosp,2026-10-17,quantile,0.55,210
2026-09-26,12,3,wk inc rsv hosp,2026-10-17,quantile,0.6,227
2026-09-26,12,3,wk inc rsv hosp,2026-10-17,quantile,0.65,245
2026-09-26,12,3,wk inc rsv hosp,2026-10-17,quantile,0.7,269.5
2026-09-26,12,3,wk inc rsv hosp,2026-10-17,quantile,0.75,301.5
2026-09-26,12,3,wk inc rsv hosp,2026-10-17,quantile,0.8,340
2026-09-26,12,3,wk inc rsv hosp,2026-10-17,quantile,0.85,393.5
2026-09-26,12,3,wk inc rsv hosp,2026-10-17,quantile,0.9,472
2026-09-26,12,3,wk inc rsv hosp,2026-10-17,quantile,0.95,610.5
2026-09-26,12,3,wk inc rsv hosp,2026-10-17,quantile,0.975,704.5
2026-09-26,12,3,wk inc rsv hosp,2026-10-17,quantile,0.99,914.5
2026-09-26,13,-1,wk inc rsv hosp,2026-09-19,quantile,0.01,6
2026-09-26,13,-1,wk inc rsv hosp,2026-09-19,quantile,0.025,7.5
2026-09-26,13,-1,wk inc rsv hosp,2026-09-19,quantile,0.05,8.5
2026-09-26,13,-1,wk inc rsv hosp,2026-09-19,quantile,0.1,10
2026-09-26,13,-1,wk inc rsv hosp,2026-09-19,quantile,0.15,11
2026-09-26,13,-1,wk inc rsv hosp,2026-09-19,quantile,0.2,11.5
2026-09-26,13,-1,wk inc rsv hosp,2026-09-19,quantile,0.25,12.5
2026-09-26,13,-1,wk inc rsv hosp,2026-09-19,quantile,0.3,12.5
2026-09-26,13,-1,wk inc rsv hosp,2026-09-19,quantile,0.35,13
2026-09-26,13,-1,wk inc rsv hosp,2026-09-19,quantile,0.4,14
2026-09-26,13,-1,wk inc rsv hosp,2026-09-19,quantile,0.45,14
2026-09-26,13,-1,wk inc rsv hosp,2026-09-19,quantile,0.5,15
2026-09-26,13,-1,wk inc rsv hosp,2026-09-19,quantile,0.55,15.5
2026-09-26,13,-1,wk inc rsv hosp,2026-09-19,quantile,0.6,16
2026-09-26,13,-1,wk inc rsv hosp,2026-09-19,quantile,0.65,16.5
2026-09-26,13,-1,wk inc rsv hosp,2026-09-19,quantile,0.7,17.5
2026-09-26,13,-1,wk inc rsv hosp,2026-09-19,quantile,0.75,17.5
2026-09-26,13,-1,wk inc rsv hosp,2026-09-19,quantile,0.8,18.5
2026-09-26,13,-1,wk inc rsv hosp,2026-09-19,quantile,0.85,19.5
2026-09-26,13,-1,wk inc rsv hosp,2026-09-19,quantile,0.9,20.5
2026-09-26,13,-1,wk inc rsv hosp,2026-09-19,quantile,0.95,22.524999999999977
2026-09-26,13,-1,wk inc rsv hosp,2026-09-19,quantile,0.975,24.5
2026-09-26,13,-1,wk inc rsv hosp,2026-09-19,quantile,0.99,27.5
2026-09-26,13,0,wk inc rsv hosp,2026-09-26,quantile,0.01,4
2026-09-26,13,0,wk inc rsv hosp,2026-09-26,quantile,0.025,6
2026-09-26,13,0,wk inc rsv hosp,2026-09-26,quantile,0.05,6
2026-09-26,13,0,wk inc rsv hosp,2026-09-26,quantile,0.1,8
2026-09-26,13,0,wk inc rsv hosp,2026-09-26,quantile,0.15,9
2026-09-26,13,0,wk inc rsv hosp,2026-09-26,quantile,0.2,10
2026-09-26,13,0,wk inc rsv hosp,2026-09-26,quantile,0.25,11
2026-09-26,13,0,wk inc rsv hosp,2026-09-26,quantile,0.3,12
2026-09-26,13,0,wk inc rsv hosp,2026-09-26,quantile,0.35,12
2026-09-26,13,0,wk inc rsv hosp,2026-09-26,quantile,0.4,13
2026-09-26,13,0,wk inc rsv hosp,2026-09-26,quantile,0.45,13
2026-09-26,13,0,wk inc rsv hosp,2026-09-26,quantile,0.5,14
2026-09-26,13,0,wk inc rsv hosp,2026-09-26,quantile,0.55,15
2026-09-26,13,0,wk inc rsv hosp,2026-09-26,quantile,0.6,16
2026-09-26,13,0,wk inc rsv hosp,2026-09-26,quantile,0.65,18
2026-09-26,13,0,wk inc rsv hosp,2026-09-26,quantile,0.7,19
2026-09-26,13,0,wk inc rsv hosp,2026-09-26,quantile,0.75,20
2026-09-26,13,0,wk inc rsv hosp,2026-09-26,quantile,0.8,22
2026-09-26,13,0,wk inc rsv hosp,2026-09-26,quantile,0.85,24
2026-09-26,13,0,wk inc rsv hosp,2026-09-26,quantile,0.9,27
2026-09-26,13,0,wk inc rsv hosp,2026-09-26,quantile,0.95,31
2026-09-26,13,0,wk inc rsv hosp,2026-09-26,quantile,0.975,34
2026-09-26,13,0,wk inc rsv hosp,2026-09-26,quantile,0.99,39
2026-09-26,13,1,wk inc rsv hosp,2026-10-03,quantile,0.01,3
2026-09-26,13,1,wk inc rsv hosp,2026-10-03,quantile,0.025,5
2026-09-26,13,1,wk inc rsv hosp,2026-10-03,quantile,0.05,6
2026-09-26,13,1,wk inc rsv hosp,2026-10-03,quantile,0.1,7
2026-09-26,13,1,wk inc rsv hosp,2026-10-03,quantile,0.15,8
2026-09-26,13,1,wk inc rsv hosp,2026-10-03,quantile,0.2,9
2026-09-26,13,1,wk inc rsv hosp,2026-10-03,quantile,0.25,10
2026-09-26,13,1,wk inc rsv hosp,2026-10-03,quantile,0.3,11
2026-09-26,13,1,wk inc rsv hosp,2026-10-03,quantile,0.35,12
2026-09-26,13,1,wk inc rsv hosp,2026-10-03,quantile,0.4,13
2026-09-26,13,1,wk inc rsv hosp,2026-10-03,quantile,0.45,14
2026-09-26,13,1,wk inc rsv hosp,2026-10-03,quantile,0.5,15
2026-09-26,13,1,wk inc rsv hosp,2026-10-03,quantile,0.55,16
2026-09-26,13,1,wk inc rsv hosp,2026-10-03,quantile,0.6,17
2026-09-26,13,1,wk inc rsv hosp,2026-10-03,quantile,0.65,19
2026-09-26,13,1,wk inc rsv hosp,2026-10-03,quantile,0.7,21
2026-09-26,13,1,wk inc rsv hosp,2026-10-03,quantile,0.75,23
2026-09-26,13,1,wk inc rsv hosp,2026-10-03,quantile,0.8,25
2026-09-26,13,1,wk inc rsv hosp,2026-10-03,quantile,0.85,28
2026-09-26,13,1,wk inc rsv hosp,2026-10-03,quantile,0.9,33
2026-09-26,13,1,wk inc rsv hosp,2026-10-03,quantile,0.95,41
2026-09-26,13,1,wk inc rsv hosp,2026-10-03,quantile,0.975,46
2026-09-26,13,1,wk inc rsv hosp,2026-10-03,quantile,0.99,59.00999999999999
2026-09-26,13,2,wk inc rsv hosp,2026-10-10,quantile,0.01,3
2026-09-26,13,2,wk inc rsv hosp,2026-10-10,quantile,0.025,3
2026-09-26,13,2,wk inc rsv hosp,2026-10-10,quantile,0.05,4
2026-09-26,13,2,wk inc rsv hosp,2026-10-10,quantile,0.1,6
2026-09-26,13,2,wk inc rsv hosp,2026-10-10,quantile,0.15,6
2026-09-26,13,2,wk inc rsv hosp,2026-10-10,quantile,0.2,8
2026-09-26,13,2,wk inc rsv hosp,2026-10-10,quantile,0.25,9
2026-09-26,13,2,wk inc rsv hosp,2026-10-10,quantile,0.3,10
2026-09-26,13,2,wk inc rsv hosp,2026-10-10,quantile,0.35,11
2026-09-26,13,2,wk inc rsv hosp,2026-10-10,quantile,0.4,13
2026-09-26,13,2,wk inc rsv hosp,2026-10-10,quantile,0.45,14
2026-09-26,13,2,wk inc rsv hosp,2026-10-10,quantile,0.5,15
2026-09-26,13,2,wk inc rsv hosp,2026-10-10,quantile,0.55,17
2026-09-26,13,2,wk inc rsv hosp,2026-10-10,quantile,0.6,18
2026-09-26,13,2,wk inc rsv hosp,2026-10-10,quantile,0.65,21
2026-09-26,13,2,wk inc rsv hosp,2026-10-10,quantile,0.7,23
2026-09-26,13,2,wk inc rsv hosp,2026-10-10,quantile,0.75,27
2026-09-26,13,2,wk inc rsv hosp,2026-10-10,quantile,0.8,31
2026-09-26,13,2,wk inc rsv hosp,2026-10-10,quantile,0.85,35
2026-09-26,13,2,wk inc rsv hosp,2026-10-10,quantile,0.9,44
2026-09-26,13,2,wk inc rsv hosp,2026-10-10,quantile,0.95,59
2026-09-26,13,2,wk inc rsv hosp,2026-10-10,quantile,0.975,73
2026-09-26,13,2,wk inc rsv hosp,2026-10-10,quantile,0.99,99.01
2026-09-26,13,3,wk inc rsv hosp,2026-10-17,quantile,0.01,1
2026-09-26,13,3,wk inc rsv hosp,2026-10-17,quantile,0.025,1
2026-09-26,13,3,wk inc rsv hosp,2026-10-17,quantile,0.05,2.5
2026-09-26,13,3,wk inc rsv hosp,2026-10-17,quantile,0.1,5
2026-09-26,13,3,wk inc rsv hosp,2026-10-17,quantile,0.15,6
2026-09-26,13,3,wk inc rsv hosp,2026-10-17,quantile,0.2,7
2026-09-26,13,3,wk inc rsv hosp,2026-10-17,quantile,0.25,8.5
2026-09-26,13,3,wk inc rsv hosp,2026-10-17,quantile,0.3,9.5
2026-09-26,13,3,wk inc rsv hosp,2026-10-17,quantile,0.35,10.5
2026-09-26,13,3,wk inc rsv hosp,2026-10-17,quantile,0.4,12
2026-09-26,13,3,wk inc rsv hosp,2026-10-17,quantile,0.45,14
2026-09-26,13,3,wk inc rsv hosp,2026-10-17,quantile,0.5,15
2026-09-26,13,3,wk inc rsv hosp,2026-10-17,quantile,0.55,16.5
2026-09-26,13,3,wk inc rsv hosp,2026-10-17,quantile,0.6,18.5
2026-09-26,13,3,wk inc rsv hosp,2026-10-17,quantile,0.65,21.5
2026-09-26,13,3,wk inc rsv hosp,2026-10-17,quantile,0.7,24
2026-09-26,13,3,wk inc rsv hosp,2026-10-17,quantile,0.75,27.5
2026-09-26,13,3,wk inc rsv hosp,2026-10-17,quantile,0.8,33
2026-09-26,13,3,wk inc rsv hosp,2026-10-17,quantile,0.85,37
2026-09-26,13,3,wk inc rsv hosp,2026-10-17,quantile,0.9,46.5
2026-09-26,13,3,wk inc rsv hosp,2026-10-17,quantile,0.95,64.5
2026-09-26,13,3,wk inc rsv hosp,2026-10-17,quantile,0.975,83.5
2026-09-26,13,3,wk inc rsv hosp,2026-10-17,quantile,0.99,114.5
2026-09-26,15,-1,wk inc rsv hosp,2026-09-19,quantile,0.01,1.5
2026-09-26,15,-1,wk inc rsv hosp,2026-09-19,quantile,0.025,2.5
2026-09-26,15,-1,wk inc rsv hosp,2026-09-19,quantile,0.05,3
2026-09-26,15,-1,wk inc rsv hosp,2026-09-19,quantile,0.1,4
2026-09-26,15,-1,wk inc rsv hosp,2026-09-19,quantile,0.15,4
2026-09-26,15,-1,wk inc rsv hosp,2026-09-19,quantile,0.2,5
2026-09-26,15,-1,wk inc rsv hosp,2026-09-19,quantile,0.25,5
2026-09-26,15,-1,wk inc rsv hosp,2026-09-19,quantile,0.3,5.5
2026-09-26,15,-1,wk inc rsv hosp,2026-09-19,quantile,0.35,5.5
2026-09-26,15,-1,wk inc rsv hosp,2026-09-19,quantile,0.4,6
2026-09-26,15,-1,wk inc rsv hosp,2026-09-19,quantile,0.45,6
2026-09-26,15,-1,wk inc rsv hosp,2026-09-19,quantile,0.5,6
2026-09-26,15,-1,wk inc rsv hosp,2026-09-19,quantile,0.55,6.5
2026-09-26,15,-1,wk inc rsv hosp,2026-09-19,quantile,0.6,7
2026-09-26,15,-1,wk inc rsv hosp,2026-09-19,quantile,0.65,7
2026-09-26,15,-1,wk inc rsv hosp,2026-09-19,quantile,0.7,7.5
2026-09-26,15,-1,wk inc rsv hosp,2026-09-19,quantile,0.75,7.5
2026-09-26,15,-1,wk inc rsv hosp,2026-09-19,quantile,0.8,8.5
2026-09-26,15,-1,wk inc rsv hosp,2026-09-19,quantile,0.85,9.5
2026-09-26,15,-1,wk inc rsv hosp,2026-09-19,quantile,0.9,10
2026-09-26,15,-1,wk inc rsv hosp,2026-09-19,quantile,0.95,11.5
2026-09-26,15,-1,wk inc rsv hosp,2026-09-19,quantile,0.975,13.5
2026-09-26,15,-1,wk inc rsv hosp,2026-09-19,quantile,0.99,15
2026-09-26,15,0,wk inc rsv hosp,2026-09-26,quantile,0.01,1
2026-09-26,15,0,wk inc rsv hosp,2026-09-26,quantile,0.025,2
2026-09-26,15,0,wk inc rsv hosp,2026-09-26,quantile,0.05,2
2026-09-26,15,0,wk inc rsv hosp,2026-09-26,quantile,0.1,3
2026-09-26,15,0,wk inc rsv hosp,2026-09-26,quantile,0.15,4
2026-09-26,15,0,wk inc rsv hosp,2026-09-26,quantile,0.2,4
2026-09-26,15,0,wk inc rsv hosp,2026-09-26,quantile,0.25,5
2026-09-26,15,0,wk inc rsv hosp,2026-09-26,quantile,0.3,5
2026-09-26,15,0,wk inc rsv hosp,2026-09-26,quantile,0.35,6
2026-09-26,15,0,wk inc rsv hosp,2026-09-26,quantile,0.4,6
2026-09-26,15,0,wk inc rsv hosp,2026-09-26,quantile,0.45,7
2026-09-26,15,0,wk inc rsv hosp,2026-09-26,quantile,0.5,7
2026-09-26,15,0,wk inc rsv hosp,2026-09-26,quantile,0.55,8
2026-09-26,15,0,wk inc rsv hosp,2026-09-26,quantile,0.6,8
2026-09-26,15,0,wk inc rsv hosp,2026-09-26,quantile,0.65,8
2026-09-26,15,0,wk inc rsv hosp,2026-09-26,quantile,0.7,9
2026-09-26,15,0,wk inc rsv hosp,2026-09-26,quantile,0.75,10
2026-09-26,15,0,wk inc rsv hosp,2026-09-26,quantile,0.8,11
2026-09-26,15,0,wk inc rsv hosp,2026-09-26,quantile,0.85,12
2026-09-26,15,0,wk inc rsv hosp,2026-09-26,quantile,0.9,13
2026-09-26,15,0,wk inc rsv hosp,2026-09-26,quantile,0.95,15
2026-09-26,15,0,wk inc rsv hosp,2026-09-26,quantile,0.975,17
2026-09-26,15,0,wk inc rsv hosp,2026-09-26,quantile,0.99,20
2026-09-26,15,1,wk inc rsv hosp,2026-10-03,quantile,0.01,1
2026-09-26,15,1,wk inc rsv hosp,2026-10-03,quantile,0.025,2
2026-09-26,15,1,wk inc rsv hosp,2026-10-03,quantile,0.05,2
2026-09-26,15,1,wk inc rsv hosp,2026-10-03,quantile,0.1,3
2026-09-26,15,1,wk inc rsv hosp,2026-10-03,quantile,0.15,4
2026-09-26,15,1,wk inc rsv hosp,2026-10-03,quantile,0.2,4
2026-09-26,15,1,wk inc rsv hosp,2026-10-03,quantile,0.25,5
2026-09-26,15,1,wk inc rsv hosp,2026-10-03,quantile,0.3,6
2026-09-26,15,1,wk inc rsv hosp,2026-10-03,quantile,0.35,6
2026-09-26,15,1,wk inc rsv hosp,2026-10-03,quantile,0.4,7
2026-09-26,15,1,wk inc rsv hosp,2026-10-03,quantile,0.45,7
2026-09-26,15,1,wk inc rsv hosp,2026-10-03,quantile,0.5,8
2026-09-26,15,1,wk inc rsv hosp,2026-10-03,quantile,0.55,9
2026-09-26,15,1,wk inc rsv hosp,2026-10-03,quantile,0.6,9
2026-09-26,15,1,wk inc rsv hosp,2026-10-03,quantile,0.65,10
2026-09-26,15,1,wk inc rsv hosp,2026-10-03,quantile,0.7,11
2026-09-26,15,1,wk inc rsv hosp,2026-10-03,quantile,0.75,11
2026-09-26,15,1,wk inc rsv hosp,2026-10-03,quantile,0.8,12
2026-09-26,15,1,wk inc rsv hosp,2026-10-03,quantile,0.85,14
2026-09-26,15,1,wk inc rsv hosp,2026-10-03,quantile,0.9,16
2026-09-26,15,1,wk inc rsv hosp,2026-10-03,quantile,0.95,19
2026-09-26,15,1,wk inc rsv hosp,2026-10-03,quantile,0.975,23
2026-09-26,15,1,wk inc rsv hosp,2026-10-03,quantile,0.99,30.00999999999999
2026-09-26,15,2,wk inc rsv hosp,2026-10-10,quantile,0.01,1
2026-09-26,15,2,wk inc rsv hosp,2026-10-10,quantile,0.025,1
2026-09-26,15,2,wk inc rsv hosp,2026-10-10,quantile,0.05,2
2026-09-26,15,2,wk inc rsv hosp,2026-10-10,quantile,0.1,3
2026-09-26,15,2,wk inc rsv hosp,2026-10-10,quantile,0.15,4
2026-09-26,15,2,wk inc rsv hosp,2026-10-10,quantile,0.2,5
2026-09-26,15,2,wk inc rsv hosp,2026-10-10,quantile,0.25,5
2026-09-26,15,2,wk inc rsv hosp,2026-10-10,quantile,0.3,6
2026-09-26,15,2,wk inc rsv hosp,2026-10-10,quantile,0.35,6
2026-09-26,15,2,wk inc rsv hosp,2026-10-10,quantile,0.4,7
2026-09-26,15,2,wk inc rsv hosp,2026-10-10,quantile,0.45,8
2026-09-26,15,2,wk inc rsv hosp,2026-10-10,quantile,0.5,9
2026-09-26,15,2,wk inc rsv hosp,2026-10-10,quantile,0.55,9
2026-09-26,15,2,wk inc rsv hosp,2026-10-10,quantile,0.6,10
2026-09-26,15,2,wk inc rsv hosp,2026-10-10,quantile,0.65,11
2026-09-26,15,2,wk inc rsv hosp,2026-10-10,quantile,0.7,12
2026-09-26,15,2,wk inc rsv hosp,2026-10-10,quantile,0.75,14
2026-09-26,15,2,wk inc rsv hosp,2026-10-10,quantile,0.8,16
2026-09-26,15,2,wk inc rsv hosp,2026-10-10,quantile,0.85,18
2026-09-26,15,2,wk inc rsv hosp,2026-10-10,quantile,0.9,22
2026-09-26,15,2,wk inc rsv hosp,2026-10-10,quantile,0.95,27
2026-09-26,15,2,wk inc rsv hosp,2026-10-10,quantile,0.975,34
2026-09-26,15,2,wk inc rsv hosp,2026-10-10,quantile,0.99,43
2026-09-26,15,3,wk inc rsv hosp,2026-10-17,quantile,0.01,0.5
2026-09-26,15,3,wk inc rsv hosp,2026-10-17,quantile,0.025,0.5
2026-09-26,15,3,wk inc rsv hosp,2026-10-17,quantile,0.05,1.5
2026-09-26,15,3,wk inc rsv hosp,2026-10-17,quantile,0.1,2
2026-09-26,15,3,wk inc rsv hosp,2026-10-17,quantile,0.15,3
2026-09-26,15,3,wk inc rsv hosp,2026-10-17,quantile,0.2,3.5
2026-09-26,15,3,wk inc rsv hosp,2026-10-17,quantile,0.25,4.5
2026-09-26,15,3,wk inc rsv hosp,2026-10-17,quantile,0.3,5
2026-09-26,15,3,wk inc rsv hosp,2026-10-17,quantile,0.35,5.5
2026-09-26,15,3,wk inc rsv hosp,2026-10-17,quantile,0.4,6.5
2026-09-26,15,3,wk inc rsv hosp,2026-10-17,quantile,0.45,7
2026-09-26,15,3,wk inc rsv hosp,2026-10-17,quantile,0.5,8
2026-09-26,15,3,wk inc rsv hosp,2026-10-17,quantile,0.55,9
2026-09-26,15,3,wk inc rsv hosp,2026-10-17,quantile,0.6,10
2026-09-26,15,3,wk inc rsv hosp,2026-10-17,quantile,0.65,11.5
2026-09-26,15,3,wk inc rsv hosp,2026-10-17,quantile,0.7,13.5
2026-09-26,15,3,wk inc rsv hosp,2026-10-17,quantile,0.75,15
2026-09-26,15,3,wk inc rsv hosp,2026-10-17,quantile,0.8,18
2026-09-26,15,3,wk inc rsv hosp,2026-10-17,quantile,0.85,22
2026-09-26,15,3,wk inc rsv hosp,2026-10-17,quantile,0.9,28
2026-09-26,15,3,wk inc rsv hosp,2026-10-17,quantile,0.95,39
2026-09-26,15,3,wk inc rsv hosp,2026-10-17,quantile,0.975,53.5
2026-09-26,15,3,wk inc rsv hosp,2026-10-17,quantile,0.99,74.5
2026-09-26,16,-1,wk inc rsv hosp,2026-09-19,quantile,0.01,0
2026-09-26,16,-1,wk inc rsv hosp,2026-09-19,quantile,0.025,0
2026-09-26,16,-1,wk inc rsv hosp,2026-09-19,quantile,0.05,0
2026-09-26,16,-1,wk inc rsv hosp,2026-09-19,quantile,0.1,0
2026-09-26,16,-1,wk inc rsv hosp,2026-09-19,quantile,0.15,0
2026-09-26,16,-1,wk inc rsv hosp,2026-09-19,quantile,0.2,0
2026-09-26,16,-1,wk inc rsv hosp,2026-09-19,quantile,0.25,0
2026-09-26,16,-1,wk inc rsv hosp,2026-09-19,quantile,0.3,0
2026-09-26,16,-1,wk inc rsv hosp,2026-09-19,quantile,0.35,0
2026-09-26,16,-1,wk inc rsv hosp,2026-09-19,quantile,0.4,0
2026-09-26,16,-1,wk inc rsv hosp,2026-09-19,quantile,0.45,0
2026-09-26,16,-1,wk inc rsv hosp,2026-09-19,quantile,0.5,0
2026-09-26,16,-1,wk inc rsv hosp,2026-09-19,quantile,0.55,0
2026-09-26,16,-1,wk inc rsv hosp,2026-09-19,quantile,0.6,0
2026-09-26,16,-1,wk inc rsv hosp,2026-09-19,quantile,0.65,0
2026-09-26,16,-1,wk inc rsv hosp,2026-09-19,quantile,0.7,0
2026-09-26,16,-1,wk inc rsv hosp,2026-09-19,quantile,0.75,0
2026-09-26,16,-1,wk inc rsv hosp,2026-09-19,quantile,0.8,0.5
2026-09-26,16,-1,wk inc rsv hosp,2026-09-19,quantile,0.85,0.5
2026-09-26,16,-1,wk inc rsv hosp,2026-09-19,quantile,0.9,0.5
2026-09-26,16,-1,wk inc rsv hosp,2026-09-19,quantile,0.95,0.5
2026-09-26,16,-1,wk inc rsv hosp,2026-09-19,quantile,0.975,1
2026-09-26,16,-1,wk inc rsv hosp,2026-09-19,quantile,0.99,1.5
2026-09-26,16,0,wk inc rsv hosp,2026-09-26,quantile,0.01,0
2026-09-26,16,0,wk inc rsv hosp,2026-09-26,quantile,0.025,0
2026-09-26,16,0,wk inc rsv hosp,2026-09-26,quantile,0.05,0
2026-09-26,16,0,wk inc rsv hosp,2026-09-26,quantile,0.1,0
2026-09-26,16,0,wk inc rsv hosp,2026-09-26,quantile,0.15,0
2026-09-26,16,0,wk inc rsv hosp,2026-09-26,quantile,0.2,0
2026-09-26,16,0,wk inc rsv hosp,2026-09-26,quantile,0.25,0
2026-09-26,16,0,wk inc rsv hosp,2026-09-26,quantile,0.3,0
2026-09-26,16,0,wk inc rsv hosp,2026-09-26,quantile,0.35,0
2026-09-26,16,0,wk inc rsv hosp,2026-09-26,quantile,0.4,0
2026-09-26,16,0,wk inc rsv hosp,2026-09-26,quantile,0.45,0
2026-09-26,16,0,wk inc rsv hosp,2026-09-26,quantile,0.5,0
2026-09-26,16,0,wk inc rsv hosp,2026-09-26,quantile,0.55,0
2026-09-26,16,0,wk inc rsv hosp,2026-09-26,quantile,0.6,0
2026-09-26,16,0,wk inc rsv hosp,2026-09-26,quantile,0.65,0
2026-09-26,16,0,wk inc rsv hosp,2026-09-26,quantile,0.7,0
2026-09-26,16,0,wk inc rsv hosp,2026-09-26,quantile,0.75,0
2026-09-26,16,0,wk inc rsv hosp,2026-09-26,quantile,0.8,1
2026-09-26,16,0,wk inc rsv hosp,2026-09-26,quantile,0.85,1
2026-09-26,16,0,wk inc rsv hosp,2026-09-26,quantile,0.9,1
2026-09-26,16,0,wk inc rsv hosp,2026-09-26,quantile,0.95,1
2026-09-26,16,0,wk inc rsv hosp,2026-09-26,quantile,0.975,2
2026-09-26,16,0,wk inc rsv hosp,2026-09-26,quantile,0.99,2
2026-09-26,16,1,wk inc rsv hosp,2026-10-03,quantile,0.01,0
2026-09-26,16,1,wk inc rsv hosp,2026-10-03,quantile,0.025,0
2026-09-26,16,1,wk inc rsv hosp,2026-10-03,quantile,0.05,0
2026-09-26,16,1,wk inc rsv hosp,2026-10-03,quantile,0.1,0
2026-09-26,16,1,wk inc rsv hosp,2026-10-03,quantile,0.15,0
2026-09-26,16,1,wk inc rsv hosp,2026-10-03,quantile,0.2,0
2026-09-26,16,1,wk inc rsv hosp,2026-10-03,quantile,0.25,0
2026-09-26,16,1,wk inc rsv hosp,2026-10-03,quantile,0.3,0
2026-09-26,16,1,wk inc rsv hosp,2026-10-03,quantile,0.35,0
2026-09-26,16,1,wk inc rsv hosp,2026-10-03,quantile,0.4,0
2026-09-26,16,1,wk inc rsv hosp,2026-10-03,quantile,0.45,0
2026-09-26,16,1,wk inc rsv hosp,2026-10-03,quantile,0.5,0
2026-09-26,16,1,wk inc rsv hosp,2026-10-03,quantile,0.55,0
2026-09-26,16,1,wk inc rsv hosp,2026-10-03,quantile,0.6,0
2026-09-26,16,1,wk inc rsv hosp,2026-10-03,quantile,0.65,0
2026-09-26,16,1,wk inc rsv hosp,2026-10-03,quantile,0.7,0
2026-09-26,16,1,wk inc rsv hosp,2026-10-03,quantile,0.75,0
2026-09-26,16,1,wk inc rsv hosp,2026-10-03,quantile,0.8,0
2026-09-26,16,1,wk inc rsv hosp,2026-10-03,quantile,0.85,1
2026-09-26,16,1,wk inc rsv hosp,2026-10-03,quantile,0.9,1
2026-09-26,16,1,wk inc rsv hosp,2026-10-03,quantile,0.95,1
2026-09-26,16,1,wk inc rsv hosp,2026-10-03,quantile,0.975,2
2026-09-26,16,1,wk inc rsv hosp,2026-10-03,quantile,0.99,2
2026-09-26,16,2,wk inc rsv hosp,2026-10-10,quantile,0.01,0
2026-09-26,16,2,wk inc rsv hosp,2026-10-10,quantile,0.025,0
2026-09-26,16,2,wk inc rsv hosp,2026-10-10,quantile,0.05,0
2026-09-26,16,2,wk inc rsv hosp,2026-10-10,quantile,0.1,0
2026-09-26,16,2,wk inc rsv hosp,2026-10-10,quantile,0.15,0
2026-09-26,16,2,wk inc rsv hosp,2026-10-10,quantile,0.2,0
2026-09-26,16,2,wk inc rsv hosp,2026-10-10,quantile,0.25,0
2026-09-26,16,2,wk inc rsv hosp,2026-10-10,quantile,0.3,0
2026-09-26,16,2,wk inc rsv hosp,2026-10-10,quantile,0.35,0
2026-09-26,16,2,wk inc rsv hosp,2026-10-10,quantile,0.4,0
2026-09-26,16,2,wk inc rsv hosp,2026-10-10,quantile,0.45,0
2026-09-26,16,2,wk inc rsv hosp,2026-10-10,quantile,0.5,0
2026-09-26,16,2,wk inc rsv hosp,2026-10-10,quantile,0.55,0
2026-09-26,16,2,wk inc rsv hosp,2026-10-10,quantile,0.6,0
2026-09-26,16,2,wk inc rsv hosp,2026-10-10,quantile,0.65,0
2026-09-26,16,2,wk inc rsv hosp,2026-10-10,quantile,0.7,0
2026-09-26,16,2,wk inc rsv hosp,2026-10-10,quantile,0.75,0
2026-09-26,16,2,wk inc rsv hosp,2026-10-10,quantile,0.8,1
2026-09-26,16,2,wk inc rsv hosp,2026-10-10,quantile,0.85,1
2026-09-26,16,2,wk inc rsv hosp,2026-10-10,quantile,0.9,1
2026-09-26,16,2,wk inc rsv hosp,2026-10-10,quantile,0.95,2
2026-09-26,16,2,wk inc rsv hosp,2026-10-10,quantile,0.975,2
2026-09-26,16,2,wk inc rsv hosp,2026-10-10,quantile,0.99,3
2026-09-26,16,3,wk inc rsv hosp,2026-10-17,quantile,0.01,0
2026-09-26,16,3,wk inc rsv hosp,2026-10-17,quantile,0.025,0
2026-09-26,16,3,wk inc rsv hosp,2026-10-17,quantile,0.05,0
2026-09-26,16,3,wk inc rsv hosp,2026-10-17,quantile,0.1,0.5
2026-09-26,16,3,wk inc rsv hosp,2026-10-17,quantile,0.15,0.5
2026-09-26,16,3,wk inc rsv hosp,2026-10-17,quantile,0.2,0.5
2026-09-26,16,3,wk inc rsv hosp,2026-10-17,quantile,0.25,0.5
2026-09-26,16,3,wk inc rsv hosp,2026-10-17,quantile,0.3,0.5
2026-09-26,16,3,wk inc rsv hosp,2026-10-17,quantile,0.35,0.5
2026-09-26,16,3,wk inc rsv hosp,2026-10-17,quantile,0.4,1
2026-09-26,16,3,wk inc rsv hosp,2026-10-17,quantile,0.45,1
2026-09-26,16,3,wk inc rsv hosp,2026-10-17,quantile,0.5,1
2026-09-26,16,3,wk inc rsv hosp,2026-10-17,quantile,0.55,1
2026-09-26,16,3,wk inc rsv hosp,2026-10-17,quantile,0.6,1
2026-09-26,16,3,wk inc rsv hosp,2026-10-17,quantile,0.65,1
2026-09-26,16,3,wk inc rsv hosp,2026-10-17,quantile,0.7,1.5
2026-09-26,16,3,wk inc rsv hosp,2026-10-17,quantile,0.75,1.5
2026-09-26,16,3,wk inc rsv hosp,2026-10-17,quantile,0.8,1.5
2026-09-26,16,3,wk inc rsv hosp,2026-10-17,quantile,0.85,2
2026-09-26,16,3,wk inc rsv hosp,2026-10-17,quantile,0.9,2
2026-09-26,16,3,wk inc rsv hosp,2026-10-17,quantile,0.95,2.5
2026-09-26,16,3,wk inc rsv hosp,2026-10-17,quantile,0.975,3.5
2026-09-26,16,3,wk inc rsv hosp,2026-10-17,quantile,0.99,5
2026-09-26,17,-1,wk inc rsv hosp,2026-09-19,quantile,0.01,2.5
2026-09-26,17,-1,wk inc rsv hosp,2026-09-19,quantile,0.025,3.5
2026-09-26,17,-1,wk inc rsv hosp,2026-09-19,quantile,0.05,4
2026-09-26,17,-1,wk inc rsv hosp,2026-09-19,quantile,0.1,5
2026-09-26,17,-1,wk inc rsv hosp,2026-09-19,quantile,0.15,5.5
2026-09-26,17,-1,wk inc rsv hosp,2026-09-19,quantile,0.2,6
2026-09-26,17,-1,wk inc rsv hosp,2026-09-19,quantile,0.25,6
2026-09-26,17,-1,wk inc rsv hosp,2026-09-19,quantile,0.3,6.5
2026-09-26,17,-1,wk inc rsv hosp,2026-09-19,quantile,0.35,6.5
2026-09-26,17,-1,wk inc rsv hosp,2026-09-19,quantile,0.4,6.5
2026-09-26,17,-1,wk inc rsv hosp,2026-09-19,quantile,0.45,7
2026-09-26,17,-1,wk inc rsv hosp,2026-09-19,quantile,0.5,7.5
2026-09-26,17,-1,wk inc rsv hosp,2026-09-19,quantile,0.55,7.5
2026-09-26,17,-1,wk inc rsv hosp,2026-09-19,quantile,0.6,8
2026-09-26,17,-1,wk inc rsv hosp,2026-09-19,quantile,0.65,8
2026-09-26,17,-1,wk inc rsv hosp,2026-09-19,quantile,0.7,9
2026-09-26,17,-1,wk inc rsv hosp,2026-09-19,quantile,0.75,9
2026-09-26,17,-1,wk inc rsv hosp,2026-09-19,quantile,0.8,10
2026-09-26,17,-1,wk inc rsv hosp,2026-09-19,quantile,0.85,10
2026-09-26,17,-1,wk inc rsv hosp,2026-09-19,quantile,0.9,11
2026-09-26,17,-1,wk inc rsv hosp,2026-09-19,quantile,0.95,12
2026-09-26,17,-1,wk inc rsv hosp,2026-09-19,quantile,0.975,13.5
2026-09-26,17,-1,wk inc rsv hosp,2026-09-19,quantile,0.99,14.5
2026-09-26,17,0,wk inc rsv hosp,2026-09-26,quantile,0.01,1
2026-09-26,17,0,wk inc rsv hosp,2026-09-26,quantile,0.025,2
2026-09-26,17,0,wk inc rsv hosp,2026-09-26,quantile,0.05,3
2026-09-26,17,0,wk inc rsv hosp,2026-09-26,quantile,0.1,4
2026-09-26,17,0,wk inc rsv hosp,2026-09-26,quantile,0.15,4
2026-09-26,17,0,wk inc rsv hosp,2026-09-26,quantile,0.2,6
2026-09-26,17,0,wk inc rsv hosp,2026-09-26,quantile,0.25,6
2026-09-26,17,0,wk inc rsv hosp,2026-09-26,quantile,0.3,7
2026-09-26,17,0,wk inc rsv hosp,2026-09-26,quantile,0.35,7
2026-09-26,17,0,wk inc rsv hosp,2026-09-26,quantile,0.4,9
2026-09-26,17,0,wk inc rsv hosp,2026-09-26,quantile,0.45,9
2026-09-26,17,0,wk inc rsv hosp,2026-09-26,quantile,0.5,10
2026-09-26,17,0,wk inc rsv hosp,2026-09-26,quantile,0.55,10
2026-09-26,17,0,wk inc rsv hosp,2026-09-26,quantile,0.6,10
2026-09-26,17,0,wk inc rsv hosp,2026-09-26,quantile,0.65,11
2026-09-26,17,0,wk inc rsv hosp,2026-09-26,quantile,0.7,11
2026-09-26,17,0,wk inc rsv hosp,2026-09-26,quantile,0.75,13
2026-09-26,17,0,wk inc rsv hosp,2026-09-26,quantile,0.8,14
2026-09-26,17,0,wk inc rsv hosp,2026-09-26,quantile,0.85,16
2026-09-26,17,0,wk inc rsv hosp,2026-09-26,quantile,0.9,17
2026-09-26,17,0,wk inc rsv hosp,2026-09-26,quantile,0.95,19
2026-09-26,17,0,wk inc rsv hosp,2026-09-26,quantile,0.975,21
2026-09-26,17,0,wk inc rsv hosp,2026-09-26,quantile,0.99,23
2026-09-26,17,1,wk inc rsv hosp,2026-10-03,quantile,0.01,0
2026-09-26,17,1,wk inc rsv hosp,2026-10-03,quantile,0.025,2
2026-09-26,17,1,wk inc rsv hosp,2026-10-03,quantile,0.05,2
2026-09-26,17,1,wk inc rsv hosp,2026-10-03,quantile,0.1,3
2026-09-26,17,1,wk inc rsv hosp,2026-10-03,quantile,0.15,4
2026-09-26,17,1,wk inc rsv hosp,2026-10-03,quantile,0.2,4
2026-09-26,17,1,wk inc rsv hosp,2026-10-03,quantile,0.25,6
2026-09-26,17,1,wk inc rsv hosp,2026-10-03,quantile,0.3,6
2026-09-26,17,1,wk inc rsv hosp,2026-10-03,quantile,0.35,7
2026-09-26,17,1,wk inc rsv hosp,2026-10-03,quantile,0.4,7
2026-09-26,17,1,wk inc rsv hosp,2026-10-03,quantile,0.45,9
2026-09-26,17,1,wk inc rsv hosp,2026-10-03,quantile,0.5,9
2026-09-26,17,1,wk inc rsv hosp,2026-10-03,quantile,0.55,10
2026-09-26,17,1,wk inc rsv hosp,2026-10-03,quantile,0.6,11
2026-09-26,17,1,wk inc rsv hosp,2026-10-03,quantile,0.65,11
2026-09-26,17,1,wk inc rsv hosp,2026-10-03,quantile,0.7,13
2026-09-26,17,1,wk inc rsv hosp,2026-10-03,quantile,0.75,14
2026-09-26,17,1,wk inc rsv hosp,2026-10-03,quantile,0.8,14
2026-09-26,17,1,wk inc rsv hosp,2026-10-03,quantile,0.85,16
2026-09-26,17,1,wk inc rsv hosp,2026-10-03,quantile,0.9,19
2026-09-26,17,1,wk inc rsv hosp,2026-10-03,quantile,0.95,21
2026-09-26,17,1,wk inc rsv hosp,2026-10-03,quantile,0.975,25
2026-09-26,17,1,wk inc rsv hosp,2026-10-03,quantile,0.99,30
2026-09-26,17,2,wk inc rsv hosp,2026-10-10,quantile,0.01,0
2026-09-26,17,2,wk inc rsv hosp,2026-10-10,quantile,0.025,1
2026-09-26,17,2,wk inc rsv hosp,2026-10-10,quantile,0.05,2
2026-09-26,17,2,wk inc rsv hosp,2026-10-10,quantile,0.1,3
2026-09-26,17,2,wk inc rsv hosp,2026-10-10,quantile,0.15,4
2026-09-26,17,2,wk inc rsv hosp,2026-10-10,quantile,0.2,4
2026-09-26,17,2,wk inc rsv hosp,2026-10-10,quantile,0.25,5
2026-09-26,17,2,wk inc rsv hosp,2026-10-10,quantile,0.3,6
2026-09-26,17,2,wk inc rsv hosp,2026-10-10,quantile,0.35,6
2026-09-26,17,2,wk inc rsv hosp,2026-10-10,quantile,0.4,7
2026-09-26,17,2,wk inc rsv hosp,2026-10-10,quantile,0.45,9
2026-09-26,17,2,wk inc rsv hosp,2026-10-10,quantile,0.5,9
2026-09-26,17,2,wk inc rsv hosp,2026-10-10,quantile,0.55,10
2026-09-26,17,2,wk inc rsv hosp,2026-10-10,quantile,0.6,10
2026-09-26,17,2,wk inc rsv hosp,2026-10-10,quantile,0.65,11
2026-09-26,17,2,wk inc rsv hosp,2026-10-10,quantile,0.7,13
2026-09-26,17,2,wk inc rsv hosp,2026-10-10,quantile,0.75,14
2026-09-26,17,2,wk inc rsv hosp,2026-10-10,quantile,0.8,17
2026-09-26,17,2,wk inc rsv hosp,2026-10-10,quantile,0.85,19
2026-09-26,17,2,wk inc rsv hosp,2026-10-10,quantile,0.9,21
2026-09-26,17,2,wk inc rsv hosp,2026-10-10,quantile,0.95,26
2026-09-26,17,2,wk inc rsv hosp,2026-10-10,quantile,0.975,34.024999999999864
2026-09-26,17,2,wk inc rsv hosp,2026-10-10,quantile,0.99,43.01999999999998
2026-09-26,17,3,wk inc rsv hosp,2026-10-17,quantile,0.01,0.5
2026-09-26,17,3,wk inc rsv hosp,2026-10-17,quantile,0.025,1
2026-09-26,17,3,wk inc rsv hosp,2026-10-17,quantile,0.05,2
2026-09-26,17,3,wk inc rsv hosp,2026-10-17,quantile,0.1,3.5
2026-09-26,17,3,wk inc rsv hosp,2026-10-17,quantile,0.15,5.5
2026-09-26,17,3,wk inc rsv hosp,2026-10-17,quantile,0.2,6.5
2026-09-26,17,3,wk inc rsv hosp,2026-10-17,quantile,0.25,8
2026-09-26,17,3,wk inc rsv hosp,2026-10-17,quantile,0.3,9
2026-09-26,17,3,wk inc rsv hosp,2026-10-17,quantile,0.35,11.5
2026-09-26,17,3,wk inc rsv hosp,2026-10-17,quantile,0.4,13
2026-09-26,17,3,wk inc rsv hosp,2026-10-17,quantile,0.45,14.5
2026-09-26,17,3,wk inc rsv hosp,2026-10-17,quantile,0.5,17.5
2026-09-26,17,3,wk inc rsv hosp,2026-10-17,quantile,0.55,19.5
2026-09-26,17,3,wk inc rsv hosp,2026-10-17,quantile,0.6,22
2026-09-26,17,3,wk inc rsv hosp,2026-10-17,quantile,0.65,26
2026-09-26,17,3,wk inc rsv hosp,2026-10-17,quantile,0.7,31
2026-09-26,17,3,wk inc rsv hosp,2026-10-17,quantile,0.75,37
2026-09-26,17,3,wk inc rsv hosp,2026-10-17,quantile,0.8,45
2026-09-26,17,3,wk inc rsv hosp,2026-10-17,quantile,0.85,56.5
2026-09-26,17,3,wk inc rsv hosp,2026-10-17,quantile,0.9,75
2026-09-26,17,3,wk inc rsv hosp,2026-10-17,quantile,0.95,130.5
2026-09-26,17,3,wk inc rsv hosp,2026-10-17,quantile,0.975,186
2026-09-26,17,3,wk inc rsv hosp,2026-10-17,quantile,0.99,296.5
2026-09-26,18,-1,wk inc rsv hosp,2026-09-19,quantile,0.01,0
2026-09-26,18,-1,wk inc rsv hosp,2026-09-19,quantile,0.025,0
2026-09-26,18,-1,wk inc rsv hosp,2026-09-19,quantile,0.05,0.5
2026-09-26,18,-1,wk inc rsv hosp,2026-09-19,quantile,0.1,0.5
2026-09-26,18,-1,wk inc rsv hosp,2026-09-19,quantile,0.15,1.5
2026-09-26,18,-1,wk inc rsv hosp,2026-09-19,quantile,0.2,1.5
2026-09-26,18,-1,wk inc rsv hosp,2026-09-19,quantile,0.25,2
2026-09-26,18,-1,wk inc rsv hosp,2026-09-19,quantile,0.3,2.5
2026-09-26,18,-1,wk inc rsv hosp,2026-09-19,quantile,0.35,2.5
2026-09-26,18,-1,wk inc rsv hosp,2026-09-19,quantile,0.4,2.5
2026-09-26,18,-1,wk inc rsv hosp,2026-09-19,quantile,0.45,2.5
2026-09-26,18,-1,wk inc rsv hosp,2026-09-19,quantile,0.5,3
2026-09-26,18,-1,wk inc rsv hosp,2026-09-19,quantile,0.55,3.5
2026-09-26,18,-1,wk inc rsv hosp,2026-09-19,quantile,0.6,3.5
2026-09-26,18,-1,wk inc rsv hosp,2026-09-19,quantile,0.65,4
2026-09-26,18,-1,wk inc rsv hosp,2026-09-19,quantile,0.7,4
2026-09-26,18,-1,wk inc rsv hosp,2026-09-19,quantile,0.75,4.5
2026-09-26,18,-1,wk inc rsv hosp,2026-09-19,quantile,0.8,5
2026-09-26,18,-1,wk inc rsv hosp,2026-09-19,quantile,0.85,5
2026-09-26,18,-1,wk inc rsv hosp,2026-09-19,quantile,0.9,6
2026-09-26,18,-1,wk inc rsv hosp,2026-09-19,quantile,0.95,7
2026-09-26,18,-1,wk inc rsv hosp,2026-09-19,quantile,0.975,8
2026-09-26,18,-1,wk inc rsv hosp,2026-09-19,quantile,0.99,9.5
2026-09-26,18,0,wk inc rsv hosp,2026-09-26,quantile,0.01,0
2026-09-26,18,0,wk inc rsv hosp,2026-09-26,quantile,0.025,1
2026-09-26,18,0,wk inc rsv hosp,2026-09-26,quantile,0.05,1
2026-09-26,18,0,wk inc rsv hosp,2026-09-26,quantile,0.1,2
2026-09-26,18,0,wk inc rsv hosp,2026-09-26,quantile,0.15,2
2026-09-26,18,0,wk inc rsv hosp,2026-09-26,quantile,0.2,2
2026-09-26,18,0,wk inc rsv hosp,2026-09-26,quantile,0.25,2
2026-09-26,18,0,wk inc rsv hosp,2026-09-26,quantile,0.3,3
2026-09-26,18,0,wk inc rsv hosp,2026-09-26,quantile,0.35,3
2026-09-26,18,0,wk inc rsv hosp,2026-09-26,quantile,0.4,3
2026-09-26,18,0,wk inc rsv hosp,2026-09-26,quantile,0.45,3
2026-09-26,18,0,wk inc rsv hosp,2026-09-26,quantile,0.5,3
2026-09-26,18,0,wk inc rsv hosp,2026-09-26,quantile,0.55,3
2026-09-26,18,0,wk inc rsv hosp,2026-09-26,quantile,0.6,4
2026-09-26,18,0,wk inc rsv hosp,2026-09-26,quantile,0.65,4
2026-09-26,18,0,wk inc rsv hosp,2026-09-26,quantile,0.7,5
2026-09-26,18,0,wk inc rsv hosp,2026-09-26,quantile,0.75,5
2026-09-26,18,0,wk inc rsv hosp,2026-09-26,quantile,0.8,6
2026-09-26,18,0,wk inc rsv hosp,2026-09-26,quantile,0.85,7
2026-09-26,18,0,wk inc rsv hosp,2026-09-26,quantile,0.9,8
2026-09-26,18,0,wk inc rsv hosp,2026-09-26,quantile,0.95,10
2026-09-26,18,0,wk inc rsv hosp,2026-09-26,quantile,0.975,11
2026-09-26,18,0,wk inc rsv hosp,2026-09-26,quantile,0.99,13
2026-09-26,18,1,wk inc rsv hosp,2026-10-03,quantile,0.01,0
2026-09-26,18,1,wk inc rsv hosp,2026-10-03,quantile,0.025,0
2026-09-26,18,1,wk inc rsv hosp,2026-10-03,quantile,0.05,1
2026-09-26,18,1,wk inc rsv hosp,2026-10-03,quantile,0.1,2
2026-09-26,18,1,wk inc rsv hosp,2026-10-03,quantile,0.15,2
2026-09-26,18,1,wk inc rsv hosp,2026-10-03,quantile,0.2,2
2026-09-26,18,1,wk inc rsv hosp,2026-10-03,quantile,0.25,2
2026-09-26,18,1,wk inc rsv hosp,2026-10-03,quantile,0.3,3
2026-09-26,18,1,wk inc rsv hosp,2026-10-03,quantile,0.35,3
2026-09-26,18,1,wk inc rsv hosp,2026-10-03,quantile,0.4,3
2026-09-26,18,1,wk inc rsv hosp,2026-10-03,quantile,0.45,3
2026-09-26,18,1,wk inc rsv hosp,2026-10-03,quantile,0.5,4
2026-09-26,18,1,wk inc rsv hosp,2026-10-03,quantile,0.55,4
2026-09-26,18,1,wk inc rsv hosp,2026-10-03,quantile,0.6,4
2026-09-26,18,1,wk inc rsv hosp,2026-10-03,quantile,0.65,5
2026-09-26,18,1,wk inc rsv hosp,2026-10-03,quantile,0.7,6
2026-09-26,18,1,wk inc rsv hosp,2026-10-03,quantile,0.75,7
2026-09-26,18,1,wk inc rsv hosp,2026-10-03,quantile,0.8,8
2026-09-26,18,1,wk inc rsv hosp,2026-10-03,quantile,0.85,9
2026-09-26,18,1,wk inc rsv hosp,2026-10-03,quantile,0.9,10.100000000000136
2026-09-26,18,1,wk inc rsv hosp,2026-10-03,quantile,0.95,13
2026-09-26,18,1,wk inc rsv hosp,2026-10-03,quantile,0.975,15
2026-09-26,18,1,wk inc rsv hosp,2026-10-03,quantile,0.99,19
2026-09-26,18,2,wk inc rsv hosp,2026-10-10,quantile,0.01,0
2026-09-26,18,2,wk inc rsv hosp,2026-10-10,quantile,0.025,0
2026-09-26,18,2,wk inc rsv hosp,2026-10-10,quantile,0.05,1
2026-09-26,18,2,wk inc rsv hosp,2026-10-10,quantile,0.1,1
2026-09-26,18,2,wk inc rsv hosp,2026-10-10,quantile,0.15,2
2026-09-26,18,2,wk inc rsv hosp,2026-10-10,quantile,0.2,2
2026-09-26,18,2,wk inc rsv hosp,2026-10-10,quantile,0.25,2
2026-09-26,18,2,wk inc rsv hosp,2026-10-10,quantile,0.3,3
2026-09-26,18,2,wk inc rsv hosp,2026-10-10,quantile,0.35,3
2026-09-26,18,2,wk inc rsv hosp,2026-10-10,quantile,0.4,3
2026-09-26,18,2,wk inc rsv hosp,2026-10-10,quantile,0.45,4
2026-09-26,18,2,wk inc rsv hosp,2026-10-10,quantile,0.5,4
2026-09-26,18,2,wk inc rsv hosp,2026-10-10,quantile,0.55,4
2026-09-26,18,2,wk inc rsv hosp,2026-10-10,quantile,0.6,5
2026-09-26,18,2,wk inc rsv hosp,2026-10-10,quantile,0.65,6
2026-09-26,18,2,wk inc rsv hosp,2026-10-10,quantile,0.7,7
2026-09-26,18,2,wk inc rsv hosp,2026-10-10,quantile,0.75,8
2026-09-26,18,2,wk inc rsv hosp,2026-10-10,quantile,0.8,10
2026-09-26,18,2,wk inc rsv hosp,2026-10-10,quantile,0.85,11
2026-09-26,18,2,wk inc rsv hosp,2026-10-10,quantile,0.9,13
2026-09-26,18,2,wk inc rsv hosp,2026-10-10,quantile,0.95,18
2026-09-26,18,2,wk inc rsv hosp,2026-10-10,quantile,0.975,23
2026-09-26,18,2,wk inc rsv hosp,2026-10-10,quantile,0.99,32.00999999999999
2026-09-26,18,3,wk inc rsv hosp,2026-10-17,quantile,0.01,0
2026-09-26,18,3,wk inc rsv hosp,2026-10-17,quantile,0.025,0.5
2026-09-26,18,3,wk inc rsv hosp,2026-10-17,quantile,0.05,0.5
2026-09-26,18,3,wk inc rsv hosp,2026-10-17,quantile,0.1,0.5
2026-09-26,18,3,wk inc rsv hosp,2026-10-17,quantile,0.15,0.5
2026-09-26,18,3,wk inc rsv hosp,2026-10-17,quantile,0.2,1.5
2026-09-26,18,3,wk inc rsv hosp,2026-10-17,quantile,0.25,1.5
2026-09-26,18,3,wk inc rsv hosp,2026-10-17,quantile,0.3,2.5
2026-09-26,18,3,wk inc rsv hosp,2026-10-17,quantile,0.35,2.5
2026-09-26,18,3,wk inc rsv hosp,2026-10-17,quantile,0.4,3
2026-09-26,18,3,wk inc rsv hosp,2026-10-17,quantile,0.45,3.5
2026-09-26,18,3,wk inc rsv hosp,2026-10-17,quantile,0.5,4
2026-09-26,18,3,wk inc rsv hosp,2026-10-17,quantile,0.55,5
2026-09-26,18,3,wk inc rsv hosp,2026-10-17,quantile,0.6,6
2026-09-26,18,3,wk inc rsv hosp,2026-10-17,quantile,0.65,7
2026-09-26,18,3,wk inc rsv hosp,2026-10-17,quantile,0.7,8
2026-09-26,18,3,wk inc rsv hosp,2026-10-17,quantile,0.75,9.5
2026-09-26,18,3,wk inc rsv hosp,2026-10-17,quantile,0.8,12
2026-09-26,18,3,wk inc rsv hosp,2026-10-17,quantile,0.85,16
2026-09-26,18,3,wk inc rsv hosp,2026-10-17,quantile,0.9,22.5
2026-09-26,18,3,wk inc rsv hosp,2026-10-17,quantile,0.95,34
2026-09-26,18,3,wk inc rsv hosp,2026-10-17,quantile,0.975,55.5
2026-09-26,18,3,wk inc rsv hosp,2026-10-17,quantile,0.99,86.5
2026-09-26,19,-1,wk inc rsv hosp,2026-09-19,quantile,0.01,0
2026-09-26,19,-1,wk inc rsv hosp,2026-09-19,quantile,0.025,0
2026-09-26,19,-1,wk inc rsv hosp,2026-09-19,quantile,0.05,0
2026-09-26,19,-1,wk inc rsv hosp,2026-09-19,quantile,0.1,0
2026-09-26,19,-1,wk inc rsv hosp,2026-09-19,quantile,0.15,1
2026-09-26,19,-1,wk inc rsv hosp,2026-09-19,quantile,0.2,1
2026-09-26,19,-1,wk inc rsv hosp,2026-09-19,quantile,0.25,1
2026-09-26,19,-1,wk inc rsv hosp,2026-09-19,quantile,0.3,1
2026-09-26,19,-1,wk inc rsv hosp,2026-09-19,quantile,0.35,1
2026-09-26,19,-1,wk inc rsv hosp,2026-09-19,quantile,0.4,1
2026-09-26,19,-1,wk inc rsv hosp,2026-09-19,quantile,0.45,2
2026-09-26,19,-1,wk inc rsv hosp,2026-09-19,quantile,0.5,2
2026-09-26,19,-1,wk inc rsv hosp,2026-09-19,quantile,0.55,2
2026-09-26,19,-1,wk inc rsv hosp,2026-09-19,quantile,0.6,2
2026-09-26,19,-1,wk inc rsv hosp,2026-09-19,quantile,0.65,2
2026-09-26,19,-1,wk inc rsv hosp,2026-09-19,quantile,0.7,2
2026-09-26,19,-1,wk inc rsv hosp,2026-09-19,quantile,0.75,3
2026-09-26,19,-1,wk inc rsv hosp,2026-09-19,quantile,0.8,3
2026-09-26,19,-1,wk inc rsv hosp,2026-09-19,quantile,0.85,3
2026-09-26,19,-1,wk inc rsv hosp,2026-09-19,quantile,0.9,4
2026-09-26,19,-1,wk inc rsv hosp,2026-09-19,quantile,0.95,5
2026-09-26,19,-1,wk inc rsv hosp,2026-09-19,quantile,0.975,5
2026-09-26,19,-1,wk inc rsv hosp,2026-09-19,quantile,0.99,7
2026-09-26,19,0,wk inc rsv hosp,2026-09-26,quantile,0.01,0
2026-09-26,19,0,wk inc rsv hosp,2026-09-26,quantile,0.025,0
2026-09-26,19,0,wk inc rsv hosp,2026-09-26,quantile,0.05,0
2026-09-26,19,0,wk inc rsv hosp,2026-09-26,quantile,0.1,0.5
2026-09-26,19,0,wk inc rsv hosp,2026-09-26,quantile,0.15,0.5
2026-09-26,19,0,wk inc rsv hosp,2026-09-26,quantile,0.2,0.5
2026-09-26,19,0,wk inc rsv hosp,2026-09-26,quantile,0.25,1
2026-09-26,19,0,wk inc rsv hosp,2026-09-26,quantile,0.3,1
2026-09-26,19,0,wk inc rsv hosp,2026-09-26,quantile,0.35,1.5
2026-09-26,19,0,wk inc rsv hosp,2026-09-26,quantile,0.4,2
2026-09-26,19,0,wk inc rsv hosp,2026-09-26,quantile,0.45,2
2026-09-26,19,0,wk inc rsv hosp,2026-09-26,quantile,0.5,2
2026-09-26,19,0,wk inc rsv hosp,2026-09-26,quantile,0.55,3
2026-09-26,19,0,wk inc rsv hosp,2026-09-26,quantile,0.6,3
2026-09-26,19,0,wk inc rsv hosp,2026-09-26,quantile,0.65,3
2026-09-26,19,0,wk inc rsv hosp,2026-09-26,quantile,0.7,4
2026-09-26,19,0,wk inc rsv hosp,2026-09-26,quantile,0.75,4
2026-09-26,19,0,wk inc rsv hosp,2026-09-26,quantile,0.8,4.5
2026-09-26,19,0,wk inc rsv hosp,2026-09-26,quantile,0.85,5
2026-09-26,19,0,wk inc rsv hosp,2026-09-26,quantile,0.9,6
2026-09-26,19,0,wk inc rsv hosp,2026-09-26,quantile,0.95,7.5
2026-09-26,19,0,wk inc rsv hosp,2026-09-26,quantile,0.975,9.5
2026-09-26,19,0,wk inc rsv hosp,2026-09-26,quantile,0.99,12.5
2026-09-26,19,1,wk inc rsv hosp,2026-10-03,quantile,0.01,0
2026-09-26,19,1,wk inc rsv hosp,2026-10-03,quantile,0.025,0
2026-09-26,19,1,wk inc rsv hosp,2026-10-03,quantile,0.05,0
2026-09-26,19,1,wk inc rsv hosp,2026-10-03,quantile,0.1,0
2026-09-26,19,1,wk inc rsv hosp,2026-10-03,quantile,0.15,0.5
2026-09-26,19,1,wk inc rsv hosp,2026-10-03,quantile,0.2,0.5
2026-09-26,19,1,wk inc rsv hosp,2026-10-03,quantile,0.25,1
2026-09-26,19,1,wk inc rsv hosp,2026-10-03,quantile,0.3,1
2026-09-26,19,1,wk inc rsv hosp,2026-10-03,quantile,0.35,1
2026-09-26,19,1,wk inc rsv hosp,2026-10-03,quantile,0.4,1.5
2026-09-26,19,1,wk inc rsv hosp,2026-10-03,quantile,0.45,2
2026-09-26,19,1,wk inc rsv hosp,2026-10-03,quantile,0.5,2.5
2026-09-26,19,1,wk inc rsv hosp,2026-10-03,quantile,0.55,2.5
2026-09-26,19,1,wk inc rsv hosp,2026-10-03,quantile,0.6,3
2026-09-26,19,1,wk inc rsv hosp,2026-10-03,quantile,0.65,3.5
2026-09-26,19,1,wk inc rsv hosp,2026-10-03,quantile,0.7,4
2026-09-26,19,1,wk inc rsv hosp,2026-10-03,quantile,0.75,4.5
2026-09-26,19,1,wk inc rsv hosp,2026-10-03,quantile,0.8,5
2026-09-26,19,1,wk inc rsv hosp,2026-10-03,quantile,0.85,6
2026-09-26,19,1,wk inc rsv hosp,2026-10-03,quantile,0.9,7.5
2026-09-26,19,1,wk inc rsv hosp,2026-10-03,quantile,0.95,10.5
2026-09-26,19,1,wk inc rsv hosp,2026-10-03,quantile,0.975,16
2026-09-26,19,1,wk inc rsv hosp,2026-10-03,quantile,0.99,23
2026-09-26,19,2,wk inc rsv hosp,2026-10-10,quantile,0.01,0
2026-09-26,19,2,wk inc rsv hosp,2026-10-10,quantile,0.025,0
2026-09-26,19,2,wk inc rsv hosp,2026-10-10,quantile,0.05,0
2026-09-26,19,2,wk inc rsv hosp,2026-10-10,quantile,0.1,0
2026-09-26,19,2,wk inc rsv hosp,2026-10-10,quantile,0.15,0
2026-09-26,19,2,wk inc rsv hosp,2026-10-10,quantile,0.2,0.5
2026-09-26,19,2,wk inc rsv hosp,2026-10-10,quantile,0.25,1
2026-09-26,19,2,wk inc rsv hosp,2026-10-10,quantile,0.3,1
2026-09-26,19,2,wk inc rsv hosp,2026-10-10,quantile,0.35,1
2026-09-26,19,2,wk inc rsv hosp,2026-10-10,quantile,0.4,1.5
2026-09-26,19,2,wk inc rsv hosp,2026-10-10,quantile,0.45,1.5
2026-09-26,19,2,wk inc rsv hosp,2026-10-10,quantile,0.5,2.5
2026-09-26,19,2,wk inc rsv hosp,2026-10-10,quantile,0.55,2.5
2026-09-26,19,2,wk inc rsv hosp,2026-10-10,quantile,0.6,3
2026-09-26,19,2,wk inc rsv hosp,2026-10-10,quantile,0.65,4
2026-09-26,19,2,wk inc rsv hosp,2026-10-10,quantile,0.7,5
2026-09-26,19,2,wk inc rsv hosp,2026-10-10,quantile,0.75,5.5
2026-09-26,19,2,wk inc rsv hosp,2026-10-10,quantile,0.8,7
2026-09-26,19,2,wk inc rsv hosp,2026-10-10,quantile,0.85,8.5
2026-09-26,19,2,wk inc rsv hosp,2026-10-10,quantile,0.9,10.5
2026-09-26,19,2,wk inc rsv hosp,2026-10-10,quantile,0.95,17
2026-09-26,19,2,wk inc rsv hosp,2026-10-10,quantile,0.975,27.5
2026-09-26,19,2,wk inc rsv hosp,2026-10-10,quantile,0.99,44.5
2026-09-26,19,3,wk inc rsv hosp,2026-10-17,quantile,0.01,0
2026-09-26,19,3,wk inc rsv hosp,2026-10-17,quantile,0.025,0
2026-09-26,19,3,wk inc rsv hosp,2026-10-17,quantile,0.05,0
2026-09-26,19,3,wk inc rsv hosp,2026-10-17,quantile,0.1,0
2026-09-26,19,3,wk inc rsv hosp,2026-10-17,quantile,0.15,0
2026-09-26,19,3,wk inc rsv hosp,2026-10-17,quantile,0.2,0.5
2026-09-26,19,3,wk inc rsv hosp,2026-10-17,quantile,0.25,1
2026-09-26,19,3,wk inc rsv hosp,2026-10-17,quantile,0.3,1
2026-09-26,19,3,wk inc rsv hosp,2026-10-17,quantile,0.35,1.5
2026-09-26,19,3,wk inc rsv hosp,2026-10-17,quantile,0.4,1.5
2026-09-26,19,3,wk inc rsv hosp,2026-10-17,quantile,0.45,2
2026-09-26,19,3,wk inc rsv hosp,2026-10-17,quantile,0.5,2.5
2026-09-26,19,3,wk inc rsv hosp,2026-10-17,quantile,0.55,3
2026-09-26,19,3,wk inc rsv hosp,2026-10-17,quantile,0.6,4
2026-09-26,19,3,wk inc rsv hosp,2026-10-17,quantile,0.65,4.5
2026-09-26,19,3,wk inc rsv hosp,2026-10-17,quantile,0.7,5.5
2026-09-26,19,3,wk inc rsv hosp,2026-10-17,quantile,0.75,6.5
2026-09-26,19,3,wk inc rsv hosp,2026-10-17,quantile,0.8,8.5
2026-09-26,19,3,wk inc rsv hosp,2026-10-17,quantile,0.85,11
2026-09-26,19,3,wk inc rsv hosp,2026-10-17,quantile,0.9,16.5
2026-09-26,19,3,wk inc rsv hosp,2026-10-17,quantile,0.95,28
2026-09-26,19,3,wk inc rsv hosp,2026-10-17,quantile,0.975,43
2026-09-26,19,3,wk inc rsv hosp,2026-10-17,quantile,0.99,78
2026-09-26,20,-1,wk inc rsv hosp,2026-09-19,quantile,0.01,0
2026-09-26,20,-1,wk inc rsv hosp,2026-09-19,quantile,0.025,0
2026-09-26,20,-1,wk inc rsv hosp,2026-09-19,quantile,0.05,0
2026-09-26,20,-1,wk inc rsv hosp,2026-09-19,quantile,0.1,0
2026-09-26,20,-1,wk inc rsv hosp,2026-09-19,quantile,0.15,0
2026-09-26,20,-1,wk inc rsv hosp,2026-09-19,quantile,0.2,0.5
2026-09-26,20,-1,wk inc rsv hosp,2026-09-19,quantile,0.25,1
2026-09-26,20,-1,wk inc rsv hosp,2026-09-19,quantile,0.3,1
2026-09-26,20,-1,wk inc rsv hosp,2026-09-19,quantile,0.35,1
2026-09-26,20,-1,wk inc rsv hosp,2026-09-19,quantile,0.4,1
2026-09-26,20,-1,wk inc rsv hosp,2026-09-19,quantile,0.45,1
2026-09-26,20,-1,wk inc rsv hosp,2026-09-19,quantile,0.5,1
2026-09-26,20,-1,wk inc rsv hosp,2026-09-19,quantile,0.55,1.5
2026-09-26,20,-1,wk inc rsv hosp,2026-09-19,quantile,0.6,1.5
2026-09-26,20,-1,wk inc rsv hosp,2026-09-19,quantile,0.65,1.5
2026-09-26,20,-1,wk inc rsv hosp,2026-09-19,quantile,0.7,1.5
2026-09-26,20,-1,wk inc rsv hosp,2026-09-19,quantile,0.75,2
2026-09-26,20,-1,wk inc rsv hosp,2026-09-19,quantile,0.8,2.5
2026-09-26,20,-1,wk inc rsv hosp,2026-09-19,quantile,0.85,2.5
2026-09-26,20,-1,wk inc rsv hosp,2026-09-19,quantile,0.9,3.5
2026-09-26,20,-1,wk inc rsv hosp,2026-09-19,quantile,0.95,4
2026-09-26,20,-1,wk inc rsv hosp,2026-09-19,quantile,0.975,4.5
2026-09-26,20,-1,wk inc rsv hosp,2026-09-19,quantile,0.99,5.5
2026-09-26,20,0,wk inc rsv hosp,2026-09-26,quantile,0.01,0
2026-09-26,20,0,wk inc rsv hosp,2026-09-26,quantile,0.025,0
2026-09-26,20,0,wk inc rsv hosp,2026-09-26,quantile,0.05,0
2026-09-26,20,0,wk inc rsv hosp,2026-09-26,quantile,0.1,0
2026-09-26,20,0,wk inc rsv hosp,2026-09-26,quantile,0.15,0
2026-09-26,20,0,wk inc rsv hosp,2026-09-26,quantile,0.2,1
2026-09-26,20,0,wk inc rsv hosp,2026-09-26,quantile,0.25,1
2026-09-26,20,0,wk inc rsv hosp,2026-09-26,quantile,0.3,1
2026-09-26,20,0,wk inc rsv hosp,2026-09-26,quantile,0.35,1
2026-09-26,20,0,wk inc rsv hosp,2026-09-26,quantile,0.4,1
2026-09-26,20,0,wk inc rsv hosp,2026-09-26,quantile,0.45,1
2026-09-26,20,0,wk inc rsv hosp,2026-09-26,quantile,0.5,1
2026-09-26,20,0,wk inc rsv hosp,2026-09-26,quantile,0.55,1
2026-09-26,20,0,wk inc rsv hosp,2026-09-26,quantile,0.6,2
2026-09-26,20,0,wk inc rsv hosp,2026-09-26,quantile,0.65,2
2026-09-26,20,0,wk inc rsv hosp,2026-09-26,quantile,0.7,2
2026-09-26,20,0,wk inc rsv hosp,2026-09-26,quantile,0.75,3
2026-09-26,20,0,wk inc rsv hosp,2026-09-26,quantile,0.8,3
2026-09-26,20,0,wk inc rsv hosp,2026-09-26,quantile,0.85,4
2026-09-26,20,0,wk inc rsv hosp,2026-09-26,quantile,0.9,5
2026-09-26,20,0,wk inc rsv hosp,2026-09-26,quantile,0.95,6
2026-09-26,20,0,wk inc rsv hosp,2026-09-26,quantile,0.975,7
2026-09-26,20,0,wk inc rsv hosp,2026-09-26,quantile,0.99,8
2026-09-26,20,1,wk inc rsv hosp,2026-10-03,quantile,0.01,0
2026-09-26,20,1,wk inc rsv hosp,2026-10-03,quantile,0.025,0
2026-09-26,20,1,wk inc rsv hosp,2026-10-03,quantile,0.05,0
2026-09-26,20,1,wk inc rsv hosp,2026-10-03,quantile,0.1,0
2026-09-26,20,1,wk inc rsv hosp,2026-10-03,quantile,0.15,0
2026-09-26,20,1,wk inc rsv hosp,2026-10-03,quantile,0.2,1
2026-09-26,20,1,wk inc rsv hosp,2026-10-03,quantile,0.25,1
2026-09-26,20,1,wk inc rsv hosp,2026-10-03,quantile,0.3,1
2026-09-26,20,1,wk inc rsv hosp,2026-10-03,quantile,0.35,1
2026-09-26,20,1,wk inc rsv hosp,2026-10-03,quantile,0.4,1
2026-09-26,20,1,wk inc rsv hosp,2026-10-03,quantile,0.45,1
2026-09-26,20,1,wk inc rsv hosp,2026-10-03,quantile,0.5,1
2026-09-26,20,1,wk inc rsv hosp,2026-10-03,quantile,0.55,2
2026-09-26,20,1,wk inc rsv hosp,2026-10-03,quantile,0.6,2
2026-09-26,20,1,wk inc rsv hosp,2026-10-03,quantile,0.65,3
2026-09-26,20,1,wk inc rsv hosp,2026-10-03,quantile,0.7,3
2026-09-26,20,1,wk inc rsv hosp,2026-10-03,quantile,0.75,4
2026-09-26,20,1,wk inc rsv hosp,2026-10-03,quantile,0.8,4
2026-09-26,20,1,wk inc rsv hosp,2026-10-03,quantile,0.85,5
2026-09-26,20,1,wk inc rsv hosp,2026-10-03,quantile,0.9,6
2026-09-26,20,1,wk inc rsv hosp,2026-10-03,quantile,0.95,8
2026-09-26,20,1,wk inc rsv hosp,2026-10-03,quantile,0.975,10
2026-09-26,20,1,wk inc rsv hosp,2026-10-03,quantile,0.99,13
2026-09-26,20,2,wk inc rsv hosp,2026-10-10,quantile,0.01,0
2026-09-26,20,2,wk inc rsv hosp,2026-10-10,quantile,0.025,0
2026-09-26,20,2,wk inc rsv hosp,2026-10-10,quantile,0.05,0
2026-09-26,20,2,wk inc rsv hosp,2026-10-10,quantile,0.1,0
2026-09-26,20,2,wk inc rsv hosp,2026-10-10,quantile,0.15,0
2026-09-26,20,2,wk inc rsv hosp,2026-10-10,quantile,0.2,0
2026-09-26,20,2,wk inc rsv hosp,2026-10-10,quantile,0.25,0
2026-09-26,20,2,wk inc rsv hosp,2026-10-10,quantile,0.3,1
2026-09-26,20,2,wk inc rsv hosp,2026-10-10,quantile,0.35,1
2026-09-26,20,2,wk inc rsv hosp,2026-10-10,quantile,0.4,1
2026-09-26,20,2,wk inc rsv hosp,2026-10-10,quantile,0.45,1
2026-09-26,20,2,wk inc rsv hosp,2026-10-10,quantile,0.5,2
2026-09-26,20,2,wk inc rsv hosp,2026-10-10,quantile,0.55,2
2026-09-26,20,2,wk inc rsv hosp,2026-10-10,quantile,0.6,3
2026-09-26,20,2,wk inc rsv hosp,2026-10-10,quantile,0.65,3
2026-09-26,20,2,wk inc rsv hosp,2026-10-10,quantile,0.7,4
2026-09-26,20,2,wk inc rsv hosp,2026-10-10,quantile,0.75,5
2026-09-26,20,2,wk inc rsv hosp,2026-10-10,quantile,0.8,6
2026-09-26,20,2,wk inc rsv hosp,2026-10-10,quantile,0.85,7
2026-09-26,20,2,wk inc rsv hosp,2026-10-10,quantile,0.9,9
2026-09-26,20,2,wk inc rsv hosp,2026-10-10,quantile,0.95,13
2026-09-26,20,2,wk inc rsv hosp,2026-10-10,quantile,0.975,17
2026-09-26,20,2,wk inc rsv hosp,2026-10-10,quantile,0.99,26.00999999999999
2026-09-26,20,3,wk inc rsv hosp,2026-10-17,quantile,0.01,0
2026-09-26,20,3,wk inc rsv hosp,2026-10-17,quantile,0.025,0
2026-09-26,20,3,wk inc rsv hosp,2026-10-17,quantile,0.05,0
2026-09-26,20,3,wk inc rsv hosp,2026-10-17,quantile,0.1,0
2026-09-26,20,3,wk inc rsv hosp,2026-10-17,quantile,0.15,0
2026-09-26,20,3,wk inc rsv hosp,2026-10-17,quantile,0.2,0
2026-09-26,20,3,wk inc rsv hosp,2026-10-17,quantile,0.25,0
2026-09-26,20,3,wk inc rsv hosp,2026-10-17,quantile,0.3,0
2026-09-26,20,3,wk inc rsv hosp,2026-10-17,quantile,0.35,1
2026-09-26,20,3,wk inc rsv hosp,2026-10-17,quantile,0.4,1
2026-09-26,20,3,wk inc rsv hosp,2026-10-17,quantile,0.45,1
2026-09-26,20,3,wk inc rsv hosp,2026-10-17,quantile,0.5,1.5
2026-09-26,20,3,wk inc rsv hosp,2026-10-17,quantile,0.55,1.5
2026-09-26,20,3,wk inc rsv hosp,2026-10-17,quantile,0.6,2
2026-09-26,20,3,wk inc rsv hosp,2026-10-17,quantile,0.65,3
2026-09-26,20,3,wk inc rsv hosp,2026-10-17,quantile,0.7,3.5
2026-09-26,20,3,wk inc rsv hosp,2026-10-17,quantile,0.75,5
2026-09-26,20,3,wk inc rsv hosp,2026-10-17,quantile,0.8,6
2026-09-26,20,3,wk inc rsv hosp,2026-10-17,quantile,0.85,8.5
2026-09-26,20,3,wk inc rsv hosp,2026-10-17,quantile,0.9,13
2026-09-26,20,3,wk inc rsv hosp,2026-10-17,quantile,0.95,21.5
2026-09-26,20,3,wk inc rsv hosp,2026-10-17,quantile,0.975,37.5
2026-09-26,20,3,wk inc rsv hosp,2026-10-17,quantile,0.99,60
2026-09-26,21,-1,wk inc rsv hosp,2026-09-19,quantile,0.01,0
2026-09-26,21,-1,wk inc rsv hosp,2026-09-19,quantile,0.025,0
2026-09-26,21,-1,wk inc rsv hosp,2026-09-19,quantile,0.05,0
2026-09-26,21,-1,wk inc rsv hosp,2026-09-19,quantile,0.1,0.5
2026-09-26,21,-1,wk inc rsv hosp,2026-09-19,quantile,0.15,0.5
2026-09-26,21,-1,wk inc rsv hosp,2026-09-19,quantile,0.2,1.5
2026-09-26,21,-1,wk inc rsv hosp,2026-09-19,quantile,0.25,1.5
2026-09-26,21,-1,wk inc rsv hosp,2026-09-19,quantile,0.3,1.5
2026-09-26,21,-1,wk inc rsv hosp,2026-09-19,quantile,0.35,1.5
2026-09-26,21,-1,wk inc rsv hosp,2026-09-19,quantile,0.4,2
2026-09-26,21,-1,wk inc rsv hosp,2026-09-19,quantile,0.45,2
2026-09-26,21,-1,wk inc rsv hosp,2026-09-19,quantile,0.5,2
2026-09-26,21,-1,wk inc rsv hosp,2026-09-19,quantile,0.55,2.5
2026-09-26,21,-1,wk inc rsv hosp,2026-09-19,quantile,0.6,3
2026-09-26,21,-1,wk inc rsv hosp,2026-09-19,quantile,0.65,3
2026-09-26,21,-1,wk inc rsv hosp,2026-09-19,quantile,0.7,3
2026-09-26,21,-1,wk inc rsv hosp,2026-09-19,quantile,0.75,4
2026-09-26,21,-1,wk inc rsv hosp,2026-09-19,quantile,0.8,4
2026-09-26,21,-1,wk inc rsv hosp,2026-09-19,quantile,0.85,4.5
2026-09-26,21,-1,wk inc rsv hosp,2026-09-19,quantile,0.9,5
2026-09-26,21,-1,wk inc rsv hosp,2026-09-19,quantile,0.95,6
2026-09-26,21,-1,wk inc rsv hosp,2026-09-19,quantile,0.975,7
2026-09-26,21,-1,wk inc rsv hosp,2026-09-19,quantile,0.99,8
2026-09-26,21,0,wk inc rsv hosp,2026-09-26,quantile,0.01,0
2026-09-26,21,0,wk inc rsv hosp,2026-09-26,quantile,0.025,0
2026-09-26,21,0,wk inc rsv hosp,2026-09-26,quantile,0.05,0
2026-09-26,21,0,wk inc rsv hosp,2026-09-26,quantile,0.1,1
2026-09-26,21,0,wk inc rsv hosp,2026-09-26,quantile,0.15,1
2026-09-26,21,0,wk inc rsv hosp,2026-09-26,quantile,0.2,1
2026-09-26,21,0,wk inc rsv hosp,2026-09-26,quantile,0.25,2
2026-09-26,21,0,wk inc rsv hosp,2026-09-26,quantile,0.3,2
2026-09-26,21,0,wk inc rsv hosp,2026-09-26,quantile,0.35,2
2026-09-26,21,0,wk inc rsv hosp,2026-09-26,quantile,0.4,2
2026-09-26,21,0,wk inc rsv hosp,2026-09-26,quantile,0.45,3
2026-09-26,21,0,wk inc rsv hosp,2026-09-26,quantile,0.5,3
2026-09-26,21,0,wk inc rsv hosp,2026-09-26,quantile,0.55,3
2026-09-26,21,0,wk inc rsv hosp,2026-09-26,quantile,0.6,3
2026-09-26,21,0,wk inc rsv hosp,2026-09-26,quantile,0.65,4
2026-09-26,21,0,wk inc rsv hosp,2026-09-26,quantile,0.7,4
2026-09-26,21,0,wk inc rsv hosp,2026-09-26,quantile,0.75,4
2026-09-26,21,0,wk inc rsv hosp,2026-09-26,quantile,0.8,5
2026-09-26,21,0,wk inc rsv hosp,2026-09-26,quantile,0.85,5
2026-09-26,21,0,wk inc rsv hosp,2026-09-26,quantile,0.9,7
2026-09-26,21,0,wk inc rsv hosp,2026-09-26,quantile,0.95,9
2026-09-26,21,0,wk inc rsv hosp,2026-09-26,quantile,0.975,11
2026-09-26,21,0,wk inc rsv hosp,2026-09-26,quantile,0.99,15
2026-09-26,21,1,wk inc rsv hosp,2026-10-03,quantile,0.01,0
2026-09-26,21,1,wk inc rsv hosp,2026-10-03,quantile,0.025,0
2026-09-26,21,1,wk inc rsv hosp,2026-10-03,quantile,0.05,0
2026-09-26,21,1,wk inc rsv hosp,2026-10-03,quantile,0.1,1
2026-09-26,21,1,wk inc rsv hosp,2026-10-03,quantile,0.15,1
2026-09-26,21,1,wk inc rsv hosp,2026-10-03,quantile,0.2,1
2026-09-26,21,1,wk inc rsv hosp,2026-10-03,quantile,0.25,1
2026-09-26,21,1,wk inc rsv hosp,2026-10-03,quantile,0.3,2
2026-09-26,21,1,wk inc rsv hosp,2026-10-03,quantile,0.35,2
2026-09-26,21,1,wk inc rsv hosp,2026-10-03,quantile,0.4,2
2026-09-26,21,1,wk inc rsv hosp,2026-10-03,quantile,0.45,2
2026-09-26,21,1,wk inc rsv hosp,2026-10-03,quantile,0.5,3
2026-09-26,21,1,wk inc rsv hosp,2026-10-03,quantile,0.55,3
2026-09-26,21,1,wk inc rsv hosp,2026-10-03,quantile,0.6,3
2026-09-26,21,1,wk inc rsv hosp,2026-10-03,quantile,0.65,4
2026-09-26,21,1,wk inc rsv hosp,2026-10-03,quantile,0.7,4
2026-09-26,21,1,wk inc rsv hosp,2026-10-03,quantile,0.75,4
2026-09-26,21,1,wk inc rsv hosp,2026-10-03,quantile,0.8,5
2026-09-26,21,1,wk inc rsv hosp,2026-10-03,quantile,0.85,6
2026-09-26,21,1,wk inc rsv hosp,2026-10-03,quantile,0.9,8
2026-09-26,21,1,wk inc rsv hosp,2026-10-03,quantile,0.95,11
2026-09-26,21,1,wk inc rsv hosp,2026-10-03,quantile,0.975,16
2026-09-26,21,1,wk inc rsv hosp,2026-10-03,quantile,0.99,19
2026-09-26,21,2,wk inc rsv hosp,2026-10-10,quantile,0.01,0
2026-09-26,21,2,wk inc rsv hosp,2026-10-10,quantile,0.025,0
2026-09-26,21,2,wk inc rsv hosp,2026-10-10,quantile,0.05,0
2026-09-26,21,2,wk inc rsv hosp,2026-10-10,quantile,0.1,0
2026-09-26,21,2,wk inc rsv hosp,2026-10-10,quantile,0.15,1
2026-09-26,21,2,wk inc rsv hosp,2026-10-10,quantile,0.2,1
2026-09-26,21,2,wk inc rsv hosp,2026-10-10,quantile,0.25,1
2026-09-26,21,2,wk inc rsv hosp,2026-10-10,quantile,0.3,1
2026-09-26,21,2,wk inc rsv hosp,2026-10-10,quantile,0.35,2
2026-09-26,21,2,wk inc rsv hosp,2026-10-10,quantile,0.4,2
2026-09-26,21,2,wk inc rsv hosp,2026-10-10,quantile,0.45,2
2026-09-26,21,2,wk inc rsv hosp,2026-10-10,quantile,0.5,2
2026-09-26,21,2,wk inc rsv hosp,2026-10-10,quantile,0.55,3
2026-09-26,21,2,wk inc rsv hosp,2026-10-10,quantile,0.6,3
2026-09-26,21,2,wk inc rsv hosp,2026-10-10,quantile,0.65,3
2026-09-26,21,2,wk inc rsv hosp,2026-10-10,quantile,0.7,4
2026-09-26,21,2,wk inc rsv hosp,2026-10-10,quantile,0.75,5
2026-09-26,21,2,wk inc rsv hosp,2026-10-10,quantile,0.8,6
2026-09-26,21,2,wk inc rsv hosp,2026-10-10,quantile,0.85,8
2026-09-26,21,2,wk inc rsv hosp,2026-10-10,quantile,0.9,11
2026-09-26,21,2,wk inc rsv hosp,2026-10-10,quantile,0.95,15
2026-09-26,21,2,wk inc rsv hosp,2026-10-10,quantile,0.975,20
2026-09-26,21,2,wk inc rsv hosp,2026-10-10,quantile,0.99,24
2026-09-26,21,3,wk inc rsv hosp,2026-10-17,quantile,0.01,0
2026-09-26,21,3,wk inc rsv hosp,2026-10-17,quantile,0.025,0
2026-09-26,21,3,wk inc rsv hosp,2026-10-17,quantile,0.05,0
2026-09-26,21,3,wk inc rsv hosp,2026-10-17,quantile,0.1,0.5
2026-09-26,21,3,wk inc rsv hosp,2026-10-17,quantile,0.15,0.5
2026-09-26,21,3,wk inc rsv hosp,2026-10-17,quantile,0.2,1
2026-09-26,21,3,wk inc rsv hosp,2026-10-17,quantile,0.25,1.5
2026-09-26,21,3,wk inc rsv hosp,2026-10-17,quantile,0.3,1.5
2026-09-26,21,3,wk inc rsv hosp,2026-10-17,quantile,0.35,2
2026-09-26,21,3,wk inc rsv hosp,2026-10-17,quantile,0.4,2.5
2026-09-26,21,3,wk inc rsv hosp,2026-10-17,quantile,0.45,3
2026-09-26,21,3,wk inc rsv hosp,2026-10-17,quantile,0.5,4
2026-09-26,21,3,wk inc rsv hosp,2026-10-17,quantile,0.55,4
2026-09-26,21,3,wk inc rsv hosp,2026-10-17,quantile,0.6,5
2026-09-26,21,3,wk inc rsv hosp,2026-10-17,quantile,0.65,5.5
2026-09-26,21,3,wk inc rsv hosp,2026-10-17,quantile,0.7,6.5
2026-09-26,21,3,wk inc rsv hosp,2026-10-17,quantile,0.75,7.5
2026-09-26,21,3,wk inc rsv hosp,2026-10-17,quantile,0.8,9
2026-09-26,21,3,wk inc rsv hosp,2026-10-17,quantile,0.85,11.5
2026-09-26,21,3,wk inc rsv hosp,2026-10-17,quantile,0.9,14
2026-09-26,21,3,wk inc rsv hosp,2026-10-17,quantile,0.95,20.5
2026-09-26,21,3,wk inc rsv hosp,2026-10-17,quantile,0.975,36
2026-09-26,21,3,wk inc rsv hosp,2026-10-17,quantile,0.99,55
2026-09-26,22,-1,wk inc rsv hosp,2026-09-19,quantile,0.01,1
2026-09-26,22,-1,wk inc rsv hosp,2026-09-19,quantile,0.025,2
2026-09-26,22,-1,wk inc rsv hosp,2026-09-19,quantile,0.05,2.5
2026-09-26,22,-1,wk inc rsv hosp,2026-09-19,quantile,0.1,4
2026-09-26,22,-1,wk inc rsv hosp,2026-09-19,quantile,0.15,5
2026-09-26,22,-1,wk inc rsv hosp,2026-09-19,quantile,0.2,5.5
2026-09-26,22,-1,wk inc rsv hosp,2026-09-19,quantile,0.25,6
2026-09-26,22,-1,wk inc rsv hosp,2026-09-19,quantile,0.3,6.5
2026-09-26,22,-1,wk inc rsv hosp,2026-09-19,quantile,0.35,7
2026-09-26,22,-1,wk inc rsv hosp,2026-09-19,quantile,0.4,7.5
2026-09-26,22,-1,wk inc rsv hosp,2026-09-19,quantile,0.45,8.5
2026-09-26,22,-1,wk inc rsv hosp,2026-09-19,quantile,0.5,9.5
2026-09-26,22,-1,wk inc rsv hosp,2026-09-19,quantile,0.55,10
2026-09-26,22,-1,wk inc rsv hosp,2026-09-19,quantile,0.6,11
2026-09-26,22,-1,wk inc rsv hosp,2026-09-19,quantile,0.65,11.5
2026-09-26,22,-1,wk inc rsv hosp,2026-09-19,quantile,0.7,13.5
2026-09-26,22,-1,wk inc rsv hosp,2026-09-19,quantile,0.75,14.5
2026-09-26,22,-1,wk inc rsv hosp,2026-09-19,quantile,0.8,16
2026-09-26,22,-1,wk inc rsv hosp,2026-09-19,quantile,0.85,18
2026-09-26,22,-1,wk inc rsv hosp,2026-09-19,quantile,0.9,21
2026-09-26,22,-1,wk inc rsv hosp,2026-09-19,quantile,0.95,26
2026-09-26,22,-1,wk inc rsv hosp,2026-09-19,quantile,0.975,32
2026-09-26,22,-1,wk inc rsv hosp,2026-09-19,quantile,0.99,39.504999999999995
2026-09-26,22,0,wk inc rsv hosp,2026-09-26,quantile,0.01,0
2026-09-26,22,0,wk inc rsv hosp,2026-09-26,quantile,0.025,1
2026-09-26,22,0,wk inc rsv hosp,2026-09-26,quantile,0.05,1.9500000000000028
2026-09-26,22,0,wk inc rsv hosp,2026-09-26,quantile,0.1,3
2026-09-26,22,0,wk inc rsv hosp,2026-09-26,quantile,0.15,4
2026-09-26,22,0,wk inc rsv hosp,2026-09-26,quantile,0.2,5
2026-09-26,22,0,wk inc rsv hosp,2026-09-26,quantile,0.25,5
2026-09-26,22,0,wk inc rsv hosp,2026-09-26,quantile,0.3,5
2026-09-26,22,0,wk inc rsv hosp,2026-09-26,quantile,0.35,5
2026-09-26,22,0,wk inc rsv hosp,2026-09-26,quantile,0.4,6
2026-09-26,22,0,wk inc rsv hosp,2026-09-26,quantile,0.45,6
2026-09-26,22,0,wk inc rsv hosp,2026-09-26,quantile,0.5,6
2026-09-26,22,0,wk inc rsv hosp,2026-09-26,quantile,0.55,7
2026-09-26,22,0,wk inc rsv hosp,2026-09-26,quantile,0.6,8
2026-09-26,22,0,wk inc rsv hosp,2026-09-26,quantile,0.65,8
2026-09-26,22,0,wk inc rsv hosp,2026-09-26,quantile,0.7,8
2026-09-26,22,0,wk inc rsv hosp,2026-09-26,quantile,0.75,9
2026-09-26,22,0,wk inc rsv hosp,2026-09-26,quantile,0.8,10
2026-09-26,22,0,wk inc rsv hosp,2026-09-26,quantile,0.85,11
2026-09-26,22,0,wk inc rsv hosp,2026-09-26,quantile,0.9,12
2026-09-26,22,0,wk inc rsv hosp,2026-09-26,quantile,0.95,15
2026-09-26,22,0,wk inc rsv hosp,2026-09-26,quantile,0.975,18
2026-09-26,22,0,wk inc rsv hosp,2026-09-26,quantile,0.99,22
2026-09-26,22,1,wk inc rsv hosp,2026-10-03,quantile,0.01,0
2026-09-26,22,1,wk inc rsv hosp,2026-10-03,quantile,0.025,1
2026-09-26,22,1,wk inc rsv hosp,2026-10-03,quantile,0.05,2
2026-09-26,22,1,wk inc rsv hosp,2026-10-03,quantile,0.1,3
2026-09-26,22,1,wk inc rsv hosp,2026-10-03,quantile,0.15,4
2026-09-26,22,1,wk inc rsv hosp,2026-10-03,quantile,0.2,4
2026-09-26,22,1,wk inc rsv hosp,2026-10-03,quantile,0.25,5
2026-09-26,22,1,wk inc rsv hosp,2026-10-03,quantile,0.3,5
2026-09-26,22,1,wk inc rsv hosp,2026-10-03,quantile,0.35,5
2026-09-26,22,1,wk inc rsv hosp,2026-10-03,quantile,0.4,6
2026-09-26,22,1,wk inc rsv hosp,2026-10-03,quantile,0.45,6
2026-09-26,22,1,wk inc rsv hosp,2026-10-03,quantile,0.5,7
2026-09-26,22,1,wk inc rsv hosp,2026-10-03,quantile,0.55,7
2026-09-26,22,1,wk inc rsv hosp,2026-10-03,quantile,0.6,8
2026-09-26,22,1,wk inc rsv hosp,2026-10-03,quantile,0.65,8
2026-09-26,22,1,wk inc rsv hosp,2026-10-03,quantile,0.7,9
2026-09-26,22,1,wk inc rsv hosp,2026-10-03,quantile,0.75,10
2026-09-26,22,1,wk inc rsv hosp,2026-10-03,quantile,0.8,11
2026-09-26,22,1,wk inc rsv hosp,2026-10-03,quantile,0.85,13
2026-09-26,22,1,wk inc rsv hosp,2026-10-03,quantile,0.9,15
2026-09-26,22,1,wk inc rsv hosp,2026-10-03,quantile,0.95,19
2026-09-26,22,1,wk inc rsv hosp,2026-10-03,quantile,0.975,23
2026-09-26,22,1,wk inc rsv hosp,2026-10-03,quantile,0.99,36
2026-09-26,22,2,wk inc rsv hosp,2026-10-10,quantile,0.01,0
2026-09-26,22,2,wk inc rsv hosp,2026-10-10,quantile,0.025,1
2026-09-26,22,2,wk inc rsv hosp,2026-10-10,quantile,0.05,2
2026-09-26,22,2,wk inc rsv hosp,2026-10-10,quantile,0.1,3
2026-09-26,22,2,wk inc rsv hosp,2026-10-10,quantile,0.15,3
2026-09-26,22,2,wk inc rsv hosp,2026-10-10,quantile,0.2,4
2026-09-26,22,2,wk inc rsv hosp,2026-10-10,quantile,0.25,4
2026-09-26,22,2,wk inc rsv hosp,2026-10-10,quantile,0.3,5
2026-09-26,22,2,wk inc rsv hosp,2026-10-10,quantile,0.35,5
2026-09-26,22,2,wk inc rsv hosp,2026-10-10,quantile,0.4,6
2026-09-26,22,2,wk inc rsv hosp,2026-10-10,quantile,0.45,6
2026-09-26,22,2,wk inc rsv hosp,2026-10-10,quantile,0.5,7
2026-09-26,22,2,wk inc rsv hosp,2026-10-10,quantile,0.55,7
2026-09-26,22,2,wk inc rsv hosp,2026-10-10,quantile,0.6,8
2026-09-26,22,2,wk inc rsv hosp,2026-10-10,quantile,0.65,9
2026-09-26,22,2,wk inc rsv hosp,2026-10-10,quantile,0.7,10
2026-09-26,22,2,wk inc rsv hosp,2026-10-10,quantile,0.75,12
2026-09-26,22,2,wk inc rsv hosp,2026-10-10,quantile,0.8,14
2026-09-26,22,2,wk inc rsv hosp,2026-10-10,quantile,0.85,16
2026-09-26,22,2,wk inc rsv hosp,2026-10-10,quantile,0.9,20
2026-09-26,22,2,wk inc rsv hosp,2026-10-10,quantile,0.95,28
2026-09-26,22,2,wk inc rsv hosp,2026-10-10,quantile,0.975,36
2026-09-26,22,2,wk inc rsv hosp,2026-10-10,quantile,0.99,62
2026-09-26,22,3,wk inc rsv hosp,2026-10-17,quantile,0.01,0.5
2026-09-26,22,3,wk inc rsv hosp,2026-10-17,quantile,0.025,0.5
2026-09-26,22,3,wk inc rsv hosp,2026-10-17,quantile,0.05,1.5
2026-09-26,22,3,wk inc rsv hosp,2026-10-17,quantile,0.1,1.5
2026-09-26,22,3,wk inc rsv hosp,2026-10-17,quantile,0.15,2.5
2026-09-26,22,3,wk inc rsv hosp,2026-10-17,quantile,0.2,3.5
2026-09-26,22,3,wk inc rsv hosp,2026-10-17,quantile,0.25,4
2026-09-26,22,3,wk inc rsv hosp,2026-10-17,quantile,0.3,4.5
2026-09-26,22,3,wk inc rsv hosp,2026-10-17,quantile,0.35,5
2026-09-26,22,3,wk inc rsv hosp,2026-10-17,quantile,0.4,6
2026-09-26,22,3,wk inc rsv hosp,2026-10-17,quantile,0.45,6
2026-09-26,22,3,wk inc rsv hosp,2026-10-17,quantile,0.5,7
2026-09-26,22,3,wk inc rsv hosp,2026-10-17,quantile,0.55,8
2026-09-26,22,3,wk inc rsv hosp,2026-10-17,quantile,0.6,9
2026-09-26,22,3,wk inc rsv hosp,2026-10-17,quantile,0.65,10.5
2026-09-26,22,3,wk inc rsv hosp,2026-10-17,quantile,0.7,11.5
2026-09-26,22,3,wk inc rsv hosp,2026-10-17,quantile,0.75,13.5
2026-09-26,22,3,wk inc rsv hosp,2026-10-17,quantile,0.8,15.5
2026-09-26,22,3,wk inc rsv hosp,2026-10-17,quantile,0.85,18.5
2026-09-26,22,3,wk inc rsv hosp,2026-10-17,quantile,0.9,24
2026-09-26,22,3,wk inc rsv hosp,2026-10-17,quantile,0.95,33.5
2026-09-26,22,3,wk inc rsv hosp,2026-10-17,quantile,0.975,52
2026-09-26,22,3,wk inc rsv hosp,2026-10-17,quantile,0.99,73.5
2026-09-26,23,-1,wk inc rsv hosp,2026-09-19,quantile,0.01,0
2026-09-26,23,-1,wk inc rsv hosp,2026-09-19,quantile,0.025,0
2026-09-26,23,-1,wk inc rsv hosp,2026-09-19,quantile,0.05,0
2026-09-26,23,-1,wk inc rsv hosp,2026-09-19,quantile,0.1,0
2026-09-26,23,-1,wk inc rsv hosp,2026-09-19,quantile,0.15,0
2026-09-26,23,-1,wk inc rsv hosp,2026-09-19,quantile,0.2,0
2026-09-26,23,-1,wk inc rsv hosp,2026-09-19,quantile,0.25,0
2026-09-26,23,-1,wk inc rsv hosp,2026-09-19,quantile,0.3,0
2026-09-26,23,-1,wk inc rsv hosp,2026-09-19,quantile,0.35,0
2026-09-26,23,-1,wk inc rsv hosp,2026-09-19,quantile,0.4,0
2026-09-26,23,-1,wk inc rsv hosp,2026-09-19,quantile,0.45,0
2026-09-26,23,-1,wk inc rsv hosp,2026-09-19,quantile,0.5,0
2026-09-26,23,-1,wk inc rsv hosp,2026-09-19,quantile,0.55,0
2026-09-26,23,-1,wk inc rsv hosp,2026-09-19,quantile,0.6,0
2026-09-26,23,-1,wk inc rsv hosp,2026-09-19,quantile,0.65,0
2026-09-26,23,-1,wk inc rsv hosp,2026-09-19,quantile,0.7,0
2026-09-26,23,-1,wk inc rsv hosp,2026-09-19,quantile,0.75,0
2026-09-26,23,-1,wk inc rsv hosp,2026-09-19,quantile,0.8,0
2026-09-26,23,-1,wk inc rsv hosp,2026-09-19,quantile,0.85,0
2026-09-26,23,-1,wk inc rsv hosp,2026-09-19,quantile,0.9,0
2026-09-26,23,-1,wk inc rsv hosp,2026-09-19,quantile,0.95,0.5
2026-09-26,23,-1,wk inc rsv hosp,2026-09-19,quantile,0.975,1
2026-09-26,23,-1,wk inc rsv hosp,2026-09-19,quantile,0.99,1
2026-09-26,23,0,wk inc rsv hosp,2026-09-26,quantile,0.01,0
2026-09-26,23,0,wk inc rsv hosp,2026-09-26,quantile,0.025,0
2026-09-26,23,0,wk inc rsv hosp,2026-09-26,quantile,0.05,0
2026-09-26,23,0,wk inc rsv hosp,2026-09-26,quantile,0.1,0
2026-09-26,23,0,wk inc rsv hosp,2026-09-26,quantile,0.15,0
2026-09-26,23,0,wk inc rsv hosp,2026-09-26,quantile,0.2,0
2026-09-26,23,0,wk inc rsv hosp,2026-09-26,quantile,0.25,0
2026-09-26,23,0,wk inc rsv hosp,2026-09-26,quantile,0.3,0
2026-09-26,23,0,wk inc rsv hosp,2026-09-26,quantile,0.35,0
2026-09-26,23,0,wk inc rsv hosp,2026-09-26,quantile,0.4,0
2026-09-26,23,0,wk inc rsv hosp,2026-09-26,quantile,0.45,0
2026-09-26,23,0,wk inc rsv hosp,2026-09-26,quantile,0.5,0
2026-09-26,23,0,wk inc rsv hosp,2026-09-26,quantile,0.55,0
2026-09-26,23,0,wk inc rsv hosp,2026-09-26,quantile,0.6,0
2026-09-26,23,0,wk inc rsv hosp,2026-09-26,quantile,0.65,0
2026-09-26,23,0,wk inc rsv hosp,2026-09-26,quantile,0.7,0
2026-09-26,23,0,wk inc rsv hosp,2026-09-26,quantile,0.75,0
2026-09-26,23,0,wk inc rsv hosp,2026-09-26,quantile,0.8,0
2026-09-26,23,0,wk inc rsv hosp,2026-09-26,quantile,0.85,0
2026-09-26,23,0,wk inc rsv hosp,2026-09-26,quantile,0.9,0
2026-09-26,23,0,wk inc rsv hosp,2026-09-26,quantile,0.95,1
2026-09-26,23,0,wk inc rsv hosp,2026-09-26,quantile,0.975,1
2026-09-26,23,0,wk inc rsv hosp,2026-09-26,quantile,0.99,2
2026-09-26,23,1,wk inc rsv hosp,2026-10-03,quantile,0.01,0
2026-09-26,23,1,wk inc rsv hosp,2026-10-03,quantile,0.025,0
2026-09-26,23,1,wk inc rsv hosp,2026-10-03,quantile,0.05,0
2026-09-26,23,1,wk inc rsv hosp,2026-10-03,quantile,0.1,0
2026-09-26,23,1,wk inc rsv hosp,2026-10-03,quantile,0.15,0
2026-09-26,23,1,wk inc rsv hosp,2026-10-03,quantile,0.2,0
2026-09-26,23,1,wk inc rsv hosp,2026-10-03,quantile,0.25,0
2026-09-26,23,1,wk inc rsv hosp,2026-10-03,quantile,0.3,0
2026-09-26,23,1,wk inc rsv hosp,2026-10-03,quantile,0.35,0
2026-09-26,23,1,wk inc rsv hosp,2026-10-03,quantile,0.4,0
2026-09-26,23,1,wk inc rsv hosp,2026-10-03,quantile,0.45,0
2026-09-26,23,1,wk inc rsv hosp,2026-10-03,quantile,0.5,0
2026-09-26,23,1,wk inc rsv hosp,2026-10-03,quantile,0.55,0
2026-09-26,23,1,wk inc rsv hosp,2026-10-03,quantile,0.6,0
2026-09-26,23,1,wk inc rsv hosp,2026-10-03,quantile,0.65,0
2026-09-26,23,1,wk inc rsv hosp,2026-10-03,quantile,0.7,0
2026-09-26,23,1,wk inc rsv hosp,2026-10-03,quantile,0.75,0
2026-09-26,23,1,wk inc rsv hosp,2026-10-03,quantile,0.8,0
2026-09-26,23,1,wk inc rsv hosp,2026-10-03,quantile,0.85,0
2026-09-26,23,1,wk inc rsv hosp,2026-10-03,quantile,0.9,0
2026-09-26,23,1,wk inc rsv hosp,2026-10-03,quantile,0.95,0
2026-09-26,23,1,wk inc rsv hosp,2026-10-03,quantile,0.975,1
2026-09-26,23,1,wk inc rsv hosp,2026-10-03,quantile,0.99,2
2026-09-26,23,2,wk inc rsv hosp,2026-10-10,quantile,0.01,0
2026-09-26,23,2,wk inc rsv hosp,2026-10-10,quantile,0.025,0
2026-09-26,23,2,wk inc rsv hosp,2026-10-10,quantile,0.05,0
2026-09-26,23,2,wk inc rsv hosp,2026-10-10,quantile,0.1,0
2026-09-26,23,2,wk inc rsv hosp,2026-10-10,quantile,0.15,0
2026-09-26,23,2,wk inc rsv hosp,2026-10-10,quantile,0.2,0
2026-09-26,23,2,wk inc rsv hosp,2026-10-10,quantile,0.25,0
2026-09-26,23,2,wk inc rsv hosp,2026-10-10,quantile,0.3,0
2026-09-26,23,2,wk inc rsv hosp,2026-10-10,quantile,0.35,0
2026-09-26,23,2,wk inc rsv hosp,2026-10-10,quantile,0.4,0
2026-09-26,23,2,wk inc rsv hosp,2026-10-10,quantile,0.45,0
2026-09-26,23,2,wk inc rsv hosp,2026-10-10,quantile,0.5,0
2026-09-26,23,2,wk inc rsv hosp,2026-10-10,quantile,0.55,0
2026-09-26,23,2,wk inc rsv hosp,2026-10-10,quantile,0.6,0
2026-09-26,23,2,wk inc rsv hosp,2026-10-10,quantile,0.65,0
2026-09-26,23,2,wk inc rsv hosp,2026-10-10,quantile,0.7,0
2026-09-26,23,2,wk inc rsv hosp,2026-10-10,quantile,0.75,0
2026-09-26,23,2,wk inc rsv hosp,2026-10-10,quantile,0.8,0
2026-09-26,23,2,wk inc rsv hosp,2026-10-10,quantile,0.85,0
2026-09-26,23,2,wk inc rsv hosp,2026-10-10,quantile,0.9,0
2026-09-26,23,2,wk inc rsv hosp,2026-10-10,quantile,0.95,1
2026-09-26,23,2,wk inc rsv hosp,2026-10-10,quantile,0.975,2
2026-09-26,23,2,wk inc rsv hosp,2026-10-10,quantile,0.99,3
2026-09-26,23,3,wk inc rsv hosp,2026-10-17,quantile,0.01,0
2026-09-26,23,3,wk inc rsv hosp,2026-10-17,quantile,0.025,0
2026-09-26,23,3,wk inc rsv hosp,2026-10-17,quantile,0.05,0
2026-09-26,23,3,wk inc rsv hosp,2026-10-17,quantile,0.1,0
2026-09-26,23,3,wk inc rsv hosp,2026-10-17,quantile,0.15,0
2026-09-26,23,3,wk inc rsv hosp,2026-10-17,quantile,0.2,0.5
2026-09-26,23,3,wk inc rsv hosp,2026-10-17,quantile,0.25,0.5
2026-09-26,23,3,wk inc rsv hosp,2026-10-17,quantile,0.3,0.5
2026-09-26,23,3,wk inc rsv hosp,2026-10-17,quantile,0.35,0.5
2026-09-26,23,3,wk inc rsv hosp,2026-10-17,quantile,0.4,0.5
2026-09-26,23,3,wk inc rsv hosp,2026-10-17,quantile,0.45,0.5
2026-09-26,23,3,wk inc rsv hosp,2026-10-17,quantile,0.5,0.5
2026-09-26,23,3,wk inc rsv hosp,2026-10-17,quantile,0.55,0.5
2026-09-26,23,3,wk inc rsv hosp,2026-10-17,quantile,0.6,0.5
2026-09-26,23,3,wk inc rsv hosp,2026-10-17,quantile,0.65,0.5
2026-09-26,23,3,wk inc rsv hosp,2026-10-17,quantile,0.7,0.5
2026-09-26,23,3,wk inc rsv hosp,2026-10-17,quantile,0.75,1
2026-09-26,23,3,wk inc rsv hosp,2026-10-17,quantile,0.8,1
2026-09-26,23,3,wk inc rsv hosp,2026-10-17,quantile,0.85,1
2026-09-26,23,3,wk inc rsv hosp,2026-10-17,quantile,0.9,1
2026-09-26,23,3,wk inc rsv hosp,2026-10-17,quantile,0.95,2
2026-09-26,23,3,wk inc rsv hosp,2026-10-17,quantile,0.975,3
2026-09-26,23,3,wk inc rsv hosp,2026-10-17,quantile,0.99,6
2026-09-26,24,-1,wk inc rsv hosp,2026-09-19,quantile,0.01,0.5
2026-09-26,24,-1,wk inc rsv hosp,2026-09-19,quantile,0.025,0.5
2026-09-26,24,-1,wk inc rsv hosp,2026-09-19,quantile,0.05,1
2026-09-26,24,-1,wk inc rsv hosp,2026-09-19,quantile,0.1,1.5
2026-09-26,24,-1,wk inc rsv hosp,2026-09-19,quantile,0.15,2
2026-09-26,24,-1,wk inc rsv hosp,2026-09-19,quantile,0.2,2.5
2026-09-26,24,-1,wk inc rsv hosp,2026-09-19,quantile,0.25,2.5
2026-09-26,24,-1,wk inc rsv hosp,2026-09-19,quantile,0.3,2.5
2026-09-26,24,-1,wk inc rsv hosp,2026-09-19,quantile,0.35,2.5
2026-09-26,24,-1,wk inc rsv hosp,2026-09-19,quantile,0.4,3
2026-09-26,24,-1,wk inc rsv hosp,2026-09-19,quantile,0.45,3
2026-09-26,24,-1,wk inc rsv hosp,2026-09-19,quantile,0.5,3
2026-09-26,24,-1,wk inc rsv hosp,2026-09-19,quantile,0.55,3.5
2026-09-26,24,-1,wk inc rsv hosp,2026-09-19,quantile,0.6,3.5
2026-09-26,24,-1,wk inc rsv hosp,2026-09-19,quantile,0.65,4
2026-09-26,24,-1,wk inc rsv hosp,2026-09-19,quantile,0.7,4
2026-09-26,24,-1,wk inc rsv hosp,2026-09-19,quantile,0.75,4.5
2026-09-26,24,-1,wk inc rsv hosp,2026-09-19,quantile,0.8,5
2026-09-26,24,-1,wk inc rsv hosp,2026-09-19,quantile,0.85,5
2026-09-26,24,-1,wk inc rsv hosp,2026-09-19,quantile,0.9,6
2026-09-26,24,-1,wk inc rsv hosp,2026-09-19,quantile,0.95,6.5
2026-09-26,24,-1,wk inc rsv hosp,2026-09-19,quantile,0.975,7.5
2026-09-26,24,-1,wk inc rsv hosp,2026-09-19,quantile,0.99,9.5
2026-09-26,24,0,wk inc rsv hosp,2026-09-26,quantile,0.01,0
2026-09-26,24,0,wk inc rsv hosp,2026-09-26,quantile,0.025,0
2026-09-26,24,0,wk inc rsv hosp,2026-09-26,quantile,0.05,0
2026-09-26,24,0,wk inc rsv hosp,2026-09-26,quantile,0.1,1
2026-09-26,24,0,wk inc rsv hosp,2026-09-26,quantile,0.15,2
2026-09-26,24,0,wk inc rsv hosp,2026-09-26,quantile,0.2,2
2026-09-26,24,0,wk inc rsv hosp,2026-09-26,quantile,0.25,3
2026-09-26,24,0,wk inc rsv hosp,2026-09-26,quantile,0.3,3
2026-09-26,24,0,wk inc rsv hosp,2026-09-26,quantile,0.35,4
2026-09-26,24,0,wk inc rsv hosp,2026-09-26,quantile,0.4,4
2026-09-26,24,0,wk inc rsv hosp,2026-09-26,quantile,0.45,4
2026-09-26,24,0,wk inc rsv hosp,2026-09-26,quantile,0.5,5
2026-09-26,24,0,wk inc rsv hosp,2026-09-26,quantile,0.55,5
2026-09-26,24,0,wk inc rsv hosp,2026-09-26,quantile,0.6,6
2026-09-26,24,0,wk inc rsv hosp,2026-09-26,quantile,0.65,6
2026-09-26,24,0,wk inc rsv hosp,2026-09-26,quantile,0.7,7
2026-09-26,24,0,wk inc rsv hosp,2026-09-26,quantile,0.75,7
2026-09-26,24,0,wk inc rsv hosp,2026-09-26,quantile,0.8,7
2026-09-26,24,0,wk inc rsv hosp,2026-09-26,quantile,0.85,8
2026-09-26,24,0,wk inc rsv hosp,2026-09-26,quantile,0.9,9
2026-09-26,24,0,wk inc rsv hosp,2026-09-26,quantile,0.95,10
2026-09-26,24,0,wk inc rsv hosp,2026-09-26,quantile,0.975,11
2026-09-26,24,0,wk inc rsv hosp,2026-09-26,quantile,0.99,13
2026-09-26,24,1,wk inc rsv hosp,2026-10-03,quantile,0.01,0
2026-09-26,24,1,wk inc rsv hosp,2026-10-03,quantile,0.025,0
2026-09-26,24,1,wk inc rsv hosp,2026-10-03,quantile,0.05,1
2026-09-26,24,1,wk inc rsv hosp,2026-10-03,quantile,0.1,1
2026-09-26,24,1,wk inc rsv hosp,2026-10-03,quantile,0.15,2
2026-09-26,24,1,wk inc rsv hosp,2026-10-03,quantile,0.2,2
2026-09-26,24,1,wk inc rsv hosp,2026-10-03,quantile,0.25,3
2026-09-26,24,1,wk inc rsv hosp,2026-10-03,quantile,0.3,3
2026-09-26,24,1,wk inc rsv hosp,2026-10-03,quantile,0.35,4
2026-09-26,24,1,wk inc rsv hosp,2026-10-03,quantile,0.4,4
2026-09-26,24,1,wk inc rsv hosp,2026-10-03,quantile,0.45,5
2026-09-26,24,1,wk inc rsv hosp,2026-10-03,quantile,0.5,5
2026-09-26,24,1,wk inc rsv hosp,2026-10-03,quantile,0.55,6
2026-09-26,24,1,wk inc rsv hosp,2026-10-03,quantile,0.6,6
2026-09-26,24,1,wk inc rsv hosp,2026-10-03,quantile,0.65,7
2026-09-26,24,1,wk inc rsv hosp,2026-10-03,quantile,0.7,7
2026-09-26,24,1,wk inc rsv hosp,2026-10-03,quantile,0.75,7
2026-09-26,24,1,wk inc rsv hosp,2026-10-03,quantile,0.8,8
2026-09-26,24,1,wk inc rsv hosp,2026-10-03,quantile,0.85,9
2026-09-26,24,1,wk inc rsv hosp,2026-10-03,quantile,0.9,10
2026-09-26,24,1,wk inc rsv hosp,2026-10-03,quantile,0.95,11
2026-09-26,24,1,wk inc rsv hosp,2026-10-03,quantile,0.975,14
2026-09-26,24,1,wk inc rsv hosp,2026-10-03,quantile,0.99,16
2026-09-26,24,2,wk inc rsv hosp,2026-10-10,quantile,0.01,0
2026-09-26,24,2,wk inc rsv hosp,2026-10-10,quantile,0.025,0
2026-09-26,24,2,wk inc rsv hosp,2026-10-10,quantile,0.05,0
2026-09-26,24,2,wk inc rsv hosp,2026-10-10,quantile,0.1,1
2026-09-26,24,2,wk inc rsv hosp,2026-10-10,quantile,0.15,2
2026-09-26,24,2,wk inc rsv hosp,2026-10-10,quantile,0.2,2
2026-09-26,24,2,wk inc rsv hosp,2026-10-10,quantile,0.25,3
2026-09-26,24,2,wk inc rsv hosp,2026-10-10,quantile,0.3,3
2026-09-26,24,2,wk inc rsv hosp,2026-10-10,quantile,0.35,4
2026-09-26,24,2,wk inc rsv hosp,2026-10-10,quantile,0.4,4
2026-09-26,24,2,wk inc rsv hosp,2026-10-10,quantile,0.45,5
2026-09-26,24,2,wk inc rsv hosp,2026-10-10,quantile,0.5,5
2026-09-26,24,2,wk inc rsv hosp,2026-10-10,quantile,0.55,6
2026-09-26,24,2,wk inc rsv hosp,2026-10-10,quantile,0.6,6
2026-09-26,24,2,wk inc rsv hosp,2026-10-10,quantile,0.65,7
2026-09-26,24,2,wk inc rsv hosp,2026-10-10,quantile,0.7,7
2026-09-26,24,2,wk inc rsv hosp,2026-10-10,quantile,0.75,7
2026-09-26,24,2,wk inc rsv hosp,2026-10-10,quantile,0.8,8
2026-09-26,24,2,wk inc rsv hosp,2026-10-10,quantile,0.85,9
2026-09-26,24,2,wk inc rsv hosp,2026-10-10,quantile,0.9,11
2026-09-26,24,2,wk inc rsv hosp,2026-10-10,quantile,0.95,15
2026-09-26,24,2,wk inc rsv hosp,2026-10-10,quantile,0.975,17
2026-09-26,24,2,wk inc rsv hosp,2026-10-10,quantile,0.99,19
2026-09-26,24,3,wk inc rsv hosp,2026-10-17,quantile,0.01,0
2026-09-26,24,3,wk inc rsv hosp,2026-10-17,quantile,0.025,0
2026-09-26,24,3,wk inc rsv hosp,2026-10-17,quantile,0.05,0.5
2026-09-26,24,3,wk inc rsv hosp,2026-10-17,quantile,0.1,1.5
2026-09-26,24,3,wk inc rsv hosp,2026-10-17,quantile,0.15,1.5
2026-09-26,24,3,wk inc rsv hosp,2026-10-17,quantile,0.2,2.5
2026-09-26,24,3,wk inc rsv hosp,2026-10-17,quantile,0.25,3
2026-09-26,24,3,wk inc rsv hosp,2026-10-17,quantile,0.3,3.5
2026-09-26,24,3,wk inc rsv hosp,2026-10-17,quantile,0.35,4
2026-09-26,24,3,wk inc rsv hosp,2026-10-17,quantile,0.4,5
2026-09-26,24,3,wk inc rsv hosp,2026-10-17,quantile,0.45,6
2026-09-26,24,3,wk inc rsv hosp,2026-10-17,quantile,0.5,6.5
2026-09-26,24,3,wk inc rsv hosp,2026-10-17,quantile,0.55,7.5
2026-09-26,24,3,wk inc rsv hosp,2026-10-17,quantile,0.6,9
2026-09-26,24,3,wk inc rsv hosp,2026-10-17,quantile,0.65,10
2026-09-26,24,3,wk inc rsv hosp,2026-10-17,quantile,0.7,11
2026-09-26,24,3,wk inc rsv hosp,2026-10-17,quantile,0.75,13.5
2026-09-26,24,3,wk inc rsv hosp,2026-10-17,quantile,0.8,16.5
2026-09-26,24,3,wk inc rsv hosp,2026-10-17,quantile,0.85,20.5
2026-09-26,24,3,wk inc rsv hosp,2026-10-17,quantile,0.9,27.5
2026-09-26,24,3,wk inc rsv hosp,2026-10-17,quantile,0.95,45.5
2026-09-26,24,3,wk inc rsv hosp,2026-10-17,quantile,0.975,62.5
2026-09-26,24,3,wk inc rsv hosp,2026-10-17,quantile,0.99,100.5
2026-09-26,25,-1,wk inc rsv hosp,2026-09-19,quantile,0.01,0
2026-09-26,25,-1,wk inc rsv hosp,2026-09-19,quantile,0.025,0.5
2026-09-26,25,-1,wk inc rsv hosp,2026-09-19,quantile,0.05,1.5
2026-09-26,25,-1,wk inc rsv hosp,2026-09-19,quantile,0.1,2
2026-09-26,25,-1,wk inc rsv hosp,2026-09-19,quantile,0.15,2
2026-09-26,25,-1,wk inc rsv hosp,2026-09-19,quantile,0.2,3
2026-09-26,25,-1,wk inc rsv hosp,2026-09-19,quantile,0.25,3
2026-09-26,25,-1,wk inc rsv hosp,2026-09-19,quantile,0.3,3
2026-09-26,25,-1,wk inc rsv hosp,2026-09-19,quantile,0.35,3.5
2026-09-26,25,-1,wk inc rsv hosp,2026-09-19,quantile,0.4,3.5
2026-09-26,25,-1,wk inc rsv hosp,2026-09-19,quantile,0.45,4
2026-09-26,25,-1,wk inc rsv hosp,2026-09-19,quantile,0.5,4
2026-09-26,25,-1,wk inc rsv hosp,2026-09-19,quantile,0.55,4.5
2026-09-26,25,-1,wk inc rsv hosp,2026-09-19,quantile,0.6,5
2026-09-26,25,-1,wk inc rsv hosp,2026-09-19,quantile,0.65,5
2026-09-26,25,-1,wk inc rsv hosp,2026-09-19,quantile,0.7,5
2026-09-26,25,-1,wk inc rsv hosp,2026-09-19,quantile,0.75,6
2026-09-26,25,-1,wk inc rsv hosp,2026-09-19,quantile,0.8,6
2026-09-26,25,-1,wk inc rsv hosp,2026-09-19,quantile,0.85,7
2026-09-26,25,-1,wk inc rsv hosp,2026-09-19,quantile,0.9,7
2026-09-26,25,-1,wk inc rsv hosp,2026-09-19,quantile,0.95,8
2026-09-26,25,-1,wk inc rsv hosp,2026-09-19,quantile,0.975,9.5
2026-09-26,25,-1,wk inc rsv hosp,2026-09-19,quantile,0.99,10.5
2026-09-26,25,0,wk inc rsv hosp,2026-09-26,quantile,0.01,0
2026-09-26,25,0,wk inc rsv hosp,2026-09-26,quantile,0.025,0
2026-09-26,25,0,wk inc rsv hosp,2026-09-26,quantile,0.05,1
2026-09-26,25,0,wk inc rsv hosp,2026-09-26,quantile,0.1,1
2026-09-26,25,0,wk inc rsv hosp,2026-09-26,quantile,0.15,2
2026-09-26,25,0,wk inc rsv hosp,2026-09-26,quantile,0.2,2
2026-09-26,25,0,wk inc rsv hosp,2026-09-26,quantile,0.25,3
2026-09-26,25,0,wk inc rsv hosp,2026-09-26,quantile,0.3,4
2026-09-26,25,0,wk inc rsv hosp,2026-09-26,quantile,0.35,4
2026-09-26,25,0,wk inc rsv hosp,2026-09-26,quantile,0.4,5
2026-09-26,25,0,wk inc rsv hosp,2026-09-26,quantile,0.45,5
2026-09-26,25,0,wk inc rsv hosp,2026-09-26,quantile,0.5,6
2026-09-26,25,0,wk inc rsv hosp,2026-09-26,quantile,0.55,6
2026-09-26,25,0,wk inc rsv hosp,2026-09-26,quantile,0.6,7
2026-09-26,25,0,wk inc rsv hosp,2026-09-26,quantile,0.65,7
2026-09-26,25,0,wk inc rsv hosp,2026-09-26,quantile,0.7,8
2026-09-26,25,0,wk inc rsv hosp,2026-09-26,quantile,0.75,9
2026-09-26,25,0,wk inc rsv hosp,2026-09-26,quantile,0.8,10
2026-09-26,25,0,wk inc rsv hosp,2026-09-26,quantile,0.85,11
2026-09-26,25,0,wk inc rsv hosp,2026-09-26,quantile,0.9,12
2026-09-26,25,0,wk inc rsv hosp,2026-09-26,quantile,0.95,14
2026-09-26,25,0,wk inc rsv hosp,2026-09-26,quantile,0.975,15
2026-09-26,25,0,wk inc rsv hosp,2026-09-26,quantile,0.99,18
2026-09-26,25,1,wk inc rsv hosp,2026-10-03,quantile,0.01,0
2026-09-26,25,1,wk inc rsv hosp,2026-10-03,quantile,0.025,0
2026-09-26,25,1,wk inc rsv hosp,2026-10-03,quantile,0.05,1
2026-09-26,25,1,wk inc rsv hosp,2026-10-03,quantile,0.1,1
2026-09-26,25,1,wk inc rsv hosp,2026-10-03,quantile,0.15,2
2026-09-26,25,1,wk inc rsv hosp,2026-10-03,quantile,0.2,3
2026-09-26,25,1,wk inc rsv hosp,2026-10-03,quantile,0.25,3
2026-09-26,25,1,wk inc rsv hosp,2026-10-03,quantile,0.3,4
2026-09-26,25,1,wk inc rsv hosp,2026-10-03,quantile,0.35,4
2026-09-26,25,1,wk inc rsv hosp,2026-10-03,quantile,0.4,5
2026-09-26,25,1,wk inc rsv hosp,2026-10-03,quantile,0.45,6
2026-09-26,25,1,wk inc rsv hosp,2026-10-03,quantile,0.5,6
2026-09-26,25,1,wk inc rsv hosp,2026-10-03,quantile,0.55,7
2026-09-26,25,1,wk inc rsv hosp,2026-10-03,quantile,0.6,8
2026-09-26,25,1,wk inc rsv hosp,2026-10-03,quantile,0.65,8
2026-09-26,25,1,wk inc rsv hosp,2026-10-03,quantile,0.7,9
2026-09-26,25,1,wk inc rsv hosp,2026-10-03,quantile,0.75,10
2026-09-26,25,1,wk inc rsv hosp,2026-10-03,quantile,0.8,11
2026-09-26,25,1,wk inc rsv hosp,2026-10-03,quantile,0.85,12
2026-09-26,25,1,wk inc rsv hosp,2026-10-03,quantile,0.9,14
2026-09-26,25,1,wk inc rsv hosp,2026-10-03,quantile,0.95,16
2026-09-26,25,1,wk inc rsv hosp,2026-10-03,quantile,0.975,19
2026-09-26,25,1,wk inc rsv hosp,2026-10-03,quantile,0.99,20
2026-09-26,25,2,wk inc rsv hosp,2026-10-10,quantile,0.01,0
2026-09-26,25,2,wk inc rsv hosp,2026-10-10,quantile,0.025,0
2026-09-26,25,2,wk inc rsv hosp,2026-10-10,quantile,0.05,0
2026-09-26,25,2,wk inc rsv hosp,2026-10-10,quantile,0.1,1
2026-09-26,25,2,wk inc rsv hosp,2026-10-10,quantile,0.15,2
2026-09-26,25,2,wk inc rsv hosp,2026-10-10,quantile,0.2,3
2026-09-26,25,2,wk inc rsv hosp,2026-10-10,quantile,0.25,3
2026-09-26,25,2,wk inc rsv hosp,2026-10-10,quantile,0.3,4
2026-09-26,25,2,wk inc rsv hosp,2026-10-10,quantile,0.35,5
2026-09-26,25,2,wk inc rsv hosp,2026-10-10,quantile,0.4,5
2026-09-26,25,2,wk inc rsv hosp,2026-10-10,quantile,0.45,6
2026-09-26,25,2,wk inc rsv hosp,2026-10-10,quantile,0.5,7
2026-09-26,25,2,wk inc rsv hosp,2026-10-10,quantile,0.55,8
2026-09-26,25,2,wk inc rsv hosp,2026-10-10,quantile,0.6,9
2026-09-26,25,2,wk inc rsv hosp,2026-10-10,quantile,0.65,9
2026-09-26,25,2,wk inc rsv hosp,2026-10-10,quantile,0.7,10
2026-09-26,25,2,wk inc rsv hosp,2026-10-10,quantile,0.75,11
2026-09-26,25,2,wk inc rsv hosp,2026-10-10,quantile,0.8,12
2026-09-26,25,2,wk inc rsv hosp,2026-10-10,quantile,0.85,14
2026-09-26,25,2,wk inc rsv hosp,2026-10-10,quantile,0.9,16
2026-09-26,25,2,wk inc rsv hosp,2026-10-10,quantile,0.95,19
2026-09-26,25,2,wk inc rsv hosp,2026-10-10,quantile,0.975,22
2026-09-26,25,2,wk inc rsv hosp,2026-10-10,quantile,0.99,29
2026-09-26,25,3,wk inc rsv hosp,2026-10-17,quantile,0.01,0
2026-09-26,25,3,wk inc rsv hosp,2026-10-17,quantile,0.025,0
2026-09-26,25,3,wk inc rsv hosp,2026-10-17,quantile,0.05,0.5
2026-09-26,25,3,wk inc rsv hosp,2026-10-17,quantile,0.1,1
2026-09-26,25,3,wk inc rsv hosp,2026-10-17,quantile,0.15,2
2026-09-26,25,3,wk inc rsv hosp,2026-10-17,quantile,0.2,2.5
2026-09-26,25,3,wk inc rsv hosp,2026-10-17,quantile,0.25,3
2026-09-26,25,3,wk inc rsv hosp,2026-10-17,quantile,0.3,4
2026-09-26,25,3,wk inc rsv hosp,2026-10-17,quantile,0.35,5
2026-09-26,25,3,wk inc rsv hosp,2026-10-17,quantile,0.4,5.5
2026-09-26,25,3,wk inc rsv hosp,2026-10-17,quantile,0.45,6.5
2026-09-26,25,3,wk inc rsv hosp,2026-10-17,quantile,0.5,7.5
2026-09-26,25,3,wk inc rsv hosp,2026-10-17,quantile,0.55,8.5
2026-09-26,25,3,wk inc rsv hosp,2026-10-17,quantile,0.6,9.5
2026-09-26,25,3,wk inc rsv hosp,2026-10-17,quantile,0.65,10.5
2026-09-26,25,3,wk inc rsv hosp,2026-10-17,quantile,0.7,12.5
2026-09-26,25,3,wk inc rsv hosp,2026-10-17,quantile,0.75,14.5
2026-09-26,25,3,wk inc rsv hosp,2026-10-17,quantile,0.8,17.5
2026-09-26,25,3,wk inc rsv hosp,2026-10-17,quantile,0.85,21.5
2026-09-26,25,3,wk inc rsv hosp,2026-10-17,quantile,0.9,27
2026-09-26,25,3,wk inc rsv hosp,2026-10-17,quantile,0.95,44.5
2026-09-26,25,3,wk inc rsv hosp,2026-10-17,quantile,0.975,68
2026-09-26,25,3,wk inc rsv hosp,2026-10-17,quantile,0.99,100
2026-09-26,26,-1,wk inc rsv hosp,2026-09-19,quantile,0.01,0
2026-09-26,26,-1,wk inc rsv hosp,2026-09-19,quantile,0.025,0
2026-09-26,26,-1,wk inc rsv hosp,2026-09-19,quantile,0.05,0
2026-09-26,26,-1,wk inc rsv hosp,2026-09-19,quantile,0.1,0.5
2026-09-26,26,-1,wk inc rsv hosp,2026-09-19,quantile,0.15,1
2026-09-26,26,-1,wk inc rsv hosp,2026-09-19,quantile,0.2,2
2026-09-26,26,-1,wk inc rsv hosp,2026-09-19,quantile,0.25,2.5
2026-09-26,26,-1,wk inc rsv hosp,2026-09-19,quantile,0.3,3
2026-09-26,26,-1,wk inc rsv hosp,2026-09-19,quantile,0.35,4
2026-09-26,26,-1,wk inc rsv hosp,2026-09-19,quantile,0.4,4
2026-09-26,26,-1,wk inc rsv hosp,2026-09-19,quantile,0.45,4.5
2026-09-26,26,-1,wk inc rsv hosp,2026-09-19,quantile,0.5,5
2026-09-26,26,-1,wk inc rsv hosp,2026-09-19,quantile,0.55,5.5
2026-09-26,26,-1,wk inc rsv hosp,2026-09-19,quantile,0.6,6
2026-09-26,26,-1,wk inc rsv hosp,2026-09-19,quantile,0.65,6.5
2026-09-26,26,-1,wk inc rsv hosp,2026-09-19,quantile,0.7,7
2026-09-26,26,-1,wk inc rsv hosp,2026-09-19,quantile,0.75,8.5
2026-09-26,26,-1,wk inc rsv hosp,2026-09-19,quantile,0.8,10
2026-09-26,26,-1,wk inc rsv hosp,2026-09-19,quantile,0.85,12
2026-09-26,26,-1,wk inc rsv hosp,2026-09-19,quantile,0.9,14
2026-09-26,26,-1,wk inc rsv hosp,2026-09-19,quantile,0.95,18.5
2026-09-26,26,-1,wk inc rsv hosp,2026-09-19,quantile,0.975,23
2026-09-26,26,-1,wk inc rsv hosp,2026-09-19,quantile,0.99,34.004999999999995
2026-09-26,26,0,wk inc rsv hosp,2026-09-26,quantile,0.01,0
2026-09-26,26,0,wk inc rsv hosp,2026-09-26,quantile,0.025,0
2026-09-26,26,0,wk inc rsv hosp,2026-09-26,quantile,0.05,0
2026-09-26,26,0,wk inc rsv hosp,2026-09-26,quantile,0.1,1
2026-09-26,26,0,wk inc rsv hosp,2026-09-26,quantile,0.15,1
2026-09-26,26,0,wk inc rsv hosp,2026-09-26,quantile,0.2,3
2026-09-26,26,0,wk inc rsv hosp,2026-09-26,quantile,0.25,4
2026-09-26,26,0,wk inc rsv hosp,2026-09-26,quantile,0.3,4
2026-09-26,26,0,wk inc rsv hosp,2026-09-26,quantile,0.35,5
2026-09-26,26,0,wk inc rsv hosp,2026-09-26,quantile,0.4,5
2026-09-26,26,0,wk inc rsv hosp,2026-09-26,quantile,0.45,6
2026-09-26,26,0,wk inc rsv hosp,2026-09-26,quantile,0.5,7
2026-09-26,26,0,wk inc rsv hosp,2026-09-26,quantile,0.55,8
2026-09-26,26,0,wk inc rsv hosp,2026-09-26,quantile,0.6,9
2026-09-26,26,0,wk inc rsv hosp,2026-09-26,quantile,0.65,11
2026-09-26,26,0,wk inc rsv hosp,2026-09-26,quantile,0.7,12
2026-09-26,26,0,wk inc rsv hosp,2026-09-26,quantile,0.75,14
2026-09-26,26,0,wk inc rsv hosp,2026-09-26,quantile,0.8,16
2026-09-26,26,0,wk inc rsv hosp,2026-09-26,quantile,0.85,19
2026-09-26,26,0,wk inc rsv hosp,2026-09-26,quantile,0.9,23
2026-09-26,26,0,wk inc rsv hosp,2026-09-26,quantile,0.95,33
2026-09-26,26,0,wk inc rsv hosp,2026-09-26,quantile,0.975,43
2026-09-26,26,0,wk inc rsv hosp,2026-09-26,quantile,0.99,54
2026-09-26,26,1,wk inc rsv hosp,2026-10-03,quantile,0.01,0
2026-09-26,26,1,wk inc rsv hosp,2026-10-03,quantile,0.025,0
2026-09-26,26,1,wk inc rsv hosp,2026-10-03,quantile,0.05,0
2026-09-26,26,1,wk inc rsv hosp,2026-10-03,quantile,0.1,1
2026-09-26,26,1,wk inc rsv hosp,2026-10-03,quantile,0.15,1
2026-09-26,26,1,wk inc rsv hosp,2026-10-03,quantile,0.2,3
2026-09-26,26,1,wk inc rsv hosp,2026-10-03,quantile,0.25,3
2026-09-26,26,1,wk inc rsv hosp,2026-10-03,quantile,0.3,4
2026-09-26,26,1,wk inc rsv hosp,2026-10-03,quantile,0.35,4
2026-09-26,26,1,wk inc rsv hosp,2026-10-03,quantile,0.4,5
2026-09-26,26,1,wk inc rsv hosp,2026-10-03,quantile,0.45,6
2026-09-26,26,1,wk inc rsv hosp,2026-10-03,quantile,0.5,7
2026-09-26,26,1,wk inc rsv hosp,2026-10-03,quantile,0.55,8
2026-09-26,26,1,wk inc rsv hosp,2026-10-03,quantile,0.6,9
2026-09-26,26,1,wk inc rsv hosp,2026-10-03,quantile,0.65,11
2026-09-26,26,1,wk inc rsv hosp,2026-10-03,quantile,0.7,12
2026-09-26,26,1,wk inc rsv hosp,2026-10-03,quantile,0.75,14
2026-09-26,26,1,wk inc rsv hosp,2026-10-03,quantile,0.8,17
2026-09-26,26,1,wk inc rsv hosp,2026-10-03,quantile,0.85,20.149999999999864
2026-09-26,26,1,wk inc rsv hosp,2026-10-03,quantile,0.9,28
2026-09-26,26,1,wk inc rsv hosp,2026-10-03,quantile,0.95,39
2026-09-26,26,1,wk inc rsv hosp,2026-10-03,quantile,0.975,52
2026-09-26,26,1,wk inc rsv hosp,2026-10-03,quantile,0.99,69
2026-09-26,26,2,wk inc rsv hosp,2026-10-10,quantile,0.01,0
2026-09-26,26,2,wk inc rsv hosp,2026-10-10,quantile,0.025,0
2026-09-26,26,2,wk inc rsv hosp,2026-10-10,quantile,0.05,0
2026-09-26,26,2,wk inc rsv hosp,2026-10-10,quantile,0.1,1
2026-09-26,26,2,wk inc rsv hosp,2026-10-10,quantile,0.15,2
2026-09-26,26,2,wk inc rsv hosp,2026-10-10,quantile,0.2,2
2026-09-26,26,2,wk inc rsv hosp,2026-10-10,quantile,0.25,3
2026-09-26,26,2,wk inc rsv hosp,2026-10-10,quantile,0.3,4
2026-09-26,26,2,wk inc rsv hosp,2026-10-10,quantile,0.35,5
2026-09-26,26,2,wk inc rsv hosp,2026-10-10,quantile,0.4,6
2026-09-26,26,2,wk inc rsv hosp,2026-10-10,quantile,0.45,7
2026-09-26,26,2,wk inc rsv hosp,2026-10-10,quantile,0.5,8
2026-09-26,26,2,wk inc rsv hosp,2026-10-10,quantile,0.55,9
2026-09-26,26,2,wk inc rsv hosp,2026-10-10,quantile,0.6,11
2026-09-26,26,2,wk inc rsv hosp,2026-10-10,quantile,0.65,13
2026-09-26,26,2,wk inc rsv hosp,2026-10-10,quantile,0.7,15
2026-09-26,26,2,wk inc rsv hosp,2026-10-10,quantile,0.75,17
2026-09-26,26,2,wk inc rsv hosp,2026-10-10,quantile,0.8,20
2026-09-26,26,2,wk inc rsv hosp,2026-10-10,quantile,0.85,26
2026-09-26,26,2,wk inc rsv hosp,2026-10-10,quantile,0.9,34
2026-09-26,26,2,wk inc rsv hosp,2026-10-10,quantile,0.95,52
2026-09-26,26,2,wk inc rsv hosp,2026-10-10,quantile,0.975,74
2026-09-26,26,2,wk inc rsv hosp,2026-10-10,quantile,0.99,101.01999999999998
2026-09-26,26,3,wk inc rsv hosp,2026-10-17,quantile,0.01,0
2026-09-26,26,3,wk inc rsv hosp,2026-10-17,quantile,0.025,0
2026-09-26,26,3,wk inc rsv hosp,2026-10-17,quantile,0.05,0
2026-09-26,26,3,wk inc rsv hosp,2026-10-17,quantile,0.1,0.5
2026-09-26,26,3,wk inc rsv hosp,2026-10-17,quantile,0.15,0.5
2026-09-26,26,3,wk inc rsv hosp,2026-10-17,quantile,0.2,7
2026-09-26,26,3,wk inc rsv hosp,2026-10-17,quantile,0.25,12
2026-09-26,26,3,wk inc rsv hosp,2026-10-17,quantile,0.3,19.5
2026-09-26,26,3,wk inc rsv hosp,2026-10-17,quantile,0.35,25.5
2026-09-26,26,3,wk inc rsv hosp,2026-10-17,quantile,0.4,32.5
2026-09-26,26,3,wk inc rsv hosp,2026-10-17,quantile,0.45,42
2026-09-26,26,3,wk inc rsv hosp,2026-10-17,quantile,0.5,56
2026-09-26,26,3,wk inc rsv hosp,2026-10-17,quantile,0.55,69.5
2026-09-26,26,3,wk inc rsv hosp,2026-10-17,quantile,0.6,87
2026-09-26,26,3,wk inc rsv hosp,2026-10-17,quantile,0.65,111.5
2026-09-26,26,3,wk inc rsv hosp,2026-10-17,quantile,0.7,151.5
2026-09-26,26,3,wk inc rsv hosp,2026-10-17,quantile,0.75,214.5
2026-09-26,26,3,wk inc rsv hosp,2026-10-17,quantile,0.8,286
2026-09-26,26,3,wk inc rsv hosp,2026-10-17,quantile,0.85,430
2026-09-26,26,3,wk inc rsv hosp,2026-10-17,quantile,0.9,625
2026-09-26,26,3,wk inc rsv hosp,2026-10-17,quantile,0.95,983
2026-09-26,26,3,wk inc rsv hosp,2026-10-17,quantile,0.975,1187.5
2026-09-26,26,3,wk inc rsv hosp,2026-10-17,quantile,0.99,1436
2026-09-26,27,-1,wk inc rsv hosp,2026-09-19,quantile,0.01,0
2026-09-26,27,-1,wk inc rsv hosp,2026-09-19,quantile,0.025,0
2026-09-26,27,-1,wk inc rsv hosp,2026-09-19,quantile,0.05,0
2026-09-26,27,-1,wk inc rsv hosp,2026-09-19,quantile,0.1,0
2026-09-26,27,-1,wk inc rsv hosp,2026-09-19,quantile,0.15,0
2026-09-26,27,-1,wk inc rsv hosp,2026-09-19,quantile,0.2,0
2026-09-26,27,-1,wk inc rsv hosp,2026-09-19,quantile,0.25,0
2026-09-26,27,-1,wk inc rsv hosp,2026-09-19,quantile,0.3,0
2026-09-26,27,-1,wk inc rsv hosp,2026-09-19,quantile,0.35,0
2026-09-26,27,-1,wk inc rsv hosp,2026-09-19,quantile,0.4,0
2026-09-26,27,-1,wk inc rsv hosp,2026-09-19,quantile,0.45,0
2026-09-26,27,-1,wk inc rsv hosp,2026-09-19,quantile,0.5,0
2026-09-26,27,-1,wk inc rsv hosp,2026-09-19,quantile,0.55,0
2026-09-26,27,-1,wk inc rsv hosp,2026-09-19,quantile,0.6,0
2026-09-26,27,-1,wk inc rsv hosp,2026-09-19,quantile,0.65,0.5
2026-09-26,27,-1,wk inc rsv hosp,2026-09-19,quantile,0.7,0.5
2026-09-26,27,-1,wk inc rsv hosp,2026-09-19,quantile,0.75,0.5
2026-09-26,27,-1,wk inc rsv hosp,2026-09-19,quantile,0.8,0.5
2026-09-26,27,-1,wk inc rsv hosp,2026-09-19,quantile,0.85,0.5
2026-09-26,27,-1,wk inc rsv hosp,2026-09-19,quantile,0.9,0.5
2026-09-26,27,-1,wk inc rsv hosp,2026-09-19,quantile,0.95,1.5
2026-09-26,27,-1,wk inc rsv hosp,2026-09-19,quantile,0.975,1.5
2026-09-26,27,-1,wk inc rsv hosp,2026-09-19,quantile,0.99,2.5
2026-09-26,27,0,wk inc rsv hosp,2026-09-26,quantile,0.01,0
2026-09-26,27,0,wk inc rsv hosp,2026-09-26,quantile,0.025,0
2026-09-26,27,0,wk inc rsv hosp,2026-09-26,quantile,0.05,0
2026-09-26,27,0,wk inc rsv hosp,2026-09-26,quantile,0.1,0
2026-09-26,27,0,wk inc rsv hosp,2026-09-26,quantile,0.15,0
2026-09-26,27,0,wk inc rsv hosp,2026-09-26,quantile,0.2,0
2026-09-26,27,0,wk inc rsv hosp,2026-09-26,quantile,0.25,0
2026-09-26,27,0,wk inc rsv hosp,2026-09-26,quantile,0.3,0
2026-09-26,27,0,wk inc rsv hosp,2026-09-26,quantile,0.35,0
2026-09-26,27,0,wk inc rsv hosp,2026-09-26,quantile,0.4,0
2026-09-26,27,0,wk inc rsv hosp,2026-09-26,quantile,0.45,0
2026-09-26,27,0,wk inc rsv hosp,2026-09-26,quantile,0.5,0
2026-09-26,27,0,wk inc rsv hosp,2026-09-26,quantile,0.55,0
2026-09-26,27,0,wk inc rsv hosp,2026-09-26,quantile,0.6,0
2026-09-26,27,0,wk inc rsv hosp,2026-09-26,quantile,0.65,0
2026-09-26,27,0,wk inc rsv hosp,2026-09-26,quantile,0.7,1
2026-09-26,27,0,wk inc rsv hosp,2026-09-26,quantile,0.75,1
2026-09-26,27,0,wk inc rsv hosp,2026-09-26,quantile,0.8,1
2026-09-26,27,0,wk inc rsv hosp,2026-09-26,quantile,0.85,1
2026-09-26,27,0,wk inc rsv hosp,2026-09-26,quantile,0.9,1
2026-09-26,27,0,wk inc rsv hosp,2026-09-26,quantile,0.95,2
2026-09-26,27,0,wk inc rsv hosp,2026-09-26,quantile,0.975,2
2026-09-26,27,0,wk inc rsv hosp,2026-09-26,quantile,0.99,4
2026-09-26,27,1,wk inc rsv hosp,2026-10-03,quantile,0.01,0
2026-09-26,27,1,wk inc rsv hosp,2026-10-03,quantile,0.025,0
2026-09-26,27,1,wk inc rsv hosp,2026-10-03,quantile,0.05,0
2026-09-26,27,1,wk inc rsv hosp,2026-10-03,quantile,0.1,0
2026-09-26,27,1,wk inc rsv hosp,2026-10-03,quantile,0.15,0
2026-09-26,27,1,wk inc rsv hosp,2026-10-03,quantile,0.2,0
2026-09-26,27,1,wk inc rsv hosp,2026-10-03,quantile,0.25,0
2026-09-26,27,1,wk inc rsv hosp,2026-10-03,quantile,0.3,0
2026-09-26,27,1,wk inc rsv hosp,2026-10-03,quantile,0.35,0
2026-09-26,27,1,wk inc rsv hosp,2026-10-03,quantile,0.4,0
2026-09-26,27,1,wk inc rsv hosp,2026-10-03,quantile,0.45,0
2026-09-26,27,1,wk inc rsv hosp,2026-10-03,quantile,0.5,0
2026-09-26,27,1,wk inc rsv hosp,2026-10-03,quantile,0.55,0
2026-09-26,27,1,wk inc rsv hosp,2026-10-03,quantile,0.6,0
2026-09-26,27,1,wk inc rsv hosp,2026-10-03,quantile,0.65,0
2026-09-26,27,1,wk inc rsv hosp,2026-10-03,quantile,0.7,0
2026-09-26,27,1,wk inc rsv hosp,2026-10-03,quantile,0.75,1
2026-09-26,27,1,wk inc rsv hosp,2026-10-03,quantile,0.8,1
2026-09-26,27,1,wk inc rsv hosp,2026-10-03,quantile,0.85,1
2026-09-26,27,1,wk inc rsv hosp,2026-10-03,quantile,0.9,1
2026-09-26,27,1,wk inc rsv hosp,2026-10-03,quantile,0.95,2
2026-09-26,27,1,wk inc rsv hosp,2026-10-03,quantile,0.975,2
2026-09-26,27,1,wk inc rsv hosp,2026-10-03,quantile,0.99,7
2026-09-26,27,2,wk inc rsv hosp,2026-10-10,quantile,0.01,0
2026-09-26,27,2,wk inc rsv hosp,2026-10-10,quantile,0.025,0
2026-09-26,27,2,wk inc rsv hosp,2026-10-10,quantile,0.05,0
2026-09-26,27,2,wk inc rsv hosp,2026-10-10,quantile,0.1,0
2026-09-26,27,2,wk inc rsv hosp,2026-10-10,quantile,0.15,0
2026-09-26,27,2,wk inc rsv hosp,2026-10-10,quantile,0.2,0
2026-09-26,27,2,wk inc rsv hosp,2026-10-10,quantile,0.25,0
2026-09-26,27,2,wk inc rsv hosp,2026-10-10,quantile,0.3,0
2026-09-26,27,2,wk inc rsv hosp,2026-10-10,quantile,0.35,0
2026-09-26,27,2,wk inc rsv hosp,2026-10-10,quantile,0.4,0
2026-09-26,27,2,wk inc rsv hosp,2026-10-10,quantile,0.45,0
2026-09-26,27,2,wk inc rsv hosp,2026-10-10,quantile,0.5,0
2026-09-26,27,2,wk inc rsv hosp,2026-10-10,quantile,0.55,0
2026-09-26,27,2,wk inc rsv hosp,2026-10-10,quantile,0.6,0
2026-09-26,27,2,wk inc rsv hosp,2026-10-10,quantile,0.65,0
2026-09-26,27,2,wk inc rsv hosp,2026-10-10,quantile,0.7,0
2026-09-26,27,2,wk inc rsv hosp,2026-10-10,quantile,0.75,0
2026-09-26,27,2,wk inc rsv hosp,2026-10-10,quantile,0.8,1
2026-09-26,27,2,wk inc rsv hosp,2026-10-10,quantile,0.85,1
2026-09-26,27,2,wk inc rsv hosp,2026-10-10,quantile,0.9,1
2026-09-26,27,2,wk inc rsv hosp,2026-10-10,quantile,0.95,2
2026-09-26,27,2,wk inc rsv hosp,2026-10-10,quantile,0.975,5
2026-09-26,27,2,wk inc rsv hosp,2026-10-10,quantile,0.99,9
2026-09-26,27,3,wk inc rsv hosp,2026-10-17,quantile,0.01,0
2026-09-26,27,3,wk inc rsv hosp,2026-10-17,quantile,0.025,0.5
2026-09-26,27,3,wk inc rsv hosp,2026-10-17,quantile,0.05,0.5
2026-09-26,27,3,wk inc rsv hosp,2026-10-17,quantile,0.1,0.5
2026-09-26,27,3,wk inc rsv hosp,2026-10-17,quantile,0.15,1
2026-09-26,27,3,wk inc rsv hosp,2026-10-17,quantile,0.2,1
2026-09-26,27,3,wk inc rsv hosp,2026-10-17,quantile,0.25,1
2026-09-26,27,3,wk inc rsv hosp,2026-10-17,quantile,0.3,1.5
2026-09-26,27,3,wk inc rsv hosp,2026-10-17,quantile,0.35,1.5
2026-09-26,27,3,wk inc rsv hosp,2026-10-17,quantile,0.4,1.5
2026-09-26,27,3,wk inc rsv hosp,2026-10-17,quantile,0.45,1.5
2026-09-26,27,3,wk inc rsv hosp,2026-10-17,quantile,0.5,2
2026-09-26,27,3,wk inc rsv hosp,2026-10-17,quantile,0.55,2
2026-09-26,27,3,wk inc rsv hosp,2026-10-17,quantile,0.6,2
2026-09-26,27,3,wk inc rsv hosp,2026-10-17,quantile,0.65,2.5
2026-09-26,27,3,wk inc rsv hosp,2026-10-17,quantile,0.7,2.5
2026-09-26,27,3,wk inc rsv hosp,2026-10-17,quantile,0.75,3
2026-09-26,27,3,wk inc rsv hosp,2026-10-17,quantile,0.8,3
2026-09-26,27,3,wk inc rsv hosp,2026-10-17,quantile,0.85,3.5
2026-09-26,27,3,wk inc rsv hosp,2026-10-17,quantile,0.9,4
2026-09-26,27,3,wk inc rsv hosp,2026-10-17,quantile,0.95,6.5
2026-09-26,27,3,wk inc rsv hosp,2026-10-17,quantile,0.975,9
2026-09-26,27,3,wk inc rsv hosp,2026-10-17,quantile,0.99,15.5
2026-09-26,28,-1,wk inc rsv hosp,2026-09-19,quantile,0.01,0.5
2026-09-26,28,-1,wk inc rsv hosp,2026-09-19,quantile,0.025,1.5
2026-09-26,28,-1,wk inc rsv hosp,2026-09-19,quantile,0.05,1.5
2026-09-26,28,-1,wk inc rsv hosp,2026-09-19,quantile,0.1,2.5
2026-09-26,28,-1,wk inc rsv hosp,2026-09-19,quantile,0.15,2.5
2026-09-26,28,-1,wk inc rsv hosp,2026-09-19,quantile,0.2,3
2026-09-26,28,-1,wk inc rsv hosp,2026-09-19,quantile,0.25,3.5
2026-09-26,28,-1,wk inc rsv hosp,2026-09-19,quantile,0.3,3.5
2026-09-26,28,-1,wk inc rsv hosp,2026-09-19,quantile,0.35,3.5
2026-09-26,28,-1,wk inc rsv hosp,2026-09-19,quantile,0.4,3.5
2026-09-26,28,-1,wk inc rsv hosp,2026-09-19,quantile,0.45,4.5
2026-09-26,28,-1,wk inc rsv hosp,2026-09-19,quantile,0.5,4.5
2026-09-26,28,-1,wk inc rsv hosp,2026-09-19,quantile,0.55,4.5
2026-09-26,28,-1,wk inc rsv hosp,2026-09-19,quantile,0.6,5
2026-09-26,28,-1,wk inc rsv hosp,2026-09-19,quantile,0.65,5.5
2026-09-26,28,-1,wk inc rsv hosp,2026-09-19,quantile,0.7,5.5
2026-09-26,28,-1,wk inc rsv hosp,2026-09-19,quantile,0.75,6
2026-09-26,28,-1,wk inc rsv hosp,2026-09-19,quantile,0.8,6
2026-09-26,28,-1,wk inc rsv hosp,2026-09-19,quantile,0.85,7
2026-09-26,28,-1,wk inc rsv hosp,2026-09-19,quantile,0.9,7
2026-09-26,28,-1,wk inc rsv hosp,2026-09-19,quantile,0.95,8
2026-09-26,28,-1,wk inc rsv hosp,2026-09-19,quantile,0.975,9.5
2026-09-26,28,-1,wk inc rsv hosp,2026-09-19,quantile,0.99,11
2026-09-26,28,0,wk inc rsv hosp,2026-09-26,quantile,0.01,0
2026-09-26,28,0,wk inc rsv hosp,2026-09-26,quantile,0.025,1
2026-09-26,28,0,wk inc rsv hosp,2026-09-26,quantile,0.05,1
2026-09-26,28,0,wk inc rsv hosp,2026-09-26,quantile,0.1,2
2026-09-26,28,0,wk inc rsv hosp,2026-09-26,quantile,0.15,2
2026-09-26,28,0,wk inc rsv hosp,2026-09-26,quantile,0.2,3
2026-09-26,28,0,wk inc rsv hosp,2026-09-26,quantile,0.25,3
2026-09-26,28,0,wk inc rsv hosp,2026-09-26,quantile,0.3,4
2026-09-26,28,0,wk inc rsv hosp,2026-09-26,quantile,0.35,4
2026-09-26,28,0,wk inc rsv hosp,2026-09-26,quantile,0.4,4
2026-09-26,28,0,wk inc rsv hosp,2026-09-26,quantile,0.45,5
2026-09-26,28,0,wk inc rsv hosp,2026-09-26,quantile,0.5,5
2026-09-26,28,0,wk inc rsv hosp,2026-09-26,quantile,0.55,6
2026-09-26,28,0,wk inc rsv hosp,2026-09-26,quantile,0.6,6
2026-09-26,28,0,wk inc rsv hosp,2026-09-26,quantile,0.65,7
2026-09-26,28,0,wk inc rsv hosp,2026-09-26,quantile,0.7,7
2026-09-26,28,0,wk inc rsv hosp,2026-09-26,quantile,0.75,7
2026-09-26,28,0,wk inc rsv hosp,2026-09-26,quantile,0.8,7
2026-09-26,28,0,wk inc rsv hosp,2026-09-26,quantile,0.85,8
2026-09-26,28,0,wk inc rsv hosp,2026-09-26,quantile,0.9,8
2026-09-26,28,0,wk inc rsv hosp,2026-09-26,quantile,0.95,10
2026-09-26,28,0,wk inc rsv hosp,2026-09-26,quantile,0.975,11
2026-09-26,28,0,wk inc rsv hosp,2026-09-26,quantile,0.99,13
2026-09-26,28,1,wk inc rsv hosp,2026-10-03,quantile,0.01,0
2026-09-26,28,1,wk inc rsv hosp,2026-10-03,quantile,0.025,1
2026-09-26,28,1,wk inc rsv hosp,2026-10-03,quantile,0.05,1
2026-09-26,28,1,wk inc rsv hosp,2026-10-03,quantile,0.1,2
2026-09-26,28,1,wk inc rsv hosp,2026-10-03,quantile,0.15,2
2026-09-26,28,1,wk inc rsv hosp,2026-10-03,quantile,0.2,3
2026-09-26,28,1,wk inc rsv hosp,2026-10-03,quantile,0.25,3
2026-09-26,28,1,wk inc rsv hosp,2026-10-03,quantile,0.3,4
2026-09-26,28,1,wk inc rsv hosp,2026-10-03,quantile,0.35,4
2026-09-26,28,1,wk inc rsv hosp,2026-10-03,quantile,0.4,5
2026-09-26,28,1,wk inc rsv hosp,2026-10-03,quantile,0.45,6
2026-09-26,28,1,wk inc rsv hosp,2026-10-03,quantile,0.5,6
2026-09-26,28,1,wk inc rsv hosp,2026-10-03,quantile,0.55,7
2026-09-26,28,1,wk inc rsv hosp,2026-10-03,quantile,0.6,7
2026-09-26,28,1,wk inc rsv hosp,2026-10-03,quantile,0.65,8
2026-09-26,28,1,wk inc rsv hosp,2026-10-03,quantile,0.7,9
2026-09-26,28,1,wk inc rsv hosp,2026-10-03,quantile,0.75,10
2026-09-26,28,1,wk inc rsv hosp,2026-10-03,quantile,0.8,10
2026-09-26,28,1,wk inc rsv hosp,2026-10-03,quantile,0.85,11
2026-09-26,28,1,wk inc rsv hosp,2026-10-03,quantile,0.9,12
2026-09-26,28,1,wk inc rsv hosp,2026-10-03,quantile,0.95,13
2026-09-26,28,1,wk inc rsv hosp,2026-10-03,quantile,0.975,14
2026-09-26,28,1,wk inc rsv hosp,2026-10-03,quantile,0.99,15
2026-09-26,28,2,wk inc rsv hosp,2026-10-10,quantile,0.01,0
2026-09-26,28,2,wk inc rsv hosp,2026-10-10,quantile,0.025,0
2026-09-26,28,2,wk inc rsv hosp,2026-10-10,quantile,0.05,1
2026-09-26,28,2,wk inc rsv hosp,2026-10-10,quantile,0.1,2
2026-09-26,28,2,wk inc rsv hosp,2026-10-10,quantile,0.15,2
2026-09-26,28,2,wk inc rsv hosp,2026-10-10,quantile,0.2,3
2026-09-26,28,2,wk inc rsv hosp,2026-10-10,quantile,0.25,3
2026-09-26,28,2,wk inc rsv hosp,2026-10-10,quantile,0.3,4
2026-09-26,28,2,wk inc rsv hosp,2026-10-10,quantile,0.35,4
2026-09-26,28,2,wk inc rsv hosp,2026-10-10,quantile,0.4,5
2026-09-26,28,2,wk inc rsv hosp,2026-10-10,quantile,0.45,6
2026-09-26,28,2,wk inc rsv hosp,2026-10-10,quantile,0.5,7
2026-09-26,28,2,wk inc rsv hosp,2026-10-10,quantile,0.55,8
2026-09-26,28,2,wk inc rsv hosp,2026-10-10,quantile,0.6,9
2026-09-26,28,2,wk inc rsv hosp,2026-10-10,quantile,0.65,10
2026-09-26,28,2,wk inc rsv hosp,2026-10-10,quantile,0.7,12
2026-09-26,28,2,wk inc rsv hosp,2026-10-10,quantile,0.75,14
2026-09-26,28,2,wk inc rsv hosp,2026-10-10,quantile,0.8,15
2026-09-26,28,2,wk inc rsv hosp,2026-10-10,quantile,0.85,16
2026-09-26,28,2,wk inc rsv hosp,2026-10-10,quantile,0.9,18
2026-09-26,28,2,wk inc rsv hosp,2026-10-10,quantile,0.95,20
2026-09-26,28,2,wk inc rsv hosp,2026-10-10,quantile,0.975,23
2026-09-26,28,2,wk inc rsv hosp,2026-10-10,quantile,0.99,25
2026-09-26,28,3,wk inc rsv hosp,2026-10-17,quantile,0.01,2.5
2026-09-26,28,3,wk inc rsv hosp,2026-10-17,quantile,0.025,2.5
2026-09-26,28,3,wk inc rsv hosp,2026-10-17,quantile,0.05,3
2026-09-26,28,3,wk inc rsv hosp,2026-10-17,quantile,0.1,4
2026-09-26,28,3,wk inc rsv hosp,2026-10-17,quantile,0.15,5
2026-09-26,28,3,wk inc rsv hosp,2026-10-17,quantile,0.2,6
2026-09-26,28,3,wk inc rsv hosp,2026-10-17,quantile,0.25,7
2026-09-26,28,3,wk inc rsv hosp,2026-10-17,quantile,0.3,7
2026-09-26,28,3,wk inc rsv hosp,2026-10-17,quantile,0.35,8
2026-09-26,28,3,wk inc rsv hosp,2026-10-17,quantile,0.4,9
2026-09-26,28,3,wk inc rsv hosp,2026-10-17,quantile,0.45,10
2026-09-26,28,3,wk inc rsv hosp,2026-10-17,quantile,0.5,11
2026-09-26,28,3,wk inc rsv hosp,2026-10-17,quantile,0.55,12.5
2026-09-26,28,3,wk inc rsv hosp,2026-10-17,quantile,0.6,13.5
2026-09-26,28,3,wk inc rsv hosp,2026-10-17,quantile,0.65,15
2026-09-26,28,3,wk inc rsv hosp,2026-10-17,quantile,0.7,17
2026-09-26,28,3,wk inc rsv hosp,2026-10-17,quantile,0.75,18.5
2026-09-26,28,3,wk inc rsv hosp,2026-10-17,quantile,0.8,22
2026-09-26,28,3,wk inc rsv hosp,2026-10-17,quantile,0.85,26
2026-09-26,28,3,wk inc rsv hosp,2026-10-17,quantile,0.9,33.5
2026-09-26,28,3,wk inc rsv hosp,2026-10-17,quantile,0.95,53.5
2026-09-26,28,3,wk inc rsv hosp,2026-10-17,quantile,0.975,70.5
2026-09-26,28,3,wk inc rsv hosp,2026-10-17,quantile,0.99,105.5
2026-09-26,29,-1,wk inc rsv hosp,2026-09-19,quantile,0.01,0
2026-09-26,29,-1,wk inc rsv hosp,2026-09-19,quantile,0.025,0
2026-09-26,29,-1,wk inc rsv hosp,2026-09-19,quantile,0.05,0
2026-09-26,29,-1,wk inc rsv hosp,2026-09-19,quantile,0.1,0
2026-09-26,29,-1,wk inc rsv hosp,2026-09-19,quantile,0.15,0.5
2026-09-26,29,-1,wk inc rsv hosp,2026-09-19,quantile,0.2,1
2026-09-26,29,-1,wk inc rsv hosp,2026-09-19,quantile,0.25,1
2026-09-26,29,-1,wk inc rsv hosp,2026-09-19,quantile,0.3,1
2026-09-26,29,-1,wk inc rsv hosp,2026-09-19,quantile,0.35,1
2026-09-26,29,-1,wk inc rsv hosp,2026-09-19,quantile,0.4,1
2026-09-26,29,-1,wk inc rsv hosp,2026-09-19,quantile,0.45,1.5
2026-09-26,29,-1,wk inc rsv hosp,2026-09-19,quantile,0.5,2
2026-09-26,29,-1,wk inc rsv hosp,2026-09-19,quantile,0.55,2
2026-09-26,29,-1,wk inc rsv hosp,2026-09-19,quantile,0.6,2
2026-09-26,29,-1,wk inc rsv hosp,2026-09-19,quantile,0.65,2
2026-09-26,29,-1,wk inc rsv hosp,2026-09-19,quantile,0.7,2.5
2026-09-26,29,-1,wk inc rsv hosp,2026-09-19,quantile,0.75,3
2026-09-26,29,-1,wk inc rsv hosp,2026-09-19,quantile,0.8,3
2026-09-26,29,-1,wk inc rsv hosp,2026-09-19,quantile,0.85,4
2026-09-26,29,-1,wk inc rsv hosp,2026-09-19,quantile,0.9,4
2026-09-26,29,-1,wk inc rsv hosp,2026-09-19,quantile,0.95,5
2026-09-26,29,-1,wk inc rsv hosp,2026-09-19,quantile,0.975,6
2026-09-26,29,-1,wk inc rsv hosp,2026-09-19,quantile,0.99,7
2026-09-26,29,0,wk inc rsv hosp,2026-09-26,quantile,0.01,0
2026-09-26,29,0,wk inc rsv hosp,2026-09-26,quantile,0.025,0
2026-09-26,29,0,wk inc rsv hosp,2026-09-26,quantile,0.05,0
2026-09-26,29,0,wk inc rsv hosp,2026-09-26,quantile,0.1,0
2026-09-26,29,0,wk inc rsv hosp,2026-09-26,quantile,0.15,0
2026-09-26,29,0,wk inc rsv hosp,2026-09-26,quantile,0.2,1
2026-09-26,29,0,wk inc rsv hosp,2026-09-26,quantile,0.25,1
2026-09-26,29,0,wk inc rsv hosp,2026-09-26,quantile,0.3,1
2026-09-26,29,0,wk inc rsv hosp,2026-09-26,quantile,0.35,1
2026-09-26,29,0,wk inc rsv hosp,2026-09-26,quantile,0.4,1
2026-09-26,29,0,wk inc rsv hosp,2026-09-26,quantile,0.45,2
2026-09-26,29,0,wk inc rsv hosp,2026-09-26,quantile,0.5,2
2026-09-26,29,0,wk inc rsv hosp,2026-09-26,quantile,0.55,2
2026-09-26,29,0,wk inc rsv hosp,2026-09-26,quantile,0.6,3
2026-09-26,29,0,wk inc rsv hosp,2026-09-26,quantile,0.65,3
2026-09-26,29,0,wk inc rsv hosp,2026-09-26,quantile,0.7,4
2026-09-26,29,0,wk inc rsv hosp,2026-09-26,quantile,0.75,4
2026-09-26,29,0,wk inc rsv hosp,2026-09-26,quantile,0.8,5
2026-09-26,29,0,wk inc rsv hosp,2026-09-26,quantile,0.85,6
2026-09-26,29,0,wk inc rsv hosp,2026-09-26,quantile,0.9,7
2026-09-26,29,0,wk inc rsv hosp,2026-09-26,quantile,0.95,9
2026-09-26,29,0,wk inc rsv hosp,2026-09-26,quantile,0.975,9
2026-09-26,29,0,wk inc rsv hosp,2026-09-26,quantile,0.99,10
2026-09-26,29,1,wk inc rsv hosp,2026-10-03,quantile,0.01,0
2026-09-26,29,1,wk inc rsv hosp,2026-10-03,quantile,0.025,0
2026-09-26,29,1,wk inc rsv hosp,2026-10-03,quantile,0.05,0
2026-09-26,29,1,wk inc rsv hosp,2026-10-03,quantile,0.1,0
2026-09-26,29,1,wk inc rsv hosp,2026-10-03,quantile,0.15,0
2026-09-26,29,1,wk inc rsv hosp,2026-10-03,quantile,0.2,1
2026-09-26,29,1,wk inc rsv hosp,2026-10-03,quantile,0.25,1
2026-09-26,29,1,wk inc rsv hosp,2026-10-03,quantile,0.3,1
2026-09-26,29,1,wk inc rsv hosp,2026-10-03,quantile,0.35,1
2026-09-26,29,1,wk inc rsv hosp,2026-10-03,quantile,0.4,1
2026-09-26,29,1,wk inc rsv hosp,2026-10-03,quantile,0.45,2
2026-09-26,29,1,wk inc rsv hosp,2026-10-03,quantile,0.5,2
2026-09-26,29,1,wk inc rsv hosp,2026-10-03,quantile,0.55,3
2026-09-26,29,1,wk inc rsv hosp,2026-10-03,quantile,0.6,3
2026-09-26,29,1,wk inc rsv hosp,2026-10-03,quantile,0.65,4
2026-09-26,29,1,wk inc rsv hosp,2026-10-03,quantile,0.7,5
2026-09-26,29,1,wk inc rsv hosp,2026-10-03,quantile,0.75,5
2026-09-26,29,1,wk inc rsv hosp,2026-10-03,quantile,0.8,6
2026-09-26,29,1,wk inc rsv hosp,2026-10-03,quantile,0.85,8
2026-09-26,29,1,wk inc rsv hosp,2026-10-03,quantile,0.9,9
2026-09-26,29,1,wk inc rsv hosp,2026-10-03,quantile,0.95,9
2026-09-26,29,1,wk inc rsv hosp,2026-10-03,quantile,0.975,12
2026-09-26,29,1,wk inc rsv hosp,2026-10-03,quantile,0.99,14
2026-09-26,29,2,wk inc rsv hosp,2026-10-10,quantile,0.01,0
2026-09-26,29,2,wk inc rsv hosp,2026-10-10,quantile,0.025,0
2026-09-26,29,2,wk inc rsv hosp,2026-10-10,quantile,0.05,0
2026-09-26,29,2,wk inc rsv hosp,2026-10-10,quantile,0.1,0
2026-09-26,29,2,wk inc rsv hosp,2026-10-10,quantile,0.15,0
2026-09-26,29,2,wk inc rsv hosp,2026-10-10,quantile,0.2,0
2026-09-26,29,2,wk inc rsv hosp,2026-10-10,quantile,0.25,1
2026-09-26,29,2,wk inc rsv hosp,2026-10-10,quantile,0.3,1
2026-09-26,29,2,wk inc rsv hosp,2026-10-10,quantile,0.35,1
2026-09-26,29,2,wk inc rsv hosp,2026-10-10,quantile,0.4,1
2026-09-26,29,2,wk inc rsv hosp,2026-10-10,quantile,0.45,2
2026-09-26,29,2,wk inc rsv hosp,2026-10-10,quantile,0.5,2
2026-09-26,29,2,wk inc rsv hosp,2026-10-10,quantile,0.55,3
2026-09-26,29,2,wk inc rsv hosp,2026-10-10,quantile,0.6,4
2026-09-26,29,2,wk inc rsv hosp,2026-10-10,quantile,0.65,4
2026-09-26,29,2,wk inc rsv hosp,2026-10-10,quantile,0.7,5
2026-09-26,29,2,wk inc rsv hosp,2026-10-10,quantile,0.75,6
2026-09-26,29,2,wk inc rsv hosp,2026-10-10,quantile,0.8,7
2026-09-26,29,2,wk inc rsv hosp,2026-10-10,quantile,0.85,8
2026-09-26,29,2,wk inc rsv hosp,2026-10-10,quantile,0.9,9
2026-09-26,29,2,wk inc rsv hosp,2026-10-10,quantile,0.95,12
2026-09-26,29,2,wk inc rsv hosp,2026-10-10,quantile,0.975,14
2026-09-26,29,2,wk inc rsv hosp,2026-10-10,quantile,0.99,15
2026-09-26,29,3,wk inc rsv hosp,2026-10-17,quantile,0.01,0
2026-09-26,29,3,wk inc rsv hosp,2026-10-17,quantile,0.025,0
2026-09-26,29,3,wk inc rsv hosp,2026-10-17,quantile,0.05,0
2026-09-26,29,3,wk inc rsv hosp,2026-10-17,quantile,0.1,0.5
2026-09-26,29,3,wk inc rsv hosp,2026-10-17,quantile,0.15,0.5
2026-09-26,29,3,wk inc rsv hosp,2026-10-17,quantile,0.2,0.5
2026-09-26,29,3,wk inc rsv hosp,2026-10-17,quantile,0.25,1
2026-09-26,29,3,wk inc rsv hosp,2026-10-17,quantile,0.3,1.5
2026-09-26,29,3,wk inc rsv hosp,2026-10-17,quantile,0.35,2
2026-09-26,29,3,wk inc rsv hosp,2026-10-17,quantile,0.4,2.5
2026-09-26,29,3,wk inc rsv hosp,2026-10-17,quantile,0.45,2.5
2026-09-26,29,3,wk inc rsv hosp,2026-10-17,quantile,0.5,3
2026-09-26,29,3,wk inc rsv hosp,2026-10-17,quantile,0.55,4
2026-09-26,29,3,wk inc rsv hosp,2026-10-17,quantile,0.6,5
2026-09-26,29,3,wk inc rsv hosp,2026-10-17,quantile,0.65,5.5
2026-09-26,29,3,wk inc rsv hosp,2026-10-17,quantile,0.7,6.5
2026-09-26,29,3,wk inc rsv hosp,2026-10-17,quantile,0.75,8.5
2026-09-26,29,3,wk inc rsv hosp,2026-10-17,quantile,0.8,10.5
2026-09-26,29,3,wk inc rsv hosp,2026-10-17,quantile,0.85,13.5
2026-09-26,29,3,wk inc rsv hosp,2026-10-17,quantile,0.9,19
2026-09-26,29,3,wk inc rsv hosp,2026-10-17,quantile,0.95,29.5
2026-09-26,29,3,wk inc rsv hosp,2026-10-17,quantile,0.975,46
2026-09-26,29,3,wk inc rsv hosp,2026-10-17,quantile,0.99,60
2026-09-26,30,-1,wk inc rsv hosp,2026-09-19,quantile,0.01,0
2026-09-26,30,-1,wk inc rsv hosp,2026-09-19,quantile,0.025,0
2026-09-26,30,-1,wk inc rsv hosp,2026-09-19,quantile,0.05,0
2026-09-26,30,-1,wk inc rsv hosp,2026-09-19,quantile,0.1,0
2026-09-26,30,-1,wk inc rsv hosp,2026-09-19,quantile,0.15,0
2026-09-26,30,-1,wk inc rsv hosp,2026-09-19,quantile,0.2,0
2026-09-26,30,-1,wk inc rsv hosp,2026-09-19,quantile,0.25,0
2026-09-26,30,-1,wk inc rsv hosp,2026-09-19,quantile,0.3,0
2026-09-26,30,-1,wk inc rsv hosp,2026-09-19,quantile,0.35,0
2026-09-26,30,-1,wk inc rsv hosp,2026-09-19,quantile,0.4,0
2026-09-26,30,-1,wk inc rsv hosp,2026-09-19,quantile,0.45,0
2026-09-26,30,-1,wk inc rsv hosp,2026-09-19,quantile,0.5,0
2026-09-26,30,-1,wk inc rsv hosp,2026-09-19,quantile,0.55,0
2026-09-26,30,-1,wk inc rsv hosp,2026-09-19,quantile,0.6,0
2026-09-26,30,-1,wk inc rsv hosp,2026-09-19,quantile,0.65,0
2026-09-26,30,-1,wk inc rsv hosp,2026-09-19,quantile,0.7,0
2026-09-26,30,-1,wk inc rsv hosp,2026-09-19,quantile,0.75,0
2026-09-26,30,-1,wk inc rsv hosp,2026-09-19,quantile,0.8,0.5
2026-09-26,30,-1,wk inc rsv hosp,2026-09-19,quantile,0.85,0.5
2026-09-26,30,-1,wk inc rsv hosp,2026-09-19,quantile,0.9,1
2026-09-26,30,-1,wk inc rsv hosp,2026-09-19,quantile,0.95,1
2026-09-26,30,-1,wk inc rsv hosp,2026-09-19,quantile,0.975,1.5
2026-09-26,30,-1,wk inc rsv hosp,2026-09-19,quantile,0.99,2.5
2026-09-26,30,0,wk inc rsv hosp,2026-09-26,quantile,0.01,0
2026-09-26,30,0,wk inc rsv hosp,2026-09-26,quantile,0.025,0
2026-09-26,30,0,wk inc rsv hosp,2026-09-26,quantile,0.05,0
2026-09-26,30,0,wk inc rsv hosp,2026-09-26,quantile,0.1,0
2026-09-26,30,0,wk inc rsv hosp,2026-09-26,quantile,0.15,0
2026-09-26,30,0,wk inc rsv hosp,2026-09-26,quantile,0.2,0
2026-09-26,30,0,wk inc rsv hosp,2026-09-26,quantile,0.25,0
2026-09-26,30,0,wk inc rsv hosp,2026-09-26,quantile,0.3,0
2026-09-26,30,0,wk inc rsv hosp,2026-09-26,quantile,0.35,0
2026-09-26,30,0,wk inc rsv hosp,2026-09-26,quantile,0.4,0
2026-09-26,30,0,wk inc rsv hosp,2026-09-26,quantile,0.45,0
2026-09-26,30,0,wk inc rsv hosp,2026-09-26,quantile,0.5,0
2026-09-26,30,0,wk inc rsv hosp,2026-09-26,quantile,0.55,0
2026-09-26,30,0,wk inc rsv hosp,2026-09-26,quantile,0.6,0
2026-09-26,30,0,wk inc rsv hosp,2026-09-26,quantile,0.65,0
2026-09-26,30,0,wk inc rsv hosp,2026-09-26,quantile,0.7,1
2026-09-26,30,0,wk inc rsv hosp,2026-09-26,quantile,0.75,1
2026-09-26,30,0,wk inc rsv hosp,2026-09-26,quantile,0.8,1
2026-09-26,30,0,wk inc rsv hosp,2026-09-26,quantile,0.85,1
2026-09-26,30,0,wk inc rsv hosp,2026-09-26,quantile,0.9,2
2026-09-26,30,0,wk inc rsv hosp,2026-09-26,quantile,0.95,3
2026-09-26,30,0,wk inc rsv hosp,2026-09-26,quantile,0.975,4
2026-09-26,30,0,wk inc rsv hosp,2026-09-26,quantile,0.99,4
2026-09-26,30,1,wk inc rsv hosp,2026-10-03,quantile,0.01,0
2026-09-26,30,1,wk inc rsv hosp,2026-10-03,quantile,0.025,0
2026-09-26,30,1,wk inc rsv hosp,2026-10-03,quantile,0.05,0
2026-09-26,30,1,wk inc rsv hosp,2026-10-03,quantile,0.1,0
2026-09-26,30,1,wk inc rsv hosp,2026-10-03,quantile,0.15,0
2026-09-26,30,1,wk inc rsv hosp,2026-10-03,quantile,0.2,0
2026-09-26,30,1,wk inc rsv hosp,2026-10-03,quantile,0.25,0
2026-09-26,30,1,wk inc rsv hosp,2026-10-03,quantile,0.3,0
2026-09-26,30,1,wk inc rsv hosp,2026-10-03,quantile,0.35,0
2026-09-26,30,1,wk inc rsv hosp,2026-10-03,quantile,0.4,0
2026-09-26,30,1,wk inc rsv hosp,2026-10-03,quantile,0.45,0
2026-09-26,30,1,wk inc rsv hosp,2026-10-03,quantile,0.5,0
2026-09-26,30,1,wk inc rsv hosp,2026-10-03,quantile,0.55,0
2026-09-26,30,1,wk inc rsv hosp,2026-10-03,quantile,0.6,0
2026-09-26,30,1,wk inc rsv hosp,2026-10-03,quantile,0.65,1
2026-09-26,30,1,wk inc rsv hosp,2026-10-03,quantile,0.7,1
2026-09-26,30,1,wk inc rsv hosp,2026-10-03,quantile,0.75,1
2026-09-26,30,1,wk inc rsv hosp,2026-10-03,quantile,0.8,2
2026-09-26,30,1,wk inc rsv hosp,2026-10-03,quantile,0.85,2
2026-09-26,30,1,wk inc rsv hosp,2026-10-03,quantile,0.9,3
2026-09-26,30,1,wk inc rsv hosp,2026-10-03,quantile,0.95,4
2026-09-26,30,1,wk inc rsv hosp,2026-10-03,quantile,0.975,5
2026-09-26,30,1,wk inc rsv hosp,2026-10-03,quantile,0.99,6
2026-09-26,30,2,wk inc rsv hosp,2026-10-10,quantile,0.01,0
2026-09-26,30,2,wk inc rsv hosp,2026-10-10,quantile,0.025,0
2026-09-26,30,2,wk inc rsv hosp,2026-10-10,quantile,0.05,0
2026-09-26,30,2,wk inc rsv hosp,2026-10-10,quantile,0.1,0
2026-09-26,30,2,wk inc rsv hosp,2026-10-10,quantile,0.15,0
2026-09-26,30,2,wk inc rsv hosp,2026-10-10,quantile,0.2,0
2026-09-26,30,2,wk inc rsv hosp,2026-10-10,quantile,0.25,0
2026-09-26,30,2,wk inc rsv hosp,2026-10-10,quantile,0.3,0
2026-09-26,30,2,wk inc rsv hosp,2026-10-10,quantile,0.35,0
2026-09-26,30,2,wk inc rsv hosp,2026-10-10,quantile,0.4,0
2026-09-26,30,2,wk inc rsv hosp,2026-10-10,quantile,0.45,0
2026-09-26,30,2,wk inc rsv hosp,2026-10-10,quantile,0.5,0
2026-09-26,30,2,wk inc rsv hosp,2026-10-10,quantile,0.55,0
2026-09-26,30,2,wk inc rsv hosp,2026-10-10,quantile,0.6,0
2026-09-26,30,2,wk inc rsv hosp,2026-10-10,quantile,0.65,1
2026-09-26,30,2,wk inc rsv hosp,2026-10-10,quantile,0.7,1
2026-09-26,30,2,wk inc rsv hosp,2026-10-10,quantile,0.75,1
2026-09-26,30,2,wk inc rsv hosp,2026-10-10,quantile,0.8,2
2026-09-26,30,2,wk inc rsv hosp,2026-10-10,quantile,0.85,3
2026-09-26,30,2,wk inc rsv hosp,2026-10-10,quantile,0.9,4
2026-09-26,30,2,wk inc rsv hosp,2026-10-10,quantile,0.95,5
2026-09-26,30,2,wk inc rsv hosp,2026-10-10,quantile,0.975,6
2026-09-26,30,2,wk inc rsv hosp,2026-10-10,quantile,0.99,8
2026-09-26,30,3,wk inc rsv hosp,2026-10-17,quantile,0.01,0
2026-09-26,30,3,wk inc rsv hosp,2026-10-17,quantile,0.025,0
2026-09-26,30,3,wk inc rsv hosp,2026-10-17,quantile,0.05,0
2026-09-26,30,3,wk inc rsv hosp,2026-10-17,quantile,0.1,0
2026-09-26,30,3,wk inc rsv hosp,2026-10-17,quantile,0.15,0.5
2026-09-26,30,3,wk inc rsv hosp,2026-10-17,quantile,0.2,0.5
2026-09-26,30,3,wk inc rsv hosp,2026-10-17,quantile,0.25,0.5
2026-09-26,30,3,wk inc rsv hosp,2026-10-17,quantile,0.3,0.5
2026-09-26,30,3,wk inc rsv hosp,2026-10-17,quantile,0.35,0.5
2026-09-26,30,3,wk inc rsv hosp,2026-10-17,quantile,0.4,0.5
2026-09-26,30,3,wk inc rsv hosp,2026-10-17,quantile,0.45,1
2026-09-26,30,3,wk inc rsv hosp,2026-10-17,quantile,0.5,1
2026-09-26,30,3,wk inc rsv hosp,2026-10-17,quantile,0.55,1
2026-09-26,30,3,wk inc rsv hosp,2026-10-17,quantile,0.6,1.5
2026-09-26,30,3,wk inc rsv hosp,2026-10-17,quantile,0.65,1.5
2026-09-26,30,3,wk inc rsv hosp,2026-10-17,quantile,0.7,2
2026-09-26,30,3,wk inc rsv hosp,2026-10-17,quantile,0.75,2.5
2026-09-26,30,3,wk inc rsv hosp,2026-10-17,quantile,0.8,3
2026-09-26,30,3,wk inc rsv hosp,2026-10-17,quantile,0.85,4
2026-09-26,30,3,wk inc rsv hosp,2026-10-17,quantile,0.9,4.5
2026-09-26,30,3,wk inc rsv hosp,2026-10-17,quantile,0.95,7.5
2026-09-26,30,3,wk inc rsv hosp,2026-10-17,quantile,0.975,14
2026-09-26,30,3,wk inc rsv hosp,2026-10-17,quantile,0.99,27
2026-09-26,31,-1,wk inc rsv hosp,2026-09-19,quantile,0.01,0
2026-09-26,31,-1,wk inc rsv hosp,2026-09-19,quantile,0.025,0.5
2026-09-26,31,-1,wk inc rsv hosp,2026-09-19,quantile,0.05,0.5
2026-09-26,31,-1,wk inc rsv hosp,2026-09-19,quantile,0.1,1
2026-09-26,31,-1,wk inc rsv hosp,2026-09-19,quantile,0.15,1
2026-09-26,31,-1,wk inc rsv hosp,2026-09-19,quantile,0.2,1
2026-09-26,31,-1,wk inc rsv hosp,2026-09-19,quantile,0.25,1
2026-09-26,31,-1,wk inc rsv hosp,2026-09-19,quantile,0.3,1
2026-09-26,31,-1,wk inc rsv hosp,2026-09-19,quantile,0.35,1
2026-09-26,31,-1,wk inc rsv hosp,2026-09-19,quantile,0.4,1
2026-09-26,31,-1,wk inc rsv hosp,2026-09-19,quantile,0.45,1
2026-09-26,31,-1,wk inc rsv hosp,2026-09-19,quantile,0.5,1
2026-09-26,31,-1,wk inc rsv hosp,2026-09-19,quantile,0.55,1.5
2026-09-26,31,-1,wk inc rsv hosp,2026-09-19,quantile,0.6,1.5
2026-09-26,31,-1,wk inc rsv hosp,2026-09-19,quantile,0.65,1.5
2026-09-26,31,-1,wk inc rsv hosp,2026-09-19,quantile,0.7,1.5
2026-09-26,31,-1,wk inc rsv hosp,2026-09-19,quantile,0.75,1.5
2026-09-26,31,-1,wk inc rsv hosp,2026-09-19,quantile,0.8,1.5
2026-09-26,31,-1,wk inc rsv hosp,2026-09-19,quantile,0.85,2
2026-09-26,31,-1,wk inc rsv hosp,2026-09-19,quantile,0.9,2
2026-09-26,31,-1,wk inc rsv hosp,2026-09-19,quantile,0.95,2.5249999999999773
2026-09-26,31,-1,wk inc rsv hosp,2026-09-19,quantile,0.975,3.5
2026-09-26,31,-1,wk inc rsv hosp,2026-09-19,quantile,0.99,4.5
2026-09-26,31,0,wk inc rsv hosp,2026-09-26,quantile,0.01,0
2026-09-26,31,0,wk inc rsv hosp,2026-09-26,quantile,0.025,0
2026-09-26,31,0,wk inc rsv hosp,2026-09-26,quantile,0.05,0
2026-09-26,31,0,wk inc rsv hosp,2026-09-26,quantile,0.1,0
2026-09-26,31,0,wk inc rsv hosp,2026-09-26,quantile,0.15,0
2026-09-26,31,0,wk inc rsv hosp,2026-09-26,quantile,0.2,1
2026-09-26,31,0,wk inc rsv hosp,2026-09-26,quantile,0.25,1
2026-09-26,31,0,wk inc rsv hosp,2026-09-26,quantile,0.3,1
2026-09-26,31,0,wk inc rsv hosp,2026-09-26,quantile,0.35,1
2026-09-26,31,0,wk inc rsv hosp,2026-09-26,quantile,0.4,2
2026-09-26,31,0,wk inc rsv hosp,2026-09-26,quantile,0.45,2
2026-09-26,31,0,wk inc rsv hosp,2026-09-26,quantile,0.5,2
2026-09-26,31,0,wk inc rsv hosp,2026-09-26,quantile,0.55,2
2026-09-26,31,0,wk inc rsv hosp,2026-09-26,quantile,0.6,3
2026-09-26,31,0,wk inc rsv hosp,2026-09-26,quantile,0.65,3
2026-09-26,31,0,wk inc rsv hosp,2026-09-26,quantile,0.7,3
2026-09-26,31,0,wk inc rsv hosp,2026-09-26,quantile,0.75,3
2026-09-26,31,0,wk inc rsv hosp,2026-09-26,quantile,0.8,4
2026-09-26,31,0,wk inc rsv hosp,2026-09-26,quantile,0.85,4
2026-09-26,31,0,wk inc rsv hosp,2026-09-26,quantile,0.9,5
2026-09-26,31,0,wk inc rsv hosp,2026-09-26,quantile,0.95,6
2026-09-26,31,0,wk inc rsv hosp,2026-09-26,quantile,0.975,8
2026-09-26,31,0,wk inc rsv hosp,2026-09-26,quantile,0.99,9
2026-09-26,31,1,wk inc rsv hosp,2026-10-03,quantile,0.01,0
2026-09-26,31,1,wk inc rsv hosp,2026-10-03,quantile,0.025,0
2026-09-26,31,1,wk inc rsv hosp,2026-10-03,quantile,0.05,0
2026-09-26,31,1,wk inc rsv hosp,2026-10-03,quantile,0.1,0
2026-09-26,31,1,wk inc rsv hosp,2026-10-03,quantile,0.15,1
2026-09-26,31,1,wk inc rsv hosp,2026-10-03,quantile,0.2,1
2026-09-26,31,1,wk inc rsv hosp,2026-10-03,quantile,0.25,1
2026-09-26,31,1,wk inc rsv hosp,2026-10-03,quantile,0.3,1
2026-09-26,31,1,wk inc rsv hosp,2026-10-03,quantile,0.35,2
2026-09-26,31,1,wk inc rsv hosp,2026-10-03,quantile,0.4,2
2026-09-26,31,1,wk inc rsv hosp,2026-10-03,quantile,0.45,2
2026-09-26,31,1,wk inc rsv hosp,2026-10-03,quantile,0.5,2
2026-09-26,31,1,wk inc rsv hosp,2026-10-03,quantile,0.55,3
2026-09-26,31,1,wk inc rsv hosp,2026-10-03,quantile,0.6,3
2026-09-26,31,1,wk inc rsv hosp,2026-10-03,quantile,0.65,3
2026-09-26,31,1,wk inc rsv hosp,2026-10-03,quantile,0.7,4
2026-09-26,31,1,wk inc rsv hosp,2026-10-03,quantile,0.75,4
2026-09-26,31,1,wk inc rsv hosp,2026-10-03,quantile,0.8,5
2026-09-26,31,1,wk inc rsv hosp,2026-10-03,quantile,0.85,5
2026-09-26,31,1,wk inc rsv hosp,2026-10-03,quantile,0.9,6
2026-09-26,31,1,wk inc rsv hosp,2026-10-03,quantile,0.95,8
2026-09-26,31,1,wk inc rsv hosp,2026-10-03,quantile,0.975,9
2026-09-26,31,1,wk inc rsv hosp,2026-10-03,quantile,0.99,11
2026-09-26,31,2,wk inc rsv hosp,2026-10-10,quantile,0.01,0
2026-09-26,31,2,wk inc rsv hosp,2026-10-10,quantile,0.025,0
2026-09-26,31,2,wk inc rsv hosp,2026-10-10,quantile,0.05,0
2026-09-26,31,2,wk inc rsv hosp,2026-10-10,quantile,0.1,0
2026-09-26,31,2,wk inc rsv hosp,2026-10-10,quantile,0.15,1
2026-09-26,31,2,wk inc rsv hosp,2026-10-10,quantile,0.2,1
2026-09-26,31,2,wk inc rsv hosp,2026-10-10,quantile,0.25,1
2026-09-26,31,2,wk inc rsv hosp,2026-10-10,quantile,0.3,2
2026-09-26,31,2,wk inc rsv hosp,2026-10-10,quantile,0.35,2
2026-09-26,31,2,wk inc rsv hosp,2026-10-10,quantile,0.4,2
2026-09-26,31,2,wk inc rsv hosp,2026-10-10,quantile,0.45,2
2026-09-26,31,2,wk inc rsv hosp,2026-10-10,quantile,0.5,2
2026-09-26,31,2,wk inc rsv hosp,2026-10-10,quantile,0.55,3
2026-09-26,31,2,wk inc rsv hosp,2026-10-10,quantile,0.6,3
2026-09-26,31,2,wk inc rsv hosp,2026-10-10,quantile,0.65,4
2026-09-26,31,2,wk inc rsv hosp,2026-10-10,quantile,0.7,4
2026-09-26,31,2,wk inc rsv hosp,2026-10-10,quantile,0.75,5
2026-09-26,31,2,wk inc rsv hosp,2026-10-10,quantile,0.8,5
2026-09-26,31,2,wk inc rsv hosp,2026-10-10,quantile,0.85,6
2026-09-26,31,2,wk inc rsv hosp,2026-10-10,quantile,0.9,8
2026-09-26,31,2,wk inc rsv hosp,2026-10-10,quantile,0.95,9
2026-09-26,31,2,wk inc rsv hosp,2026-10-10,quantile,0.975,16
2026-09-26,31,2,wk inc rsv hosp,2026-10-10,quantile,0.99,27
2026-09-26,31,3,wk inc rsv hosp,2026-10-17,quantile,0.01,0
2026-09-26,31,3,wk inc rsv hosp,2026-10-17,quantile,0.025,0
2026-09-26,31,3,wk inc rsv hosp,2026-10-17,quantile,0.05,0
2026-09-26,31,3,wk inc rsv hosp,2026-10-17,quantile,0.1,0
2026-09-26,31,3,wk inc rsv hosp,2026-10-17,quantile,0.15,1
2026-09-26,31,3,wk inc rsv hosp,2026-10-17,quantile,0.2,1
2026-09-26,31,3,wk inc rsv hosp,2026-10-17,quantile,0.25,1.5
2026-09-26,31,3,wk inc rsv hosp,2026-10-17,quantile,0.3,2
2026-09-26,31,3,wk inc rsv hosp,2026-10-17,quantile,0.35,2
2026-09-26,31,3,wk inc rsv hosp,2026-10-17,quantile,0.4,2.5
2026-09-26,31,3,wk inc rsv hosp,2026-10-17,quantile,0.45,2.5
2026-09-26,31,3,wk inc rsv hosp,2026-10-17,quantile,0.5,3
2026-09-26,31,3,wk inc rsv hosp,2026-10-17,quantile,0.55,3.5
2026-09-26,31,3,wk inc rsv hosp,2026-10-17,quantile,0.6,4.5
2026-09-26,31,3,wk inc rsv hosp,2026-10-17,quantile,0.65,5
2026-09-26,31,3,wk inc rsv hosp,2026-10-17,quantile,0.7,6
2026-09-26,31,3,wk inc rsv hosp,2026-10-17,quantile,0.75,7
2026-09-26,31,3,wk inc rsv hosp,2026-10-17,quantile,0.8,8
2026-09-26,31,3,wk inc rsv hosp,2026-10-17,quantile,0.85,10.5
2026-09-26,31,3,wk inc rsv hosp,2026-10-17,quantile,0.9,14
2026-09-26,31,3,wk inc rsv hosp,2026-10-17,quantile,0.95,22.5
2026-09-26,31,3,wk inc rsv hosp,2026-10-17,quantile,0.975,31.5
2026-09-26,31,3,wk inc rsv hosp,2026-10-17,quantile,0.99,53
2026-09-26,32,-1,wk inc rsv hosp,2026-09-19,quantile,0.01,0
2026-09-26,32,-1,wk inc rsv hosp,2026-09-19,quantile,0.025,0
2026-09-26,32,-1,wk inc rsv hosp,2026-09-19,quantile,0.05,0
2026-09-26,32,-1,wk inc rsv hosp,2026-09-19,quantile,0.1,0
2026-09-26,32,-1,wk inc rsv hosp,2026-09-19,quantile,0.15,0
2026-09-26,32,-1,wk inc rsv hosp,2026-09-19,quantile,0.2,0
2026-09-26,32,-1,wk inc rsv hosp,2026-09-19,quantile,0.25,0
2026-09-26,32,-1,wk inc rsv hosp,2026-09-19,quantile,0.3,0
2026-09-26,32,-1,wk inc rsv hosp,2026-09-19,quantile,0.35,0
2026-09-26,32,-1,wk inc rsv hosp,2026-09-19,quantile,0.4,0.5
2026-09-26,32,-1,wk inc rsv hosp,2026-09-19,quantile,0.45,0.5
2026-09-26,32,-1,wk inc rsv hosp,2026-09-19,quantile,0.5,0.5
2026-09-26,32,-1,wk inc rsv hosp,2026-09-19,quantile,0.55,0.5
2026-09-26,32,-1,wk inc rsv hosp,2026-09-19,quantile,0.6,0.5
2026-09-26,32,-1,wk inc rsv hosp,2026-09-19,quantile,0.65,1
2026-09-26,32,-1,wk inc rsv hosp,2026-09-19,quantile,0.7,1
2026-09-26,32,-1,wk inc rsv hosp,2026-09-19,quantile,0.75,1.5
2026-09-26,32,-1,wk inc rsv hosp,2026-09-19,quantile,0.8,1.5
2026-09-26,32,-1,wk inc rsv hosp,2026-09-19,quantile,0.85,2
2026-09-26,32,-1,wk inc rsv hosp,2026-09-19,quantile,0.9,2
2026-09-26,32,-1,wk inc rsv hosp,2026-09-19,quantile,0.95,3
2026-09-26,32,-1,wk inc rsv hosp,2026-09-19,quantile,0.975,4
2026-09-26,32,-1,wk inc rsv hosp,2026-09-19,quantile,0.99,5
2026-09-26,32,0,wk inc rsv hosp,2026-09-26,quantile,0.01,0
2026-09-26,32,0,wk inc rsv hosp,2026-09-26,quantile,0.025,0
2026-09-26,32,0,wk inc rsv hosp,2026-09-26,quantile,0.05,0
2026-09-26,32,0,wk inc rsv hosp,2026-09-26,quantile,0.1,0
2026-09-26,32,0,wk inc rsv hosp,2026-09-26,quantile,0.15,0
2026-09-26,32,0,wk inc rsv hosp,2026-09-26,quantile,0.2,0
2026-09-26,32,0,wk inc rsv hosp,2026-09-26,quantile,0.25,0
2026-09-26,32,0,wk inc rsv hosp,2026-09-26,quantile,0.3,0
2026-09-26,32,0,wk inc rsv hosp,2026-09-26,quantile,0.35,0
2026-09-26,32,0,wk inc rsv hosp,2026-09-26,quantile,0.4,1
2026-09-26,32,0,wk inc rsv hosp,2026-09-26,quantile,0.45,1
2026-09-26,32,0,wk inc rsv hosp,2026-09-26,quantile,0.5,1
2026-09-26,32,0,wk inc rsv hosp,2026-09-26,quantile,0.55,1
2026-09-26,32,0,wk inc rsv hosp,2026-09-26,quantile,0.6,1
2026-09-26,32,0,wk inc rsv hosp,2026-09-26,quantile,0.65,1
2026-09-26,32,0,wk inc rsv hosp,2026-09-26,quantile,0.7,2
2026-09-26,32,0,wk inc rsv hosp,2026-09-26,quantile,0.75,2
2026-09-26,32,0,wk inc rsv hosp,2026-09-26,quantile,0.8,2
2026-09-26,32,0,wk inc rsv hosp,2026-09-26,quantile,0.85,3
2026-09-26,32,0,wk inc rsv hosp,2026-09-26,quantile,0.9,4
2026-09-26,32,0,wk inc rsv hosp,2026-09-26,quantile,0.95,4
2026-09-26,32,0,wk inc rsv hosp,2026-09-26,quantile,0.975,4
2026-09-26,32,0,wk inc rsv hosp,2026-09-26,quantile,0.99,5
2026-09-26,32,1,wk inc rsv hosp,2026-10-03,quantile,0.01,0
2026-09-26,32,1,wk inc rsv hosp,2026-10-03,quantile,0.025,0
2026-09-26,32,1,wk inc rsv hosp,2026-10-03,quantile,0.05,0
2026-09-26,32,1,wk inc rsv hosp,2026-10-03,quantile,0.1,0
2026-09-26,32,1,wk inc rsv hosp,2026-10-03,quantile,0.15,0
2026-09-26,32,1,wk inc rsv hosp,2026-10-03,quantile,0.2,0
2026-09-26,32,1,wk inc rsv hosp,2026-10-03,quantile,0.25,0
2026-09-26,32,1,wk inc rsv hosp,2026-10-03,quantile,0.3,0
2026-09-26,32,1,wk inc rsv hosp,2026-10-03,quantile,0.35,1
2026-09-26,32,1,wk inc rsv hosp,2026-10-03,quantile,0.4,1
2026-09-26,32,1,wk inc rsv hosp,2026-10-03,quantile,0.45,1
2026-09-26,32,1,wk inc rsv hosp,2026-10-03,quantile,0.5,1
2026-09-26,32,1,wk inc rsv hosp,2026-10-03,quantile,0.55,1
2026-09-26,32,1,wk inc rsv hosp,2026-10-03,quantile,0.6,1
2026-09-26,32,1,wk inc rsv hosp,2026-10-03,quantile,0.65,2
2026-09-26,32,1,wk inc rsv hosp,2026-10-03,quantile,0.7,2
2026-09-26,32,1,wk inc rsv hosp,2026-10-03,quantile,0.75,2
2026-09-26,32,1,wk inc rsv hosp,2026-10-03,quantile,0.8,3
2026-09-26,32,1,wk inc rsv hosp,2026-10-03,quantile,0.85,4
2026-09-26,32,1,wk inc rsv hosp,2026-10-03,quantile,0.9,4
2026-09-26,32,1,wk inc rsv hosp,2026-10-03,quantile,0.95,5
2026-09-26,32,1,wk inc rsv hosp,2026-10-03,quantile,0.975,6
2026-09-26,32,1,wk inc rsv hosp,2026-10-03,quantile,0.99,7.009999999999991
2026-09-26,32,2,wk inc rsv hosp,2026-10-10,quantile,0.01,0
2026-09-26,32,2,wk inc rsv hosp,2026-10-10,quantile,0.025,0
2026-09-26,32,2,wk inc rsv hosp,2026-10-10,quantile,0.05,0
2026-09-26,32,2,wk inc rsv hosp,2026-10-10,quantile,0.1,0
2026-09-26,32,2,wk inc rsv hosp,2026-10-10,quantile,0.15,0
2026-09-26,32,2,wk inc rsv hosp,2026-10-10,quantile,0.2,0
2026-09-26,32,2,wk inc rsv hosp,2026-10-10,quantile,0.25,0
2026-09-26,32,2,wk inc rsv hosp,2026-10-10,quantile,0.3,0
2026-09-26,32,2,wk inc rsv hosp,2026-10-10,quantile,0.35,1
2026-09-26,32,2,wk inc rsv hosp,2026-10-10,quantile,0.4,1
2026-09-26,32,2,wk inc rsv hosp,2026-10-10,quantile,0.45,1
2026-09-26,32,2,wk inc rsv hosp,2026-10-10,quantile,0.5,1
2026-09-26,32,2,wk inc rsv hosp,2026-10-10,quantile,0.55,1
2026-09-26,32,2,wk inc rsv hosp,2026-10-10,quantile,0.6,2
2026-09-26,32,2,wk inc rsv hosp,2026-10-10,quantile,0.65,2
2026-09-26,32,2,wk inc rsv hosp,2026-10-10,quantile,0.7,2
2026-09-26,32,2,wk inc rsv hosp,2026-10-10,quantile,0.75,3
2026-09-26,32,2,wk inc rsv hosp,2026-10-10,quantile,0.8,4
2026-09-26,32,2,wk inc rsv hosp,2026-10-10,quantile,0.85,4
2026-09-26,32,2,wk inc rsv hosp,2026-10-10,quantile,0.9,5
2026-09-26,32,2,wk inc rsv hosp,2026-10-10,quantile,0.95,6
2026-09-26,32,2,wk inc rsv hosp,2026-10-10,quantile,0.975,8
2026-09-26,32,2,wk inc rsv hosp,2026-10-10,quantile,0.99,12
2026-09-26,32,3,wk inc rsv hosp,2026-10-17,quantile,0.01,0
2026-09-26,32,3,wk inc rsv hosp,2026-10-17,quantile,0.025,0
2026-09-26,32,3,wk inc rsv hosp,2026-10-17,quantile,0.05,0.5
2026-09-26,32,3,wk inc rsv hosp,2026-10-17,quantile,0.1,0.5
2026-09-26,32,3,wk inc rsv hosp,2026-10-17,quantile,0.15,0.5
2026-09-26,32,3,wk inc rsv hosp,2026-10-17,quantile,0.2,0.5
2026-09-26,32,3,wk inc rsv hosp,2026-10-17,quantile,0.25,0.5
2026-09-26,32,3,wk inc rsv hosp,2026-10-17,quantile,0.3,1
2026-09-26,32,3,wk inc rsv hosp,2026-10-17,quantile,0.35,1
2026-09-26,32,3,wk inc rsv hosp,2026-10-17,quantile,0.4,1
2026-09-26,32,3,wk inc rsv hosp,2026-10-17,quantile,0.45,1
2026-09-26,32,3,wk inc rsv hosp,2026-10-17,quantile,0.5,1
2026-09-26,32,3,wk inc rsv hosp,2026-10-17,quantile,0.55,2
2026-09-26,32,3,wk inc rsv hosp,2026-10-17,quantile,0.6,2
2026-09-26,32,3,wk inc rsv hosp,2026-10-17,quantile,0.65,2.5
2026-09-26,32,3,wk inc rsv hosp,2026-10-17,quantile,0.7,3
2026-09-26,32,3,wk inc rsv hosp,2026-10-17,quantile,0.75,3.5
2026-09-26,32,3,wk inc rsv hosp,2026-10-17,quantile,0.8,4.5
2026-09-26,32,3,wk inc rsv hosp,2026-10-17,quantile,0.85,6
2026-09-26,32,3,wk inc rsv hosp,2026-10-17,quantile,0.9,9
2026-09-26,32,3,wk inc rsv hosp,2026-10-17,quantile,0.95,15.5
2026-09-26,32,3,wk inc rsv hosp,2026-10-17,quantile,0.975,25.5
2026-09-26,32,3,wk inc rsv hosp,2026-10-17,quantile,0.99,42.5
2026-09-26,33,-1,wk inc rsv hosp,2026-09-19,quantile,0.01,0
2026-09-26,33,-1,wk inc rsv hosp,2026-09-19,quantile,0.025,0
2026-09-26,33,-1,wk inc rsv hosp,2026-09-19,quantile,0.05,0
2026-09-26,33,-1,wk inc rsv hosp,2026-09-19,quantile,0.1,0
2026-09-26,33,-1,wk inc rsv hosp,2026-09-19,quantile,0.15,0
2026-09-26,33,-1,wk inc rsv hosp,2026-09-19,quantile,0.2,0
2026-09-26,33,-1,wk inc rsv hosp,2026-09-19,quantile,0.25,0
2026-09-26,33,-1,wk inc rsv hosp,2026-09-19,quantile,0.3,0
2026-09-26,33,-1,wk inc rsv hosp,2026-09-19,quantile,0.35,0
2026-09-26,33,-1,wk inc rsv hosp,2026-09-19,quantile,0.4,0
2026-09-26,33,-1,wk inc rsv hosp,2026-09-19,quantile,0.45,0
2026-09-26,33,-1,wk inc rsv hosp,2026-09-19,quantile,0.5,0
2026-09-26,33,-1,wk inc rsv hosp,2026-09-19,quantile,0.55,0
2026-09-26,33,-1,wk inc rsv hosp,2026-09-19,quantile,0.6,0
2026-09-26,33,-1,wk inc rsv hosp,2026-09-19,quantile,0.65,0
2026-09-26,33,-1,wk inc rsv hosp,2026-09-19,quantile,0.7,0.5
2026-09-26,33,-1,wk inc rsv hosp,2026-09-19,quantile,0.75,0.5
2026-09-26,33,-1,wk inc rsv hosp,2026-09-19,quantile,0.8,0.5
2026-09-26,33,-1,wk inc rsv hosp,2026-09-19,quantile,0.85,0.5
2026-09-26,33,-1,wk inc rsv hosp,2026-09-19,quantile,0.9,1
2026-09-26,33,-1,wk inc rsv hosp,2026-09-19,quantile,0.95,1.5
2026-09-26,33,-1,wk inc rsv hosp,2026-09-19,quantile,0.975,2
2026-09-26,33,-1,wk inc rsv hosp,2026-09-19,quantile,0.99,3
2026-09-26,33,0,wk inc rsv hosp,2026-09-26,quantile,0.01,0
2026-09-26,33,0,wk inc rsv hosp,2026-09-26,quantile,0.025,0
2026-09-26,33,0,wk inc rsv hosp,2026-09-26,quantile,0.05,0
2026-09-26,33,0,wk inc rsv hosp,2026-09-26,quantile,0.1,0
2026-09-26,33,0,wk inc rsv hosp,2026-09-26,quantile,0.15,0
2026-09-26,33,0,wk inc rsv hosp,2026-09-26,quantile,0.2,0
2026-09-26,33,0,wk inc rsv hosp,2026-09-26,quantile,0.25,0
2026-09-26,33,0,wk inc rsv hosp,2026-09-26,quantile,0.3,0
2026-09-26,33,0,wk inc rsv hosp,2026-09-26,quantile,0.35,0
2026-09-26,33,0,wk inc rsv hosp,2026-09-26,quantile,0.4,0
2026-09-26,33,0,wk inc rsv hosp,2026-09-26,quantile,0.45,0
2026-09-26,33,0,wk inc rsv hosp,2026-09-26,quantile,0.5,0
2026-09-26,33,0,wk inc rsv hosp,2026-09-26,quantile,0.55,0
2026-09-26,33,0,wk inc rsv hosp,2026-09-26,quantile,0.6,1
2026-09-26,33,0,wk inc rsv hosp,2026-09-26,quantile,0.65,1
2026-09-26,33,0,wk inc rsv hosp,2026-09-26,quantile,0.7,1
2026-09-26,33,0,wk inc rsv hosp,2026-09-26,quantile,0.75,1
2026-09-26,33,0,wk inc rsv hosp,2026-09-26,quantile,0.8,2
2026-09-26,33,0,wk inc rsv hosp,2026-09-26,quantile,0.85,2
2026-09-26,33,0,wk inc rsv hosp,2026-09-26,quantile,0.9,2
2026-09-26,33,0,wk inc rsv hosp,2026-09-26,quantile,0.95,2
2026-09-26,33,0,wk inc rsv hosp,2026-09-26,quantile,0.975,3
2026-09-26,33,0,wk inc rsv hosp,2026-09-26,quantile,0.99,3
2026-09-26,33,1,wk inc rsv hosp,2026-10-03,quantile,0.01,0
2026-09-26,33,1,wk inc rsv hosp,2026-10-03,quantile,0.025,0
2026-09-26,33,1,wk inc rsv hosp,2026-10-03,quantile,0.05,0
2026-09-26,33,1,wk inc rsv hosp,2026-10-03,quantile,0.1,0
2026-09-26,33,1,wk inc rsv hosp,2026-10-03,quantile,0.15,0
2026-09-26,33,1,wk inc rsv hosp,2026-10-03,quantile,0.2,0
2026-09-26,33,1,wk inc rsv hosp,2026-10-03,quantile,0.25,0
2026-09-26,33,1,wk inc rsv hosp,2026-10-03,quantile,0.3,0
2026-09-26,33,1,wk inc rsv hosp,2026-10-03,quantile,0.35,0
2026-09-26,33,1,wk inc rsv hosp,2026-10-03,quantile,0.4,0
2026-09-26,33,1,wk inc rsv hosp,2026-10-03,quantile,0.45,0
2026-09-26,33,1,wk inc rsv hosp,2026-10-03,quantile,0.5,0
2026-09-26,33,1,wk inc rsv hosp,2026-10-03,quantile,0.55,0
2026-09-26,33,1,wk inc rsv hosp,2026-10-03,quantile,0.6,1
2026-09-26,33,1,wk inc rsv hosp,2026-10-03,quantile,0.65,1
2026-09-26,33,1,wk inc rsv hosp,2026-10-03,quantile,0.7,1
2026-09-26,33,1,wk inc rsv hosp,2026-10-03,quantile,0.75,2
2026-09-26,33,1,wk inc rsv hosp,2026-10-03,quantile,0.8,2
2026-09-26,33,1,wk inc rsv hosp,2026-10-03,quantile,0.85,2
2026-09-26,33,1,wk inc rsv hosp,2026-10-03,quantile,0.9,2
2026-09-26,33,1,wk inc rsv hosp,2026-10-03,quantile,0.95,3
2026-09-26,33,1,wk inc rsv hosp,2026-10-03,quantile,0.975,3
2026-09-26,33,1,wk inc rsv hosp,2026-10-03,quantile,0.99,4
2026-09-26,33,2,wk inc rsv hosp,2026-10-10,quantile,0.01,0
2026-09-26,33,2,wk inc rsv hosp,2026-10-10,quantile,0.025,0
2026-09-26,33,2,wk inc rsv hosp,2026-10-10,quantile,0.05,0
2026-09-26,33,2,wk inc rsv hosp,2026-10-10,quantile,0.1,0
2026-09-26,33,2,wk inc rsv hosp,2026-10-10,quantile,0.15,0
2026-09-26,33,2,wk inc rsv hosp,2026-10-10,quantile,0.2,0
2026-09-26,33,2,wk inc rsv hosp,2026-10-10,quantile,0.25,0
2026-09-26,33,2,wk inc rsv hosp,2026-10-10,quantile,0.3,0
2026-09-26,33,2,wk inc rsv hosp,2026-10-10,quantile,0.35,0
2026-09-26,33,2,wk inc rsv hosp,2026-10-10,quantile,0.4,0
2026-09-26,33,2,wk inc rsv hosp,2026-10-10,quantile,0.45,0
2026-09-26,33,2,wk inc rsv hosp,2026-10-10,quantile,0.5,0
2026-09-26,33,2,wk inc rsv hosp,2026-10-10,quantile,0.55,1
2026-09-26,33,2,wk inc rsv hosp,2026-10-10,quantile,0.6,1
2026-09-26,33,2,wk inc rsv hosp,2026-10-10,quantile,0.65,1
2026-09-26,33,2,wk inc rsv hosp,2026-10-10,quantile,0.7,2
2026-09-26,33,2,wk inc rsv hosp,2026-10-10,quantile,0.75,2
2026-09-26,33,2,wk inc rsv hosp,2026-10-10,quantile,0.8,2
2026-09-26,33,2,wk inc rsv hosp,2026-10-10,quantile,0.85,2
2026-09-26,33,2,wk inc rsv hosp,2026-10-10,quantile,0.9,3
2026-09-26,33,2,wk inc rsv hosp,2026-10-10,quantile,0.95,3
2026-09-26,33,2,wk inc rsv hosp,2026-10-10,quantile,0.975,4
2026-09-26,33,2,wk inc rsv hosp,2026-10-10,quantile,0.99,5
2026-09-26,33,3,wk inc rsv hosp,2026-10-17,quantile,0.01,0
2026-09-26,33,3,wk inc rsv hosp,2026-10-17,quantile,0.025,0
2026-09-26,33,3,wk inc rsv hosp,2026-10-17,quantile,0.05,0
2026-09-26,33,3,wk inc rsv hosp,2026-10-17,quantile,0.1,0
2026-09-26,33,3,wk inc rsv hosp,2026-10-17,quantile,0.15,0
2026-09-26,33,3,wk inc rsv hosp,2026-10-17,quantile,0.2,0.5
2026-09-26,33,3,wk inc rsv hosp,2026-10-17,quantile,0.25,0.5
2026-09-26,33,3,wk inc rsv hosp,2026-10-17,quantile,0.3,0.5
2026-09-26,33,3,wk inc rsv hosp,2026-10-17,quantile,0.35,0.5
2026-09-26,33,3,wk inc rsv hosp,2026-10-17,quantile,0.4,0.5
2026-09-26,33,3,wk inc rsv hosp,2026-10-17,quantile,0.45,0.5
2026-09-26,33,3,wk inc rsv hosp,2026-10-17,quantile,0.5,0.5
2026-09-26,33,3,wk inc rsv hosp,2026-10-17,quantile,0.55,1
2026-09-26,33,3,wk inc rsv hosp,2026-10-17,quantile,0.6,1
2026-09-26,33,3,wk inc rsv hosp,2026-10-17,quantile,0.65,1
2026-09-26,33,3,wk inc rsv hosp,2026-10-17,quantile,0.7,2
2026-09-26,33,3,wk inc rsv hosp,2026-10-17,quantile,0.75,2.5
2026-09-26,33,3,wk inc rsv hosp,2026-10-17,quantile,0.8,2.5
2026-09-26,33,3,wk inc rsv hosp,2026-10-17,quantile,0.85,4
2026-09-26,33,3,wk inc rsv hosp,2026-10-17,quantile,0.9,5
2026-09-26,33,3,wk inc rsv hosp,2026-10-17,quantile,0.95,9.5
2026-09-26,33,3,wk inc rsv hosp,2026-10-17,quantile,0.975,20
2026-09-26,33,3,wk inc rsv hosp,2026-10-17,quantile,0.99,28
2026-09-26,34,-1,wk inc rsv hosp,2026-09-19,quantile,0.01,2.495000000000001
2026-09-26,34,-1,wk inc rsv hosp,2026-09-19,quantile,0.025,3.5
2026-09-26,34,-1,wk inc rsv hosp,2026-09-19,quantile,0.05,4.5
2026-09-26,34,-1,wk inc rsv hosp,2026-09-19,quantile,0.1,5.5
2026-09-26,34,-1,wk inc rsv hosp,2026-09-19,quantile,0.15,6
2026-09-26,34,-1,wk inc rsv hosp,2026-09-19,quantile,0.2,7
2026-09-26,34,-1,wk inc rsv hosp,2026-09-19,quantile,0.25,7
2026-09-26,34,-1,wk inc rsv hosp,2026-09-19,quantile,0.3,7.5
2026-09-26,34,-1,wk inc rsv hosp,2026-09-19,quantile,0.35,7.5
2026-09-26,34,-1,wk inc rsv hosp,2026-09-19,quantile,0.4,8
2026-09-26,34,-1,wk inc rsv hosp,2026-09-19,quantile,0.45,8
2026-09-26,34,-1,wk inc rsv hosp,2026-09-19,quantile,0.5,8.5
2026-09-26,34,-1,wk inc rsv hosp,2026-09-19,quantile,0.55,9
2026-09-26,34,-1,wk inc rsv hosp,2026-09-19,quantile,0.6,9
2026-09-26,34,-1,wk inc rsv hosp,2026-09-19,quantile,0.65,10
2026-09-26,34,-1,wk inc rsv hosp,2026-09-19,quantile,0.7,10
2026-09-26,34,-1,wk inc rsv hosp,2026-09-19,quantile,0.75,10.5
2026-09-26,34,-1,wk inc rsv hosp,2026-09-19,quantile,0.8,11.5
2026-09-26,34,-1,wk inc rsv hosp,2026-09-19,quantile,0.85,11.5
2026-09-26,34,-1,wk inc rsv hosp,2026-09-19,quantile,0.9,12.5
2026-09-26,34,-1,wk inc rsv hosp,2026-09-19,quantile,0.95,14.5
2026-09-26,34,-1,wk inc rsv hosp,2026-09-19,quantile,0.975,15.5
2026-09-26,34,-1,wk inc rsv hosp,2026-09-19,quantile,0.99,18.004999999999995
2026-09-26,34,0,wk inc rsv hosp,2026-09-26,quantile,0.01,1
2026-09-26,34,0,wk inc rsv hosp,2026-09-26,quantile,0.025,1
2026-09-26,34,0,wk inc rsv hosp,2026-09-26,quantile,0.05,2
2026-09-26,34,0,wk inc rsv hosp,2026-09-26,quantile,0.1,4
2026-09-26,34,0,wk inc rsv hosp,2026-09-26,quantile,0.15,5
2026-09-26,34,0,wk inc rsv hosp,2026-09-26,quantile,0.2,5
2026-09-26,34,0,wk inc rsv hosp,2026-09-26,quantile,0.25,5
2026-09-26,34,0,wk inc rsv hosp,2026-09-26,quantile,0.3,6
2026-09-26,34,0,wk inc rsv hosp,2026-09-26,quantile,0.35,6
2026-09-26,34,0,wk inc rsv hosp,2026-09-26,quantile,0.4,7
2026-09-26,34,0,wk inc rsv hosp,2026-09-26,quantile,0.45,7
2026-09-26,34,0,wk inc rsv hosp,2026-09-26,quantile,0.5,8
2026-09-26,34,0,wk inc rsv hosp,2026-09-26,quantile,0.55,9
2026-09-26,34,0,wk inc rsv hosp,2026-09-26,quantile,0.6,9
2026-09-26,34,0,wk inc rsv hosp,2026-09-26,quantile,0.65,10
2026-09-26,34,0,wk inc rsv hosp,2026-09-26,quantile,0.7,11
2026-09-26,34,0,wk inc rsv hosp,2026-09-26,quantile,0.75,12
2026-09-26,34,0,wk inc rsv hosp,2026-09-26,quantile,0.8,13
2026-09-26,34,0,wk inc rsv hosp,2026-09-26,quantile,0.85,14
2026-09-26,34,0,wk inc rsv hosp,2026-09-26,quantile,0.9,15
2026-09-26,34,0,wk inc rsv hosp,2026-09-26,quantile,0.95,18
2026-09-26,34,0,wk inc rsv hosp,2026-09-26,quantile,0.975,20.024999999999864
2026-09-26,34,0,wk inc rsv hosp,2026-09-26,quantile,0.99,23
2026-09-26,34,1,wk inc rsv hosp,2026-10-03,quantile,0.01,1
2026-09-26,34,1,wk inc rsv hosp,2026-10-03,quantile,0.025,1
2026-09-26,34,1,wk inc rsv hosp,2026-10-03,quantile,0.05,2
2026-09-26,34,1,wk inc rsv hosp,2026-10-03,quantile,0.1,2
2026-09-26,34,1,wk inc rsv hosp,2026-10-03,quantile,0.15,4
2026-09-26,34,1,wk inc rsv hosp,2026-10-03,quantile,0.2,5
2026-09-26,34,1,wk inc rsv hosp,2026-10-03,quantile,0.25,5
2026-09-26,34,1,wk inc rsv hosp,2026-10-03,quantile,0.3,6
2026-09-26,34,1,wk inc rsv hosp,2026-10-03,quantile,0.35,6
2026-09-26,34,1,wk inc rsv hosp,2026-10-03,quantile,0.4,7
2026-09-26,34,1,wk inc rsv hosp,2026-10-03,quantile,0.45,7
2026-09-26,34,1,wk inc rsv hosp,2026-10-03,quantile,0.5,8
2026-09-26,34,1,wk inc rsv hosp,2026-10-03,quantile,0.55,9
2026-09-26,34,1,wk inc rsv hosp,2026-10-03,quantile,0.6,10
2026-09-26,34,1,wk inc rsv hosp,2026-10-03,quantile,0.65,11
2026-09-26,34,1,wk inc rsv hosp,2026-10-03,quantile,0.7,12
2026-09-26,34,1,wk inc rsv hosp,2026-10-03,quantile,0.75,14
2026-09-26,34,1,wk inc rsv hosp,2026-10-03,quantile,0.8,15
2026-09-26,34,1,wk inc rsv hosp,2026-10-03,quantile,0.85,16
2026-09-26,34,1,wk inc rsv hosp,2026-10-03,quantile,0.9,18
2026-09-26,34,1,wk inc rsv hosp,2026-10-03,quantile,0.95,21
2026-09-26,34,1,wk inc rsv hosp,2026-10-03,quantile,0.975,23
2026-09-26,34,1,wk inc rsv hosp,2026-10-03,quantile,0.99,27
2026-09-26,34,2,wk inc rsv hosp,2026-10-10,quantile,0.01,0
2026-09-26,34,2,wk inc rsv hosp,2026-10-10,quantile,0.025,1
2026-09-26,34,2,wk inc rsv hosp,2026-10-10,quantile,0.05,1
2026-09-26,34,2,wk inc rsv hosp,2026-10-10,quantile,0.1,2
2026-09-26,34,2,wk inc rsv hosp,2026-10-10,quantile,0.15,3
2026-09-26,34,2,wk inc rsv hosp,2026-10-10,quantile,0.2,4
2026-09-26,34,2,wk inc rsv hosp,2026-10-10,quantile,0.25,5
2026-09-26,34,2,wk inc rsv hosp,2026-10-10,quantile,0.3,5
2026-09-26,34,2,wk inc rsv hosp,2026-10-10,quantile,0.35,6
2026-09-26,34,2,wk inc rsv hosp,2026-10-10,quantile,0.4,7
2026-09-26,34,2,wk inc rsv hosp,2026-10-10,quantile,0.45,8
2026-09-26,34,2,wk inc rsv hosp,2026-10-10,quantile,0.5,9
2026-09-26,34,2,wk inc rsv hosp,2026-10-10,quantile,0.55,10
2026-09-26,34,2,wk inc rsv hosp,2026-10-10,quantile,0.6,11
2026-09-26,34,2,wk inc rsv hosp,2026-10-10,quantile,0.65,13
2026-09-26,34,2,wk inc rsv hosp,2026-10-10,quantile,0.7,14
2026-09-26,34,2,wk inc rsv hosp,2026-10-10,quantile,0.75,15
2026-09-26,34,2,wk inc rsv hosp,2026-10-10,quantile,0.8,16
2026-09-26,34,2,wk inc rsv hosp,2026-10-10,quantile,0.85,18
2026-09-26,34,2,wk inc rsv hosp,2026-10-10,quantile,0.9,20
2026-09-26,34,2,wk inc rsv hosp,2026-10-10,quantile,0.95,25
2026-09-26,34,2,wk inc rsv hosp,2026-10-10,quantile,0.975,30
2026-09-26,34,2,wk inc rsv hosp,2026-10-10,quantile,0.99,36.01999999999998
2026-09-26,34,3,wk inc rsv hosp,2026-10-17,quantile,0.01,0
2026-09-26,34,3,wk inc rsv hosp,2026-10-17,quantile,0.025,0
2026-09-26,34,3,wk inc rsv hosp,2026-10-17,quantile,0.05,0.5
2026-09-26,34,3,wk inc rsv hosp,2026-10-17,quantile,0.1,1
2026-09-26,34,3,wk inc rsv hosp,2026-10-17,quantile,0.15,2
2026-09-26,34,3,wk inc rsv hosp,2026-10-17,quantile,0.2,3.5
2026-09-26,34,3,wk inc rsv hosp,2026-10-17,quantile,0.25,4
2026-09-26,34,3,wk inc rsv hosp,2026-10-17,quantile,0.3,5
2026-09-26,34,3,wk inc rsv hosp,2026-10-17,quantile,0.35,6
2026-09-26,34,3,wk inc rsv hosp,2026-10-17,quantile,0.4,6.5
2026-09-26,34,3,wk inc rsv hosp,2026-10-17,quantile,0.45,7.5
2026-09-26,34,3,wk inc rsv hosp,2026-10-17,quantile,0.5,8.5
2026-09-26,34,3,wk inc rsv hosp,2026-10-17,quantile,0.55,10
2026-09-26,34,3,wk inc rsv hosp,2026-10-17,quantile,0.6,11
2026-09-26,34,3,wk inc rsv hosp,2026-10-17,quantile,0.65,13
2026-09-26,34,3,wk inc rsv hosp,2026-10-17,quantile,0.7,14.5
2026-09-26,34,3,wk inc rsv hosp,2026-10-17,quantile,0.75,17
2026-09-26,34,3,wk inc rsv hosp,2026-10-17,quantile,0.8,19.5
2026-09-26,34,3,wk inc rsv hosp,2026-10-17,quantile,0.85,24
2026-09-26,34,3,wk inc rsv hosp,2026-10-17,quantile,0.9,29.5
2026-09-26,34,3,wk inc rsv hosp,2026-10-17,quantile,0.95,43.5
2026-09-26,34,3,wk inc rsv hosp,2026-10-17,quantile,0.975,57.5
2026-09-26,34,3,wk inc rsv hosp,2026-10-17,quantile,0.99,74.5
2026-09-26,35,-1,wk inc rsv hosp,2026-09-19,quantile,0.01,0
2026-09-26,35,-1,wk inc rsv hosp,2026-09-19,quantile,0.025,0
2026-09-26,35,-1,wk inc rsv hosp,2026-09-19,quantile,0.05,0
2026-09-26,35,-1,wk inc rsv hosp,2026-09-19,quantile,0.1,0
2026-09-26,35,-1,wk inc rsv hosp,2026-09-19,quantile,0.15,0
2026-09-26,35,-1,wk inc rsv hosp,2026-09-19,quantile,0.2,0
2026-09-26,35,-1,wk inc rsv hosp,2026-09-19,quantile,0.25,0
2026-09-26,35,-1,wk inc rsv hosp,2026-09-19,quantile,0.3,0
2026-09-26,35,-1,wk inc rsv hosp,2026-09-19,quantile,0.35,0
2026-09-26,35,-1,wk inc rsv hosp,2026-09-19,quantile,0.4,0
2026-09-26,35,-1,wk inc rsv hosp,2026-09-19,quantile,0.45,0
2026-09-26,35,-1,wk inc rsv hosp,2026-09-19,quantile,0.5,0
2026-09-26,35,-1,wk inc rsv hosp,2026-09-19,quantile,0.55,0
2026-09-26,35,-1,wk inc rsv hosp,2026-09-19,quantile,0.6,0
2026-09-26,35,-1,wk inc rsv hosp,2026-09-19,quantile,0.65,0
2026-09-26,35,-1,wk inc rsv hosp,2026-09-19,quantile,0.7,0.5
2026-09-26,35,-1,wk inc rsv hosp,2026-09-19,quantile,0.75,0.5
2026-09-26,35,-1,wk inc rsv hosp,2026-09-19,quantile,0.8,0.5
2026-09-26,35,-1,wk inc rsv hosp,2026-09-19,quantile,0.85,0.5
2026-09-26,35,-1,wk inc rsv hosp,2026-09-19,quantile,0.9,0.5
2026-09-26,35,-1,wk inc rsv hosp,2026-09-19,quantile,0.95,1
2026-09-26,35,-1,wk inc rsv hosp,2026-09-19,quantile,0.975,1
2026-09-26,35,-1,wk inc rsv hosp,2026-09-19,quantile,0.99,2
2026-09-26,35,0,wk inc rsv hosp,2026-09-26,quantile,0.01,0
2026-09-26,35,0,wk inc rsv hosp,2026-09-26,quantile,0.025,0
2026-09-26,35,0,wk inc rsv hosp,2026-09-26,quantile,0.05,0
2026-09-26,35,0,wk inc rsv hosp,2026-09-26,quantile,0.1,0
2026-09-26,35,0,wk inc rsv hosp,2026-09-26,quantile,0.15,0
2026-09-26,35,0,wk inc rsv hosp,2026-09-26,quantile,0.2,0
2026-09-26,35,0,wk inc rsv hosp,2026-09-26,quantile,0.25,0
2026-09-26,35,0,wk inc rsv hosp,2026-09-26,quantile,0.3,0
2026-09-26,35,0,wk inc rsv hosp,2026-09-26,quantile,0.35,0
2026-09-26,35,0,wk inc rsv hosp,2026-09-26,quantile,0.4,0
2026-09-26,35,0,wk inc rsv hosp,2026-09-26,quantile,0.45,0
2026-09-26,35,0,wk inc rsv hosp,2026-09-26,quantile,0.5,0
2026-09-26,35,0,wk inc rsv hosp,2026-09-26,quantile,0.55,0
2026-09-26,35,0,wk inc rsv hosp,2026-09-26,quantile,0.6,0
2026-09-26,35,0,wk inc rsv hosp,2026-09-26,quantile,0.65,1
2026-09-26,35,0,wk inc rsv hosp,2026-09-26,quantile,0.7,1
2026-09-26,35,0,wk inc rsv hosp,2026-09-26,quantile,0.75,1
2026-09-26,35,0,wk inc rsv hosp,2026-09-26,quantile,0.8,1
2026-09-26,35,0,wk inc rsv hosp,2026-09-26,quantile,0.85,1
2026-09-26,35,0,wk inc rsv hosp,2026-09-26,quantile,0.9,2
2026-09-26,35,0,wk inc rsv hosp,2026-09-26,quantile,0.95,2
2026-09-26,35,0,wk inc rsv hosp,2026-09-26,quantile,0.975,3
2026-09-26,35,0,wk inc rsv hosp,2026-09-26,quantile,0.99,3
2026-09-26,35,1,wk inc rsv hosp,2026-10-03,quantile,0.01,0
2026-09-26,35,1,wk inc rsv hosp,2026-10-03,quantile,0.025,0
2026-09-26,35,1,wk inc rsv hosp,2026-10-03,quantile,0.05,0
2026-09-26,35,1,wk inc rsv hosp,2026-10-03,quantile,0.1,0
2026-09-26,35,1,wk inc rsv hosp,2026-10-03,quantile,0.15,0
2026-09-26,35,1,wk inc rsv hosp,2026-10-03,quantile,0.2,0
2026-09-26,35,1,wk inc rsv hosp,2026-10-03,quantile,0.25,0
2026-09-26,35,1,wk inc rsv hosp,2026-10-03,quantile,0.3,0
2026-09-26,35,1,wk inc rsv hosp,2026-10-03,quantile,0.35,0
2026-09-26,35,1,wk inc rsv hosp,2026-10-03,quantile,0.4,0
2026-09-26,35,1,wk inc rsv hosp,2026-10-03,quantile,0.45,0
2026-09-26,35,1,wk inc rsv hosp,2026-10-03,quantile,0.5,0
2026-09-26,35,1,wk inc rsv hosp,2026-10-03,quantile,0.55,0
2026-09-26,35,1,wk inc rsv hosp,2026-10-03,quantile,0.6,0
2026-09-26,35,1,wk inc rsv hosp,2026-10-03,quantile,0.65,1
2026-09-26,35,1,wk inc rsv hosp,2026-10-03,quantile,0.7,1
2026-09-26,35,1,wk inc rsv hosp,2026-10-03,quantile,0.75,1
2026-09-26,35,1,wk inc rsv hosp,2026-10-03,quantile,0.8,1
2026-09-26,35,1,wk inc rsv hosp,2026-10-03,quantile,0.85,1
2026-09-26,35,1,wk inc rsv hosp,2026-10-03,quantile,0.9,2
2026-09-26,35,1,wk inc rsv hosp,2026-10-03,quantile,0.95,3
2026-09-26,35,1,wk inc rsv hosp,2026-10-03,quantile,0.975,3
2026-09-26,35,1,wk inc rsv hosp,2026-10-03,quantile,0.99,5
2026-09-26,35,2,wk inc rsv hosp,2026-10-10,quantile,0.01,0
2026-09-26,35,2,wk inc rsv hosp,2026-10-10,quantile,0.025,0
2026-09-26,35,2,wk inc rsv hosp,2026-10-10,quantile,0.05,0
2026-09-26,35,2,wk inc rsv hosp,2026-10-10,quantile,0.1,0
2026-09-26,35,2,wk inc rsv hosp,2026-10-10,quantile,0.15,0
2026-09-26,35,2,wk inc rsv hosp,2026-10-10,quantile,0.2,0
2026-09-26,35,2,wk inc rsv hosp,2026-10-10,quantile,0.25,0
2026-09-26,35,2,wk inc rsv hosp,2026-10-10,quantile,0.3,0
2026-09-26,35,2,wk inc rsv hosp,2026-10-10,quantile,0.35,0
2026-09-26,35,2,wk inc rsv hosp,2026-10-10,quantile,0.4,0
2026-09-26,35,2,wk inc rsv hosp,2026-10-10,quantile,0.45,0
2026-09-26,35,2,wk inc rsv hosp,2026-10-10,quantile,0.5,0
2026-09-26,35,2,wk inc rsv hosp,2026-10-10,quantile,0.55,0
2026-09-26,35,2,wk inc rsv hosp,2026-10-10,quantile,0.6,1
2026-09-26,35,2,wk inc rsv hosp,2026-10-10,quantile,0.65,1
2026-09-26,35,2,wk inc rsv hosp,2026-10-10,quantile,0.7,1
2026-09-26,35,2,wk inc rsv hosp,2026-10-10,quantile,0.75,1
2026-09-26,35,2,wk inc rsv hosp,2026-10-10,quantile,0.8,1
2026-09-26,35,2,wk inc rsv hosp,2026-10-10,quantile,0.85,2
2026-09-26,35,2,wk inc rsv hosp,2026-10-10,quantile,0.9,2
2026-09-26,35,2,wk inc rsv hosp,2026-10-10,quantile,0.95,3
2026-09-26,35,2,wk inc rsv hosp,2026-10-10,quantile,0.975,5
2026-09-26,35,2,wk inc rsv hosp,2026-10-10,quantile,0.99,8
2026-09-26,35,3,wk inc rsv hosp,2026-10-17,quantile,0.01,0
2026-09-26,35,3,wk inc rsv hosp,2026-10-17,quantile,0.025,0
2026-09-26,35,3,wk inc rsv hosp,2026-10-17,quantile,0.05,0
2026-09-26,35,3,wk inc rsv hosp,2026-10-17,quantile,0.1,0
2026-09-26,35,3,wk inc rsv hosp,2026-10-17,quantile,0.15,0.5
2026-09-26,35,3,wk inc rsv hosp,2026-10-17,quantile,0.2,0.5
2026-09-26,35,3,wk inc rsv hosp,2026-10-17,quantile,0.25,0.5
2026-09-26,35,3,wk inc rsv hosp,2026-10-17,quantile,0.3,0.5
2026-09-26,35,3,wk inc rsv hosp,2026-10-17,quantile,0.35,0.5
2026-09-26,35,3,wk inc rsv hosp,2026-10-17,quantile,0.4,1
2026-09-26,35,3,wk inc rsv hosp,2026-10-17,quantile,0.45,1
2026-09-26,35,3,wk inc rsv hosp,2026-10-17,quantile,0.5,1
2026-09-26,35,3,wk inc rsv hosp,2026-10-17,quantile,0.55,1
2026-09-26,35,3,wk inc rsv hosp,2026-10-17,quantile,0.6,1
2026-09-26,35,3,wk inc rsv hosp,2026-10-17,quantile,0.65,1.5
2026-09-26,35,3,wk inc rsv hosp,2026-10-17,quantile,0.7,1.5
2026-09-26,35,3,wk inc rsv hosp,2026-10-17,quantile,0.75,2
2026-09-26,35,3,wk inc rsv hosp,2026-10-17,quantile,0.8,2
2026-09-26,35,3,wk inc rsv hosp,2026-10-17,quantile,0.85,2.5
2026-09-26,35,3,wk inc rsv hosp,2026-10-17,quantile,0.9,3
2026-09-26,35,3,wk inc rsv hosp,2026-10-17,quantile,0.95,4
2026-09-26,35,3,wk inc rsv hosp,2026-10-17,quantile,0.975,5.5
2026-09-26,35,3,wk inc rsv hosp,2026-10-17,quantile,0.99,8
2026-09-26,36,-1,wk inc rsv hosp,2026-09-19,quantile,0.01,13.5
2026-09-26,36,-1,wk inc rsv hosp,2026-09-19,quantile,0.025,16
2026-09-26,36,-1,wk inc rsv hosp,2026-09-19,quantile,0.05,17.5
2026-09-26,36,-1,wk inc rsv hosp,2026-09-19,quantile,0.1,19
2026-09-26,36,-1,wk inc rsv hosp,2026-09-19,quantile,0.15,20.5
2026-09-26,36,-1,wk inc rsv hosp,2026-09-19,quantile,0.2,21.5
2026-09-26,36,-1,wk inc rsv hosp,2026-09-19,quantile,0.25,22
2026-09-26,36,-1,wk inc rsv hosp,2026-09-19,quantile,0.3,23
2026-09-26,36,-1,wk inc rsv hosp,2026-09-19,quantile,0.35,23.5
2026-09-26,36,-1,wk inc rsv hosp,2026-09-19,quantile,0.4,24
2026-09-26,36,-1,wk inc rsv hosp,2026-09-19,quantile,0.45,25
2026-09-26,36,-1,wk inc rsv hosp,2026-09-19,quantile,0.5,26
2026-09-26,36,-1,wk inc rsv hosp,2026-09-19,quantile,0.55,26
2026-09-26,36,-1,wk inc rsv hosp,2026-09-19,quantile,0.6,27
2026-09-26,36,-1,wk inc rsv hosp,2026-09-19,quantile,0.65,28
2026-09-26,36,-1,wk inc rsv hosp,2026-09-19,quantile,0.7,29
2026-09-26,36,-1,wk inc rsv hosp,2026-09-19,quantile,0.75,29.5
2026-09-26,36,-1,wk inc rsv hosp,2026-09-19,quantile,0.8,30.5
2026-09-26,36,-1,wk inc rsv hosp,2026-09-19,quantile,0.85,32
2026-09-26,36,-1,wk inc rsv hosp,2026-09-19,quantile,0.9,33.05000000000007
2026-09-26,36,-1,wk inc rsv hosp,2026-09-19,quantile,0.95,36.5
2026-09-26,36,-1,wk inc rsv hosp,2026-09-19,quantile,0.975,39.5
2026-09-26,36,-1,wk inc rsv hosp,2026-09-19,quantile,0.99,42.504999999999995
2026-09-26,36,0,wk inc rsv hosp,2026-09-26,quantile,0.01,8
2026-09-26,36,0,wk inc rsv hosp,2026-09-26,quantile,0.025,11
2026-09-26,36,0,wk inc rsv hosp,2026-09-26,quantile,0.05,15
2026-09-26,36,0,wk inc rsv hosp,2026-09-26,quantile,0.1,17
2026-09-26,36,0,wk inc rsv hosp,2026-09-26,quantile,0.15,19
2026-09-26,36,0,wk inc rsv hosp,2026-09-26,quantile,0.2,20
2026-09-26,36,0,wk inc rsv hosp,2026-09-26,quantile,0.25,21
2026-09-26,36,0,wk inc rsv hosp,2026-09-26,quantile,0.3,22
2026-09-26,36,0,wk inc rsv hosp,2026-09-26,quantile,0.35,23
2026-09-26,36,0,wk inc rsv hosp,2026-09-26,quantile,0.4,24
2026-09-26,36,0,wk inc rsv hosp,2026-09-26,quantile,0.45,25
2026-09-26,36,0,wk inc rsv hosp,2026-09-26,quantile,0.5,26
2026-09-26,36,0,wk inc rsv hosp,2026-09-26,quantile,0.55,27
2026-09-26,36,0,wk inc rsv hosp,2026-09-26,quantile,0.6,28
2026-09-26,36,0,wk inc rsv hosp,2026-09-26,quantile,0.65,29
2026-09-26,36,0,wk inc rsv hosp,2026-09-26,quantile,0.7,30
2026-09-26,36,0,wk inc rsv hosp,2026-09-26,quantile,0.75,32
2026-09-26,36,0,wk inc rsv hosp,2026-09-26,quantile,0.8,34
2026-09-26,36,0,wk inc rsv hosp,2026-09-26,quantile,0.85,36
2026-09-26,36,0,wk inc rsv hosp,2026-09-26,quantile,0.9,39
2026-09-26,36,0,wk inc rsv hosp,2026-09-26,quantile,0.95,43
2026-09-26,36,0,wk inc rsv hosp,2026-09-26,quantile,0.975,48
2026-09-26,36,0,wk inc rsv hosp,2026-09-26,quantile,0.99,53
2026-09-26,36,1,wk inc rsv hosp,2026-10-03,quantile,0.01,6
2026-09-26,36,1,wk inc rsv hosp,2026-10-03,quantile,0.025,11
2026-09-26,36,1,wk inc rsv hosp,2026-10-03,quantile,0.05,15
2026-09-26,36,1,wk inc rsv hosp,2026-10-03,quantile,0.1,18
2026-09-26,36,1,wk inc rsv hosp,2026-10-03,quantile,0.15,19
2026-09-26,36,1,wk inc rsv hosp,2026-10-03,quantile,0.2,21
2026-09-26,36,1,wk inc rsv hosp,2026-10-03,quantile,0.25,23
2026-09-26,36,1,wk inc rsv hosp,2026-10-03,quantile,0.3,24
2026-09-26,36,1,wk inc rsv hosp,2026-10-03,quantile,0.35,26
2026-09-26,36,1,wk inc rsv hosp,2026-10-03,quantile,0.4,27
2026-09-26,36,1,wk inc rsv hosp,2026-10-03,quantile,0.45,28
2026-09-26,36,1,wk inc rsv hosp,2026-10-03,quantile,0.5,30
2026-09-26,36,1,wk inc rsv hosp,2026-10-03,quantile,0.55,31
2026-09-26,36,1,wk inc rsv hosp,2026-10-03,quantile,0.6,33
2026-09-26,36,1,wk inc rsv hosp,2026-10-03,quantile,0.65,34.350000000000136
2026-09-26,36,1,wk inc rsv hosp,2026-10-03,quantile,0.7,37
2026-09-26,36,1,wk inc rsv hosp,2026-10-03,quantile,0.75,39
2026-09-26,36,1,wk inc rsv hosp,2026-10-03,quantile,0.8,43
2026-09-26,36,1,wk inc rsv hosp,2026-10-03,quantile,0.85,46
2026-09-26,36,1,wk inc rsv hosp,2026-10-03,quantile,0.9,52
2026-09-26,36,1,wk inc rsv hosp,2026-10-03,quantile,0.95,62
2026-09-26,36,1,wk inc rsv hosp,2026-10-03,quantile,0.975,71
2026-09-26,36,1,wk inc rsv hosp,2026-10-03,quantile,0.99,86.01999999999998
2026-09-26,36,2,wk inc rsv hosp,2026-10-10,quantile,0.01,7
2026-09-26,36,2,wk inc rsv hosp,2026-10-10,quantile,0.025,10
2026-09-26,36,2,wk inc rsv hosp,2026-10-10,quantile,0.05,14
2026-09-26,36,2,wk inc rsv hosp,2026-10-10,quantile,0.1,17
2026-09-26,36,2,wk inc rsv hosp,2026-10-10,quantile,0.15,20
2026-09-26,36,2,wk inc rsv hosp,2026-10-10,quantile,0.2,22
2026-09-26,36,2,wk inc rsv hosp,2026-10-10,quantile,0.25,24
2026-09-26,36,2,wk inc rsv hosp,2026-10-10,quantile,0.3,26
2026-09-26,36,2,wk inc rsv hosp,2026-10-10,quantile,0.35,28
2026-09-26,36,2,wk inc rsv hosp,2026-10-10,quantile,0.4,30
2026-09-26,36,2,wk inc rsv hosp,2026-10-10,quantile,0.45,32
2026-09-26,36,2,wk inc rsv hosp,2026-10-10,quantile,0.5,34
2026-09-26,36,2,wk inc rsv hosp,2026-10-10,quantile,0.55,37
2026-09-26,36,2,wk inc rsv hosp,2026-10-10,quantile,0.6,39
2026-09-26,36,2,wk inc rsv hosp,2026-10-10,quantile,0.65,42
2026-09-26,36,2,wk inc rsv hosp,2026-10-10,quantile,0.7,46
2026-09-26,36,2,wk inc rsv hosp,2026-10-10,quantile,0.75,50
2026-09-26,36,2,wk inc rsv hosp,2026-10-10,quantile,0.8,56
2026-09-26,36,2,wk inc rsv hosp,2026-10-10,quantile,0.85,64
2026-09-26,36,2,wk inc rsv hosp,2026-10-10,quantile,0.9,74
2026-09-26,36,2,wk inc rsv hosp,2026-10-10,quantile,0.95,95
2026-09-26,36,2,wk inc rsv hosp,2026-10-10,quantile,0.975,117
2026-09-26,36,2,wk inc rsv hosp,2026-10-10,quantile,0.99,170.06999999999994
2026-09-26,36,3,wk inc rsv hosp,2026-10-17,quantile,0.01,3
2026-09-26,36,3,wk inc rsv hosp,2026-10-17,quantile,0.025,5
2026-09-26,36,3,wk inc rsv hosp,2026-10-17,quantile,0.05,7.5
2026-09-26,36,3,wk inc rsv hosp,2026-10-17,quantile,0.1,10.5
2026-09-26,36,3,wk inc rsv hosp,2026-10-17,quantile,0.15,14
2026-09-26,36,3,wk inc rsv hosp,2026-10-17,quantile,0.2,18
2026-09-26,36,3,wk inc rsv hosp,2026-10-17,quantile,0.25,20.5
2026-09-26,36,3,wk inc rsv hosp,2026-10-17,quantile,0.3,24
2026-09-26,36,3,wk inc rsv hosp,2026-10-17,quantile,0.35,28
2026-09-26,36,3,wk inc rsv hosp,2026-10-17,quantile,0.4,30.5
2026-09-26,36,3,wk inc rsv hosp,2026-10-17,quantile,0.45,34.5
2026-09-26,36,3,wk inc rsv hosp,2026-10-17,quantile,0.5,39
2026-09-26,36,3,wk inc rsv hosp,2026-10-17,quantile,0.55,44
2026-09-26,36,3,wk inc rsv hosp,2026-10-17,quantile,0.6,47.5
2026-09-26,36,3,wk inc rsv hosp,2026-10-17,quantile,0.65,54
2026-09-26,36,3,wk inc rsv hosp,2026-10-17,quantile,0.7,61.5
2026-09-26,36,3,wk inc rsv hosp,2026-10-17,quantile,0.75,71
2026-09-26,36,3,wk inc rsv hosp,2026-10-17,quantile,0.8,84
2026-09-26,36,3,wk inc rsv hosp,2026-10-17,quantile,0.85,101.5
2026-09-26,36,3,wk inc rsv hosp,2026-10-17,quantile,0.9,126
2026-09-26,36,3,wk inc rsv hosp,2026-10-17,quantile,0.95,182.5
2026-09-26,36,3,wk inc rsv hosp,2026-10-17,quantile,0.975,267
2026-09-26,36,3,wk inc rsv hosp,2026-10-17,quantile,0.99,403.5
2026-09-26,37,-1,wk inc rsv hosp,2026-09-19,quantile,0.01,1.5
2026-09-26,37,-1,wk inc rsv hosp,2026-09-19,quantile,0.025,2.5
2026-09-26,37,-1,wk inc rsv hosp,2026-09-19,quantile,0.05,3.5
2026-09-26,37,-1,wk inc rsv hosp,2026-09-19,quantile,0.1,4.5
2026-09-26,37,-1,wk inc rsv hosp,2026-09-19,quantile,0.15,5.5
2026-09-26,37,-1,wk inc rsv hosp,2026-09-19,quantile,0.2,6
2026-09-26,37,-1,wk inc rsv hosp,2026-09-19,quantile,0.25,6.5
2026-09-26,37,-1,wk inc rsv hosp,2026-09-19,quantile,0.3,7
2026-09-26,37,-1,wk inc rsv hosp,2026-09-19,quantile,0.35,7.5
2026-09-26,37,-1,wk inc rsv hosp,2026-09-19,quantile,0.4,8
2026-09-26,37,-1,wk inc rsv hosp,2026-09-19,quantile,0.45,8
2026-09-26,37,-1,wk inc rsv hosp,2026-09-19,quantile,0.5,8.5
2026-09-26,37,-1,wk inc rsv hosp,2026-09-19,quantile,0.55,9
2026-09-26,37,-1,wk inc rsv hosp,2026-09-19,quantile,0.6,9.5
2026-09-26,37,-1,wk inc rsv hosp,2026-09-19,quantile,0.65,10
2026-09-26,37,-1,wk inc rsv hosp,2026-09-19,quantile,0.7,10.5
2026-09-26,37,-1,wk inc rsv hosp,2026-09-19,quantile,0.75,11.5
2026-09-26,37,-1,wk inc rsv hosp,2026-09-19,quantile,0.8,12.5
2026-09-26,37,-1,wk inc rsv hosp,2026-09-19,quantile,0.85,12.5
2026-09-26,37,-1,wk inc rsv hosp,2026-09-19,quantile,0.9,13.5
2026-09-26,37,-1,wk inc rsv hosp,2026-09-19,quantile,0.95,15.5
2026-09-26,37,-1,wk inc rsv hosp,2026-09-19,quantile,0.975,17
2026-09-26,37,-1,wk inc rsv hosp,2026-09-19,quantile,0.99,20
2026-09-26,37,0,wk inc rsv hosp,2026-09-26,quantile,0.01,1
2026-09-26,37,0,wk inc rsv hosp,2026-09-26,quantile,0.025,3
2026-09-26,37,0,wk inc rsv hosp,2026-09-26,quantile,0.05,3
2026-09-26,37,0,wk inc rsv hosp,2026-09-26,quantile,0.1,4
2026-09-26,37,0,wk inc rsv hosp,2026-09-26,quantile,0.15,4
2026-09-26,37,0,wk inc rsv hosp,2026-09-26,quantile,0.2,6
2026-09-26,37,0,wk inc rsv hosp,2026-09-26,quantile,0.25,7
2026-09-26,37,0,wk inc rsv hosp,2026-09-26,quantile,0.3,7
2026-09-26,37,0,wk inc rsv hosp,2026-09-26,quantile,0.35,7
2026-09-26,37,0,wk inc rsv hosp,2026-09-26,quantile,0.4,9
2026-09-26,37,0,wk inc rsv hosp,2026-09-26,quantile,0.45,9
2026-09-26,37,0,wk inc rsv hosp,2026-09-26,quantile,0.5,10
2026-09-26,37,0,wk inc rsv hosp,2026-09-26,quantile,0.55,10
2026-09-26,37,0,wk inc rsv hosp,2026-09-26,quantile,0.6,11
2026-09-26,37,0,wk inc rsv hosp,2026-09-26,quantile,0.65,12
2026-09-26,37,0,wk inc rsv hosp,2026-09-26,quantile,0.7,12
2026-09-26,37,0,wk inc rsv hosp,2026-09-26,quantile,0.75,13
2026-09-26,37,0,wk inc rsv hosp,2026-09-26,quantile,0.8,13
2026-09-26,37,0,wk inc rsv hosp,2026-09-26,quantile,0.85,15
2026-09-26,37,0,wk inc rsv hosp,2026-09-26,quantile,0.9,16
2026-09-26,37,0,wk inc rsv hosp,2026-09-26,quantile,0.95,19
2026-09-26,37,0,wk inc rsv hosp,2026-09-26,quantile,0.975,21
2026-09-26,37,0,wk inc rsv hosp,2026-09-26,quantile,0.99,24
2026-09-26,37,1,wk inc rsv hosp,2026-10-03,quantile,0.01,1
2026-09-26,37,1,wk inc rsv hosp,2026-10-03,quantile,0.025,1
2026-09-26,37,1,wk inc rsv hosp,2026-10-03,quantile,0.05,3
2026-09-26,37,1,wk inc rsv hosp,2026-10-03,quantile,0.1,3
2026-09-26,37,1,wk inc rsv hosp,2026-10-03,quantile,0.15,4
2026-09-26,37,1,wk inc rsv hosp,2026-10-03,quantile,0.2,4
2026-09-26,37,1,wk inc rsv hosp,2026-10-03,quantile,0.25,6
2026-09-26,37,1,wk inc rsv hosp,2026-10-03,quantile,0.3,6
2026-09-26,37,1,wk inc rsv hosp,2026-10-03,quantile,0.35,7
2026-09-26,37,1,wk inc rsv hosp,2026-10-03,quantile,0.4,9
2026-09-26,37,1,wk inc rsv hosp,2026-10-03,quantile,0.45,9
2026-09-26,37,1,wk inc rsv hosp,2026-10-03,quantile,0.5,10
2026-09-26,37,1,wk inc rsv hosp,2026-10-03,quantile,0.55,10
2026-09-26,37,1,wk inc rsv hosp,2026-10-03,quantile,0.6,12
2026-09-26,37,1,wk inc rsv hosp,2026-10-03,quantile,0.65,12
2026-09-26,37,1,wk inc rsv hosp,2026-10-03,quantile,0.7,13
2026-09-26,37,1,wk inc rsv hosp,2026-10-03,quantile,0.75,15
2026-09-26,37,1,wk inc rsv hosp,2026-10-03,quantile,0.8,15
2026-09-26,37,1,wk inc rsv hosp,2026-10-03,quantile,0.85,18
2026-09-26,37,1,wk inc rsv hosp,2026-10-03,quantile,0.9,21
2026-09-26,37,1,wk inc rsv hosp,2026-10-03,quantile,0.95,25
2026-09-26,37,1,wk inc rsv hosp,2026-10-03,quantile,0.975,28
2026-09-26,37,1,wk inc rsv hosp,2026-10-03,quantile,0.99,31
2026-09-26,37,2,wk inc rsv hosp,2026-10-10,quantile,0.01,0
2026-09-26,37,2,wk inc rsv hosp,2026-10-10,quantile,0.025,0
2026-09-26,37,2,wk inc rsv hosp,2026-10-10,quantile,0.05,1
2026-09-26,37,2,wk inc rsv hosp,2026-10-10,quantile,0.1,3
2026-09-26,37,2,wk inc rsv hosp,2026-10-10,quantile,0.15,3
2026-09-26,37,2,wk inc rsv hosp,2026-10-10,quantile,0.2,4
2026-09-26,37,2,wk inc rsv hosp,2026-10-10,quantile,0.25,4
2026-09-26,37,2,wk inc rsv hosp,2026-10-10,quantile,0.3,6
2026-09-26,37,2,wk inc rsv hosp,2026-10-10,quantile,0.35,7
2026-09-26,37,2,wk inc rsv hosp,2026-10-10,quantile,0.4,8
2026-09-26,37,2,wk inc rsv hosp,2026-10-10,quantile,0.45,9
2026-09-26,37,2,wk inc rsv hosp,2026-10-10,quantile,0.5,10
2026-09-26,37,2,wk inc rsv hosp,2026-10-10,quantile,0.55,11
2026-09-26,37,2,wk inc rsv hosp,2026-10-10,quantile,0.6,12
2026-09-26,37,2,wk inc rsv hosp,2026-10-10,quantile,0.65,13
2026-09-26,37,2,wk inc rsv hosp,2026-10-10,quantile,0.7,15
2026-09-26,37,2,wk inc rsv hosp,2026-10-10,quantile,0.75,16
2026-09-26,37,2,wk inc rsv hosp,2026-10-10,quantile,0.8,18
2026-09-26,37,2,wk inc rsv hosp,2026-10-10,quantile,0.85,19
2026-09-26,37,2,wk inc rsv hosp,2026-10-10,quantile,0.9,22
2026-09-26,37,2,wk inc rsv hosp,2026-10-10,quantile,0.95,27
2026-09-26,37,2,wk inc rsv hosp,2026-10-10,quantile,0.975,30.024999999999864
2026-09-26,37,2,wk inc rsv hosp,2026-10-10,quantile,0.99,37.00999999999999
2026-09-26,37,3,wk inc rsv hosp,2026-10-17,quantile,0.01,0
2026-09-26,37,3,wk inc rsv hosp,2026-10-17,quantile,0.025,0
2026-09-26,37,3,wk inc rsv hosp,2026-10-17,quantile,0.05,0.5
2026-09-26,37,3,wk inc rsv hosp,2026-10-17,quantile,0.1,0.5
2026-09-26,37,3,wk inc rsv hosp,2026-10-17,quantile,0.15,2.5
2026-09-26,37,3,wk inc rsv hosp,2026-10-17,quantile,0.2,3
2026-09-26,37,3,wk inc rsv hosp,2026-10-17,quantile,0.25,4
2026-09-26,37,3,wk inc rsv hosp,2026-10-17,quantile,0.3,5.5
2026-09-26,37,3,wk inc rsv hosp,2026-10-17,quantile,0.35,6.5
2026-09-26,37,3,wk inc rsv hosp,2026-10-17,quantile,0.4,7.5
2026-09-26,37,3,wk inc rsv hosp,2026-10-17,quantile,0.45,9
2026-09-26,37,3,wk inc rsv hosp,2026-10-17,quantile,0.5,10
2026-09-26,37,3,wk inc rsv hosp,2026-10-17,quantile,0.55,11.5
2026-09-26,37,3,wk inc rsv hosp,2026-10-17,quantile,0.6,14
2026-09-26,37,3,wk inc rsv hosp,2026-10-17,quantile,0.65,16.5
2026-09-26,37,3,wk inc rsv hosp,2026-10-17,quantile,0.7,19
2026-09-26,37,3,wk inc rsv hosp,2026-10-17,quantile,0.75,22
2026-09-26,37,3,wk inc rsv hosp,2026-10-17,quantile,0.8,26
2026-09-26,37,3,wk inc rsv hosp,2026-10-17,quantile,0.85,32
2026-09-26,37,3,wk inc rsv hosp,2026-10-17,quantile,0.9,42.5
2026-09-26,37,3,wk inc rsv hosp,2026-10-17,quantile,0.95,65
2026-09-26,37,3,wk inc rsv hosp,2026-10-17,quantile,0.975,98
2026-09-26,37,3,wk inc rsv hosp,2026-10-17,quantile,0.99,191.5
2026-09-26,38,-1,wk inc rsv hosp,2026-09-19,quantile,0.01,0
2026-09-26,38,-1,wk inc rsv hosp,2026-09-19,quantile,0.025,0
2026-09-26,38,-1,wk inc rsv hosp,2026-09-19,quantile,0.05,0
2026-09-26,38,-1,wk inc rsv hosp,2026-09-19,quantile,0.1,0
2026-09-26,38,-1,wk inc rsv hosp,2026-09-19,quantile,0.15,0
2026-09-26,38,-1,wk inc rsv hosp,2026-09-19,quantile,0.2,0
2026-09-26,38,-1,wk inc rsv hosp,2026-09-19,quantile,0.25,0
2026-09-26,38,-1,wk inc rsv hosp,2026-09-19,quantile,0.3,0
2026-09-26,38,-1,wk inc rsv hosp,2026-09-19,quantile,0.35,0
2026-09-26,38,-1,wk inc rsv hosp,2026-09-19,quantile,0.4,0
2026-09-26,38,-1,wk inc rsv hosp,2026-09-19,quantile,0.45,0
2026-09-26,38,-1,wk inc rsv hosp,2026-09-19,quantile,0.5,0
2026-09-26,38,-1,wk inc rsv hosp,2026-09-19,quantile,0.55,0
2026-09-26,38,-1,wk inc rsv hosp,2026-09-19,quantile,0.6,0
2026-09-26,38,-1,wk inc rsv hosp,2026-09-19,quantile,0.65,0
2026-09-26,38,-1,wk inc rsv hosp,2026-09-19,quantile,0.7,0
2026-09-26,38,-1,wk inc rsv hosp,2026-09-19,quantile,0.75,0
2026-09-26,38,-1,wk inc rsv hosp,2026-09-19,quantile,0.8,0
2026-09-26,38,-1,wk inc rsv hosp,2026-09-19,quantile,0.85,1
2026-09-26,38,-1,wk inc rsv hosp,2026-09-19,quantile,0.9,1
2026-09-26,38,-1,wk inc rsv hosp,2026-09-19,quantile,0.95,1.5
2026-09-26,38,-1,wk inc rsv hosp,2026-09-19,quantile,0.975,2
2026-09-26,38,-1,wk inc rsv hosp,2026-09-19,quantile,0.99,3
2026-09-26,38,0,wk inc rsv hosp,2026-09-26,quantile,0.01,0
2026-09-26,38,0,wk inc rsv hosp,2026-09-26,quantile,0.025,0
2026-09-26,38,0,wk inc rsv hosp,2026-09-26,quantile,0.05,0
2026-09-26,38,0,wk inc rsv hosp,2026-09-26,quantile,0.1,0
2026-09-26,38,0,wk inc rsv hosp,2026-09-26,quantile,0.15,0
2026-09-26,38,0,wk inc rsv hosp,2026-09-26,quantile,0.2,0
2026-09-26,38,0,wk inc rsv hosp,2026-09-26,quantile,0.25,0
2026-09-26,38,0,wk inc rsv hosp,2026-09-26,quantile,0.3,0
2026-09-26,38,0,wk inc rsv hosp,2026-09-26,quantile,0.35,0
2026-09-26,38,0,wk inc rsv hosp,2026-09-26,quantile,0.4,0
2026-09-26,38,0,wk inc rsv hosp,2026-09-26,quantile,0.45,0
2026-09-26,38,0,wk inc rsv hosp,2026-09-26,quantile,0.5,0
2026-09-26,38,0,wk inc rsv hosp,2026-09-26,quantile,0.55,0
2026-09-26,38,0,wk inc rsv hosp,2026-09-26,quantile,0.6,0
2026-09-26,38,0,wk inc rsv hosp,2026-09-26,quantile,0.65,0
2026-09-26,38,0,wk inc rsv hosp,2026-09-26,quantile,0.7,0
2026-09-26,38,0,wk inc rsv hosp,2026-09-26,quantile,0.75,1
2026-09-26,38,0,wk inc rsv hosp,2026-09-26,quantile,0.8,1
2026-09-26,38,0,wk inc rsv hosp,2026-09-26,quantile,0.85,1
2026-09-26,38,0,wk inc rsv hosp,2026-09-26,quantile,0.9,2
2026-09-26,38,0,wk inc rsv hosp,2026-09-26,quantile,0.95,2
2026-09-26,38,0,wk inc rsv hosp,2026-09-26,quantile,0.975,2
2026-09-26,38,0,wk inc rsv hosp,2026-09-26,quantile,0.99,2
2026-09-26,38,1,wk inc rsv hosp,2026-10-03,quantile,0.01,0
2026-09-26,38,1,wk inc rsv hosp,2026-10-03,quantile,0.025,0
2026-09-26,38,1,wk inc rsv hosp,2026-10-03,quantile,0.05,0
2026-09-26,38,1,wk inc rsv hosp,2026-10-03,quantile,0.1,0
2026-09-26,38,1,wk inc rsv hosp,2026-10-03,quantile,0.15,0
2026-09-26,38,1,wk inc rsv hosp,2026-10-03,quantile,0.2,0
2026-09-26,38,1,wk inc rsv hosp,2026-10-03,quantile,0.25,0
2026-09-26,38,1,wk inc rsv hosp,2026-10-03,quantile,0.3,0
2026-09-26,38,1,wk inc rsv hosp,2026-10-03,quantile,0.35,0
2026-09-26,38,1,wk inc rsv hosp,2026-10-03,quantile,0.4,0
2026-09-26,38,1,wk inc rsv hosp,2026-10-03,quantile,0.45,0
2026-09-26,38,1,wk inc rsv hosp,2026-10-03,quantile,0.5,0
2026-09-26,38,1,wk inc rsv hosp,2026-10-03,quantile,0.55,0
2026-09-26,38,1,wk inc rsv hosp,2026-10-03,quantile,0.6,0
2026-09-26,38,1,wk inc rsv hosp,2026-10-03,quantile,0.65,0
2026-09-26,38,1,wk inc rsv hosp,2026-10-03,quantile,0.7,0
2026-09-26,38,1,wk inc rsv hosp,2026-10-03,quantile,0.75,1
2026-09-26,38,1,wk inc rsv hosp,2026-10-03,quantile,0.8,1
2026-09-26,38,1,wk inc rsv hosp,2026-10-03,quantile,0.85,2
2026-09-26,38,1,wk inc rsv hosp,2026-10-03,quantile,0.9,2
2026-09-26,38,1,wk inc rsv hosp,2026-10-03,quantile,0.95,3
2026-09-26,38,1,wk inc rsv hosp,2026-10-03,quantile,0.975,3
2026-09-26,38,1,wk inc rsv hosp,2026-10-03,quantile,0.99,4
2026-09-26,38,2,wk inc rsv hosp,2026-10-10,quantile,0.01,0
2026-09-26,38,2,wk inc rsv hosp,2026-10-10,quantile,0.025,0
2026-09-26,38,2,wk inc rsv hosp,2026-10-10,quantile,0.05,0
2026-09-26,38,2,wk inc rsv hosp,2026-10-10,quantile,0.1,0
2026-09-26,38,2,wk inc rsv hosp,2026-10-10,quantile,0.15,0
2026-09-26,38,2,wk inc rsv hosp,2026-10-10,quantile,0.2,0
2026-09-26,38,2,wk inc rsv hosp,2026-10-10,quantile,0.25,0
2026-09-26,38,2,wk inc rsv hosp,2026-10-10,quantile,0.3,0
2026-09-26,38,2,wk inc rsv hosp,2026-10-10,quantile,0.35,0
2026-09-26,38,2,wk inc rsv hosp,2026-10-10,quantile,0.4,0
2026-09-26,38,2,wk inc rsv hosp,2026-10-10,quantile,0.45,0
2026-09-26,38,2,wk inc rsv hosp,2026-10-10,quantile,0.5,0
2026-09-26,38,2,wk inc rsv hosp,2026-10-10,quantile,0.55,0
2026-09-26,38,2,wk inc rsv hosp,2026-10-10,quantile,0.6,0
2026-09-26,38,2,wk inc rsv hosp,2026-10-10,quantile,0.65,0
2026-09-26,38,2,wk inc rsv hosp,2026-10-10,quantile,0.7,0
2026-09-26,38,2,wk inc rsv hosp,2026-10-10,quantile,0.75,1
2026-09-26,38,2,wk inc rsv hosp,2026-10-10,quantile,0.8,2
2026-09-26,38,2,wk inc rsv hosp,2026-10-10,quantile,0.85,2
2026-09-26,38,2,wk inc rsv hosp,2026-10-10,quantile,0.9,3
2026-09-26,38,2,wk inc rsv hosp,2026-10-10,quantile,0.95,3
2026-09-26,38,2,wk inc rsv hosp,2026-10-10,quantile,0.975,4
2026-09-26,38,2,wk inc rsv hosp,2026-10-10,quantile,0.99,6
2026-09-26,38,3,wk inc rsv hosp,2026-10-17,quantile,0.01,0
2026-09-26,38,3,wk inc rsv hosp,2026-10-17,quantile,0.025,0
2026-09-26,38,3,wk inc rsv hosp,2026-10-17,quantile,0.05,0
2026-09-26,38,3,wk inc rsv hosp,2026-10-17,quantile,0.1,0.5
2026-09-26,38,3,wk inc rsv hosp,2026-10-17,quantile,0.15,0.5
2026-09-26,38,3,wk inc rsv hosp,2026-10-17,quantile,0.2,0.5
2026-09-26,38,3,wk inc rsv hosp,2026-10-17,quantile,0.25,0.5
2026-09-26,38,3,wk inc rsv hosp,2026-10-17,quantile,0.3,0.5
2026-09-26,38,3,wk inc rsv hosp,2026-10-17,quantile,0.35,0.5
2026-09-26,38,3,wk inc rsv hosp,2026-10-17,quantile,0.4,0.5
2026-09-26,38,3,wk inc rsv hosp,2026-10-17,quantile,0.45,0.5
2026-09-26,38,3,wk inc rsv hosp,2026-10-17,quantile,0.5,0.5
2026-09-26,38,3,wk inc rsv hosp,2026-10-17,quantile,0.55,1
2026-09-26,38,3,wk inc rsv hosp,2026-10-17,quantile,0.6,1
2026-09-26,38,3,wk inc rsv hosp,2026-10-17,quantile,0.65,1
2026-09-26,38,3,wk inc rsv hosp,2026-10-17,quantile,0.7,1.5
2026-09-26,38,3,wk inc rsv hosp,2026-10-17,quantile,0.75,1.5
2026-09-26,38,3,wk inc rsv hosp,2026-10-17,quantile,0.8,2
2026-09-26,38,3,wk inc rsv hosp,2026-10-17,quantile,0.85,3.5
2026-09-26,38,3,wk inc rsv hosp,2026-10-17,quantile,0.9,4.5
2026-09-26,38,3,wk inc rsv hosp,2026-10-17,quantile,0.95,7.5
2026-09-26,38,3,wk inc rsv hosp,2026-10-17,quantile,0.975,13.5
2026-09-26,38,3,wk inc rsv hosp,2026-10-17,quantile,0.99,25
2026-09-26,39,-1,wk inc rsv hosp,2026-09-19,quantile,0.01,0.5
2026-09-26,39,-1,wk inc rsv hosp,2026-09-19,quantile,0.025,1
2026-09-26,39,-1,wk inc rsv hosp,2026-09-19,quantile,0.05,1.5
2026-09-26,39,-1,wk inc rsv hosp,2026-09-19,quantile,0.1,2.5
2026-09-26,39,-1,wk inc rsv hosp,2026-09-19,quantile,0.15,3.5
2026-09-26,39,-1,wk inc rsv hosp,2026-09-19,quantile,0.2,3.5
2026-09-26,39,-1,wk inc rsv hosp,2026-09-19,quantile,0.25,3.5
2026-09-26,39,-1,wk inc rsv hosp,2026-09-19,quantile,0.3,4
2026-09-26,39,-1,wk inc rsv hosp,2026-09-19,quantile,0.35,4
2026-09-26,39,-1,wk inc rsv hosp,2026-09-19,quantile,0.4,4
2026-09-26,39,-1,wk inc rsv hosp,2026-09-19,quantile,0.45,4.5
2026-09-26,39,-1,wk inc rsv hosp,2026-09-19,quantile,0.5,4.5
2026-09-26,39,-1,wk inc rsv hosp,2026-09-19,quantile,0.55,5
2026-09-26,39,-1,wk inc rsv hosp,2026-09-19,quantile,0.6,5.5
2026-09-26,39,-1,wk inc rsv hosp,2026-09-19,quantile,0.65,5.5
2026-09-26,39,-1,wk inc rsv hosp,2026-09-19,quantile,0.7,5.5
2026-09-26,39,-1,wk inc rsv hosp,2026-09-19,quantile,0.75,6.5
2026-09-26,39,-1,wk inc rsv hosp,2026-09-19,quantile,0.8,6.5
2026-09-26,39,-1,wk inc rsv hosp,2026-09-19,quantile,0.85,7.5
2026-09-26,39,-1,wk inc rsv hosp,2026-09-19,quantile,0.9,8
2026-09-26,39,-1,wk inc rsv hosp,2026-09-19,quantile,0.95,9.5
2026-09-26,39,-1,wk inc rsv hosp,2026-09-19,quantile,0.975,10.5
2026-09-26,39,-1,wk inc rsv hosp,2026-09-19,quantile,0.99,12.504999999999995
2026-09-26,39,0,wk inc rsv hosp,2026-09-26,quantile,0.01,0.990000000000002
2026-09-26,39,0,wk inc rsv hosp,2026-09-26,quantile,0.025,1
2026-09-26,39,0,wk inc rsv hosp,2026-09-26,quantile,0.05,2
2026-09-26,39,0,wk inc rsv hosp,2026-09-26,quantile,0.1,2
2026-09-26,39,0,wk inc rsv hosp,2026-09-26,quantile,0.15,3
2026-09-26,39,0,wk inc rsv hosp,2026-09-26,quantile,0.2,3
2026-09-26,39,0,wk inc rsv hosp,2026-09-26,quantile,0.25,4
2026-09-26,39,0,wk inc rsv hosp,2026-09-26,quantile,0.3,4
2026-09-26,39,0,wk inc rsv hosp,2026-09-26,quantile,0.35,4
2026-09-26,39,0,wk inc rsv hosp,2026-09-26,quantile,0.4,5
2026-09-26,39,0,wk inc rsv hosp,2026-09-26,quantile,0.45,5
2026-09-26,39,0,wk inc rsv hosp,2026-09-26,quantile,0.5,5
2026-09-26,39,0,wk inc rsv hosp,2026-09-26,quantile,0.55,6
2026-09-26,39,0,wk inc rsv hosp,2026-09-26,quantile,0.6,6
2026-09-26,39,0,wk inc rsv hosp,2026-09-26,quantile,0.65,7
2026-09-26,39,0,wk inc rsv hosp,2026-09-26,quantile,0.7,7
2026-09-26,39,0,wk inc rsv hosp,2026-09-26,quantile,0.75,8
2026-09-26,39,0,wk inc rsv hosp,2026-09-26,quantile,0.8,9
2026-09-26,39,0,wk inc rsv hosp,2026-09-26,quantile,0.85,10
2026-09-26,39,0,wk inc rsv hosp,2026-09-26,quantile,0.9,12
2026-09-26,39,0,wk inc rsv hosp,2026-09-26,quantile,0.95,15
2026-09-26,39,0,wk inc rsv hosp,2026-09-26,quantile,0.975,18
2026-09-26,39,0,wk inc rsv hosp,2026-09-26,quantile,0.99,21
2026-09-26,39,1,wk inc rsv hosp,2026-10-03,quantile,0.01,0
2026-09-26,39,1,wk inc rsv hosp,2026-10-03,quantile,0.025,1
2026-09-26,39,1,wk inc rsv hosp,2026-10-03,quantile,0.05,1
2026-09-26,39,1,wk inc rsv hosp,2026-10-03,quantile,0.1,2
2026-09-26,39,1,wk inc rsv hosp,2026-10-03,quantile,0.15,3
2026-09-26,39,1,wk inc rsv hosp,2026-10-03,quantile,0.2,3
2026-09-26,39,1,wk inc rsv hosp,2026-10-03,quantile,0.25,3
2026-09-26,39,1,wk inc rsv hosp,2026-10-03,quantile,0.3,4
2026-09-26,39,1,wk inc rsv hosp,2026-10-03,quantile,0.35,4
2026-09-26,39,1,wk inc rsv hosp,2026-10-03,quantile,0.4,4
2026-09-26,39,1,wk inc rsv hosp,2026-10-03,quantile,0.45,5
2026-09-26,39,1,wk inc rsv hosp,2026-10-03,quantile,0.5,5
2026-09-26,39,1,wk inc rsv hosp,2026-10-03,quantile,0.55,6
2026-09-26,39,1,wk inc rsv hosp,2026-10-03,quantile,0.6,7
2026-09-26,39,1,wk inc rsv hosp,2026-10-03,quantile,0.65,7
2026-09-26,39,1,wk inc rsv hosp,2026-10-03,quantile,0.7,8
2026-09-26,39,1,wk inc rsv hosp,2026-10-03,quantile,0.75,9
2026-09-26,39,1,wk inc rsv hosp,2026-10-03,quantile,0.8,11
2026-09-26,39,1,wk inc rsv hosp,2026-10-03,quantile,0.85,12
2026-09-26,39,1,wk inc rsv hosp,2026-10-03,quantile,0.9,15
2026-09-26,39,1,wk inc rsv hosp,2026-10-03,quantile,0.95,19
2026-09-26,39,1,wk inc rsv hosp,2026-10-03,quantile,0.975,22
2026-09-26,39,1,wk inc rsv hosp,2026-10-03,quantile,0.99,24
2026-09-26,39,2,wk inc rsv hosp,2026-10-10,quantile,0.01,0
2026-09-26,39,2,wk inc rsv hosp,2026-10-10,quantile,0.025,1
2026-09-26,39,2,wk inc rsv hosp,2026-10-10,quantile,0.05,1
2026-09-26,39,2,wk inc rsv hosp,2026-10-10,quantile,0.1,2
2026-09-26,39,2,wk inc rsv hosp,2026-10-10,quantile,0.15,2
2026-09-26,39,2,wk inc rsv hosp,2026-10-10,quantile,0.2,3
2026-09-26,39,2,wk inc rsv hosp,2026-10-10,quantile,0.25,3
2026-09-26,39,2,wk inc rsv hosp,2026-10-10,quantile,0.3,4
2026-09-26,39,2,wk inc rsv hosp,2026-10-10,quantile,0.35,4
2026-09-26,39,2,wk inc rsv hosp,2026-10-10,quantile,0.4,5
2026-09-26,39,2,wk inc rsv hosp,2026-10-10,quantile,0.45,5
2026-09-26,39,2,wk inc rsv hosp,2026-10-10,quantile,0.5,6
2026-09-26,39,2,wk inc rsv hosp,2026-10-10,quantile,0.55,7
2026-09-26,39,2,wk inc rsv hosp,2026-10-10,quantile,0.6,8
2026-09-26,39,2,wk inc rsv hosp,2026-10-10,quantile,0.65,9
2026-09-26,39,2,wk inc rsv hosp,2026-10-10,quantile,0.7,10
2026-09-26,39,2,wk inc rsv hosp,2026-10-10,quantile,0.75,12
2026-09-26,39,2,wk inc rsv hosp,2026-10-10,quantile,0.8,14
2026-09-26,39,2,wk inc rsv hosp,2026-10-10,quantile,0.85,16
2026-09-26,39,2,wk inc rsv hosp,2026-10-10,quantile,0.9,19
2026-09-26,39,2,wk inc rsv hosp,2026-10-10,quantile,0.95,22
2026-09-26,39,2,wk inc rsv hosp,2026-10-10,quantile,0.975,26
2026-09-26,39,2,wk inc rsv hosp,2026-10-10,quantile,0.99,33
2026-09-26,39,3,wk inc rsv hosp,2026-10-17,quantile,0.01,0
2026-09-26,39,3,wk inc rsv hosp,2026-10-17,quantile,0.025,0
2026-09-26,39,3,wk inc rsv hosp,2026-10-17,quantile,0.05,0.5
2026-09-26,39,3,wk inc rsv hosp,2026-10-17,quantile,0.1,1
2026-09-26,39,3,wk inc rsv hosp,2026-10-17,quantile,0.15,2
2026-09-26,39,3,wk inc rsv hosp,2026-10-17,quantile,0.2,3
2026-09-26,39,3,wk inc rsv hosp,2026-10-17,quantile,0.25,3.5
2026-09-26,39,3,wk inc rsv hosp,2026-10-17,quantile,0.3,4
2026-09-26,39,3,wk inc rsv hosp,2026-10-17,quantile,0.35,5
2026-09-26,39,3,wk inc rsv hosp,2026-10-17,quantile,0.4,5.5
2026-09-26,39,3,wk inc rsv hosp,2026-10-17,quantile,0.45,6.5
2026-09-26,39,3,wk inc rsv hosp,2026-10-17,quantile,0.5,7.5
2026-09-26,39,3,wk inc rsv hosp,2026-10-17,quantile,0.55,8.5
2026-09-26,39,3,wk inc rsv hosp,2026-10-17,quantile,0.6,9
2026-09-26,39,3,wk inc rsv hosp,2026-10-17,quantile,0.65,10.5
2026-09-26,39,3,wk inc rsv hosp,2026-10-17,quantile,0.7,12
2026-09-26,39,3,wk inc rsv hosp,2026-10-17,quantile,0.75,13.5
2026-09-26,39,3,wk inc rsv hosp,2026-10-17,quantile,0.8,16
2026-09-26,39,3,wk inc rsv hosp,2026-10-17,quantile,0.85,20
2026-09-26,39,3,wk inc rsv hosp,2026-10-17,quantile,0.9,25.5
2026-09-26,39,3,wk inc rsv hosp,2026-10-17,quantile,0.95,37.5
2026-09-26,39,3,wk inc rsv hosp,2026-10-17,quantile,0.975,49.5
2026-09-26,39,3,wk inc rsv hosp,2026-10-17,quantile,0.99,69.5
2026-09-26,40,-1,wk inc rsv hosp,2026-09-19,quantile,0.01,0
2026-09-26,40,-1,wk inc rsv hosp,2026-09-19,quantile,0.025,0.5
2026-09-26,40,-1,wk inc rsv hosp,2026-09-19,quantile,0.05,1
2026-09-26,40,-1,wk inc rsv hosp,2026-09-19,quantile,0.1,1
2026-09-26,40,-1,wk inc rsv hosp,2026-09-19,quantile,0.15,1
2026-09-26,40,-1,wk inc rsv hosp,2026-09-19,quantile,0.2,1
2026-09-26,40,-1,wk inc rsv hosp,2026-09-19,quantile,0.25,1
2026-09-26,40,-1,wk inc rsv hosp,2026-09-19,quantile,0.3,1
2026-09-26,40,-1,wk inc rsv hosp,2026-09-19,quantile,0.35,1
2026-09-26,40,-1,wk inc rsv hosp,2026-09-19,quantile,0.4,1
2026-09-26,40,-1,wk inc rsv hosp,2026-09-19,quantile,0.45,1.5
2026-09-26,40,-1,wk inc rsv hosp,2026-09-19,quantile,0.5,1.5
2026-09-26,40,-1,wk inc rsv hosp,2026-09-19,quantile,0.55,1.5
2026-09-26,40,-1,wk inc rsv hosp,2026-09-19,quantile,0.6,1.5
2026-09-26,40,-1,wk inc rsv hosp,2026-09-19,quantile,0.65,1.5
2026-09-26,40,-1,wk inc rsv hosp,2026-09-19,quantile,0.7,1.5
2026-09-26,40,-1,wk inc rsv hosp,2026-09-19,quantile,0.75,1.5
2026-09-26,40,-1,wk inc rsv hosp,2026-09-19,quantile,0.8,2
2026-09-26,40,-1,wk inc rsv hosp,2026-09-19,quantile,0.85,2
2026-09-26,40,-1,wk inc rsv hosp,2026-09-19,quantile,0.9,2
2026-09-26,40,-1,wk inc rsv hosp,2026-09-19,quantile,0.95,3
2026-09-26,40,-1,wk inc rsv hosp,2026-09-19,quantile,0.975,3.5
2026-09-26,40,-1,wk inc rsv hosp,2026-09-19,quantile,0.99,4.5
2026-09-26,40,0,wk inc rsv hosp,2026-09-26,quantile,0.01,0
2026-09-26,40,0,wk inc rsv hosp,2026-09-26,quantile,0.025,0
2026-09-26,40,0,wk inc rsv hosp,2026-09-26,quantile,0.05,0
2026-09-26,40,0,wk inc rsv hosp,2026-09-26,quantile,0.1,0
2026-09-26,40,0,wk inc rsv hosp,2026-09-26,quantile,0.15,0
2026-09-26,40,0,wk inc rsv hosp,2026-09-26,quantile,0.2,0
2026-09-26,40,0,wk inc rsv hosp,2026-09-26,quantile,0.25,1
2026-09-26,40,0,wk inc rsv hosp,2026-09-26,quantile,0.3,1
2026-09-26,40,0,wk inc rsv hosp,2026-09-26,quantile,0.35,1
2026-09-26,40,0,wk inc rsv hosp,2026-09-26,quantile,0.4,1
2026-09-26,40,0,wk inc rsv hosp,2026-09-26,quantile,0.45,1
2026-09-26,40,0,wk inc rsv hosp,2026-09-26,quantile,0.5,1
2026-09-26,40,0,wk inc rsv hosp,2026-09-26,quantile,0.55,2
2026-09-26,40,0,wk inc rsv hosp,2026-09-26,quantile,0.6,2
2026-09-26,40,0,wk inc rsv hosp,2026-09-26,quantile,0.65,2
2026-09-26,40,0,wk inc rsv hosp,2026-09-26,quantile,0.7,2
2026-09-26,40,0,wk inc rsv hosp,2026-09-26,quantile,0.75,3
2026-09-26,40,0,wk inc rsv hosp,2026-09-26,quantile,0.8,3
2026-09-26,40,0,wk inc rsv hosp,2026-09-26,quantile,0.85,3
2026-09-26,40,0,wk inc rsv hosp,2026-09-26,quantile,0.9,4
2026-09-26,40,0,wk inc rsv hosp,2026-09-26,quantile,0.95,5
2026-09-26,40,0,wk inc rsv hosp,2026-09-26,quantile,0.975,6
2026-09-26,40,0,wk inc rsv hosp,2026-09-26,quantile,0.99,6
2026-09-26,40,1,wk inc rsv hosp,2026-10-03,quantile,0.01,0
2026-09-26,40,1,wk inc rsv hosp,2026-10-03,quantile,0.025,0
2026-09-26,40,1,wk inc rsv hosp,2026-10-03,quantile,0.05,0
2026-09-26,40,1,wk inc rsv hosp,2026-10-03,quantile,0.1,0
2026-09-26,40,1,wk inc rsv hosp,2026-10-03,quantile,0.15,0
2026-09-26,40,1,wk inc rsv hosp,2026-10-03,quantile,0.2,1
2026-09-26,40,1,wk inc rsv hosp,2026-10-03,quantile,0.25,1
2026-09-26,40,1,wk inc rsv hosp,2026-10-03,quantile,0.3,1
2026-09-26,40,1,wk inc rsv hosp,2026-10-03,quantile,0.35,1
2026-09-26,40,1,wk inc rsv hosp,2026-10-03,quantile,0.4,1
2026-09-26,40,1,wk inc rsv hosp,2026-10-03,quantile,0.45,2
2026-09-26,40,1,wk inc rsv hosp,2026-10-03,quantile,0.5,2
2026-09-26,40,1,wk inc rsv hosp,2026-10-03,quantile,0.55,2
2026-09-26,40,1,wk inc rsv hosp,2026-10-03,quantile,0.6,2
2026-09-26,40,1,wk inc rsv hosp,2026-10-03,quantile,0.65,3
2026-09-26,40,1,wk inc rsv hosp,2026-10-03,quantile,0.7,3
2026-09-26,40,1,wk inc rsv hosp,2026-10-03,quantile,0.75,3
2026-09-26,40,1,wk inc rsv hosp,2026-10-03,quantile,0.8,4
2026-09-26,40,1,wk inc rsv hosp,2026-10-03,quantile,0.85,4
2026-09-26,40,1,wk inc rsv hosp,2026-10-03,quantile,0.9,6
2026-09-26,40,1,wk inc rsv hosp,2026-10-03,quantile,0.95,6
2026-09-26,40,1,wk inc rsv hosp,2026-10-03,quantile,0.975,7
2026-09-26,40,1,wk inc rsv hosp,2026-10-03,quantile,0.99,9
2026-09-26,40,2,wk inc rsv hosp,2026-10-10,quantile,0.01,0
2026-09-26,40,2,wk inc rsv hosp,2026-10-10,quantile,0.025,0
2026-09-26,40,2,wk inc rsv hosp,2026-10-10,quantile,0.05,0
2026-09-26,40,2,wk inc rsv hosp,2026-10-10,quantile,0.1,0
2026-09-26,40,2,wk inc rsv hosp,2026-10-10,quantile,0.15,0
2026-09-26,40,2,wk inc rsv hosp,2026-10-10,quantile,0.2,1
2026-09-26,40,2,wk inc rsv hosp,2026-10-10,quantile,0.25,1
2026-09-26,40,2,wk inc rsv hosp,2026-10-10,quantile,0.3,1
2026-09-26,40,2,wk inc rsv hosp,2026-10-10,quantile,0.35,1
2026-09-26,40,2,wk inc rsv hosp,2026-10-10,quantile,0.4,2
2026-09-26,40,2,wk inc rsv hosp,2026-10-10,quantile,0.45,2
2026-09-26,40,2,wk inc rsv hosp,2026-10-10,quantile,0.5,2
2026-09-26,40,2,wk inc rsv hosp,2026-10-10,quantile,0.55,2
2026-09-26,40,2,wk inc rsv hosp,2026-10-10,quantile,0.6,3
2026-09-26,40,2,wk inc rsv hosp,2026-10-10,quantile,0.65,3
2026-09-26,40,2,wk inc rsv hosp,2026-10-10,quantile,0.7,4
2026-09-26,40,2,wk inc rsv hosp,2026-10-10,quantile,0.75,4
2026-09-26,40,2,wk inc rsv hosp,2026-10-10,quantile,0.8,5
2026-09-26,40,2,wk inc rsv hosp,2026-10-10,quantile,0.85,6
2026-09-26,40,2,wk inc rsv hosp,2026-10-10,quantile,0.9,6
2026-09-26,40,2,wk inc rsv hosp,2026-10-10,quantile,0.95,8
2026-09-26,40,2,wk inc rsv hosp,2026-10-10,quantile,0.975,9
2026-09-26,40,2,wk inc rsv hosp,2026-10-10,quantile,0.99,16
2026-09-26,40,3,wk inc rsv hosp,2026-10-17,quantile,0.01,0
2026-09-26,40,3,wk inc rsv hosp,2026-10-17,quantile,0.025,0
2026-09-26,40,3,wk inc rsv hosp,2026-10-17,quantile,0.05,0
2026-09-26,40,3,wk inc rsv hosp,2026-10-17,quantile,0.1,0.5
2026-09-26,40,3,wk inc rsv hosp,2026-10-17,quantile,0.15,0.5
2026-09-26,40,3,wk inc rsv hosp,2026-10-17,quantile,0.2,1
2026-09-26,40,3,wk inc rsv hosp,2026-10-17,quantile,0.25,1.5
2026-09-26,40,3,wk inc rsv hosp,2026-10-17,quantile,0.3,1.5
2026-09-26,40,3,wk inc rsv hosp,2026-10-17,quantile,0.35,1.5
2026-09-26,40,3,wk inc rsv hosp,2026-10-17,quantile,0.4,2
2026-09-26,40,3,wk inc rsv hosp,2026-10-17,quantile,0.45,2
2026-09-26,40,3,wk inc rsv hosp,2026-10-17,quantile,0.5,2.5
2026-09-26,40,3,wk inc rsv hosp,2026-10-17,quantile,0.55,3
2026-09-26,40,3,wk inc rsv hosp,2026-10-17,quantile,0.6,3
2026-09-26,40,3,wk inc rsv hosp,2026-10-17,quantile,0.65,4
2026-09-26,40,3,wk inc rsv hosp,2026-10-17,quantile,0.7,4.5
2026-09-26,40,3,wk inc rsv hosp,2026-10-17,quantile,0.75,5.5
2026-09-26,40,3,wk inc rsv hosp,2026-10-17,quantile,0.8,6.5
2026-09-26,40,3,wk inc rsv hosp,2026-10-17,quantile,0.85,8
2026-09-26,40,3,wk inc rsv hosp,2026-10-17,quantile,0.9,10.5
2026-09-26,40,3,wk inc rsv hosp,2026-10-17,quantile,0.95,18
2026-09-26,40,3,wk inc rsv hosp,2026-10-17,quantile,0.975,27.5
2026-09-26,40,3,wk inc rsv hosp,2026-10-17,quantile,0.99,61.5
2026-09-26,41,-1,wk inc rsv hosp,2026-09-19,quantile,0.01,0
2026-09-26,41,-1,wk inc rsv hosp,2026-09-19,quantile,0.025,0
2026-09-26,41,-1,wk inc rsv hosp,2026-09-19,quantile,0.05,0
2026-09-26,41,-1,wk inc rsv hosp,2026-09-19,quantile,0.1,0
2026-09-26,41,-1,wk inc rsv hosp,2026-09-19,quantile,0.15,0.5
2026-09-26,41,-1,wk inc rsv hosp,2026-09-19,quantile,0.2,0.5
2026-09-26,41,-1,wk inc rsv hosp,2026-09-19,quantile,0.25,0.5
2026-09-26,41,-1,wk inc rsv hosp,2026-09-19,quantile,0.3,0.5
2026-09-26,41,-1,wk inc rsv hosp,2026-09-19,quantile,0.35,0.5
2026-09-26,41,-1,wk inc rsv hosp,2026-09-19,quantile,0.4,1
2026-09-26,41,-1,wk inc rsv hosp,2026-09-19,quantile,0.45,1
2026-09-26,41,-1,wk inc rsv hosp,2026-09-19,quantile,0.5,1
2026-09-26,41,-1,wk inc rsv hosp,2026-09-19,quantile,0.55,1
2026-09-26,41,-1,wk inc rsv hosp,2026-09-19,quantile,0.6,1
2026-09-26,41,-1,wk inc rsv hosp,2026-09-19,quantile,0.65,1
2026-09-26,41,-1,wk inc rsv hosp,2026-09-19,quantile,0.7,1.5
2026-09-26,41,-1,wk inc rsv hosp,2026-09-19,quantile,0.75,2
2026-09-26,41,-1,wk inc rsv hosp,2026-09-19,quantile,0.8,2
2026-09-26,41,-1,wk inc rsv hosp,2026-09-19,quantile,0.85,2
2026-09-26,41,-1,wk inc rsv hosp,2026-09-19,quantile,0.9,2
2026-09-26,41,-1,wk inc rsv hosp,2026-09-19,quantile,0.95,3
2026-09-26,41,-1,wk inc rsv hosp,2026-09-19,quantile,0.975,3.5
2026-09-26,41,-1,wk inc rsv hosp,2026-09-19,quantile,0.99,4.5
2026-09-26,41,0,wk inc rsv hosp,2026-09-26,quantile,0.01,0
2026-09-26,41,0,wk inc rsv hosp,2026-09-26,quantile,0.025,0
2026-09-26,41,0,wk inc rsv hosp,2026-09-26,quantile,0.05,0
2026-09-26,41,0,wk inc rsv hosp,2026-09-26,quantile,0.1,0
2026-09-26,41,0,wk inc rsv hosp,2026-09-26,quantile,0.15,0
2026-09-26,41,0,wk inc rsv hosp,2026-09-26,quantile,0.2,0
2026-09-26,41,0,wk inc rsv hosp,2026-09-26,quantile,0.25,0
2026-09-26,41,0,wk inc rsv hosp,2026-09-26,quantile,0.3,0
2026-09-26,41,0,wk inc rsv hosp,2026-09-26,quantile,0.35,1
2026-09-26,41,0,wk inc rsv hosp,2026-09-26,quantile,0.4,1
2026-09-26,41,0,wk inc rsv hosp,2026-09-26,quantile,0.45,1
2026-09-26,41,0,wk inc rsv hosp,2026-09-26,quantile,0.5,1
2026-09-26,41,0,wk inc rsv hosp,2026-09-26,quantile,0.55,1
2026-09-26,41,0,wk inc rsv hosp,2026-09-26,quantile,0.6,2
2026-09-26,41,0,wk inc rsv hosp,2026-09-26,quantile,0.65,2
2026-09-26,41,0,wk inc rsv hosp,2026-09-26,quantile,0.7,2
2026-09-26,41,0,wk inc rsv hosp,2026-09-26,quantile,0.75,2
2026-09-26,41,0,wk inc rsv hosp,2026-09-26,quantile,0.8,3
2026-09-26,41,0,wk inc rsv hosp,2026-09-26,quantile,0.85,3
2026-09-26,41,0,wk inc rsv hosp,2026-09-26,quantile,0.9,4
2026-09-26,41,0,wk inc rsv hosp,2026-09-26,quantile,0.95,5
2026-09-26,41,0,wk inc rsv hosp,2026-09-26,quantile,0.975,6
2026-09-26,41,0,wk inc rsv hosp,2026-09-26,quantile,0.99,7
2026-09-26,41,1,wk inc rsv hosp,2026-10-03,quantile,0.01,0
2026-09-26,41,1,wk inc rsv hosp,2026-10-03,quantile,0.025,0
2026-09-26,41,1,wk inc rsv hosp,2026-10-03,quantile,0.05,0
2026-09-26,41,1,wk inc rsv hosp,2026-10-03,quantile,0.1,0
2026-09-26,41,1,wk inc rsv hosp,2026-10-03,quantile,0.15,0
2026-09-26,41,1,wk inc rsv hosp,2026-10-03,quantile,0.2,0
2026-09-26,41,1,wk inc rsv hosp,2026-10-03,quantile,0.25,0
2026-09-26,41,1,wk inc rsv hosp,2026-10-03,quantile,0.3,1
2026-09-26,41,1,wk inc rsv hosp,2026-10-03,quantile,0.35,1
2026-09-26,41,1,wk inc rsv hosp,2026-10-03,quantile,0.4,1
2026-09-26,41,1,wk inc rsv hosp,2026-10-03,quantile,0.45,1
2026-09-26,41,1,wk inc rsv hosp,2026-10-03,quantile,0.5,1
2026-09-26,41,1,wk inc rsv hosp,2026-10-03,quantile,0.55,2
2026-09-26,41,1,wk inc rsv hosp,2026-10-03,quantile,0.6,2
2026-09-26,41,1,wk inc rsv hosp,2026-10-03,quantile,0.65,2
2026-09-26,41,1,wk inc rsv hosp,2026-10-03,quantile,0.7,3
2026-09-26,41,1,wk inc rsv hosp,2026-10-03,quantile,0.75,3
2026-09-26,41,1,wk inc rsv hosp,2026-10-03,quantile,0.8,3
2026-09-26,41,1,wk inc rsv hosp,2026-10-03,quantile,0.85,4
2026-09-26,41,1,wk inc rsv hosp,2026-10-03,quantile,0.9,5
2026-09-26,41,1,wk inc rsv hosp,2026-10-03,quantile,0.95,7
2026-09-26,41,1,wk inc rsv hosp,2026-10-03,quantile,0.975,8
2026-09-26,41,1,wk inc rsv hosp,2026-10-03,quantile,0.99,9
2026-09-26,41,2,wk inc rsv hosp,2026-10-10,quantile,0.01,0
2026-09-26,41,2,wk inc rsv hosp,2026-10-10,quantile,0.025,0
2026-09-26,41,2,wk inc rsv hosp,2026-10-10,quantile,0.05,0
2026-09-26,41,2,wk inc rsv hosp,2026-10-10,quantile,0.1,0
2026-09-26,41,2,wk inc rsv hosp,2026-10-10,quantile,0.15,0
2026-09-26,41,2,wk inc rsv hosp,2026-10-10,quantile,0.2,0
2026-09-26,41,2,wk inc rsv hosp,2026-10-10,quantile,0.25,0
2026-09-26,41,2,wk inc rsv hosp,2026-10-10,quantile,0.3,1
2026-09-26,41,2,wk inc rsv hosp,2026-10-10,quantile,0.35,1
2026-09-26,41,2,wk inc rsv hosp,2026-10-10,quantile,0.4,1
2026-09-26,41,2,wk inc rsv hosp,2026-10-10,quantile,0.45,1
2026-09-26,41,2,wk inc rsv hosp,2026-10-10,quantile,0.5,1
2026-09-26,41,2,wk inc rsv hosp,2026-10-10,quantile,0.55,2
2026-09-26,41,2,wk inc rsv hosp,2026-10-10,quantile,0.6,2
2026-09-26,41,2,wk inc rsv hosp,2026-10-10,quantile,0.65,3
2026-09-26,41,2,wk inc rsv hosp,2026-10-10,quantile,0.7,3
2026-09-26,41,2,wk inc rsv hosp,2026-10-10,quantile,0.75,4
2026-09-26,41,2,wk inc rsv hosp,2026-10-10,quantile,0.8,5
2026-09-26,41,2,wk inc rsv hosp,2026-10-10,quantile,0.85,6
2026-09-26,41,2,wk inc rsv hosp,2026-10-10,quantile,0.9,6
2026-09-26,41,2,wk inc rsv hosp,2026-10-10,quantile,0.95,9
2026-09-26,41,2,wk inc rsv hosp,2026-10-10,quantile,0.975,11
2026-09-26,41,2,wk inc rsv hosp,2026-10-10,quantile,0.99,14
2026-09-26,41,3,wk inc rsv hosp,2026-10-17,quantile,0.01,0
2026-09-26,41,3,wk inc rsv hosp,2026-10-17,quantile,0.025,0
2026-09-26,41,3,wk inc rsv hosp,2026-10-17,quantile,0.05,0.5
2026-09-26,41,3,wk inc rsv hosp,2026-10-17,quantile,0.1,0.5
2026-09-26,41,3,wk inc rsv hosp,2026-10-17,quantile,0.15,0.5
2026-09-26,41,3,wk inc rsv hosp,2026-10-17,quantile,0.2,0.5
2026-09-26,41,3,wk inc rsv hosp,2026-10-17,quantile,0.25,1
2026-09-26,41,3,wk inc rsv hosp,2026-10-17,quantile,0.3,1.5
2026-09-26,41,3,wk inc rsv hosp,2026-10-17,quantile,0.35,1.5
2026-09-26,41,3,wk inc rsv hosp,2026-10-17,quantile,0.4,1.5
2026-09-26,41,3,wk inc rsv hosp,2026-10-17,quantile,0.45,2
2026-09-26,41,3,wk inc rsv hosp,2026-10-17,quantile,0.5,2.5
2026-09-26,41,3,wk inc rsv hosp,2026-10-17,quantile,0.55,2.5
2026-09-26,41,3,wk inc rsv hosp,2026-10-17,quantile,0.6,3.5
2026-09-26,41,3,wk inc rsv hosp,2026-10-17,quantile,0.65,3.5
2026-09-26,41,3,wk inc rsv hosp,2026-10-17,quantile,0.7,4
2026-09-26,41,3,wk inc rsv hosp,2026-10-17,quantile,0.75,5
2026-09-26,41,3,wk inc rsv hosp,2026-10-17,quantile,0.8,6.5
2026-09-26,41,3,wk inc rsv hosp,2026-10-17,quantile,0.85,8.5
2026-09-26,41,3,wk inc rsv hosp,2026-10-17,quantile,0.9,11.5
2026-09-26,41,3,wk inc rsv hosp,2026-10-17,quantile,0.95,19
2026-09-26,41,3,wk inc rsv hosp,2026-10-17,quantile,0.975,31.5
2026-09-26,41,3,wk inc rsv hosp,2026-10-17,quantile,0.99,51
2026-09-26,42,-1,wk inc rsv hosp,2026-09-19,quantile,0.01,12
2026-09-26,42,-1,wk inc rsv hosp,2026-09-19,quantile,0.025,15.5
2026-09-26,42,-1,wk inc rsv hosp,2026-09-19,quantile,0.05,18.475
2026-09-26,42,-1,wk inc rsv hosp,2026-09-19,quantile,0.1,21.5
2026-09-26,42,-1,wk inc rsv hosp,2026-09-19,quantile,0.15,24
2026-09-26,42,-1,wk inc rsv hosp,2026-09-19,quantile,0.2,26
2026-09-26,42,-1,wk inc rsv hosp,2026-09-19,quantile,0.25,27.5
2026-09-26,42,-1,wk inc rsv hosp,2026-09-19,quantile,0.3,30
2026-09-26,42,-1,wk inc rsv hosp,2026-09-19,quantile,0.35,31.5
2026-09-26,42,-1,wk inc rsv hosp,2026-09-19,quantile,0.4,33
2026-09-26,42,-1,wk inc rsv hosp,2026-09-19,quantile,0.45,34.5
2026-09-26,42,-1,wk inc rsv hosp,2026-09-19,quantile,0.5,36
2026-09-26,42,-1,wk inc rsv hosp,2026-09-19,quantile,0.55,38
2026-09-26,42,-1,wk inc rsv hosp,2026-09-19,quantile,0.6,40
2026-09-26,42,-1,wk inc rsv hosp,2026-09-19,quantile,0.65,42
2026-09-26,42,-1,wk inc rsv hosp,2026-09-19,quantile,0.7,44.5
2026-09-26,42,-1,wk inc rsv hosp,2026-09-19,quantile,0.75,46.5
2026-09-26,42,-1,wk inc rsv hosp,2026-09-19,quantile,0.8,50
2026-09-26,42,-1,wk inc rsv hosp,2026-09-19,quantile,0.85,53
2026-09-26,42,-1,wk inc rsv hosp,2026-09-19,quantile,0.9,57.5
2026-09-26,42,-1,wk inc rsv hosp,2026-09-19,quantile,0.95,65
2026-09-26,42,-1,wk inc rsv hosp,2026-09-19,quantile,0.975,75.51249999999993
2026-09-26,42,-1,wk inc rsv hosp,2026-09-19,quantile,0.99,86.5
2026-09-26,42,0,wk inc rsv hosp,2026-09-26,quantile,0.01,8
2026-09-26,42,0,wk inc rsv hosp,2026-09-26,quantile,0.025,12
2026-09-26,42,0,wk inc rsv hosp,2026-09-26,quantile,0.05,16
2026-09-26,42,0,wk inc rsv hosp,2026-09-26,quantile,0.1,21
2026-09-26,42,0,wk inc rsv hosp,2026-09-26,quantile,0.15,25
2026-09-26,42,0,wk inc rsv hosp,2026-09-26,quantile,0.2,28
2026-09-26,42,0,wk inc rsv hosp,2026-09-26,quantile,0.25,31
2026-09-26,42,0,wk inc rsv hosp,2026-09-26,quantile,0.3,33
2026-09-26,42,0,wk inc rsv hosp,2026-09-26,quantile,0.35,35
2026-09-26,42,0,wk inc rsv hosp,2026-09-26,quantile,0.4,37
2026-09-26,42,0,wk inc rsv hosp,2026-09-26,quantile,0.45,39
2026-09-26,42,0,wk inc rsv hosp,2026-09-26,quantile,0.5,40
2026-09-26,42,0,wk inc rsv hosp,2026-09-26,quantile,0.55,41
2026-09-26,42,0,wk inc rsv hosp,2026-09-26,quantile,0.6,43
2026-09-26,42,0,wk inc rsv hosp,2026-09-26,quantile,0.65,45
2026-09-26,42,0,wk inc rsv hosp,2026-09-26,quantile,0.7,47
2026-09-26,42,0,wk inc rsv hosp,2026-09-26,quantile,0.75,48
2026-09-26,42,0,wk inc rsv hosp,2026-09-26,quantile,0.8,52
2026-09-26,42,0,wk inc rsv hosp,2026-09-26,quantile,0.85,59
2026-09-26,42,0,wk inc rsv hosp,2026-09-26,quantile,0.9,68
2026-09-26,42,0,wk inc rsv hosp,2026-09-26,quantile,0.95,81
2026-09-26,42,0,wk inc rsv hosp,2026-09-26,quantile,0.975,93
2026-09-26,42,0,wk inc rsv hosp,2026-09-26,quantile,0.99,115
2026-09-26,42,1,wk inc rsv hosp,2026-10-03,quantile,0.01,7
2026-09-26,42,1,wk inc rsv hosp,2026-10-03,quantile,0.025,11
2026-09-26,42,1,wk inc rsv hosp,2026-10-03,quantile,0.05,14
2026-09-26,42,1,wk inc rsv hosp,2026-10-03,quantile,0.1,18
2026-09-26,42,1,wk inc rsv hosp,2026-10-03,quantile,0.15,22
2026-09-26,42,1,wk inc rsv hosp,2026-10-03,quantile,0.2,25
2026-09-26,42,1,wk inc rsv hosp,2026-10-03,quantile,0.25,27
2026-09-26,42,1,wk inc rsv hosp,2026-10-03,quantile,0.3,30
2026-09-26,42,1,wk inc rsv hosp,2026-10-03,quantile,0.35,32
2026-09-26,42,1,wk inc rsv hosp,2026-10-03,quantile,0.4,34
2026-09-26,42,1,wk inc rsv hosp,2026-10-03,quantile,0.45,36
2026-09-26,42,1,wk inc rsv hosp,2026-10-03,quantile,0.5,38
2026-09-26,42,1,wk inc rsv hosp,2026-10-03,quantile,0.55,40
2026-09-26,42,1,wk inc rsv hosp,2026-10-03,quantile,0.6,42
2026-09-26,42,1,wk inc rsv hosp,2026-10-03,quantile,0.65,44
2026-09-26,42,1,wk inc rsv hosp,2026-10-03,quantile,0.7,47
2026-09-26,42,1,wk inc rsv hosp,2026-10-03,quantile,0.75,50
2026-09-26,42,1,wk inc rsv hosp,2026-10-03,quantile,0.8,56
2026-09-26,42,1,wk inc rsv hosp,2026-10-03,quantile,0.85,63
2026-09-26,42,1,wk inc rsv hosp,2026-10-03,quantile,0.9,74
2026-09-26,42,1,wk inc rsv hosp,2026-10-03,quantile,0.95,93.04999999999995
2026-09-26,42,1,wk inc rsv hosp,2026-10-03,quantile,0.975,114.02499999999986
2026-09-26,42,1,wk inc rsv hosp,2026-10-03,quantile,0.99,142.02999999999997
2026-09-26,42,2,wk inc rsv hosp,2026-10-10,quantile,0.01,4
2026-09-26,42,2,wk inc rsv hosp,2026-10-10,quantile,0.025,9
2026-09-26,42,2,wk inc rsv hosp,2026-10-10,quantile,0.05,12
2026-09-26,42,2,wk inc rsv hosp,2026-10-10,quantile,0.1,16
2026-09-26,42,2,wk inc rsv hosp,2026-10-10,quantile,0.15,20
2026-09-26,42,2,wk inc rsv hosp,2026-10-10,quantile,0.2,22
2026-09-26,42,2,wk inc rsv hosp,2026-10-10,quantile,0.25,24
2026-09-26,42,2,wk inc rsv hosp,2026-10-10,quantile,0.3,26
2026-09-26,42,2,wk inc rsv hosp,2026-10-10,quantile,0.35,28
2026-09-26,42,2,wk inc rsv hosp,2026-10-10,quantile,0.4,31
2026-09-26,42,2,wk inc rsv hosp,2026-10-10,quantile,0.45,33
2026-09-26,42,2,wk inc rsv hosp,2026-10-10,quantile,0.5,36
2026-09-26,42,2,wk inc rsv hosp,2026-10-10,quantile,0.55,38
2026-09-26,42,2,wk inc rsv hosp,2026-10-10,quantile,0.6,41
2026-09-26,42,2,wk inc rsv hosp,2026-10-10,quantile,0.65,44
2026-09-26,42,2,wk inc rsv hosp,2026-10-10,quantile,0.7,48.299999999999955
2026-09-26,42,2,wk inc rsv hosp,2026-10-10,quantile,0.75,53
2026-09-26,42,2,wk inc rsv hosp,2026-10-10,quantile,0.8,61
2026-09-26,42,2,wk inc rsv hosp,2026-10-10,quantile,0.85,71
2026-09-26,42,2,wk inc rsv hosp,2026-10-10,quantile,0.9,84
2026-09-26,42,2,wk inc rsv hosp,2026-10-10,quantile,0.95,111.09999999999992
2026-09-26,42,2,wk inc rsv hosp,2026-10-10,quantile,0.975,148.02499999999986
2026-09-26,42,2,wk inc rsv hosp,2026-10-10,quantile,0.99,184.07999999999993
2026-09-26,42,3,wk inc rsv hosp,2026-10-17,quantile,0.01,5.5
2026-09-26,42,3,wk inc rsv hosp,2026-10-17,quantile,0.025,8
2026-09-26,42,3,wk inc rsv hosp,2026-10-17,quantile,0.05,10.5
2026-09-26,42,3,wk inc rsv hosp,2026-10-17,quantile,0.1,14
2026-09-26,42,3,wk inc rsv hosp,2026-10-17,quantile,0.15,16.5
2026-09-26,42,3,wk inc rsv hosp,2026-10-17,quantile,0.2,19.5
2026-09-26,42,3,wk inc rsv hosp,2026-10-17,quantile,0.25,22.5
2026-09-26,42,3,wk inc rsv hosp,2026-10-17,quantile,0.3,25
2026-09-26,42,3,wk inc rsv hosp,2026-10-17,quantile,0.35,28
2026-09-26,42,3,wk inc rsv hosp,2026-10-17,quantile,0.4,31
2026-09-26,42,3,wk inc rsv hosp,2026-10-17,quantile,0.45,34
2026-09-26,42,3,wk inc rsv hosp,2026-10-17,quantile,0.5,37.5
2026-09-26,42,3,wk inc rsv hosp,2026-10-17,quantile,0.55,42
2026-09-26,42,3,wk inc rsv hosp,2026-10-17,quantile,0.6,46.5
2026-09-26,42,3,wk inc rsv hosp,2026-10-17,quantile,0.65,52
2026-09-26,42,3,wk inc rsv hosp,2026-10-17,quantile,0.7,58
2026-09-26,42,3,wk inc rsv hosp,2026-10-17,quantile,0.75,65
2026-09-26,42,3,wk inc rsv hosp,2026-10-17,quantile,0.8,74.5
2026-09-26,42,3,wk inc rsv hosp,2026-10-17,quantile,0.85,85.5
2026-09-26,42,3,wk inc rsv hosp,2026-10-17,quantile,0.9,103
2026-09-26,42,3,wk inc rsv hosp,2026-10-17,quantile,0.95,141
2026-09-26,42,3,wk inc rsv hosp,2026-10-17,quantile,0.975,189
2026-09-26,42,3,wk inc rsv hosp,2026-10-17,quantile,0.99,242
2026-09-26,44,-1,wk inc rsv hosp,2026-09-19,quantile,0.01,0
2026-09-26,44,-1,wk inc rsv hosp,2026-09-19,quantile,0.025,0.5
2026-09-26,44,-1,wk inc rsv hosp,2026-09-19,quantile,0.05,1
2026-09-26,44,-1,wk inc rsv hosp,2026-09-19,quantile,0.1,1
2026-09-26,44,-1,wk inc rsv hosp,2026-09-19,quantile,0.15,1
2026-09-26,44,-1,wk inc rsv hosp,2026-09-19,quantile,0.2,1
2026-09-26,44,-1,wk inc rsv hosp,2026-09-19,quantile,0.25,1
2026-09-26,44,-1,wk inc rsv hosp,2026-09-19,quantile,0.3,1
2026-09-26,44,-1,wk inc rsv hosp,2026-09-19,quantile,0.35,1.5
2026-09-26,44,-1,wk inc rsv hosp,2026-09-19,quantile,0.4,1.5
2026-09-26,44,-1,wk inc rsv hosp,2026-09-19,quantile,0.45,1.5
2026-09-26,44,-1,wk inc rsv hosp,2026-09-19,quantile,0.5,1.5
2026-09-26,44,-1,wk inc rsv hosp,2026-09-19,quantile,0.55,1.5
2026-09-26,44,-1,wk inc rsv hosp,2026-09-19,quantile,0.6,1.5
2026-09-26,44,-1,wk inc rsv hosp,2026-09-19,quantile,0.65,2
2026-09-26,44,-1,wk inc rsv hosp,2026-09-19,quantile,0.7,2.5
2026-09-26,44,-1,wk inc rsv hosp,2026-09-19,quantile,0.75,2.5
2026-09-26,44,-1,wk inc rsv hosp,2026-09-19,quantile,0.8,2.5
2026-09-26,44,-1,wk inc rsv hosp,2026-09-19,quantile,0.85,3
2026-09-26,44,-1,wk inc rsv hosp,2026-09-19,quantile,0.9,3
2026-09-26,44,-1,wk inc rsv hosp,2026-09-19,quantile,0.95,4
2026-09-26,44,-1,wk inc rsv hosp,2026-09-19,quantile,0.975,5
2026-09-26,44,-1,wk inc rsv hosp,2026-09-19,quantile,0.99,5
2026-09-26,44,0,wk inc rsv hosp,2026-09-26,quantile,0.01,0
2026-09-26,44,0,wk inc rsv hosp,2026-09-26,quantile,0.025,0
2026-09-26,44,0,wk inc rsv hosp,2026-09-26,quantile,0.05,0
2026-09-26,44,0,wk inc rsv hosp,2026-09-26,quantile,0.1,0
2026-09-26,44,0,wk inc rsv hosp,2026-09-26,quantile,0.15,1
2026-09-26,44,0,wk inc rsv hosp,2026-09-26,quantile,0.2,1
2026-09-26,44,0,wk inc rsv hosp,2026-09-26,quantile,0.25,1
2026-09-26,44,0,wk inc rsv hosp,2026-09-26,quantile,0.3,1
2026-09-26,44,0,wk inc rsv hosp,2026-09-26,quantile,0.35,1
2026-09-26,44,0,wk inc rsv hosp,2026-09-26,quantile,0.4,1
2026-09-26,44,0,wk inc rsv hosp,2026-09-26,quantile,0.45,1
2026-09-26,44,0,wk inc rsv hosp,2026-09-26,quantile,0.5,1
2026-09-26,44,0,wk inc rsv hosp,2026-09-26,quantile,0.55,1
2026-09-26,44,0,wk inc rsv hosp,2026-09-26,quantile,0.6,2
2026-09-26,44,0,wk inc rsv hosp,2026-09-26,quantile,0.65,2
2026-09-26,44,0,wk inc rsv hosp,2026-09-26,quantile,0.7,2
2026-09-26,44,0,wk inc rsv hosp,2026-09-26,quantile,0.75,2
2026-09-26,44,0,wk inc rsv hosp,2026-09-26,quantile,0.8,3
2026-09-26,44,0,wk inc rsv hosp,2026-09-26,quantile,0.85,3
2026-09-26,44,0,wk inc rsv hosp,2026-09-26,quantile,0.9,4
2026-09-26,44,0,wk inc rsv hosp,2026-09-26,quantile,0.95,5
2026-09-26,44,0,wk inc rsv hosp,2026-09-26,quantile,0.975,6
2026-09-26,44,0,wk inc rsv hosp,2026-09-26,quantile,0.99,8
2026-09-26,44,1,wk inc rsv hosp,2026-10-03,quantile,0.01,0
2026-09-26,44,1,wk inc rsv hosp,2026-10-03,quantile,0.025,0
2026-09-26,44,1,wk inc rsv hosp,2026-10-03,quantile,0.05,0
2026-09-26,44,1,wk inc rsv hosp,2026-10-03,quantile,0.1,0
2026-09-26,44,1,wk inc rsv hosp,2026-10-03,quantile,0.15,1
2026-09-26,44,1,wk inc rsv hosp,2026-10-03,quantile,0.2,1
2026-09-26,44,1,wk inc rsv hosp,2026-10-03,quantile,0.25,1
2026-09-26,44,1,wk inc rsv hosp,2026-10-03,quantile,0.3,1
2026-09-26,44,1,wk inc rsv hosp,2026-10-03,quantile,0.35,1
2026-09-26,44,1,wk inc rsv hosp,2026-10-03,quantile,0.4,1
2026-09-26,44,1,wk inc rsv hosp,2026-10-03,quantile,0.45,1
2026-09-26,44,1,wk inc rsv hosp,2026-10-03,quantile,0.5,1
2026-09-26,44,1,wk inc rsv hosp,2026-10-03,quantile,0.55,2
2026-09-26,44,1,wk inc rsv hosp,2026-10-03,quantile,0.6,2
2026-09-26,44,1,wk inc rsv hosp,2026-10-03,quantile,0.65,2
2026-09-26,44,1,wk inc rsv hosp,2026-10-03,quantile,0.7,3
2026-09-26,44,1,wk inc rsv hosp,2026-10-03,quantile,0.75,3
2026-09-26,44,1,wk inc rsv hosp,2026-10-03,quantile,0.8,3
2026-09-26,44,1,wk inc rsv hosp,2026-10-03,quantile,0.85,4
2026-09-26,44,1,wk inc rsv hosp,2026-10-03,quantile,0.9,5
2026-09-26,44,1,wk inc rsv hosp,2026-10-03,quantile,0.95,7
2026-09-26,44,1,wk inc rsv hosp,2026-10-03,quantile,0.975,9
2026-09-26,44,1,wk inc rsv hosp,2026-10-03,quantile,0.99,11
2026-09-26,44,2,wk inc rsv hosp,2026-10-10,quantile,0.01,0
2026-09-26,44,2,wk inc rsv hosp,2026-10-10,quantile,0.025,0
2026-09-26,44,2,wk inc rsv hosp,2026-10-10,quantile,0.05,0
2026-09-26,44,2,wk inc rsv hosp,2026-10-10,quantile,0.1,0
2026-09-26,44,2,wk inc rsv hosp,2026-10-10,quantile,0.15,1
2026-09-26,44,2,wk inc rsv hosp,2026-10-10,quantile,0.2,1
2026-09-26,44,2,wk inc rsv hosp,2026-10-10,quantile,0.25,1
2026-09-26,44,2,wk inc rsv hosp,2026-10-10,quantile,0.3,1
2026-09-26,44,2,wk inc rsv hosp,2026-10-10,quantile,0.35,1
2026-09-26,44,2,wk inc rsv hosp,2026-10-10,quantile,0.4,1
2026-09-26,44,2,wk inc rsv hosp,2026-10-10,quantile,0.45,1
2026-09-26,44,2,wk inc rsv hosp,2026-10-10,quantile,0.5,2
2026-09-26,44,2,wk inc rsv hosp,2026-10-10,quantile,0.55,2
2026-09-26,44,2,wk inc rsv hosp,2026-10-10,quantile,0.6,2
2026-09-26,44,2,wk inc rsv hosp,2026-10-10,quantile,0.65,3
2026-09-26,44,2,wk inc rsv hosp,2026-10-10,quantile,0.7,3
2026-09-26,44,2,wk inc rsv hosp,2026-10-10,quantile,0.75,4
2026-09-26,44,2,wk inc rsv hosp,2026-10-10,quantile,0.8,4
2026-09-26,44,2,wk inc rsv hosp,2026-10-10,quantile,0.85,5
2026-09-26,44,2,wk inc rsv hosp,2026-10-10,quantile,0.9,7
2026-09-26,44,2,wk inc rsv hosp,2026-10-10,quantile,0.95,10
2026-09-26,44,2,wk inc rsv hosp,2026-10-10,quantile,0.975,15
2026-09-26,44,2,wk inc rsv hosp,2026-10-10,quantile,0.99,22.00999999999999
2026-09-26,44,3,wk inc rsv hosp,2026-10-17,quantile,0.01,0
2026-09-26,44,3,wk inc rsv hosp,2026-10-17,quantile,0.025,0
2026-09-26,44,3,wk inc rsv hosp,2026-10-17,quantile,0.05,0
2026-09-26,44,3,wk inc rsv hosp,2026-10-17,quantile,0.1,0
2026-09-26,44,3,wk inc rsv hosp,2026-10-17,quantile,0.15,1
2026-09-26,44,3,wk inc rsv hosp,2026-10-17,quantile,0.2,1
2026-09-26,44,3,wk inc rsv hosp,2026-10-17,quantile,0.25,1.5
2026-09-26,44,3,wk inc rsv hosp,2026-10-17,quantile,0.3,1.5
2026-09-26,44,3,wk inc rsv hosp,2026-10-17,quantile,0.35,1.5
2026-09-26,44,3,wk inc rsv hosp,2026-10-17,quantile,0.4,2
2026-09-26,44,3,wk inc rsv hosp,2026-10-17,quantile,0.45,2
2026-09-26,44,3,wk inc rsv hosp,2026-10-17,quantile,0.5,2
2026-09-26,44,3,wk inc rsv hosp,2026-10-17,quantile,0.55,3
2026-09-26,44,3,wk inc rsv hosp,2026-10-17,quantile,0.6,3.5
2026-09-26,44,3,wk inc rsv hosp,2026-10-17,quantile,0.65,4
2026-09-26,44,3,wk inc rsv hosp,2026-10-17,quantile,0.7,4
2026-09-26,44,3,wk inc rsv hosp,2026-10-17,quantile,0.75,5
2026-09-26,44,3,wk inc rsv hosp,2026-10-17,quantile,0.8,5.5
2026-09-26,44,3,wk inc rsv hosp,2026-10-17,quantile,0.85,7
2026-09-26,44,3,wk inc rsv hosp,2026-10-17,quantile,0.9,9.5
2026-09-26,44,3,wk inc rsv hosp,2026-10-17,quantile,0.95,15.5
2026-09-26,44,3,wk inc rsv hosp,2026-10-17,quantile,0.975,21.5
2026-09-26,44,3,wk inc rsv hosp,2026-10-17,quantile,0.99,28.5
2026-09-26,45,-1,wk inc rsv hosp,2026-09-19,quantile,0.01,1
2026-09-26,45,-1,wk inc rsv hosp,2026-09-19,quantile,0.025,1.5
2026-09-26,45,-1,wk inc rsv hosp,2026-09-19,quantile,0.05,3
2026-09-26,45,-1,wk inc rsv hosp,2026-09-19,quantile,0.1,3
2026-09-26,45,-1,wk inc rsv hosp,2026-09-19,quantile,0.15,4
2026-09-26,45,-1,wk inc rsv hosp,2026-09-19,quantile,0.2,4.5
2026-09-26,45,-1,wk inc rsv hosp,2026-09-19,quantile,0.25,5
2026-09-26,45,-1,wk inc rsv hosp,2026-09-19,quantile,0.3,5
2026-09-26,45,-1,wk inc rsv hosp,2026-09-19,quantile,0.35,5.5
2026-09-26,45,-1,wk inc rsv hosp,2026-09-19,quantile,0.4,5.5
2026-09-26,45,-1,wk inc rsv hosp,2026-09-19,quantile,0.45,6
2026-09-26,45,-1,wk inc rsv hosp,2026-09-19,quantile,0.5,6
2026-09-26,45,-1,wk inc rsv hosp,2026-09-19,quantile,0.55,6.5
2026-09-26,45,-1,wk inc rsv hosp,2026-09-19,quantile,0.6,7
2026-09-26,45,-1,wk inc rsv hosp,2026-09-19,quantile,0.65,7
2026-09-26,45,-1,wk inc rsv hosp,2026-09-19,quantile,0.7,7.5
2026-09-26,45,-1,wk inc rsv hosp,2026-09-19,quantile,0.75,8
2026-09-26,45,-1,wk inc rsv hosp,2026-09-19,quantile,0.8,8.5
2026-09-26,45,-1,wk inc rsv hosp,2026-09-19,quantile,0.85,9
2026-09-26,45,-1,wk inc rsv hosp,2026-09-19,quantile,0.9,9.5
2026-09-26,45,-1,wk inc rsv hosp,2026-09-19,quantile,0.95,11.5
2026-09-26,45,-1,wk inc rsv hosp,2026-09-19,quantile,0.975,12.5
2026-09-26,45,-1,wk inc rsv hosp,2026-09-19,quantile,0.99,14.5
2026-09-26,45,0,wk inc rsv hosp,2026-09-26,quantile,0.01,2
2026-09-26,45,0,wk inc rsv hosp,2026-09-26,quantile,0.025,2
2026-09-26,45,0,wk inc rsv hosp,2026-09-26,quantile,0.05,3
2026-09-26,45,0,wk inc rsv hosp,2026-09-26,quantile,0.1,3
2026-09-26,45,0,wk inc rsv hosp,2026-09-26,quantile,0.15,4
2026-09-26,45,0,wk inc rsv hosp,2026-09-26,quantile,0.2,4
2026-09-26,45,0,wk inc rsv hosp,2026-09-26,quantile,0.25,4
2026-09-26,45,0,wk inc rsv hosp,2026-09-26,quantile,0.3,5
2026-09-26,45,0,wk inc rsv hosp,2026-09-26,quantile,0.35,5
2026-09-26,45,0,wk inc rsv hosp,2026-09-26,quantile,0.4,5
2026-09-26,45,0,wk inc rsv hosp,2026-09-26,quantile,0.45,6
2026-09-26,45,0,wk inc rsv hosp,2026-09-26,quantile,0.5,7
2026-09-26,45,0,wk inc rsv hosp,2026-09-26,quantile,0.55,7
2026-09-26,45,0,wk inc rsv hosp,2026-09-26,quantile,0.6,8
2026-09-26,45,0,wk inc rsv hosp,2026-09-26,quantile,0.65,9
2026-09-26,45,0,wk inc rsv hosp,2026-09-26,quantile,0.7,9
2026-09-26,45,0,wk inc rsv hosp,2026-09-26,quantile,0.75,10
2026-09-26,45,0,wk inc rsv hosp,2026-09-26,quantile,0.8,11
2026-09-26,45,0,wk inc rsv hosp,2026-09-26,quantile,0.85,12
2026-09-26,45,0,wk inc rsv hosp,2026-09-26,quantile,0.9,13
2026-09-26,45,0,wk inc rsv hosp,2026-09-26,quantile,0.95,17
2026-09-26,45,0,wk inc rsv hosp,2026-09-26,quantile,0.975,20
2026-09-26,45,0,wk inc rsv hosp,2026-09-26,quantile,0.99,22.00999999999999
2026-09-26,45,1,wk inc rsv hosp,2026-10-03,quantile,0.01,2
2026-09-26,45,1,wk inc rsv hosp,2026-10-03,quantile,0.025,2
2026-09-26,45,1,wk inc rsv hosp,2026-10-03,quantile,0.05,3
2026-09-26,45,1,wk inc rsv hosp,2026-10-03,quantile,0.1,3
2026-09-26,45,1,wk inc rsv hosp,2026-10-03,quantile,0.15,3
2026-09-26,45,1,wk inc rsv hosp,2026-10-03,quantile,0.2,4
2026-09-26,45,1,wk inc rsv hosp,2026-10-03,quantile,0.25,4
2026-09-26,45,1,wk inc rsv hosp,2026-10-03,quantile,0.3,5
2026-09-26,45,1,wk inc rsv hosp,2026-10-03,quantile,0.35,5
2026-09-26,45,1,wk inc rsv hosp,2026-10-03,quantile,0.4,6
2026-09-26,45,1,wk inc rsv hosp,2026-10-03,quantile,0.45,7
2026-09-26,45,1,wk inc rsv hosp,2026-10-03,quantile,0.5,7
2026-09-26,45,1,wk inc rsv hosp,2026-10-03,quantile,0.55,8
2026-09-26,45,1,wk inc rsv hosp,2026-10-03,quantile,0.6,9
2026-09-26,45,1,wk inc rsv hosp,2026-10-03,quantile,0.65,10
2026-09-26,45,1,wk inc rsv hosp,2026-10-03,quantile,0.7,11
2026-09-26,45,1,wk inc rsv hosp,2026-10-03,quantile,0.75,12
2026-09-26,45,1,wk inc rsv hosp,2026-10-03,quantile,0.8,14
2026-09-26,45,1,wk inc rsv hosp,2026-10-03,quantile,0.85,16
2026-09-26,45,1,wk inc rsv hosp,2026-10-03,quantile,0.9,19
2026-09-26,45,1,wk inc rsv hosp,2026-10-03,quantile,0.95,26
2026-09-26,45,1,wk inc rsv hosp,2026-10-03,quantile,0.975,31
2026-09-26,45,1,wk inc rsv hosp,2026-10-03,quantile,0.99,37
2026-09-26,45,2,wk inc rsv hosp,2026-10-10,quantile,0.01,1
2026-09-26,45,2,wk inc rsv hosp,2026-10-10,quantile,0.025,2
2026-09-26,45,2,wk inc rsv hosp,2026-10-10,quantile,0.05,2
2026-09-26,45,2,wk inc rsv hosp,2026-10-10,quantile,0.1,3
2026-09-26,45,2,wk inc rsv hosp,2026-10-10,quantile,0.15,3
2026-09-26,45,2,wk inc rsv hosp,2026-10-10,quantile,0.2,4
2026-09-26,45,2,wk inc rsv hosp,2026-10-10,quantile,0.25,4
2026-09-26,45,2,wk inc rsv hosp,2026-10-10,quantile,0.3,5
2026-09-26,45,2,wk inc rsv hosp,2026-10-10,quantile,0.35,6
2026-09-26,45,2,wk inc rsv hosp,2026-10-10,quantile,0.4,7
2026-09-26,45,2,wk inc rsv hosp,2026-10-10,quantile,0.45,8
2026-09-26,45,2,wk inc rsv hosp,2026-10-10,quantile,0.5,9
2026-09-26,45,2,wk inc rsv hosp,2026-10-10,quantile,0.55,10
2026-09-26,45,2,wk inc rsv hosp,2026-10-10,quantile,0.6,11
2026-09-26,45,2,wk inc rsv hosp,2026-10-10,quantile,0.65,12
2026-09-26,45,2,wk inc rsv hosp,2026-10-10,quantile,0.7,13
2026-09-26,45,2,wk inc rsv hosp,2026-10-10,quantile,0.75,15
2026-09-26,45,2,wk inc rsv hosp,2026-10-10,quantile,0.8,18
2026-09-26,45,2,wk inc rsv hosp,2026-10-10,quantile,0.85,22
2026-09-26,45,2,wk inc rsv hosp,2026-10-10,quantile,0.9,29
2026-09-26,45,2,wk inc rsv hosp,2026-10-10,quantile,0.95,43
2026-09-26,45,2,wk inc rsv hosp,2026-10-10,quantile,0.975,56
2026-09-26,45,2,wk inc rsv hosp,2026-10-10,quantile,0.99,78.00999999999999
2026-09-26,45,3,wk inc rsv hosp,2026-10-17,quantile,0.01,0.5
2026-09-26,45,3,wk inc rsv hosp,2026-10-17,quantile,0.025,0.5
2026-09-26,45,3,wk inc rsv hosp,2026-10-17,quantile,0.05,1
2026-09-26,45,3,wk inc rsv hosp,2026-10-17,quantile,0.1,1.5
2026-09-26,45,3,wk inc rsv hosp,2026-10-17,quantile,0.15,3
2026-09-26,45,3,wk inc rsv hosp,2026-10-17,quantile,0.2,3.5
2026-09-26,45,3,wk inc rsv hosp,2026-10-17,quantile,0.25,4
2026-09-26,45,3,wk inc rsv hosp,2026-10-17,quantile,0.3,5
2026-09-26,45,3,wk inc rsv hosp,2026-10-17,quantile,0.35,6
2026-09-26,45,3,wk inc rsv hosp,2026-10-17,quantile,0.4,7
2026-09-26,45,3,wk inc rsv hosp,2026-10-17,quantile,0.45,8
2026-09-26,45,3,wk inc rsv hosp,2026-10-17,quantile,0.5,8.5
2026-09-26,45,3,wk inc rsv hosp,2026-10-17,quantile,0.55,10
2026-09-26,45,3,wk inc rsv hosp,2026-10-17,quantile,0.6,11
2026-09-26,45,3,wk inc rsv hosp,2026-10-17,quantile,0.65,12.5
2026-09-26,45,3,wk inc rsv hosp,2026-10-17,quantile,0.7,14.5
2026-09-26,45,3,wk inc rsv hosp,2026-10-17,quantile,0.75,16.5
2026-09-26,45,3,wk inc rsv hosp,2026-10-17,quantile,0.8,20.5
2026-09-26,45,3,wk inc rsv hosp,2026-10-17,quantile,0.85,24
2026-09-26,45,3,wk inc rsv hosp,2026-10-17,quantile,0.9,32.5
2026-09-26,45,3,wk inc rsv hosp,2026-10-17,quantile,0.95,50
2026-09-26,45,3,wk inc rsv hosp,2026-10-17,quantile,0.975,80.5
2026-09-26,45,3,wk inc rsv hosp,2026-10-17,quantile,0.99,114
2026-09-26,46,-1,wk inc rsv hosp,2026-09-19,quantile,0.01,0
2026-09-26,46,-1,wk inc rsv hosp,2026-09-19,quantile,0.025,0
2026-09-26,46,-1,wk inc rsv hosp,2026-09-19,quantile,0.05,0
2026-09-26,46,-1,wk inc rsv hosp,2026-09-19,quantile,0.1,0.5
2026-09-26,46,-1,wk inc rsv hosp,2026-09-19,quantile,0.15,0.5
2026-09-26,46,-1,wk inc rsv hosp,2026-09-19,quantile,0.2,0.5
2026-09-26,46,-1,wk inc rsv hosp,2026-09-19,quantile,0.25,0.5
2026-09-26,46,-1,wk inc rsv hosp,2026-09-19,quantile,0.3,0.5
2026-09-26,46,-1,wk inc rsv hosp,2026-09-19,quantile,0.35,0.5
2026-09-26,46,-1,wk inc rsv hosp,2026-09-19,quantile,0.4,0.5
2026-09-26,46,-1,wk inc rsv hosp,2026-09-19,quantile,0.45,0.5
2026-09-26,46,-1,wk inc rsv hosp,2026-09-19,quantile,0.5,0.5
2026-09-26,46,-1,wk inc rsv hosp,2026-09-19,quantile,0.55,0.5
2026-09-26,46,-1,wk inc rsv hosp,2026-09-19,quantile,0.6,0.5
2026-09-26,46,-1,wk inc rsv hosp,2026-09-19,quantile,0.65,0.5
2026-09-26,46,-1,wk inc rsv hosp,2026-09-19,quantile,0.7,0.5
2026-09-26,46,-1,wk inc rsv hosp,2026-09-19,quantile,0.75,0.5
2026-09-26,46,-1,wk inc rsv hosp,2026-09-19,quantile,0.8,1
2026-09-26,46,-1,wk inc rsv hosp,2026-09-19,quantile,0.85,1
2026-09-26,46,-1,wk inc rsv hosp,2026-09-19,quantile,0.9,1.5
2026-09-26,46,-1,wk inc rsv hosp,2026-09-19,quantile,0.95,1.5
2026-09-26,46,-1,wk inc rsv hosp,2026-09-19,quantile,0.975,2.5
2026-09-26,46,-1,wk inc rsv hosp,2026-09-19,quantile,0.99,3
2026-09-26,46,0,wk inc rsv hosp,2026-09-26,quantile,0.01,0
2026-09-26,46,0,wk inc rsv hosp,2026-09-26,quantile,0.025,0
2026-09-26,46,0,wk inc rsv hosp,2026-09-26,quantile,0.05,0
2026-09-26,46,0,wk inc rsv hosp,2026-09-26,quantile,0.1,0
2026-09-26,46,0,wk inc rsv hosp,2026-09-26,quantile,0.15,0
2026-09-26,46,0,wk inc rsv hosp,2026-09-26,quantile,0.2,0
2026-09-26,46,0,wk inc rsv hosp,2026-09-26,quantile,0.25,0
2026-09-26,46,0,wk inc rsv hosp,2026-09-26,quantile,0.3,0
2026-09-26,46,0,wk inc rsv hosp,2026-09-26,quantile,0.35,0
2026-09-26,46,0,wk inc rsv hosp,2026-09-26,quantile,0.4,0
2026-09-26,46,0,wk inc rsv hosp,2026-09-26,quantile,0.45,1
2026-09-26,46,0,wk inc rsv hosp,2026-09-26,quantile,0.5,1
2026-09-26,46,0,wk inc rsv hosp,2026-09-26,quantile,0.55,1
2026-09-26,46,0,wk inc rsv hosp,2026-09-26,quantile,0.6,1
2026-09-26,46,0,wk inc rsv hosp,2026-09-26,quantile,0.65,1
2026-09-26,46,0,wk inc rsv hosp,2026-09-26,quantile,0.7,1
2026-09-26,46,0,wk inc rsv hosp,2026-09-26,quantile,0.75,1
2026-09-26,46,0,wk inc rsv hosp,2026-09-26,quantile,0.8,2
2026-09-26,46,0,wk inc rsv hosp,2026-09-26,quantile,0.85,2
2026-09-26,46,0,wk inc rsv hosp,2026-09-26,quantile,0.9,2
2026-09-26,46,0,wk inc rsv hosp,2026-09-26,quantile,0.95,2
2026-09-26,46,0,wk inc rsv hosp,2026-09-26,quantile,0.975,2
2026-09-26,46,0,wk inc rsv hosp,2026-09-26,quantile,0.99,2
2026-09-26,46,1,wk inc rsv hosp,2026-10-03,quantile,0.01,0
2026-09-26,46,1,wk inc rsv hosp,2026-10-03,quantile,0.025,0
2026-09-26,46,1,wk inc rsv hosp,2026-10-03,quantile,0.05,0
2026-09-26,46,1,wk inc rsv hosp,2026-10-03,quantile,0.1,0
2026-09-26,46,1,wk inc rsv hosp,2026-10-03,quantile,0.15,0
2026-09-26,46,1,wk inc rsv hosp,2026-10-03,quantile,0.2,0
2026-09-26,46,1,wk inc rsv hosp,2026-10-03,quantile,0.25,0
2026-09-26,46,1,wk inc rsv hosp,2026-10-03,quantile,0.3,0
2026-09-26,46,1,wk inc rsv hosp,2026-10-03,quantile,0.35,0
2026-09-26,46,1,wk inc rsv hosp,2026-10-03,quantile,0.4,0
2026-09-26,46,1,wk inc rsv hosp,2026-10-03,quantile,0.45,1
2026-09-26,46,1,wk inc rsv hosp,2026-10-03,quantile,0.5,1
2026-09-26,46,1,wk inc rsv hosp,2026-10-03,quantile,0.55,1
2026-09-26,46,1,wk inc rsv hosp,2026-10-03,quantile,0.6,1
2026-09-26,46,1,wk inc rsv hosp,2026-10-03,quantile,0.65,1
2026-09-26,46,1,wk inc rsv hosp,2026-10-03,quantile,0.7,1
2026-09-26,46,1,wk inc rsv hosp,2026-10-03,quantile,0.75,2
2026-09-26,46,1,wk inc rsv hosp,2026-10-03,quantile,0.8,2
2026-09-26,46,1,wk inc rsv hosp,2026-10-03,quantile,0.85,2
2026-09-26,46,1,wk inc rsv hosp,2026-10-03,quantile,0.9,2
2026-09-26,46,1,wk inc rsv hosp,2026-10-03,quantile,0.95,2
2026-09-26,46,1,wk inc rsv hosp,2026-10-03,quantile,0.975,3
2026-09-26,46,1,wk inc rsv hosp,2026-10-03,quantile,0.99,3
2026-09-26,46,2,wk inc rsv hosp,2026-10-10,quantile,0.01,0
2026-09-26,46,2,wk inc rsv hosp,2026-10-10,quantile,0.025,0
2026-09-26,46,2,wk inc rsv hosp,2026-10-10,quantile,0.05,0
2026-09-26,46,2,wk inc rsv hosp,2026-10-10,quantile,0.1,0
2026-09-26,46,2,wk inc rsv hosp,2026-10-10,quantile,0.15,0
2026-09-26,46,2,wk inc rsv hosp,2026-10-10,quantile,0.2,0
2026-09-26,46,2,wk inc rsv hosp,2026-10-10,quantile,0.25,0
2026-09-26,46,2,wk inc rsv hosp,2026-10-10,quantile,0.3,0
2026-09-26,46,2,wk inc rsv hosp,2026-10-10,quantile,0.35,0
2026-09-26,46,2,wk inc rsv hosp,2026-10-10,quantile,0.4,1
2026-09-26,46,2,wk inc rsv hosp,2026-10-10,quantile,0.45,1
2026-09-26,46,2,wk inc rsv hosp,2026-10-10,quantile,0.5,1
2026-09-26,46,2,wk inc rsv hosp,2026-10-10,quantile,0.55,1
2026-09-26,46,2,wk inc rsv hosp,2026-10-10,quantile,0.6,1
2026-09-26,46,2,wk inc rsv hosp,2026-10-10,quantile,0.65,1
2026-09-26,46,2,wk inc rsv hosp,2026-10-10,quantile,0.7,2
2026-09-26,46,2,wk inc rsv hosp,2026-10-10,quantile,0.75,2
2026-09-26,46,2,wk inc rsv hosp,2026-10-10,quantile,0.8,2
2026-09-26,46,2,wk inc rsv hosp,2026-10-10,quantile,0.85,2
2026-09-26,46,2,wk inc rsv hosp,2026-10-10,quantile,0.9,2
2026-09-26,46,2,wk inc rsv hosp,2026-10-10,quantile,0.95,3
2026-09-26,46,2,wk inc rsv hosp,2026-10-10,quantile,0.975,3
2026-09-26,46,2,wk inc rsv hosp,2026-10-10,quantile,0.99,4
2026-09-26,46,3,wk inc rsv hosp,2026-10-17,quantile,0.01,0
2026-09-26,46,3,wk inc rsv hosp,2026-10-17,quantile,0.025,0
2026-09-26,46,3,wk inc rsv hosp,2026-10-17,quantile,0.05,0
2026-09-26,46,3,wk inc rsv hosp,2026-10-17,quantile,0.1,0
2026-09-26,46,3,wk inc rsv hosp,2026-10-17,quantile,0.15,0.5
2026-09-26,46,3,wk inc rsv hosp,2026-10-17,quantile,0.2,0.5
2026-09-26,46,3,wk inc rsv hosp,2026-10-17,quantile,0.25,0.5
2026-09-26,46,3,wk inc rsv hosp,2026-10-17,quantile,0.3,0.5
2026-09-26,46,3,wk inc rsv hosp,2026-10-17,quantile,0.35,0.5
2026-09-26,46,3,wk inc rsv hosp,2026-10-17,quantile,0.4,1
2026-09-26,46,3,wk inc rsv hosp,2026-10-17,quantile,0.45,1
2026-09-26,46,3,wk inc rsv hosp,2026-10-17,quantile,0.5,1
2026-09-26,46,3,wk inc rsv hosp,2026-10-17,quantile,0.55,1
2026-09-26,46,3,wk inc rsv hosp,2026-10-17,quantile,0.6,1
2026-09-26,46,3,wk inc rsv hosp,2026-10-17,quantile,0.65,2
2026-09-26,46,3,wk inc rsv hosp,2026-10-17,quantile,0.7,2
2026-09-26,46,3,wk inc rsv hosp,2026-10-17,quantile,0.75,2.5
2026-09-26,46,3,wk inc rsv hosp,2026-10-17,quantile,0.8,2.5
2026-09-26,46,3,wk inc rsv hosp,2026-10-17,quantile,0.85,3
2026-09-26,46,3,wk inc rsv hosp,2026-10-17,quantile,0.9,4.5
2026-09-26,46,3,wk inc rsv hosp,2026-10-17,quantile,0.95,7
2026-09-26,46,3,wk inc rsv hosp,2026-10-17,quantile,0.975,10.5
2026-09-26,46,3,wk inc rsv hosp,2026-10-17,quantile,0.99,22.5
2026-09-26,47,-1,wk inc rsv hosp,2026-09-19,quantile,0.01,1
2026-09-26,47,-1,wk inc rsv hosp,2026-09-19,quantile,0.025,1.5
2026-09-26,47,-1,wk inc rsv hosp,2026-09-19,quantile,0.05,2
2026-09-26,47,-1,wk inc rsv hosp,2026-09-19,quantile,0.1,3
2026-09-26,47,-1,wk inc rsv hosp,2026-09-19,quantile,0.15,4
2026-09-26,47,-1,wk inc rsv hosp,2026-09-19,quantile,0.2,4
2026-09-26,47,-1,wk inc rsv hosp,2026-09-19,quantile,0.25,4.5
2026-09-26,47,-1,wk inc rsv hosp,2026-09-19,quantile,0.3,5
2026-09-26,47,-1,wk inc rsv hosp,2026-09-19,quantile,0.35,5
2026-09-26,47,-1,wk inc rsv hosp,2026-09-19,quantile,0.4,5.5
2026-09-26,47,-1,wk inc rsv hosp,2026-09-19,quantile,0.45,5.5
2026-09-26,47,-1,wk inc rsv hosp,2026-09-19,quantile,0.5,6
2026-09-26,47,-1,wk inc rsv hosp,2026-09-19,quantile,0.55,6.5
2026-09-26,47,-1,wk inc rsv hosp,2026-09-19,quantile,0.6,6.5
2026-09-26,47,-1,wk inc rsv hosp,2026-09-19,quantile,0.65,7.5
2026-09-26,47,-1,wk inc rsv hosp,2026-09-19,quantile,0.7,7.5
2026-09-26,47,-1,wk inc rsv hosp,2026-09-19,quantile,0.75,8
2026-09-26,47,-1,wk inc rsv hosp,2026-09-19,quantile,0.8,8.5
2026-09-26,47,-1,wk inc rsv hosp,2026-09-19,quantile,0.85,9.5
2026-09-26,47,-1,wk inc rsv hosp,2026-09-19,quantile,0.9,10
2026-09-26,47,-1,wk inc rsv hosp,2026-09-19,quantile,0.95,11.5
2026-09-26,47,-1,wk inc rsv hosp,2026-09-19,quantile,0.975,13
2026-09-26,47,-1,wk inc rsv hosp,2026-09-19,quantile,0.99,14
2026-09-26,47,0,wk inc rsv hosp,2026-09-26,quantile,0.01,1
2026-09-26,47,0,wk inc rsv hosp,2026-09-26,quantile,0.025,1
2026-09-26,47,0,wk inc rsv hosp,2026-09-26,quantile,0.05,2
2026-09-26,47,0,wk inc rsv hosp,2026-09-26,quantile,0.1,2
2026-09-26,47,0,wk inc rsv hosp,2026-09-26,quantile,0.15,2
2026-09-26,47,0,wk inc rsv hosp,2026-09-26,quantile,0.2,3
2026-09-26,47,0,wk inc rsv hosp,2026-09-26,quantile,0.25,3
2026-09-26,47,0,wk inc rsv hosp,2026-09-26,quantile,0.3,4
2026-09-26,47,0,wk inc rsv hosp,2026-09-26,quantile,0.35,4
2026-09-26,47,0,wk inc rsv hosp,2026-09-26,quantile,0.4,5
2026-09-26,47,0,wk inc rsv hosp,2026-09-26,quantile,0.45,5
2026-09-26,47,0,wk inc rsv hosp,2026-09-26,quantile,0.5,5
2026-09-26,47,0,wk inc rsv hosp,2026-09-26,quantile,0.55,6
2026-09-26,47,0,wk inc rsv hosp,2026-09-26,quantile,0.6,7
2026-09-26,47,0,wk inc rsv hosp,2026-09-26,quantile,0.65,7
2026-09-26,47,0,wk inc rsv hosp,2026-09-26,quantile,0.7,8
2026-09-26,47,0,wk inc rsv hosp,2026-09-26,quantile,0.75,9
2026-09-26,47,0,wk inc rsv hosp,2026-09-26,quantile,0.8,10
2026-09-26,47,0,wk inc rsv hosp,2026-09-26,quantile,0.85,11
2026-09-26,47,0,wk inc rsv hosp,2026-09-26,quantile,0.9,14
2026-09-26,47,0,wk inc rsv hosp,2026-09-26,quantile,0.95,16
2026-09-26,47,0,wk inc rsv hosp,2026-09-26,quantile,0.975,18
2026-09-26,47,0,wk inc rsv hosp,2026-09-26,quantile,0.99,20
2026-09-26,47,1,wk inc rsv hosp,2026-10-03,quantile,0.01,0
2026-09-26,47,1,wk inc rsv hosp,2026-10-03,quantile,0.025,1
2026-09-26,47,1,wk inc rsv hosp,2026-10-03,quantile,0.05,1
2026-09-26,47,1,wk inc rsv hosp,2026-10-03,quantile,0.1,2
2026-09-26,47,1,wk inc rsv hosp,2026-10-03,quantile,0.15,2
2026-09-26,47,1,wk inc rsv hosp,2026-10-03,quantile,0.2,2
2026-09-26,47,1,wk inc rsv hosp,2026-10-03,quantile,0.25,3
2026-09-26,47,1,wk inc rsv hosp,2026-10-03,quantile,0.3,3
2026-09-26,47,1,wk inc rsv hosp,2026-10-03,quantile,0.35,4
2026-09-26,47,1,wk inc rsv hosp,2026-10-03,quantile,0.4,5
2026-09-26,47,1,wk inc rsv hosp,2026-10-03,quantile,0.45,5
2026-09-26,47,1,wk inc rsv hosp,2026-10-03,quantile,0.5,6
2026-09-26,47,1,wk inc rsv hosp,2026-10-03,quantile,0.55,7
2026-09-26,47,1,wk inc rsv hosp,2026-10-03,quantile,0.6,8
2026-09-26,47,1,wk inc rsv hosp,2026-10-03,quantile,0.65,9
2026-09-26,47,1,wk inc rsv hosp,2026-10-03,quantile,0.7,10
2026-09-26,47,1,wk inc rsv hosp,2026-10-03,quantile,0.75,11
2026-09-26,47,1,wk inc rsv hosp,2026-10-03,quantile,0.8,13
2026-09-26,47,1,wk inc rsv hosp,2026-10-03,quantile,0.85,15.149999999999864
2026-09-26,47,1,wk inc rsv hosp,2026-10-03,quantile,0.9,17
2026-09-26,47,1,wk inc rsv hosp,2026-10-03,quantile,0.95,21
2026-09-26,47,1,wk inc rsv hosp,2026-10-03,quantile,0.975,24
2026-09-26,47,1,wk inc rsv hosp,2026-10-03,quantile,0.99,28
2026-09-26,47,2,wk inc rsv hosp,2026-10-10,quantile,0.01,0
2026-09-26,47,2,wk inc rsv hosp,2026-10-10,quantile,0.025,0
2026-09-26,47,2,wk inc rsv hosp,2026-10-10,quantile,0.05,1
2026-09-26,47,2,wk inc rsv hosp,2026-10-10,quantile,0.1,2
2026-09-26,47,2,wk inc rsv hosp,2026-10-10,quantile,0.15,2
2026-09-26,47,2,wk inc rsv hosp,2026-10-10,quantile,0.2,2
2026-09-26,47,2,wk inc rsv hosp,2026-10-10,quantile,0.25,3
2026-09-26,47,2,wk inc rsv hosp,2026-10-10,quantile,0.3,3
2026-09-26,47,2,wk inc rsv hosp,2026-10-10,quantile,0.35,4
2026-09-26,47,2,wk inc rsv hosp,2026-10-10,quantile,0.4,5
2026-09-26,47,2,wk inc rsv hosp,2026-10-10,quantile,0.45,6
2026-09-26,47,2,wk inc rsv hosp,2026-10-10,quantile,0.5,7
2026-09-26,47,2,wk inc rsv hosp,2026-10-10,quantile,0.55,8
2026-09-26,47,2,wk inc rsv hosp,2026-10-10,quantile,0.6,9
2026-09-26,47,2,wk inc rsv hosp,2026-10-10,quantile,0.65,11
2026-09-26,47,2,wk inc rsv hosp,2026-10-10,quantile,0.7,13
2026-09-26,47,2,wk inc rsv hosp,2026-10-10,quantile,0.75,15
2026-09-26,47,2,wk inc rsv hosp,2026-10-10,quantile,0.8,18
2026-09-26,47,2,wk inc rsv hosp,2026-10-10,quantile,0.85,20
2026-09-26,47,2,wk inc rsv hosp,2026-10-10,quantile,0.9,23
2026-09-26,47,2,wk inc rsv hosp,2026-10-10,quantile,0.95,28.049999999999955
2026-09-26,47,2,wk inc rsv hosp,2026-10-10,quantile,0.975,36
2026-09-26,47,2,wk inc rsv hosp,2026-10-10,quantile,0.99,47.01999999999998
2026-09-26,47,3,wk inc rsv hosp,2026-10-17,quantile,0.01,0
2026-09-26,47,3,wk inc rsv hosp,2026-10-17,quantile,0.025,0
2026-09-26,47,3,wk inc rsv hosp,2026-10-17,quantile,0.05,0
2026-09-26,47,3,wk inc rsv hosp,2026-10-17,quantile,0.1,0.5
2026-09-26,47,3,wk inc rsv hosp,2026-10-17,quantile,0.15,1.5
2026-09-26,47,3,wk inc rsv hosp,2026-10-17,quantile,0.2,2
2026-09-26,47,3,wk inc rsv hosp,2026-10-17,quantile,0.25,2.5
2026-09-26,47,3,wk inc rsv hosp,2026-10-17,quantile,0.3,3
2026-09-26,47,3,wk inc rsv hosp,2026-10-17,quantile,0.35,4
2026-09-26,47,3,wk inc rsv hosp,2026-10-17,quantile,0.4,5
2026-09-26,47,3,wk inc rsv hosp,2026-10-17,quantile,0.45,5.5
2026-09-26,47,3,wk inc rsv hosp,2026-10-17,quantile,0.5,6.5
2026-09-26,47,3,wk inc rsv hosp,2026-10-17,quantile,0.55,7
2026-09-26,47,3,wk inc rsv hosp,2026-10-17,quantile,0.6,8
2026-09-26,47,3,wk inc rsv hosp,2026-10-17,quantile,0.65,10
2026-09-26,47,3,wk inc rsv hosp,2026-10-17,quantile,0.7,11.5
2026-09-26,47,3,wk inc rsv hosp,2026-10-17,quantile,0.75,14
2026-09-26,47,3,wk inc rsv hosp,2026-10-17,quantile,0.8,16
2026-09-26,47,3,wk inc rsv hosp,2026-10-17,quantile,0.85,21
2026-09-26,47,3,wk inc rsv hosp,2026-10-17,quantile,0.9,27.5
2026-09-26,47,3,wk inc rsv hosp,2026-10-17,quantile,0.95,46
2026-09-26,47,3,wk inc rsv hosp,2026-10-17,quantile,0.975,71.5
2026-09-26,47,3,wk inc rsv hosp,2026-10-17,quantile,0.99,102
2026-09-26,48,-1,wk inc rsv hosp,2026-09-19,quantile,0.01,25.5
2026-09-26,48,-1,wk inc rsv hosp,2026-09-19,quantile,0.025,28
2026-09-26,48,-1,wk inc rsv hosp,2026-09-19,quantile,0.05,30
2026-09-26,48,-1,wk inc rsv hosp,2026-09-19,quantile,0.1,33
2026-09-26,48,-1,wk inc rsv hosp,2026-09-19,quantile,0.15,34.5
2026-09-26,48,-1,wk inc rsv hosp,2026-09-19,quantile,0.2,35.5
2026-09-26,48,-1,wk inc rsv hosp,2026-09-19,quantile,0.25,37
2026-09-26,48,-1,wk inc rsv hosp,2026-09-19,quantile,0.3,38
2026-09-26,48,-1,wk inc rsv hosp,2026-09-19,quantile,0.35,38.5
2026-09-26,48,-1,wk inc rsv hosp,2026-09-19,quantile,0.4,40
2026-09-26,48,-1,wk inc rsv hosp,2026-09-19,quantile,0.45,40.5
2026-09-26,48,-1,wk inc rsv hosp,2026-09-19,quantile,0.5,42
2026-09-26,48,-1,wk inc rsv hosp,2026-09-19,quantile,0.55,43
2026-09-26,48,-1,wk inc rsv hosp,2026-09-19,quantile,0.6,43.5
2026-09-26,48,-1,wk inc rsv hosp,2026-09-19,quantile,0.65,45
2026-09-26,48,-1,wk inc rsv hosp,2026-09-19,quantile,0.7,46
2026-09-26,48,-1,wk inc rsv hosp,2026-09-19,quantile,0.75,47.5
2026-09-26,48,-1,wk inc rsv hosp,2026-09-19,quantile,0.8,49
2026-09-26,48,-1,wk inc rsv hosp,2026-09-19,quantile,0.85,50.5
2026-09-26,48,-1,wk inc rsv hosp,2026-09-19,quantile,0.9,53
2026-09-26,48,-1,wk inc rsv hosp,2026-09-19,quantile,0.95,56.5
2026-09-26,48,-1,wk inc rsv hosp,2026-09-19,quantile,0.975,61
2026-09-26,48,-1,wk inc rsv hosp,2026-09-19,quantile,0.99,66
2026-09-26,48,0,wk inc rsv hosp,2026-09-26,quantile,0.01,21.99
2026-09-26,48,0,wk inc rsv hosp,2026-09-26,quantile,0.025,25
2026-09-26,48,0,wk inc rsv hosp,2026-09-26,quantile,0.05,28
2026-09-26,48,0,wk inc rsv hosp,2026-09-26,quantile,0.1,32
2026-09-26,48,0,wk inc rsv hosp,2026-09-26,quantile,0.15,34
2026-09-26,48,0,wk inc rsv hosp,2026-09-26,quantile,0.2,37
2026-09-26,48,0,wk inc rsv hosp,2026-09-26,quantile,0.25,38
2026-09-26,48,0,wk inc rsv hosp,2026-09-26,quantile,0.3,40
2026-09-26,48,0,wk inc rsv hosp,2026-09-26,quantile,0.35,41
2026-09-26,48,0,wk inc rsv hosp,2026-09-26,quantile,0.4,43
2026-09-26,48,0,wk inc rsv hosp,2026-09-26,quantile,0.45,45
2026-09-26,48,0,wk inc rsv hosp,2026-09-26,quantile,0.5,46
2026-09-26,48,0,wk inc rsv hosp,2026-09-26,quantile,0.55,48
2026-09-26,48,0,wk inc rsv hosp,2026-09-26,quantile,0.6,51
2026-09-26,48,0,wk inc rsv hosp,2026-09-26,quantile,0.65,53
2026-09-26,48,0,wk inc rsv hosp,2026-09-26,quantile,0.7,55
2026-09-26,48,0,wk inc rsv hosp,2026-09-26,quantile,0.75,58
2026-09-26,48,0,wk inc rsv hosp,2026-09-26,quantile,0.8,61
2026-09-26,48,0,wk inc rsv hosp,2026-09-26,quantile,0.85,66
2026-09-26,48,0,wk inc rsv hosp,2026-09-26,quantile,0.9,71.10000000000014
2026-09-26,48,0,wk inc rsv hosp,2026-09-26,quantile,0.95,81
2026-09-26,48,0,wk inc rsv hosp,2026-09-26,quantile,0.975,91
2026-09-26,48,0,wk inc rsv hosp,2026-09-26,quantile,0.99,104
2026-09-26,48,1,wk inc rsv hosp,2026-10-03,quantile,0.01,20
2026-09-26,48,1,wk inc rsv hosp,2026-10-03,quantile,0.025,23.975
2026-09-26,48,1,wk inc rsv hosp,2026-10-03,quantile,0.05,27
2026-09-26,48,1,wk inc rsv hosp,2026-10-03,quantile,0.1,32
2026-09-26,48,1,wk inc rsv hosp,2026-10-03,quantile,0.15,35
2026-09-26,48,1,wk inc rsv hosp,2026-10-03,quantile,0.2,38
2026-09-26,48,1,wk inc rsv hosp,2026-10-03,quantile,0.25,40
2026-09-26,48,1,wk inc rsv hosp,2026-10-03,quantile,0.3,42
2026-09-26,48,1,wk inc rsv hosp,2026-10-03,quantile,0.35,45
2026-09-26,48,1,wk inc rsv hosp,2026-10-03,quantile,0.4,47
2026-09-26,48,1,wk inc rsv hosp,2026-10-03,quantile,0.45,49
2026-09-26,48,1,wk inc rsv hosp,2026-10-03,quantile,0.5,52
2026-09-26,48,1,wk inc rsv hosp,2026-10-03,quantile,0.55,55
2026-09-26,48,1,wk inc rsv hosp,2026-10-03,quantile,0.6,58
2026-09-26,48,1,wk inc rsv hosp,2026-10-03,quantile,0.65,61
2026-09-26,48,1,wk inc rsv hosp,2026-10-03,quantile,0.7,64
2026-09-26,48,1,wk inc rsv hosp,2026-10-03,quantile,0.75,68
2026-09-26,48,1,wk inc rsv hosp,2026-10-03,quantile,0.8,73
2026-09-26,48,1,wk inc rsv hosp,2026-10-03,quantile,0.85,81
2026-09-26,48,1,wk inc rsv hosp,2026-10-03,quantile,0.9,91
2026-09-26,48,1,wk inc rsv hosp,2026-10-03,quantile,0.95,104
2026-09-26,48,1,wk inc rsv hosp,2026-10-03,quantile,0.975,121.02499999999986
2026-09-26,48,1,wk inc rsv hosp,2026-10-03,quantile,0.99,149
2026-09-26,48,2,wk inc rsv hosp,2026-10-10,quantile,0.01,17
2026-09-26,48,2,wk inc rsv hosp,2026-10-10,quantile,0.025,23
2026-09-26,48,2,wk inc rsv hosp,2026-10-10,quantile,0.05,26
2026-09-26,48,2,wk inc rsv hosp,2026-10-10,quantile,0.1,31
2026-09-26,48,2,wk inc rsv hosp,2026-10-10,quantile,0.15,35
2026-09-26,48,2,wk inc rsv hosp,2026-10-10,quantile,0.2,39
2026-09-26,48,2,wk inc rsv hosp,2026-10-10,quantile,0.25,42
2026-09-26,48,2,wk inc rsv hosp,2026-10-10,quantile,0.3,44
2026-09-26,48,2,wk inc rsv hosp,2026-10-10,quantile,0.35,47.64999999999998
2026-09-26,48,2,wk inc rsv hosp,2026-10-10,quantile,0.4,50
2026-09-26,48,2,wk inc rsv hosp,2026-10-10,quantile,0.45,54
2026-09-26,48,2,wk inc rsv hosp,2026-10-10,quantile,0.5,58
2026-09-26,48,2,wk inc rsv hosp,2026-10-10,quantile,0.55,61
2026-09-26,48,2,wk inc rsv hosp,2026-10-10,quantile,0.6,65
2026-09-26,48,2,wk inc rsv hosp,2026-10-10,quantile,0.65,69.35000000000014
2026-09-26,48,2,wk inc rsv hosp,2026-10-10,quantile,0.7,75
2026-09-26,48,2,wk inc rsv hosp,2026-10-10,quantile,0.75,81
2026-09-26,48,2,wk inc rsv hosp,2026-10-10,quantile,0.8,89
2026-09-26,48,2,wk inc rsv hosp,2026-10-10,quantile,0.85,100
2026-09-26,48,2,wk inc rsv hosp,2026-10-10,quantile,0.9,119
2026-09-26,48,2,wk inc rsv hosp,2026-10-10,quantile,0.95,156.04999999999995
2026-09-26,48,2,wk inc rsv hosp,2026-10-10,quantile,0.975,190.0749999999996
2026-09-26,48,2,wk inc rsv hosp,2026-10-10,quantile,0.99,256.03999999999996
2026-09-26,48,3,wk inc rsv hosp,2026-10-17,quantile,0.01,10
2026-09-26,48,3,wk inc rsv hosp,2026-10-17,quantile,0.025,12.5
2026-09-26,48,3,wk inc rsv hosp,2026-10-17,quantile,0.05,15.5
2026-09-26,48,3,wk inc rsv hosp,2026-10-17,quantile,0.1,21
2026-09-26,48,3,wk inc rsv hosp,2026-10-17,quantile,0.15,26
2026-09-26,48,3,wk inc rsv hosp,2026-10-17,quantile,0.2,30.5
2026-09-26,48,3,wk inc rsv hosp,2026-10-17,quantile,0.25,34.5
2026-09-26,48,3,wk inc rsv hosp,2026-10-17,quantile,0.3,37.5
2026-09-26,48,3,wk inc rsv hosp,2026-10-17,quantile,0.35,41.5
2026-09-26,48,3,wk inc rsv hosp,2026-10-17,quantile,0.4,46.5
2026-09-26,48,3,wk inc rsv hosp,2026-10-17,quantile,0.45,51.5
2026-09-26,48,3,wk inc rsv hosp,2026-10-17,quantile,0.5,57
2026-09-26,48,3,wk inc rsv hosp,2026-10-17,quantile,0.55,63
2026-09-26,48,3,wk inc rsv hosp,2026-10-17,quantile,0.6,70.5
2026-09-26,48,3,wk inc rsv hosp,2026-10-17,quantile,0.65,78
2026-09-26,48,3,wk inc rsv hosp,2026-10-17,quantile,0.7,87
2026-09-26,48,3,wk inc rsv hosp,2026-10-17,quantile,0.75,98
2026-09-26,48,3,wk inc rsv hosp,2026-10-17,quantile,0.8,112.5
2026-09-26,48,3,wk inc rsv hosp,2026-10-17,quantile,0.85,134.5
2026-09-26,48,3,wk inc rsv hosp,2026-10-17,quantile,0.9,166
2026-09-26,48,3,wk inc rsv hosp,2026-10-17,quantile,0.95,251.5
2026-09-26,48,3,wk inc rsv hosp,2026-10-17,quantile,0.975,324
2026-09-26,48,3,wk inc rsv hosp,2026-10-17,quantile,0.99,441.5
2026-09-26,49,-1,wk inc rsv hosp,2026-09-19,quantile,0.01,0
2026-09-26,49,-1,wk inc rsv hosp,2026-09-19,quantile,0.025,0
2026-09-26,49,-1,wk inc rsv hosp,2026-09-19,quantile,0.05,0
2026-09-26,49,-1,wk inc rsv hosp,2026-09-19,quantile,0.1,0
2026-09-26,49,-1,wk inc rsv hosp,2026-09-19,quantile,0.15,0.5
2026-09-26,49,-1,wk inc rsv hosp,2026-09-19,quantile,0.2,0.5
2026-09-26,49,-1,wk inc rsv hosp,2026-09-19,quantile,0.25,0.5
2026-09-26,49,-1,wk inc rsv hosp,2026-09-19,quantile,0.3,0.5
2026-09-26,49,-1,wk inc rsv hosp,2026-09-19,quantile,0.35,0.5
2026-09-26,49,-1,wk inc rsv hosp,2026-09-19,quantile,0.4,1
2026-09-26,49,-1,wk inc rsv hosp,2026-09-19,quantile,0.45,1
2026-09-26,49,-1,wk inc rsv hosp,2026-09-19,quantile,0.5,1.5
2026-09-26,49,-1,wk inc rsv hosp,2026-09-19,quantile,0.55,1.5
2026-09-26,49,-1,wk inc rsv hosp,2026-09-19,quantile,0.6,2
2026-09-26,49,-1,wk inc rsv hosp,2026-09-19,quantile,0.65,2
2026-09-26,49,-1,wk inc rsv hosp,2026-09-19,quantile,0.7,2
2026-09-26,49,-1,wk inc rsv hosp,2026-09-19,quantile,0.75,2
2026-09-26,49,-1,wk inc rsv hosp,2026-09-19,quantile,0.8,2.5
2026-09-26,49,-1,wk inc rsv hosp,2026-09-19,quantile,0.85,3
2026-09-26,49,-1,wk inc rsv hosp,2026-09-19,quantile,0.9,3.5
2026-09-26,49,-1,wk inc rsv hosp,2026-09-19,quantile,0.95,4.5
2026-09-26,49,-1,wk inc rsv hosp,2026-09-19,quantile,0.975,5
2026-09-26,49,-1,wk inc rsv hosp,2026-09-19,quantile,0.99,6
2026-09-26,49,0,wk inc rsv hosp,2026-09-26,quantile,0.01,0
2026-09-26,49,0,wk inc rsv hosp,2026-09-26,quantile,0.025,0
2026-09-26,49,0,wk inc rsv hosp,2026-09-26,quantile,0.05,0
2026-09-26,49,0,wk inc rsv hosp,2026-09-26,quantile,0.1,0
2026-09-26,49,0,wk inc rsv hosp,2026-09-26,quantile,0.15,0
2026-09-26,49,0,wk inc rsv hosp,2026-09-26,quantile,0.2,1
2026-09-26,49,0,wk inc rsv hosp,2026-09-26,quantile,0.25,1
2026-09-26,49,0,wk inc rsv hosp,2026-09-26,quantile,0.3,1
2026-09-26,49,0,wk inc rsv hosp,2026-09-26,quantile,0.35,2
2026-09-26,49,0,wk inc rsv hosp,2026-09-26,quantile,0.4,2
2026-09-26,49,0,wk inc rsv hosp,2026-09-26,quantile,0.45,2
2026-09-26,49,0,wk inc rsv hosp,2026-09-26,quantile,0.5,3
2026-09-26,49,0,wk inc rsv hosp,2026-09-26,quantile,0.55,3
2026-09-26,49,0,wk inc rsv hosp,2026-09-26,quantile,0.6,4
2026-09-26,49,0,wk inc rsv hosp,2026-09-26,quantile,0.65,4
2026-09-26,49,0,wk inc rsv hosp,2026-09-26,quantile,0.7,4
2026-09-26,49,0,wk inc rsv hosp,2026-09-26,quantile,0.75,4
2026-09-26,49,0,wk inc rsv hosp,2026-09-26,quantile,0.8,5
2026-09-26,49,0,wk inc rsv hosp,2026-09-26,quantile,0.85,6
2026-09-26,49,0,wk inc rsv hosp,2026-09-26,quantile,0.9,6
2026-09-26,49,0,wk inc rsv hosp,2026-09-26,quantile,0.95,7
2026-09-26,49,0,wk inc rsv hosp,2026-09-26,quantile,0.975,7
2026-09-26,49,0,wk inc rsv hosp,2026-09-26,quantile,0.99,9
2026-09-26,49,1,wk inc rsv hosp,2026-10-03,quantile,0.01,0
2026-09-26,49,1,wk inc rsv hosp,2026-10-03,quantile,0.025,0
2026-09-26,49,1,wk inc rsv hosp,2026-10-03,quantile,0.05,0
2026-09-26,49,1,wk inc rsv hosp,2026-10-03,quantile,0.1,0
2026-09-26,49,1,wk inc rsv hosp,2026-10-03,quantile,0.15,0
2026-09-26,49,1,wk inc rsv hosp,2026-10-03,quantile,0.2,1
2026-09-26,49,1,wk inc rsv hosp,2026-10-03,quantile,0.25,1
2026-09-26,49,1,wk inc rsv hosp,2026-10-03,quantile,0.3,2
2026-09-26,49,1,wk inc rsv hosp,2026-10-03,quantile,0.35,2
2026-09-26,49,1,wk inc rsv hosp,2026-10-03,quantile,0.4,2
2026-09-26,49,1,wk inc rsv hosp,2026-10-03,quantile,0.45,3
2026-09-26,49,1,wk inc rsv hosp,2026-10-03,quantile,0.5,3
2026-09-26,49,1,wk inc rsv hosp,2026-10-03,quantile,0.55,4
2026-09-26,49,1,wk inc rsv hosp,2026-10-03,quantile,0.6,4
2026-09-26,49,1,wk inc rsv hosp,2026-10-03,quantile,0.65,4
2026-09-26,49,1,wk inc rsv hosp,2026-10-03,quantile,0.7,4
2026-09-26,49,1,wk inc rsv hosp,2026-10-03,quantile,0.75,5
2026-09-26,49,1,wk inc rsv hosp,2026-10-03,quantile,0.8,6
2026-09-26,49,1,wk inc rsv hosp,2026-10-03,quantile,0.85,6
2026-09-26,49,1,wk inc rsv hosp,2026-10-03,quantile,0.9,7
2026-09-26,49,1,wk inc rsv hosp,2026-10-03,quantile,0.95,7
2026-09-26,49,1,wk inc rsv hosp,2026-10-03,quantile,0.975,9
2026-09-26,49,1,wk inc rsv hosp,2026-10-03,quantile,0.99,11
2026-09-26,49,2,wk inc rsv hosp,2026-10-10,quantile,0.01,0
2026-09-26,49,2,wk inc rsv hosp,2026-10-10,quantile,0.025,0
2026-09-26,49,2,wk inc rsv hosp,2026-10-10,quantile,0.05,0
2026-09-26,49,2,wk inc rsv hosp,2026-10-10,quantile,0.1,0
2026-09-26,49,2,wk inc rsv hosp,2026-10-10,quantile,0.15,0
2026-09-26,49,2,wk inc rsv hosp,2026-10-10,quantile,0.2,1
2026-09-26,49,2,wk inc rsv hosp,2026-10-10,quantile,0.25,1
2026-09-26,49,2,wk inc rsv hosp,2026-10-10,quantile,0.3,1
2026-09-26,49,2,wk inc rsv hosp,2026-10-10,quantile,0.35,2
2026-09-26,49,2,wk inc rsv hosp,2026-10-10,quantile,0.4,2
2026-09-26,49,2,wk inc rsv hosp,2026-10-10,quantile,0.45,3
2026-09-26,49,2,wk inc rsv hosp,2026-10-10,quantile,0.5,3
2026-09-26,49,2,wk inc rsv hosp,2026-10-10,quantile,0.55,4
2026-09-26,49,2,wk inc rsv hosp,2026-10-10,quantile,0.6,4
2026-09-26,49,2,wk inc rsv hosp,2026-10-10,quantile,0.65,4
2026-09-26,49,2,wk inc rsv hosp,2026-10-10,quantile,0.7,4
2026-09-26,49,2,wk inc rsv hosp,2026-10-10,quantile,0.75,5
2026-09-26,49,2,wk inc rsv hosp,2026-10-10,quantile,0.8,6
2026-09-26,49,2,wk inc rsv hosp,2026-10-10,quantile,0.85,6
2026-09-26,49,2,wk inc rsv hosp,2026-10-10,quantile,0.9,7
2026-09-26,49,2,wk inc rsv hosp,2026-10-10,quantile,0.95,10
2026-09-26,49,2,wk inc rsv hosp,2026-10-10,quantile,0.975,11
2026-09-26,49,2,wk inc rsv hosp,2026-10-10,quantile,0.99,17.00999999999999
2026-09-26,49,3,wk inc rsv hosp,2026-10-17,quantile,0.01,0
2026-09-26,49,3,wk inc rsv hosp,2026-10-17,quantile,0.025,0
2026-09-26,49,3,wk inc rsv hosp,2026-10-17,quantile,0.05,0
2026-09-26,49,3,wk inc rsv hosp,2026-10-17,quantile,0.1,0.5
2026-09-26,49,3,wk inc rsv hosp,2026-10-17,quantile,0.15,0.5
2026-09-26,49,3,wk inc rsv hosp,2026-10-17,quantile,0.2,1
2026-09-26,49,3,wk inc rsv hosp,2026-10-17,quantile,0.25,1
2026-09-26,49,3,wk inc rsv hosp,2026-10-17,quantile,0.3,2
2026-09-26,49,3,wk inc rsv hosp,2026-10-17,quantile,0.35,2
2026-09-26,49,3,wk inc rsv hosp,2026-10-17,quantile,0.4,2.5
2026-09-26,49,3,wk inc rsv hosp,2026-10-17,quantile,0.45,3.5
2026-09-26,49,3,wk inc rsv hosp,2026-10-17,quantile,0.5,4
2026-09-26,49,3,wk inc rsv hosp,2026-10-17,quantile,0.55,5
2026-09-26,49,3,wk inc rsv hosp,2026-10-17,quantile,0.6,5.5
2026-09-26,49,3,wk inc rsv hosp,2026-10-17,quantile,0.65,6.5
2026-09-26,49,3,wk inc rsv hosp,2026-10-17,quantile,0.7,7.5
2026-09-26,49,3,wk inc rsv hosp,2026-10-17,quantile,0.75,9.5
2026-09-26,49,3,wk inc rsv hosp,2026-10-17,quantile,0.8,12.5
2026-09-26,49,3,wk inc rsv hosp,2026-10-17,quantile,0.85,16
2026-09-26,49,3,wk inc rsv hosp,2026-10-17,quantile,0.9,21.5
2026-09-26,49,3,wk inc rsv hosp,2026-10-17,quantile,0.95,38
2026-09-26,49,3,wk inc rsv hosp,2026-10-17,quantile,0.975,63
2026-09-26,49,3,wk inc rsv hosp,2026-10-17,quantile,0.99,103
2026-09-26,50,-1,wk inc rsv hosp,2026-09-19,quantile,0.01,0
2026-09-26,50,-1,wk inc rsv hosp,2026-09-19,quantile,0.025,0
2026-09-26,50,-1,wk inc rsv hosp,2026-09-19,quantile,0.05,0
2026-09-26,50,-1,wk inc rsv hosp,2026-09-19,quantile,0.1,0
2026-09-26,50,-1,wk inc rsv hosp,2026-09-19,quantile,0.15,0.5
2026-09-26,50,-1,wk inc rsv hosp,2026-09-19,quantile,0.2,0.5
2026-09-26,50,-1,wk inc rsv hosp,2026-09-19,quantile,0.25,0.5
2026-09-26,50,-1,wk inc rsv hosp,2026-09-19,quantile,0.3,0.5
2026-09-26,50,-1,wk inc rsv hosp,2026-09-19,quantile,0.35,0.5
2026-09-26,50,-1,wk inc rsv hosp,2026-09-19,quantile,0.4,0.5
2026-09-26,50,-1,wk inc rsv hosp,2026-09-19,quantile,0.45,0.5
2026-09-26,50,-1,wk inc rsv hosp,2026-09-19,quantile,0.5,0.5
2026-09-26,50,-1,wk inc rsv hosp,2026-09-19,quantile,0.55,0.5
2026-09-26,50,-1,wk inc rsv hosp,2026-09-19,quantile,0.6,0.5
2026-09-26,50,-1,wk inc rsv hosp,2026-09-19,quantile,0.65,0.5
2026-09-26,50,-1,wk inc rsv hosp,2026-09-19,quantile,0.7,1.5
2026-09-26,50,-1,wk inc rsv hosp,2026-09-19,quantile,0.75,1.5
2026-09-26,50,-1,wk inc rsv hosp,2026-09-19,quantile,0.8,1.5
2026-09-26,50,-1,wk inc rsv hosp,2026-09-19,quantile,0.85,1.5
2026-09-26,50,-1,wk inc rsv hosp,2026-09-19,quantile,0.9,2
2026-09-26,50,-1,wk inc rsv hosp,2026-09-19,quantile,0.95,2.5
2026-09-26,50,-1,wk inc rsv hosp,2026-09-19,quantile,0.975,2.5
2026-09-26,50,-1,wk inc rsv hosp,2026-09-19,quantile,0.99,3.5
2026-09-26,50,0,wk inc rsv hosp,2026-09-26,quantile,0.01,0
2026-09-26,50,0,wk inc rsv hosp,2026-09-26,quantile,0.025,0
2026-09-26,50,0,wk inc rsv hosp,2026-09-26,quantile,0.05,0
2026-09-26,50,0,wk inc rsv hosp,2026-09-26,quantile,0.1,0
2026-09-26,50,0,wk inc rsv hosp,2026-09-26,quantile,0.15,0
2026-09-26,50,0,wk inc rsv hosp,2026-09-26,quantile,0.2,0
2026-09-26,50,0,wk inc rsv hosp,2026-09-26,quantile,0.25,0
2026-09-26,50,0,wk inc rsv hosp,2026-09-26,quantile,0.3,0
2026-09-26,50,0,wk inc rsv hosp,2026-09-26,quantile,0.35,0
2026-09-26,50,0,wk inc rsv hosp,2026-09-26,quantile,0.4,1
2026-09-26,50,0,wk inc rsv hosp,2026-09-26,quantile,0.45,1
2026-09-26,50,0,wk inc rsv hosp,2026-09-26,quantile,0.5,1
2026-09-26,50,0,wk inc rsv hosp,2026-09-26,quantile,0.55,1
2026-09-26,50,0,wk inc rsv hosp,2026-09-26,quantile,0.6,1
2026-09-26,50,0,wk inc rsv hosp,2026-09-26,quantile,0.65,1
2026-09-26,50,0,wk inc rsv hosp,2026-09-26,quantile,0.7,1
2026-09-26,50,0,wk inc rsv hosp,2026-09-26,quantile,0.75,1
2026-09-26,50,0,wk inc rsv hosp,2026-09-26,quantile,0.8,2
2026-09-26,50,0,wk inc rsv hosp,2026-09-26,quantile,0.85,2
2026-09-26,50,0,wk inc rsv hosp,2026-09-26,quantile,0.9,2
2026-09-26,50,0,wk inc rsv hosp,2026-09-26,quantile,0.95,3
2026-09-26,50,0,wk inc rsv hosp,2026-09-26,quantile,0.975,3
2026-09-26,50,0,wk inc rsv hosp,2026-09-26,quantile,0.99,4
2026-09-26,50,1,wk inc rsv hosp,2026-10-03,quantile,0.01,0
2026-09-26,50,1,wk inc rsv hosp,2026-10-03,quantile,0.025,0
2026-09-26,50,1,wk inc rsv hosp,2026-10-03,quantile,0.05,0
2026-09-26,50,1,wk inc rsv hosp,2026-10-03,quantile,0.1,0
2026-09-26,50,1,wk inc rsv hosp,2026-10-03,quantile,0.15,0
2026-09-26,50,1,wk inc rsv hosp,2026-10-03,quantile,0.2,0
2026-09-26,50,1,wk inc rsv hosp,2026-10-03,quantile,0.25,0
2026-09-26,50,1,wk inc rsv hosp,2026-10-03,quantile,0.3,0
2026-09-26,50,1,wk inc rsv hosp,2026-10-03,quantile,0.35,1
2026-09-26,50,1,wk inc rsv hosp,2026-10-03,quantile,0.4,1
2026-09-26,50,1,wk inc rsv hosp,2026-10-03,quantile,0.45,1
2026-09-26,50,1,wk inc rsv hosp,2026-10-03,quantile,0.5,1
2026-09-26,50,1,wk inc rsv hosp,2026-10-03,quantile,0.55,1
2026-09-26,50,1,wk inc rsv hosp,2026-10-03,quantile,0.6,1
2026-09-26,50,1,wk inc rsv hosp,2026-10-03,quantile,0.65,1
2026-09-26,50,1,wk inc rsv hosp,2026-10-03,quantile,0.7,2
2026-09-26,50,1,wk inc rsv hosp,2026-10-03,quantile,0.75,2
2026-09-26,50,1,wk inc rsv hosp,2026-10-03,quantile,0.8,2
2026-09-26,50,1,wk inc rsv hosp,2026-10-03,quantile,0.85,2
2026-09-26,50,1,wk inc rsv hosp,2026-10-03,quantile,0.9,3
2026-09-26,50,1,wk inc rsv hosp,2026-10-03,quantile,0.95,4
2026-09-26,50,1,wk inc rsv hosp,2026-10-03,quantile,0.975,5
2026-09-26,50,1,wk inc rsv hosp,2026-10-03,quantile,0.99,7
2026-09-26,50,2,wk inc rsv hosp,2026-10-10,quantile,0.01,0
2026-09-26,50,2,wk inc rsv hosp,2026-10-10,quantile,0.025,0
2026-09-26,50,2,wk inc rsv hosp,2026-10-10,quantile,0.05,0
2026-09-26,50,2,wk inc rsv hosp,2026-10-10,quantile,0.1,0
2026-09-26,50,2,wk inc rsv hosp,2026-10-10,quantile,0.15,0
2026-09-26,50,2,wk inc rsv hosp,2026-10-10,quantile,0.2,0
2026-09-26,50,2,wk inc rsv hosp,2026-10-10,quantile,0.25,0
2026-09-26,50,2,wk inc rsv hosp,2026-10-10,quantile,0.3,0
2026-09-26,50,2,wk inc rsv hosp,2026-10-10,quantile,0.35,1
2026-09-26,50,2,wk inc rsv hosp,2026-10-10,quantile,0.4,1
2026-09-26,50,2,wk inc rsv hosp,2026-10-10,quantile,0.45,1
2026-09-26,50,2,wk inc rsv hosp,2026-10-10,quantile,0.5,1
2026-09-26,50,2,wk inc rsv hosp,2026-10-10,quantile,0.55,1
2026-09-26,50,2,wk inc rsv hosp,2026-10-10,quantile,0.6,1
2026-09-26,50,2,wk inc rsv hosp,2026-10-10,quantile,0.65,2
2026-09-26,50,2,wk inc rsv hosp,2026-10-10,quantile,0.7,2
2026-09-26,50,2,wk inc rsv hosp,2026-10-10,quantile,0.75,2
2026-09-26,50,2,wk inc rsv hosp,2026-10-10,quantile,0.8,2
2026-09-26,50,2,wk inc rsv hosp,2026-10-10,quantile,0.85,3
2026-09-26,50,2,wk inc rsv hosp,2026-10-10,quantile,0.9,4
2026-09-26,50,2,wk inc rsv hosp,2026-10-10,quantile,0.95,6
2026-09-26,50,2,wk inc rsv hosp,2026-10-10,quantile,0.975,10
2026-09-26,50,2,wk inc rsv hosp,2026-10-10,quantile,0.99,17.019999999999982
2026-09-26,50,3,wk inc rsv hosp,2026-10-17,quantile,0.01,0
2026-09-26,50,3,wk inc rsv hosp,2026-10-17,quantile,0.025,0
2026-09-26,50,3,wk inc rsv hosp,2026-10-17,quantile,0.05,0
2026-09-26,50,3,wk inc rsv hosp,2026-10-17,quantile,0.1,0
2026-09-26,50,3,wk inc rsv hosp,2026-10-17,quantile,0.15,0.5
2026-09-26,50,3,wk inc rsv hosp,2026-10-17,quantile,0.2,0.5
2026-09-26,50,3,wk inc rsv hosp,2026-10-17,quantile,0.25,0.5
2026-09-26,50,3,wk inc rsv hosp,2026-10-17,quantile,0.3,0.5
2026-09-26,50,3,wk inc rsv hosp,2026-10-17,quantile,0.35,1
2026-09-26,50,3,wk inc rsv hosp,2026-10-17,quantile,0.4,1
2026-09-26,50,3,wk inc rsv hosp,2026-10-17,quantile,0.45,1
2026-09-26,50,3,wk inc rsv hosp,2026-10-17,quantile,0.5,1.5
2026-09-26,50,3,wk inc rsv hosp,2026-10-17,quantile,0.55,1.5
2026-09-26,50,3,wk inc rsv hosp,2026-10-17,quantile,0.6,2
2026-09-26,50,3,wk inc rsv hosp,2026-10-17,quantile,0.65,2.5
2026-09-26,50,3,wk inc rsv hosp,2026-10-17,quantile,0.7,3
2026-09-26,50,3,wk inc rsv hosp,2026-10-17,quantile,0.75,3.5
2026-09-26,50,3,wk inc rsv hosp,2026-10-17,quantile,0.8,4.5
2026-09-26,50,3,wk inc rsv hosp,2026-10-17,quantile,0.85,5.5
2026-09-26,50,3,wk inc rsv hosp,2026-10-17,quantile,0.9,8
2026-09-26,50,3,wk inc rsv hosp,2026-10-17,quantile,0.95,13.5
2026-09-26,50,3,wk inc rsv hosp,2026-10-17,quantile,0.975,21.5
2026-09-26,50,3,wk inc rsv hosp,2026-10-17,quantile,0.99,36.5
2026-09-26,51,-1,wk inc rsv hosp,2026-09-19,quantile,0.01,0.5
2026-09-26,51,-1,wk inc rsv hosp,2026-09-19,quantile,0.025,0.5
2026-09-26,51,-1,wk inc rsv hosp,2026-09-19,quantile,0.05,1.5
2026-09-26,51,-1,wk inc rsv hosp,2026-09-19,quantile,0.1,2.5
2026-09-26,51,-1,wk inc rsv hosp,2026-09-19,quantile,0.15,3
2026-09-26,51,-1,wk inc rsv hosp,2026-09-19,quantile,0.2,3.5
2026-09-26,51,-1,wk inc rsv hosp,2026-09-19,quantile,0.25,4
2026-09-26,51,-1,wk inc rsv hosp,2026-09-19,quantile,0.3,4
2026-09-26,51,-1,wk inc rsv hosp,2026-09-19,quantile,0.35,4
2026-09-26,51,-1,wk inc rsv hosp,2026-09-19,quantile,0.4,4.5
2026-09-26,51,-1,wk inc rsv hosp,2026-09-19,quantile,0.45,5
2026-09-26,51,-1,wk inc rsv hosp,2026-09-19,quantile,0.5,5
2026-09-26,51,-1,wk inc rsv hosp,2026-09-19,quantile,0.55,5.5
2026-09-26,51,-1,wk inc rsv hosp,2026-09-19,quantile,0.6,6
2026-09-26,51,-1,wk inc rsv hosp,2026-09-19,quantile,0.65,6
2026-09-26,51,-1,wk inc rsv hosp,2026-09-19,quantile,0.7,7
2026-09-26,51,-1,wk inc rsv hosp,2026-09-19,quantile,0.75,7
2026-09-26,51,-1,wk inc rsv hosp,2026-09-19,quantile,0.8,8
2026-09-26,51,-1,wk inc rsv hosp,2026-09-19,quantile,0.85,8
2026-09-26,51,-1,wk inc rsv hosp,2026-09-19,quantile,0.9,9
2026-09-26,51,-1,wk inc rsv hosp,2026-09-19,quantile,0.95,10.5
2026-09-26,51,-1,wk inc rsv hosp,2026-09-19,quantile,0.975,12
2026-09-26,51,-1,wk inc rsv hosp,2026-09-19,quantile,0.99,13.5
2026-09-26,51,0,wk inc rsv hosp,2026-09-26,quantile,0.01,0.990000000000002
2026-09-26,51,0,wk inc rsv hosp,2026-09-26,quantile,0.025,1
2026-09-26,51,0,wk inc rsv hosp,2026-09-26,quantile,0.05,2
2026-09-26,51,0,wk inc rsv hosp,2026-09-26,quantile,0.1,2
2026-09-26,51,0,wk inc rsv hosp,2026-09-26,quantile,0.15,3
2026-09-26,51,0,wk inc rsv hosp,2026-09-26,quantile,0.2,3
2026-09-26,51,0,wk inc rsv hosp,2026-09-26,quantile,0.25,4
2026-09-26,51,0,wk inc rsv hosp,2026-09-26,quantile,0.3,4
2026-09-26,51,0,wk inc rsv hosp,2026-09-26,quantile,0.35,4
2026-09-26,51,0,wk inc rsv hosp,2026-09-26,quantile,0.4,5
2026-09-26,51,0,wk inc rsv hosp,2026-09-26,quantile,0.45,5
2026-09-26,51,0,wk inc rsv hosp,2026-09-26,quantile,0.5,6
2026-09-26,51,0,wk inc rsv hosp,2026-09-26,quantile,0.55,6
2026-09-26,51,0,wk inc rsv hosp,2026-09-26,quantile,0.6,6
2026-09-26,51,0,wk inc rsv hosp,2026-09-26,quantile,0.65,7
2026-09-26,51,0,wk inc rsv hosp,2026-09-26,quantile,0.7,7
2026-09-26,51,0,wk inc rsv hosp,2026-09-26,quantile,0.75,8
2026-09-26,51,0,wk inc rsv hosp,2026-09-26,quantile,0.8,8
2026-09-26,51,0,wk inc rsv hosp,2026-09-26,quantile,0.85,9
2026-09-26,51,0,wk inc rsv hosp,2026-09-26,quantile,0.9,9
2026-09-26,51,0,wk inc rsv hosp,2026-09-26,quantile,0.95,11
2026-09-26,51,0,wk inc rsv hosp,2026-09-26,quantile,0.975,12
2026-09-26,51,0,wk inc rsv hosp,2026-09-26,quantile,0.99,14
2026-09-26,51,1,wk inc rsv hosp,2026-10-03,quantile,0.01,0
2026-09-26,51,1,wk inc rsv hosp,2026-10-03,quantile,0.025,1
2026-09-26,51,1,wk inc rsv hosp,2026-10-03,quantile,0.05,1
2026-09-26,51,1,wk inc rsv hosp,2026-10-03,quantile,0.1,2
2026-09-26,51,1,wk inc rsv hosp,2026-10-03,quantile,0.15,3
2026-09-26,51,1,wk inc rsv hosp,2026-10-03,quantile,0.2,3
2026-09-26,51,1,wk inc rsv hosp,2026-10-03,quantile,0.25,3
2026-09-26,51,1,wk inc rsv hosp,2026-10-03,quantile,0.3,4
2026-09-26,51,1,wk inc rsv hosp,2026-10-03,quantile,0.35,4
2026-09-26,51,1,wk inc rsv hosp,2026-10-03,quantile,0.4,5
2026-09-26,51,1,wk inc rsv hosp,2026-10-03,quantile,0.45,5
2026-09-26,51,1,wk inc rsv hosp,2026-10-03,quantile,0.5,6
2026-09-26,51,1,wk inc rsv hosp,2026-10-03,quantile,0.55,7
2026-09-26,51,1,wk inc rsv hosp,2026-10-03,quantile,0.6,7
2026-09-26,51,1,wk inc rsv hosp,2026-10-03,quantile,0.65,8
2026-09-26,51,1,wk inc rsv hosp,2026-10-03,quantile,0.7,8
2026-09-26,51,1,wk inc rsv hosp,2026-10-03,quantile,0.75,9
2026-09-26,51,1,wk inc rsv hosp,2026-10-03,quantile,0.8,10
2026-09-26,51,1,wk inc rsv hosp,2026-10-03,quantile,0.85,11
2026-09-26,51,1,wk inc rsv hosp,2026-10-03,quantile,0.9,12
2026-09-26,51,1,wk inc rsv hosp,2026-10-03,quantile,0.95,15
2026-09-26,51,1,wk inc rsv hosp,2026-10-03,quantile,0.975,17
2026-09-26,51,1,wk inc rsv hosp,2026-10-03,quantile,0.99,19
2026-09-26,51,2,wk inc rsv hosp,2026-10-10,quantile,0.01,0
2026-09-26,51,2,wk inc rsv hosp,2026-10-10,quantile,0.025,1
2026-09-26,51,2,wk inc rsv hosp,2026-10-10,quantile,0.05,1
2026-09-26,51,2,wk inc rsv hosp,2026-10-10,quantile,0.1,2
2026-09-26,51,2,wk inc rsv hosp,2026-10-10,quantile,0.15,2
2026-09-26,51,2,wk inc rsv hosp,2026-10-10,quantile,0.2,3
2026-09-26,51,2,wk inc rsv hosp,2026-10-10,quantile,0.25,3
2026-09-26,51,2,wk inc rsv hosp,2026-10-10,quantile,0.3,4
2026-09-26,51,2,wk inc rsv hosp,2026-10-10,quantile,0.35,4
2026-09-26,51,2,wk inc rsv hosp,2026-10-10,quantile,0.4,5
2026-09-26,51,2,wk inc rsv hosp,2026-10-10,quantile,0.45,5
2026-09-26,51,2,wk inc rsv hosp,2026-10-10,quantile,0.5,6
2026-09-26,51,2,wk inc rsv hosp,2026-10-10,quantile,0.55,7
2026-09-26,51,2,wk inc rsv hosp,2026-10-10,quantile,0.6,8
2026-09-26,51,2,wk inc rsv hosp,2026-10-10,quantile,0.65,9
2026-09-26,51,2,wk inc rsv hosp,2026-10-10,quantile,0.7,10
2026-09-26,51,2,wk inc rsv hosp,2026-10-10,quantile,0.75,11
2026-09-26,51,2,wk inc rsv hosp,2026-10-10,quantile,0.8,12
2026-09-26,51,2,wk inc rsv hosp,2026-10-10,quantile,0.85,14
2026-09-26,51,2,wk inc rsv hosp,2026-10-10,quantile,0.9,17
2026-09-26,51,2,wk inc rsv hosp,2026-10-10,quantile,0.95,21
2026-09-26,51,2,wk inc rsv hosp,2026-10-10,quantile,0.975,26
2026-09-26,51,2,wk inc rsv hosp,2026-10-10,quantile,0.99,31
2026-09-26,51,3,wk inc rsv hosp,2026-10-17,quantile,0.01,0.5
2026-09-26,51,3,wk inc rsv hosp,2026-10-17,quantile,0.025,0.5
2026-09-26,51,3,wk inc rsv hosp,2026-10-17,quantile,0.05,0.5
2026-09-26,51,3,wk inc rsv hosp,2026-10-17,quantile,0.1,1
2026-09-26,51,3,wk inc rsv hosp,2026-10-17,quantile,0.15,1.5
2026-09-26,51,3,wk inc rsv hosp,2026-10-17,quantile,0.2,2
2026-09-26,51,3,wk inc rsv hosp,2026-10-17,quantile,0.25,3
2026-09-26,51,3,wk inc rsv hosp,2026-10-17,quantile,0.3,3.5
2026-09-26,51,3,wk inc rsv hosp,2026-10-17,quantile,0.35,4.5
2026-09-26,51,3,wk inc rsv hosp,2026-10-17,quantile,0.4,5
2026-09-26,51,3,wk inc rsv hosp,2026-10-17,quantile,0.45,6
2026-09-26,51,3,wk inc rsv hosp,2026-10-17,quantile,0.5,7
2026-09-26,51,3,wk inc rsv hosp,2026-10-17,quantile,0.55,8
2026-09-26,51,3,wk inc rsv hosp,2026-10-17,quantile,0.6,8.5
2026-09-26,51,3,wk inc rsv hosp,2026-10-17,quantile,0.65,10.5
2026-09-26,51,3,wk inc rsv hosp,2026-10-17,quantile,0.7,12
2026-09-26,51,3,wk inc rsv hosp,2026-10-17,quantile,0.75,14
2026-09-26,51,3,wk inc rsv hosp,2026-10-17,quantile,0.8,17
2026-09-26,51,3,wk inc rsv hosp,2026-10-17,quantile,0.85,21.5
2026-09-26,51,3,wk inc rsv hosp,2026-10-17,quantile,0.9,28.5
2026-09-26,51,3,wk inc rsv hosp,2026-10-17,quantile,0.95,39
2026-09-26,51,3,wk inc rsv hosp,2026-10-17,quantile,0.975,55
2026-09-26,51,3,wk inc rsv hosp,2026-10-17,quantile,0.99,78
2026-09-26,53,-1,wk inc rsv hosp,2026-09-19,quantile,0.01,0
2026-09-26,53,-1,wk inc rsv hosp,2026-09-19,quantile,0.025,0
2026-09-26,53,-1,wk inc rsv hosp,2026-09-19,quantile,0.05,0
2026-09-26,53,-1,wk inc rsv hosp,2026-09-19,quantile,0.1,0
2026-09-26,53,-1,wk inc rsv hosp,2026-09-19,quantile,0.15,0
2026-09-26,53,-1,wk inc rsv hosp,2026-09-19,quantile,0.2,0.5
2026-09-26,53,-1,wk inc rsv hosp,2026-09-19,quantile,0.25,0.5
2026-09-26,53,-1,wk inc rsv hosp,2026-09-19,quantile,0.3,1
2026-09-26,53,-1,wk inc rsv hosp,2026-09-19,quantile,0.35,1
2026-09-26,53,-1,wk inc rsv hosp,2026-09-19,quantile,0.4,1
2026-09-26,53,-1,wk inc rsv hosp,2026-09-19,quantile,0.45,1
2026-09-26,53,-1,wk inc rsv hosp,2026-09-19,quantile,0.5,1.5
2026-09-26,53,-1,wk inc rsv hosp,2026-09-19,quantile,0.55,1.5
2026-09-26,53,-1,wk inc rsv hosp,2026-09-19,quantile,0.6,2
2026-09-26,53,-1,wk inc rsv hosp,2026-09-19,quantile,0.65,2
2026-09-26,53,-1,wk inc rsv hosp,2026-09-19,quantile,0.7,2
2026-09-26,53,-1,wk inc rsv hosp,2026-09-19,quantile,0.75,2
2026-09-26,53,-1,wk inc rsv hosp,2026-09-19,quantile,0.8,2.5
2026-09-26,53,-1,wk inc rsv hosp,2026-09-19,quantile,0.85,3
2026-09-26,53,-1,wk inc rsv hosp,2026-09-19,quantile,0.9,3.5
2026-09-26,53,-1,wk inc rsv hosp,2026-09-19,quantile,0.95,4
2026-09-26,53,-1,wk inc rsv hosp,2026-09-19,quantile,0.975,4.5
2026-09-26,53,-1,wk inc rsv hosp,2026-09-19,quantile,0.99,6
2026-09-26,53,0,wk inc rsv hosp,2026-09-26,quantile,0.01,0
2026-09-26,53,0,wk inc rsv hosp,2026-09-26,quantile,0.025,0
2026-09-26,53,0,wk inc rsv hosp,2026-09-26,quantile,0.05,0
2026-09-26,53,0,wk inc rsv hosp,2026-09-26,quantile,0.1,0
2026-09-26,53,0,wk inc rsv hosp,2026-09-26,quantile,0.15,0
2026-09-26,53,0,wk inc rsv hosp,2026-09-26,quantile,0.2,0
2026-09-26,53,0,wk inc rsv hosp,2026-09-26,quantile,0.25,1
2026-09-26,53,0,wk inc rsv hosp,2026-09-26,quantile,0.3,1
2026-09-26,53,0,wk inc rsv hosp,2026-09-26,quantile,0.35,1
2026-09-26,53,0,wk inc rsv hosp,2026-09-26,quantile,0.4,2
2026-09-26,53,0,wk inc rsv hosp,2026-09-26,quantile,0.45,2
2026-09-26,53,0,wk inc rsv hosp,2026-09-26,quantile,0.5,2
2026-09-26,53,0,wk inc rsv hosp,2026-09-26,quantile,0.55,3
2026-09-26,53,0,wk inc rsv hosp,2026-09-26,quantile,0.6,3
2026-09-26,53,0,wk inc rsv hosp,2026-09-26,quantile,0.65,3
2026-09-26,53,0,wk inc rsv hosp,2026-09-26,quantile,0.7,4
2026-09-26,53,0,wk inc rsv hosp,2026-09-26,quantile,0.75,4
2026-09-26,53,0,wk inc rsv hosp,2026-09-26,quantile,0.8,5
2026-09-26,53,0,wk inc rsv hosp,2026-09-26,quantile,0.85,6
2026-09-26,53,0,wk inc rsv hosp,2026-09-26,quantile,0.9,7
2026-09-26,53,0,wk inc rsv hosp,2026-09-26,quantile,0.95,8
2026-09-26,53,0,wk inc rsv hosp,2026-09-26,quantile,0.975,10
2026-09-26,53,0,wk inc rsv hosp,2026-09-26,quantile,0.99,11
2026-09-26,53,1,wk inc rsv hosp,2026-10-03,quantile,0.01,0
2026-09-26,53,1,wk inc rsv hosp,2026-10-03,quantile,0.025,0
2026-09-26,53,1,wk inc rsv hosp,2026-10-03,quantile,0.05,0
2026-09-26,53,1,wk inc rsv hosp,2026-10-03,quantile,0.1,0
2026-09-26,53,1,wk inc rsv hosp,2026-10-03,quantile,0.15,0
2026-09-26,53,1,wk inc rsv hosp,2026-10-03,quantile,0.2,0
2026-09-26,53,1,wk inc rsv hosp,2026-10-03,quantile,0.25,1
2026-09-26,53,1,wk inc rsv hosp,2026-10-03,quantile,0.3,1
2026-09-26,53,1,wk inc rsv hosp,2026-10-03,quantile,0.35,1
2026-09-26,53,1,wk inc rsv hosp,2026-10-03,quantile,0.4,2
2026-09-26,53,1,wk inc rsv hosp,2026-10-03,quantile,0.45,2
2026-09-26,53,1,wk inc rsv hosp,2026-10-03,quantile,0.5,2
2026-09-26,53,1,wk inc rsv hosp,2026-10-03,quantile,0.55,3
2026-09-26,53,1,wk inc rsv hosp,2026-10-03,quantile,0.6,3
2026-09-26,53,1,wk inc rsv hosp,2026-10-03,quantile,0.65,4
2026-09-26,53,1,wk inc rsv hosp,2026-10-03,quantile,0.7,5
2026-09-26,53,1,wk inc rsv hosp,2026-10-03,quantile,0.75,5
2026-09-26,53,1,wk inc rsv hosp,2026-10-03,quantile,0.8,6
2026-09-26,53,1,wk inc rsv hosp,2026-10-03,quantile,0.85,7
2026-09-26,53,1,wk inc rsv hosp,2026-10-03,quantile,0.9,8
2026-09-26,53,1,wk inc rsv hosp,2026-10-03,quantile,0.95,9
2026-09-26,53,1,wk inc rsv hosp,2026-10-03,quantile,0.975,11
2026-09-26,53,1,wk inc rsv hosp,2026-10-03,quantile,0.99,13
2026-09-26,53,2,wk inc rsv hosp,2026-10-10,quantile,0.01,0
2026-09-26,53,2,wk inc rsv hosp,2026-10-10,quantile,0.025,0
2026-09-26,53,2,wk inc rsv hosp,2026-10-10,quantile,0.05,0
2026-09-26,53,2,wk inc rsv hosp,2026-10-10,quantile,0.1,0
2026-09-26,53,2,wk inc rsv hosp,2026-10-10,quantile,0.15,0
2026-09-26,53,2,wk inc rsv hosp,2026-10-10,quantile,0.2,0
2026-09-26,53,2,wk inc rsv hosp,2026-10-10,quantile,0.25,1
2026-09-26,53,2,wk inc rsv hosp,2026-10-10,quantile,0.3,1
2026-09-26,53,2,wk inc rsv hosp,2026-10-10,quantile,0.35,2
2026-09-26,53,2,wk inc rsv hosp,2026-10-10,quantile,0.4,2
2026-09-26,53,2,wk inc rsv hosp,2026-10-10,quantile,0.45,3
2026-09-26,53,2,wk inc rsv hosp,2026-10-10,quantile,0.5,3
2026-09-26,53,2,wk inc rsv hosp,2026-10-10,quantile,0.55,4
2026-09-26,53,2,wk inc rsv hosp,2026-10-10,quantile,0.6,4
2026-09-26,53,2,wk inc rsv hosp,2026-10-10,quantile,0.65,4
2026-09-26,53,2,wk inc rsv hosp,2026-10-10,quantile,0.7,5
2026-09-26,53,2,wk inc rsv hosp,2026-10-10,quantile,0.75,6
2026-09-26,53,2,wk inc rsv hosp,2026-10-10,quantile,0.8,7
2026-09-26,53,2,wk inc rsv hosp,2026-10-10,quantile,0.85,8
2026-09-26,53,2,wk inc rsv hosp,2026-10-10,quantile,0.9,9
2026-09-26,53,2,wk inc rsv hosp,2026-10-10,quantile,0.95,12
2026-09-26,53,2,wk inc rsv hosp,2026-10-10,quantile,0.975,13
2026-09-26,53,2,wk inc rsv hosp,2026-10-10,quantile,0.99,15
2026-09-26,53,3,wk inc rsv hosp,2026-10-17,quantile,0.01,0
2026-09-26,53,3,wk inc rsv hosp,2026-10-17,quantile,0.025,0
2026-09-26,53,3,wk inc rsv hosp,2026-10-17,quantile,0.05,0
2026-09-26,53,3,wk inc rsv hosp,2026-10-17,quantile,0.1,0
2026-09-26,53,3,wk inc rsv hosp,2026-10-17,quantile,0.15,0.5
2026-09-26,53,3,wk inc rsv hosp,2026-10-17,quantile,0.2,1
2026-09-26,53,3,wk inc rsv hosp,2026-10-17,quantile,0.25,1
2026-09-26,53,3,wk inc rsv hosp,2026-10-17,quantile,0.3,1.5
2026-09-26,53,3,wk inc rsv hosp,2026-10-17,quantile,0.35,2
2026-09-26,53,3,wk inc rsv hosp,2026-10-17,quantile,0.4,2.5
2026-09-26,53,3,wk inc rsv hosp,2026-10-17,quantile,0.45,3
2026-09-26,53,3,wk inc rsv hosp,2026-10-17,quantile,0.5,4
2026-09-26,53,3,wk inc rsv hosp,2026-10-17,quantile,0.55,4
2026-09-26,53,3,wk inc rsv hosp,2026-10-17,quantile,0.6,4.5
2026-09-26,53,3,wk inc rsv hosp,2026-10-17,quantile,0.65,6
2026-09-26,53,3,wk inc rsv hosp,2026-10-17,quantile,0.7,7
2026-09-26,53,3,wk inc rsv hosp,2026-10-17,quantile,0.75,8.5
2026-09-26,53,3,wk inc rsv hosp,2026-10-17,quantile,0.8,10.5
2026-09-26,53,3,wk inc rsv hosp,2026-10-17,quantile,0.85,14.5
2026-09-26,53,3,wk inc rsv hosp,2026-10-17,quantile,0.9,20
2026-09-26,53,3,wk inc rsv hosp,2026-10-17,quantile,0.95,31.5
2026-09-26,53,3,wk inc rsv hosp,2026-10-17,quantile,0.975,49.5
2026-09-26,53,3,wk inc rsv hosp,2026-10-17,quantile,0.99,80.5
2026-09-26,54,-1,wk inc rsv hosp,2026-09-19,quantile,0.01,0
2026-09-26,54,-1,wk inc rsv hosp,2026-09-19,quantile,0.025,0
2026-09-26,54,-1,wk inc rsv hosp,2026-09-19,quantile,0.05,0
2026-09-26,54,-1,wk inc rsv hosp,2026-09-19,quantile,0.1,0.5
2026-09-26,54,-1,wk inc rsv hosp,2026-09-19,quantile,0.15,0.5
2026-09-26,54,-1,wk inc rsv hosp,2026-09-19,quantile,0.2,0.5
2026-09-26,54,-1,wk inc rsv hosp,2026-09-19,quantile,0.25,1
2026-09-26,54,-1,wk inc rsv hosp,2026-09-19,quantile,0.3,1
2026-09-26,54,-1,wk inc rsv hosp,2026-09-19,quantile,0.35,1
2026-09-26,54,-1,wk inc rsv hosp,2026-09-19,quantile,0.4,1.5
2026-09-26,54,-1,wk inc rsv hosp,2026-09-19,quantile,0.45,1.5
2026-09-26,54,-1,wk inc rsv hosp,2026-09-19,quantile,0.5,1.5
2026-09-26,54,-1,wk inc rsv hosp,2026-09-19,quantile,0.55,2
2026-09-26,54,-1,wk inc rsv hosp,2026-09-19,quantile,0.6,2
2026-09-26,54,-1,wk inc rsv hosp,2026-09-19,quantile,0.65,2
2026-09-26,54,-1,wk inc rsv hosp,2026-09-19,quantile,0.7,2
2026-09-26,54,-1,wk inc rsv hosp,2026-09-19,quantile,0.75,2.5
2026-09-26,54,-1,wk inc rsv hosp,2026-09-19,quantile,0.8,3
2026-09-26,54,-1,wk inc rsv hosp,2026-09-19,quantile,0.85,3
2026-09-26,54,-1,wk inc rsv hosp,2026-09-19,quantile,0.9,4
2026-09-26,54,-1,wk inc rsv hosp,2026-09-19,quantile,0.95,4.5
2026-09-26,54,-1,wk inc rsv hosp,2026-09-19,quantile,0.975,5.5
2026-09-26,54,-1,wk inc rsv hosp,2026-09-19,quantile,0.99,6.5
2026-09-26,54,0,wk inc rsv hosp,2026-09-26,quantile,0.01,0
2026-09-26,54,0,wk inc rsv hosp,2026-09-26,quantile,0.025,0
2026-09-26,54,0,wk inc rsv hosp,2026-09-26,quantile,0.05,0
2026-09-26,54,0,wk inc rsv hosp,2026-09-26,quantile,0.1,0
2026-09-26,54,0,wk inc rsv hosp,2026-09-26,quantile,0.15,0
2026-09-26,54,0,wk inc rsv hosp,2026-09-26,quantile,0.2,0
2026-09-26,54,0,wk inc rsv hosp,2026-09-26,quantile,0.25,1
2026-09-26,54,0,wk inc rsv hosp,2026-09-26,quantile,0.3,1
2026-09-26,54,0,wk inc rsv hosp,2026-09-26,quantile,0.35,1
2026-09-26,54,0,wk inc rsv hosp,2026-09-26,quantile,0.4,2
2026-09-26,54,0,wk inc rsv hosp,2026-09-26,quantile,0.45,2
2026-09-26,54,0,wk inc rsv hosp,2026-09-26,quantile,0.5,2
2026-09-26,54,0,wk inc rsv hosp,2026-09-26,quantile,0.55,3
2026-09-26,54,0,wk inc rsv hosp,2026-09-26,quantile,0.6,3
2026-09-26,54,0,wk inc rsv hosp,2026-09-26,quantile,0.65,3
2026-09-26,54,0,wk inc rsv hosp,2026-09-26,quantile,0.7,3
2026-09-26,54,0,wk inc rsv hosp,2026-09-26,quantile,0.75,3
2026-09-26,54,0,wk inc rsv hosp,2026-09-26,quantile,0.8,4
2026-09-26,54,0,wk inc rsv hosp,2026-09-26,quantile,0.85,4
2026-09-26,54,0,wk inc rsv hosp,2026-09-26,quantile,0.9,5
2026-09-26,54,0,wk inc rsv hosp,2026-09-26,quantile,0.95,6
2026-09-26,54,0,wk inc rsv hosp,2026-09-26,quantile,0.975,7.024999999999864
2026-09-26,54,0,wk inc rsv hosp,2026-09-26,quantile,0.99,10
2026-09-26,54,1,wk inc rsv hosp,2026-10-03,quantile,0.01,0
2026-09-26,54,1,wk inc rsv hosp,2026-10-03,quantile,0.025,0
2026-09-26,54,1,wk inc rsv hosp,2026-10-03,quantile,0.05,0
2026-09-26,54,1,wk inc rsv hosp,2026-10-03,quantile,0.1,0
2026-09-26,54,1,wk inc rsv hosp,2026-10-03,quantile,0.15,0
2026-09-26,54,1,wk inc rsv hosp,2026-10-03,quantile,0.2,1
2026-09-26,54,1,wk inc rsv hosp,2026-10-03,quantile,0.25,1
2026-09-26,54,1,wk inc rsv hosp,2026-10-03,quantile,0.3,1
2026-09-26,54,1,wk inc rsv hosp,2026-10-03,quantile,0.35,1
2026-09-26,54,1,wk inc rsv hosp,2026-10-03,quantile,0.4,2
2026-09-26,54,1,wk inc rsv hosp,2026-10-03,quantile,0.45,2
2026-09-26,54,1,wk inc rsv hosp,2026-10-03,quantile,0.5,2
2026-09-26,54,1,wk inc rsv hosp,2026-10-03,quantile,0.55,3
2026-09-26,54,1,wk inc rsv hosp,2026-10-03,quantile,0.6,3
2026-09-26,54,1,wk inc rsv hosp,2026-10-03,quantile,0.65,3
2026-09-26,54,1,wk inc rsv hosp,2026-10-03,quantile,0.7,3
2026-09-26,54,1,wk inc rsv hosp,2026-10-03,quantile,0.75,4
2026-09-26,54,1,wk inc rsv hosp,2026-10-03,quantile,0.8,4
2026-09-26,54,1,wk inc rsv hosp,2026-10-03,quantile,0.85,5
2026-09-26,54,1,wk inc rsv hosp,2026-10-03,quantile,0.9,7
2026-09-26,54,1,wk inc rsv hosp,2026-10-03,quantile,0.95,9
2026-09-26,54,1,wk inc rsv hosp,2026-10-03,quantile,0.975,13
2026-09-26,54,1,wk inc rsv hosp,2026-10-03,quantile,0.99,20
2026-09-26,54,2,wk inc rsv hosp,2026-10-10,quantile,0.01,0
2026-09-26,54,2,wk inc rsv hosp,2026-10-10,quantile,0.025,0
2026-09-26,54,2,wk inc rsv hosp,2026-10-10,quantile,0.05,0
2026-09-26,54,2,wk inc rsv hosp,2026-10-10,quantile,0.1,0
2026-09-26,54,2,wk inc rsv hosp,2026-10-10,quantile,0.15,0
2026-09-26,54,2,wk inc rsv hosp,2026-10-10,quantile,0.2,1
2026-09-26,54,2,wk inc rsv hosp,2026-10-10,quantile,0.25,1
2026-09-26,54,2,wk inc rsv hosp,2026-10-10,quantile,0.3,1
2026-09-26,54,2,wk inc rsv hosp,2026-10-10,quantile,0.35,2
2026-09-26,54,2,wk inc rsv hosp,2026-10-10,quantile,0.4,2
2026-09-26,54,2,wk inc rsv hosp,2026-10-10,quantile,0.45,3
2026-09-26,54,2,wk inc rsv hosp,2026-10-10,quantile,0.5,3
2026-09-26,54,2,wk inc rsv hosp,2026-10-10,quantile,0.55,3
2026-09-26,54,2,wk inc rsv hosp,2026-10-10,quantile,0.6,3
2026-09-26,54,2,wk inc rsv hosp,2026-10-10,quantile,0.65,3.3500000000001364
2026-09-26,54,2,wk inc rsv hosp,2026-10-10,quantile,0.7,4
2026-09-26,54,2,wk inc rsv hosp,2026-10-10,quantile,0.75,5
2026-09-26,54,2,wk inc rsv hosp,2026-10-10,quantile,0.8,5
2026-09-26,54,2,wk inc rsv hosp,2026-10-10,quantile,0.85,7
2026-09-26,54,2,wk inc rsv hosp,2026-10-10,quantile,0.9,9
2026-09-26,54,2,wk inc rsv hosp,2026-10-10,quantile,0.95,16
2026-09-26,54,2,wk inc rsv hosp,2026-10-10,quantile,0.975,24
2026-09-26,54,2,wk inc rsv hosp,2026-10-10,quantile,0.99,41.01999999999998
2026-09-26,54,3,wk inc rsv hosp,2026-10-17,quantile,0.01,0
2026-09-26,54,3,wk inc rsv hosp,2026-10-17,quantile,0.025,0
2026-09-26,54,3,wk inc rsv hosp,2026-10-17,quantile,0.05,0.5
2026-09-26,54,3,wk inc rsv hosp,2026-10-17,quantile,0.1,0.5
2026-09-26,54,3,wk inc rsv hosp,2026-10-17,quantile,0.15,0.5
2026-09-26,54,3,wk inc rsv hosp,2026-10-17,quantile,0.2,1
2026-09-26,54,3,wk inc rsv hosp,2026-10-17,quantile,0.25,1
2026-09-26,54,3,wk inc rsv hosp,2026-10-17,quantile,0.3,2
2026-09-26,54,3,wk inc rsv hosp,2026-10-17,quantile,0.35,2
2026-09-26,54,3,wk inc rsv hosp,2026-10-17,quantile,0.4,2
2026-09-26,54,3,wk inc rsv hosp,2026-10-17,quantile,0.45,2.5
2026-09-26,54,3,wk inc rsv hosp,2026-10-17,quantile,0.5,3.5
2026-09-26,54,3,wk inc rsv hosp,2026-10-17,quantile,0.55,4
2026-09-26,54,3,wk inc rsv hosp,2026-10-17,quantile,0.6,4
2026-09-26,54,3,wk inc rsv hosp,2026-10-17,quantile,0.65,5
2026-09-26,54,3,wk inc rsv hosp,2026-10-17,quantile,0.7,6
2026-09-26,54,3,wk inc rsv hosp,2026-10-17,quantile,0.75,7
2026-09-26,54,3,wk inc rsv hosp,2026-10-17,quantile,0.8,9
2026-09-26,54,3,wk inc rsv hosp,2026-10-17,quantile,0.85,11.5
2026-09-26,54,3,wk inc rsv hosp,2026-10-17,quantile,0.9,16.5
2026-09-26,54,3,wk inc rsv hosp,2026-10-17,quantile,0.95,26
2026-09-26,54,3,wk inc rsv hosp,2026-10-17,quantile,0.975,39
2026-09-26,54,3,wk inc rsv hosp,2026-10-17,quantile,0.99,67.5
2026-09-26,55,-1,wk inc rsv hosp,2026-09-19,quantile,0.01,0
2026-09-26,55,-1,wk inc rsv hosp,2026-09-19,quantile,0.025,0
2026-09-26,55,-1,wk inc rsv hosp,2026-09-19,quantile,0.05,0
2026-09-26,55,-1,wk inc rsv hosp,2026-09-19,quantile,0.1,0
2026-09-26,55,-1,wk inc rsv hosp,2026-09-19,quantile,0.15,0
2026-09-26,55,-1,wk inc rsv hosp,2026-09-19,quantile,0.2,0
2026-09-26,55,-1,wk inc rsv hosp,2026-09-19,quantile,0.25,0
2026-09-26,55,-1,wk inc rsv hosp,2026-09-19,quantile,0.3,0
2026-09-26,55,-1,wk inc rsv hosp,2026-09-19,quantile,0.35,0
2026-09-26,55,-1,wk inc rsv hosp,2026-09-19,quantile,0.4,0
2026-09-26,55,-1,wk inc rsv hosp,2026-09-19,quantile,0.45,0.5
2026-09-26,55,-1,wk inc rsv hosp,2026-09-19,quantile,0.5,0.5
2026-09-26,55,-1,wk inc rsv hosp,2026-09-19,quantile,0.55,0.5
2026-09-26,55,-1,wk inc rsv hosp,2026-09-19,quantile,0.6,0.5
2026-09-26,55,-1,wk inc rsv hosp,2026-09-19,quantile,0.65,1
2026-09-26,55,-1,wk inc rsv hosp,2026-09-19,quantile,0.7,1
2026-09-26,55,-1,wk inc rsv hosp,2026-09-19,quantile,0.75,1.5
2026-09-26,55,-1,wk inc rsv hosp,2026-09-19,quantile,0.8,2
2026-09-26,55,-1,wk inc rsv hosp,2026-09-19,quantile,0.85,2
2026-09-26,55,-1,wk inc rsv hosp,2026-09-19,quantile,0.9,2
2026-09-26,55,-1,wk inc rsv hosp,2026-09-19,quantile,0.95,3.5
2026-09-26,55,-1,wk inc rsv hosp,2026-09-19,quantile,0.975,4.012499999999932
2026-09-26,55,-1,wk inc rsv hosp,2026-09-19,quantile,0.99,5.5
2026-09-26,55,0,wk inc rsv hosp,2026-09-26,quantile,0.01,0
2026-09-26,55,0,wk inc rsv hosp,2026-09-26,quantile,0.025,0
2026-09-26,55,0,wk inc rsv hosp,2026-09-26,quantile,0.05,0
2026-09-26,55,0,wk inc rsv hosp,2026-09-26,quantile,0.1,0
2026-09-26,55,0,wk inc rsv hosp,2026-09-26,quantile,0.15,0
2026-09-26,55,0,wk inc rsv hosp,2026-09-26,quantile,0.2,0
2026-09-26,55,0,wk inc rsv hosp,2026-09-26,quantile,0.25,0
2026-09-26,55,0,wk inc rsv hosp,2026-09-26,quantile,0.3,0
2026-09-26,55,0,wk inc rsv hosp,2026-09-26,quantile,0.35,0
2026-09-26,55,0,wk inc rsv hosp,2026-09-26,quantile,0.4,1
2026-09-26,55,0,wk inc rsv hosp,2026-09-26,quantile,0.45,1
2026-09-26,55,0,wk inc rsv hosp,2026-09-26,quantile,0.5,1
2026-09-26,55,0,wk inc rsv hosp,2026-09-26,quantile,0.55,1
2026-09-26,55,0,wk inc rsv hosp,2026-09-26,quantile,0.6,1
2026-09-26,55,0,wk inc rsv hosp,2026-09-26,quantile,0.65,1
2026-09-26,55,0,wk inc rsv hosp,2026-09-26,quantile,0.7,1
2026-09-26,55,0,wk inc rsv hosp,2026-09-26,quantile,0.75,2
2026-09-26,55,0,wk inc rsv hosp,2026-09-26,quantile,0.8,3
2026-09-26,55,0,wk inc rsv hosp,2026-09-26,quantile,0.85,4
2026-09-26,55,0,wk inc rsv hosp,2026-09-26,quantile,0.9,5
2026-09-26,55,0,wk inc rsv hosp,2026-09-26,quantile,0.95,6
2026-09-26,55,0,wk inc rsv hosp,2026-09-26,quantile,0.975,6
2026-09-26,55,0,wk inc rsv hosp,2026-09-26,quantile,0.99,7
2026-09-26,55,1,wk inc rsv hosp,2026-10-03,quantile,0.01,0
2026-09-26,55,1,wk inc rsv hosp,2026-10-03,quantile,0.025,0
2026-09-26,55,1,wk inc rsv hosp,2026-10-03,quantile,0.05,0
2026-09-26,55,1,wk inc rsv hosp,2026-10-03,quantile,0.1,0
2026-09-26,55,1,wk inc rsv hosp,2026-10-03,quantile,0.15,0
2026-09-26,55,1,wk inc rsv hosp,2026-10-03,quantile,0.2,0
2026-09-26,55,1,wk inc rsv hosp,2026-10-03,quantile,0.25,0
2026-09-26,55,1,wk inc rsv hosp,2026-10-03,quantile,0.3,0
2026-09-26,55,1,wk inc rsv hosp,2026-10-03,quantile,0.35,0
2026-09-26,55,1,wk inc rsv hosp,2026-10-03,quantile,0.4,1
2026-09-26,55,1,wk inc rsv hosp,2026-10-03,quantile,0.45,1
2026-09-26,55,1,wk inc rsv hosp,2026-10-03,quantile,0.5,1
2026-09-26,55,1,wk inc rsv hosp,2026-10-03,quantile,0.55,1
2026-09-26,55,1,wk inc rsv hosp,2026-10-03,quantile,0.6,1
2026-09-26,55,1,wk inc rsv hosp,2026-10-03,quantile,0.65,1
2026-09-26,55,1,wk inc rsv hosp,2026-10-03,quantile,0.7,2
2026-09-26,55,1,wk inc rsv hosp,2026-10-03,quantile,0.75,2
2026-09-26,55,1,wk inc rsv hosp,2026-10-03,quantile,0.8,3
2026-09-26,55,1,wk inc rsv hosp,2026-10-03,quantile,0.85,5
2026-09-26,55,1,wk inc rsv hosp,2026-10-03,quantile,0.9,6
2026-09-26,55,1,wk inc rsv hosp,2026-10-03,quantile,0.95,7
2026-09-26,55,1,wk inc rsv hosp,2026-10-03,quantile,0.975,8
2026-09-26,55,1,wk inc rsv hosp,2026-10-03,quantile,0.99,9
2026-09-26,55,2,wk inc rsv hosp,2026-10-10,quantile,0.01,0
2026-09-26,55,2,wk inc rsv hosp,2026-10-10,quantile,0.025,0
2026-09-26,55,2,wk inc rsv hosp,2026-10-10,quantile,0.05,0
2026-09-26,55,2,wk inc rsv hosp,2026-10-10,quantile,0.1,0
2026-09-26,55,2,wk inc rsv hosp,2026-10-10,quantile,0.15,0
2026-09-26,55,2,wk inc rsv hosp,2026-10-10,quantile,0.2,0
2026-09-26,55,2,wk inc rsv hosp,2026-10-10,quantile,0.25,0
2026-09-26,55,2,wk inc rsv hosp,2026-10-10,quantile,0.3,0
2026-09-26,55,2,wk inc rsv hosp,2026-10-10,quantile,0.35,0
2026-09-26,55,2,wk inc rsv hosp,2026-10-10,quantile,0.4,1
2026-09-26,55,2,wk inc rsv hosp,2026-10-10,quantile,0.45,1
2026-09-26,55,2,wk inc rsv hosp,2026-10-10,quantile,0.5,1
2026-09-26,55,2,wk inc rsv hosp,2026-10-10,quantile,0.55,1
2026-09-26,55,2,wk inc rsv hosp,2026-10-10,quantile,0.6,1
2026-09-26,55,2,wk inc rsv hosp,2026-10-10,quantile,0.65,2
2026-09-26,55,2,wk inc rsv hosp,2026-10-10,quantile,0.7,2
2026-09-26,55,2,wk inc rsv hosp,2026-10-10,quantile,0.75,3
2026-09-26,55,2,wk inc rsv hosp,2026-10-10,quantile,0.8,4
2026-09-26,55,2,wk inc rsv hosp,2026-10-10,quantile,0.85,6
2026-09-26,55,2,wk inc rsv hosp,2026-10-10,quantile,0.9,6
2026-09-26,55,2,wk inc rsv hosp,2026-10-10,quantile,0.95,8
2026-09-26,55,2,wk inc rsv hosp,2026-10-10,quantile,0.975,10
2026-09-26,55,2,wk inc rsv hosp,2026-10-10,quantile,0.99,14
2026-09-26,55,3,wk inc rsv hosp,2026-10-17,quantile,0.01,0.5
2026-09-26,55,3,wk inc rsv hosp,2026-10-17,quantile,0.025,0.5
2026-09-26,55,3,wk inc rsv hosp,2026-10-17,quantile,0.05,0.5
2026-09-26,55,3,wk inc rsv hosp,2026-10-17,quantile,0.1,0.5
2026-09-26,55,3,wk inc rsv hosp,2026-10-17,quantile,0.15,1
2026-09-26,55,3,wk inc rsv hosp,2026-10-17,quantile,0.2,1
2026-09-26,55,3,wk inc rsv hosp,2026-10-17,quantile,0.25,1
2026-09-26,55,3,wk inc rsv hosp,2026-10-17,quantile,0.3,1
2026-09-26,55,3,wk inc rsv hosp,2026-10-17,quantile,0.35,1.5
2026-09-26,55,3,wk inc rsv hosp,2026-10-17,quantile,0.4,1.5
2026-09-26,55,3,wk inc rsv hosp,2026-10-17,quantile,0.45,1.5
2026-09-26,55,3,wk inc rsv hosp,2026-10-17,quantile,0.5,1.5
2026-09-26,55,3,wk inc rsv hosp,2026-10-17,quantile,0.55,2
2026-09-26,55,3,wk inc rsv hosp,2026-10-17,quantile,0.6,2.5
2026-09-26,55,3,wk inc rsv hosp,2026-10-17,quantile,0.65,2.5
2026-09-26,55,3,wk inc rsv hosp,2026-10-17,quantile,0.7,3.5
2026-09-26,55,3,wk inc rsv hosp,2026-10-17,quantile,0.75,4
2026-09-26,55,3,wk inc rsv hosp,2026-10-17,quantile,0.8,5.5
2026-09-26,55,3,wk inc rsv hosp,2026-10-17,quantile,0.85,7
2026-09-26,55,3,wk inc rsv hosp,2026-10-17,quantile,0.9,10
2026-09-26,55,3,wk inc rsv hosp,2026-10-17,quantile,0.95,18.5
2026-09-26,55,3,wk inc rsv hosp,2026-10-17,quantile,0.975,31
2026-09-26,55,3,wk inc rsv hosp,2026-10-17,quantile,0.99,50.5
2026-09-26,56,-1,wk inc rsv hosp,2026-09-19,quantile,0.01,0
2026-09-26,56,-1,wk inc rsv hosp,2026-09-19,quantile,0.025,0
2026-09-26,56,-1,wk inc rsv hosp,2026-09-19,quantile,0.05,0
2026-09-26,56,-1,wk inc rsv hosp,2026-09-19,quantile,0.1,0
2026-09-26,56,-1,wk inc rsv hosp,2026-09-19,quantile,0.15,0
2026-09-26,56,-1,wk inc rsv hosp,2026-09-19,quantile,0.2,0
2026-09-26,56,-1,wk inc rsv hosp,2026-09-19,quantile,0.25,0
2026-09-26,56,-1,wk inc rsv hosp,2026-09-19,quantile,0.3,0
2026-09-26,56,-1,wk inc rsv hosp,2026-09-19,quantile,0.35,0
2026-09-26,56,-1,wk inc rsv hosp,2026-09-19,quantile,0.4,0
2026-09-26,56,-1,wk inc rsv hosp,2026-09-19,quantile,0.45,0
2026-09-26,56,-1,wk inc rsv hosp,2026-09-19,quantile,0.5,0
2026-09-26,56,-1,wk inc rsv hosp,2026-09-19,quantile,0.55,0
2026-09-26,56,-1,wk inc rsv hosp,2026-09-19,quantile,0.6,0
2026-09-26,56,-1,wk inc rsv hosp,2026-09-19,quantile,0.65,0
2026-09-26,56,-1,wk inc rsv hosp,2026-09-19,quantile,0.7,0
2026-09-26,56,-1,wk inc rsv hosp,2026-09-19,quantile,0.75,0
2026-09-26,56,-1,wk inc rsv hosp,2026-09-19,quantile,0.8,0
2026-09-26,56,-1,wk inc rsv hosp,2026-09-19,quantile,0.85,0
2026-09-26,56,-1,wk inc rsv hosp,2026-09-19,quantile,0.9,0
2026-09-26,56,-1,wk inc rsv hosp,2026-09-19,quantile,0.95,0
2026-09-26,56,-1,wk inc rsv hosp,2026-09-19,quantile,0.975,0
2026-09-26,56,-1,wk inc rsv hosp,2026-09-19,quantile,0.99,1
2026-09-26,56,0,wk inc rsv hosp,2026-09-26,quantile,0.01,0
2026-09-26,56,0,wk inc rsv hosp,2026-09-26,quantile,0.025,0.5
2026-09-26,56,0,wk inc rsv hosp,2026-09-26,quantile,0.05,0.5
2026-09-26,56,0,wk inc rsv hosp,2026-09-26,quantile,0.1,0.5
2026-09-26,56,0,wk inc rsv hosp,2026-09-26,quantile,0.15,0.5
2026-09-26,56,0,wk inc rsv hosp,2026-09-26,quantile,0.2,0.5
2026-09-26,56,0,wk inc rsv hosp,2026-09-26,quantile,0.25,0.5
2026-09-26,56,0,wk inc rsv hosp,2026-09-26,quantile,0.3,0.5
2026-09-26,56,0,wk inc rsv hosp,2026-09-26,quantile,0.35,0.5
2026-09-26,56,0,wk inc rsv hosp,2026-09-26,quantile,0.4,0.5
2026-09-26,56,0,wk inc rsv hosp,2026-09-26,quantile,0.45,0.5
2026-09-26,56,0,wk inc rsv hosp,2026-09-26,quantile,0.5,1
2026-09-26,56,0,wk inc rsv hosp,2026-09-26,quantile,0.55,1
2026-09-26,56,0,wk inc rsv hosp,2026-09-26,quantile,0.6,1
2026-09-26,56,0,wk inc rsv hosp,2026-09-26,quantile,0.65,1
2026-09-26,56,0,wk inc rsv hosp,2026-09-26,quantile,0.7,1
2026-09-26,56,0,wk inc rsv hosp,2026-09-26,quantile,0.75,1
2026-09-26,56,0,wk inc rsv hosp,2026-09-26,quantile,0.8,1
2026-09-26,56,0,wk inc rsv hosp,2026-09-26,quantile,0.85,1.5
2026-09-26,56,0,wk inc rsv hosp,2026-09-26,quantile,0.9,1.5
2026-09-26,56,0,wk inc rsv hosp,2026-09-26,quantile,0.95,2
2026-09-26,56,0,wk inc rsv hosp,2026-09-26,quantile,0.975,2
2026-09-26,56,0,wk inc rsv hosp,2026-09-26,quantile,0.99,3.5
2026-09-26,56,1,wk inc rsv hosp,2026-10-03,quantile,0.01,0
2026-09-26,56,1,wk inc rsv hosp,2026-10-03,quantile,0.025,0
2026-09-26,56,1,wk inc rsv hosp,2026-10-03,quantile,0.05,0.5
2026-09-26,56,1,wk inc rsv hosp,2026-10-03,quantile,0.1,0.5
2026-09-26,56,1,wk inc rsv hosp,2026-10-03,quantile,0.15,0.5
2026-09-26,56,1,wk inc rsv hosp,2026-10-03,quantile,0.2,0.5
2026-09-26,56,1,wk inc rsv hosp,2026-10-03,quantile,0.25,0.5
2026-09-26,56,1,wk inc rsv hosp,2026-10-03,quantile,0.3,0.5
2026-09-26,56,1,wk inc rsv hosp,2026-10-03,quantile,0.35,0.5
2026-09-26,56,1,wk inc rsv hosp,2026-10-03,quantile,0.4,0.5
2026-09-26,56,1,wk inc rsv hosp,2026-10-03,quantile,0.45,1
2026-09-26,56,1,wk inc rsv hosp,2026-10-03,quantile,0.5,1
2026-09-26,56,1,wk inc rsv hosp,2026-10-03,quantile,0.55,1
2026-09-26,56,1,wk inc rsv hosp,2026-10-03,quantile,0.6,1
2026-09-26,56,1,wk inc rsv hosp,2026-10-03,quantile,0.65,1
2026-09-26,56,1,wk inc rsv hosp,2026-10-03,quantile,0.7,1
2026-09-26,56,1,wk inc rsv hosp,2026-10-03,quantile,0.75,1
2026-09-26,56,1,wk inc rsv hosp,2026-10-03,quantile,0.8,1.5
2026-09-26,56,1,wk inc rsv hosp,2026-10-03,quantile,0.85,1.5
2026-09-26,56,1,wk inc rsv hosp,2026-10-03,quantile,0.9,1.5
2026-09-26,56,1,wk inc rsv hosp,2026-10-03,quantile,0.95,2.5
2026-09-26,56,1,wk inc rsv hosp,2026-10-03,quantile,0.975,3
2026-09-26,56,1,wk inc rsv hosp,2026-10-03,quantile,0.99,5
2026-09-26,56,2,wk inc rsv hosp,2026-10-10,quantile,0.01,0
2026-09-26,56,2,wk inc rsv hosp,2026-10-10,quantile,0.025,0
2026-09-26,56,2,wk inc rsv hosp,2026-10-10,quantile,0.05,0
2026-09-26,56,2,wk inc rsv hosp,2026-10-10,quantile,0.1,0.5
2026-09-26,56,2,wk inc rsv hosp,2026-10-10,quantile,0.15,0.5
2026-09-26,56,2,wk inc rsv hosp,2026-10-10,quantile,0.2,0.5
2026-09-26,56,2,wk inc rsv hosp,2026-10-10,quantile,0.25,0.5
2026-09-26,56,2,wk inc rsv hosp,2026-10-10,quantile,0.3,0.5
2026-09-26,56,2,wk inc rsv hosp,2026-10-10,quantile,0.35,0.5
2026-09-26,56,2,wk inc rsv hosp,2026-10-10,quantile,0.4,0.5
2026-09-26,56,2,wk inc rsv hosp,2026-10-10,quantile,0.45,1
2026-09-26,56,2,wk inc rsv hosp,2026-10-10,quantile,0.5,1
2026-09-26,56,2,wk inc rsv hosp,2026-10-10,quantile,0.55,1
2026-09-26,56,2,wk inc rsv hosp,2026-10-10,quantile,0.6,1
2026-09-26,56,2,wk inc rsv hosp,2026-10-10,quantile,0.65,1
2026-09-26,56,2,wk inc rsv hosp,2026-10-10,quantile,0.7,1
2026-09-26,56,2,wk inc rsv hosp,2026-10-10,quantile,0.75,1.5
2026-09-26,56,2,wk inc rsv hosp,2026-10-10,quantile,0.8,1.5
2026-09-26,56,2,wk inc rsv hosp,2026-10-10,quantile,0.85,1.5
2026-09-26,56,2,wk inc rsv hosp,2026-10-10,quantile,0.9,2
2026-09-26,56,2,wk inc rsv hosp,2026-10-10,quantile,0.95,2.5
2026-09-26,56,2,wk inc rsv hosp,2026-10-10,quantile,0.975,3.5
2026-09-26,56,2,wk inc rsv hosp,2026-10-10,quantile,0.99,7.5
2026-09-26,56,3,wk inc rsv hosp,2026-10-17,quantile,0.01,0
2026-09-26,56,3,wk inc rsv hosp,2026-10-17,quantile,0.025,0
2026-09-26,56,3,wk inc rsv hosp,2026-10-17,quantile,0.05,0
2026-09-26,56,3,wk inc rsv hosp,2026-10-17,quantile,0.1,0
2026-09-26,56,3,wk inc rsv hosp,2026-10-17,quantile,0.15,0.5
2026-09-26,56,3,wk inc rsv hosp,2026-10-17,quantile,0.2,0.5
2026-09-26,56,3,wk inc rsv hosp,2026-10-17,quantile,0.25,0.5
2026-09-26,56,3,wk inc rsv hosp,2026-10-17,quantile,0.3,0.5
2026-09-26,56,3,wk inc rsv hosp,2026-10-17,quantile,0.35,0.5
2026-09-26,56,3,wk inc rsv hosp,2026-10-17,quantile,0.4,0.5
2026-09-26,56,3,wk inc rsv hosp,2026-10-17,quantile,0.45,0.5
2026-09-26,56,3,wk inc rsv hosp,2026-10-17,quantile,0.5,1
2026-09-26,56,3,wk inc rsv hosp,2026-10-17,quantile,0.55,1
2026-09-26,56,3,wk inc rsv hosp,2026-10-17,quantile,0.6,1
2026-09-26,56,3,wk inc rsv hosp,2026-10-17,quantile,0.65,1
2026-09-26,56,3,wk inc rsv hosp,2026-10-17,quantile,0.7,1.5
2026-09-26,56,3,wk inc rsv hosp,2026-10-17,quantile,0.75,1.5
2026-09-26,56,3,wk inc rsv hosp,2026-10-17,quantile,0.8,1.5
2026-09-26,56,3,wk inc rsv hosp,2026-10-17,quantile,0.85,2
2026-09-26,56,3,wk inc rsv hosp,2026-10-17,quantile,0.9,2
2026-09-26,56,3,wk inc rsv hosp,2026-10-17,quantile,0.95,3
2026-09-26,56,3,wk inc rsv hosp,2026-10-17,quantile,0.975,5.5
2026-09-26,56,3,wk inc rsv hosp,2026-10-17,quantile,0.99,8.5
2026-09-26,72,-1,wk inc rsv hosp,2026-09-19,quantile,0.01,0
2026-09-26,72,-1,wk inc rsv hosp,2026-09-19,quantile,0.025,0
2026-09-26,72,-1,wk inc rsv hosp,2026-09-19,quantile,0.05,0
2026-09-26,72,-1,wk inc rsv hosp,2026-09-19,quantile,0.1,1
2026-09-26,72,-1,wk inc rsv hosp,2026-09-19,quantile,0.15,2
2026-09-26,72,-1,wk inc rsv hosp,2026-09-19,quantile,0.2,2
2026-09-26,72,-1,wk inc rsv hosp,2026-09-19,quantile,0.25,3
2026-09-26,72,-1,wk inc rsv hosp,2026-09-19,quantile,0.3,3
2026-09-26,72,-1,wk inc rsv hosp,2026-09-19,quantile,0.35,4
2026-09-26,72,-1,wk inc rsv hosp,2026-09-19,quantile,0.4,4
2026-09-26,72,-1,wk inc rsv hosp,2026-09-19,quantile,0.45,5
2026-09-26,72,-1,wk inc rsv hosp,2026-09-19,quantile,0.5,5
2026-09-26,72,-1,wk inc rsv hosp,2026-09-19,quantile,0.55,5
2026-09-26,72,-1,wk inc rsv hosp,2026-09-19,quantile,0.6,6
2026-09-26,72,-1,wk inc rsv hosp,2026-09-19,quantile,0.65,6
2026-09-26,72,-1,wk inc rsv hosp,2026-09-19,quantile,0.7,7
2026-09-26,72,-1,wk inc rsv hosp,2026-09-19,quantile,0.75,7
2026-09-26,72,-1,wk inc rsv hosp,2026-09-19,quantile,0.8,8
2026-09-26,72,-1,wk inc rsv hosp,2026-09-19,quantile,0.85,9
2026-09-26,72,-1,wk inc rsv hosp,2026-09-19,quantile,0.9,9
2026-09-26,72,-1,wk inc rsv hosp,2026-09-19,quantile,0.95,11
2026-09-26,72,-1,wk inc rsv hosp,2026-09-19,quantile,0.975,12
2026-09-26,72,-1,wk inc rsv hosp,2026-09-19,quantile,0.99,14
2026-09-26,72,0,wk inc rsv hosp,2026-09-26,quantile,0.01,0.5
2026-09-26,72,0,wk inc rsv hosp,2026-09-26,quantile,0.025,0.5
2026-09-26,72,0,wk inc rsv hosp,2026-09-26,quantile,0.05,1.5
2026-09-26,72,0,wk inc rsv hosp,2026-09-26,quantile,0.1,2.5
2026-09-26,72,0,wk inc rsv hosp,2026-09-26,quantile,0.15,3
2026-09-26,72,0,wk inc rsv hosp,2026-09-26,quantile,0.2,3.5
2026-09-26,72,0,wk inc rsv hosp,2026-09-26,quantile,0.25,4.5
2026-09-26,72,0,wk inc rsv hosp,2026-09-26,quantile,0.3,5
2026-09-26,72,0,wk inc rsv hosp,2026-09-26,quantile,0.35,5
2026-09-26,72,0,wk inc rsv hosp,2026-09-26,quantile,0.4,6.5
2026-09-26,72,0,wk inc rsv hosp,2026-09-26,quantile,0.45,7
2026-09-26,72,0,wk inc rsv hosp,2026-09-26,quantile,0.5,7.5
2026-09-26,72,0,wk inc rsv hosp,2026-09-26,quantile,0.55,8
2026-09-26,72,0,wk inc rsv hosp,2026-09-26,quantile,0.6,9
2026-09-26,72,0,wk inc rsv hosp,2026-09-26,quantile,0.65,9.5
2026-09-26,72,0,wk inc rsv hosp,2026-09-26,quantile,0.7,11
2026-09-26,72,0,wk inc rsv hosp,2026-09-26,quantile,0.75,11.5
2026-09-26,72,0,wk inc rsv hosp,2026-09-26,quantile,0.8,13
2026-09-26,72,0,wk inc rsv hosp,2026-09-26,quantile,0.85,14
2026-09-26,72,0,wk inc rsv hosp,2026-09-26,quantile,0.9,16
2026-09-26,72,0,wk inc rsv hosp,2026-09-26,quantile,0.95,19
2026-09-26,72,0,wk inc rsv hosp,2026-09-26,quantile,0.975,22.5
2026-09-26,72,0,wk inc rsv hosp,2026-09-26,quantile,0.99,26
2026-09-26,72,1,wk inc rsv hosp,2026-10-03,quantile,0.01,0
2026-09-26,72,1,wk inc rsv hosp,2026-10-03,quantile,0.025,0.5
2026-09-26,72,1,wk inc rsv hosp,2026-10-03,quantile,0.05,1
2026-09-26,72,1,wk inc rsv hosp,2026-10-03,quantile,0.1,2
2026-09-26,72,1,wk inc rsv hosp,2026-10-03,quantile,0.15,3
2026-09-26,72,1,wk inc rsv hosp,2026-10-03,quantile,0.2,3.5
2026-09-26,72,1,wk inc rsv hosp,2026-10-03,quantile,0.25,4
2026-09-26,72,1,wk inc rsv hosp,2026-10-03,quantile,0.3,4.5
2026-09-26,72,1,wk inc rsv hosp,2026-10-03,quantile,0.35,5
2026-09-26,72,1,wk inc rsv hosp,2026-10-03,quantile,0.4,6.5
2026-09-26,72,1,wk inc rsv hosp,2026-10-03,quantile,0.45,7
2026-09-26,72,1,wk inc rsv hosp,2026-10-03,quantile,0.5,8
2026-09-26,72,1,wk inc rsv hosp,2026-10-03,quantile,0.55,9
2026-09-26,72,1,wk inc rsv hosp,2026-10-03,quantile,0.6,9.5
2026-09-26,72,1,wk inc rsv hosp,2026-10-03,quantile,0.65,11
2026-09-26,72,1,wk inc rsv hosp,2026-10-03,quantile,0.7,12
2026-09-26,72,1,wk inc rsv hosp,2026-10-03,quantile,0.75,13
2026-09-26,72,1,wk inc rsv hosp,2026-10-03,quantile,0.8,14.5
2026-09-26,72,1,wk inc rsv hosp,2026-10-03,quantile,0.85,16.5
2026-09-26,72,1,wk inc rsv hosp,2026-10-03,quantile,0.9,19.5
2026-09-26,72,1,wk inc rsv hosp,2026-10-03,quantile,0.95,25
2026-09-26,72,1,wk inc rsv hosp,2026-10-03,quantile,0.975,30
2026-09-26,72,1,wk inc rsv hosp,2026-10-03,quantile,0.99,41
2026-09-26,72,2,wk inc rsv hosp,2026-10-10,quantile,0.01,0
2026-09-26,72,2,wk inc rsv hosp,2026-10-10,quantile,0.025,0.5
2026-09-26,72,2,wk inc rsv hosp,2026-10-10,quantile,0.05,0.5
2026-09-26,72,2,wk inc rsv hosp,2026-10-10,quantile,0.1,2
2026-09-26,72,2,wk inc rsv hosp,2026-10-10,quantile,0.15,2
2026-09-26,72,2,wk inc rsv hosp,2026-10-10,quantile,0.2,3
2026-09-26,72,2,wk inc rsv hosp,2026-10-10,quantile,0.25,4
2026-09-26,72,2,wk inc rsv hosp,2026-10-10,quantile,0.3,4.5
2026-09-26,72,2,wk inc rsv hosp,2026-10-10,quantile,0.35,5.5
2026-09-26,72,2,wk inc rsv hosp,2026-10-10,quantile,0.4,5.5
2026-09-26,72,2,wk inc rsv hosp,2026-10-10,quantile,0.45,7.5
2026-09-26,72,2,wk inc rsv hosp,2026-10-10,quantile,0.5,8.5
2026-09-26,72,2,wk inc rsv hosp,2026-10-10,quantile,0.55,9
2026-09-26,72,2,wk inc rsv hosp,2026-10-10,quantile,0.6,10
2026-09-26,72,2,wk inc rsv hosp,2026-10-10,quantile,0.65,12
2026-09-26,72,2,wk inc rsv hosp,2026-10-10,quantile,0.7,13
2026-09-26,72,2,wk inc rsv hosp,2026-10-10,quantile,0.75,15
2026-09-26,72,2,wk inc rsv hosp,2026-10-10,quantile,0.8,16
2026-09-26,72,2,wk inc rsv hosp,2026-10-10,quantile,0.85,20
2026-09-26,72,2,wk inc rsv hosp,2026-10-10,quantile,0.9,25
2026-09-26,72,2,wk inc rsv hosp,2026-10-10,quantile,0.95,35
2026-09-26,72,2,wk inc rsv hosp,2026-10-10,quantile,0.975,44.5
2026-09-26,72,2,wk inc rsv hosp,2026-10-10,quantile,0.99,57.5
2026-09-26,72,3,wk inc rsv hosp,2026-10-17,quantile,0.01,0
2026-09-26,72,3,wk inc rsv hosp,2026-10-17,quantile,0.025,0
2026-09-26,72,3,wk inc rsv hosp,2026-10-17,quantile,0.05,0.5
2026-09-26,72,3,wk inc rsv hosp,2026-10-17,quantile,0.1,0.5
2026-09-26,72,3,wk inc rsv hosp,2026-10-17,quantile,0.15,2
2026-09-26,72,3,wk inc rsv hosp,2026-10-17,quantile,0.2,2.5
2026-09-26,72,3,wk inc rsv hosp,2026-10-17,quantile,0.25,3.5
2026-09-26,72,3,wk inc rsv hosp,2026-10-17,quantile,0.3,4.5
2026-09-26,72,3,wk inc rsv hosp,2026-10-17,quantile,0.35,5.5
2026-09-26,72,3,wk inc rsv hosp,2026-10-17,quantile,0.4,6
2026-09-26,72,3,wk inc rsv hosp,2026-10-17,quantile,0.45,7.5
2026-09-26,72,3,wk inc rsv hosp,2026-10-17,quantile,0.5,8.5
2026-09-26,72,3,wk inc rsv hosp,2026-10-17,quantile,0.55,9
2026-09-26,72,3,wk inc rsv hosp,2026-10-17,quantile,0.6,10.5
2026-09-26,72,3,wk inc rsv hosp,2026-10-17,quantile,0.65,12.5
2026-09-26,72,3,wk inc rsv hosp,2026-10-17,quantile,0.7,14.5
2026-09-26,72,3,wk inc rsv hosp,2026-10-17,quantile,0.75,16.5
2026-09-26,72,3,wk inc rsv hosp,2026-10-17,quantile,0.8,19.5
2026-09-26,72,3,wk inc rsv hosp,2026-10-17,quantile,0.85,24.5
2026-09-26,72,3,wk inc rsv hosp,2026-10-17,quantile,0.9,32.5
2026-09-26,72,3,wk inc rsv hosp,2026-10-17,quantile,0.95,46.5
2026-09-26,72,3,wk inc rsv hosp,2026-10-17,quantile,0.975,67.5
2026-09-26,72,3,wk inc rsv hosp,2026-10-17,quantile,0.99,85
2026-09-26,US,-1,wk inc rsv hosp,2026-09-19,quantile,0.01,331
2026-09-26,US,-1,wk inc rsv hosp,2026-09-19,quantile,0.025,341.9875
2026-09-26,US,-1,wk inc rsv hosp,2026-09-19,quantile,0.05,351.5
2026-09-26,US,-1,wk inc rsv hosp,2026-09-19,quantile,0.1,365.5
2026-09-26,US,-1,wk inc rsv hosp,2026-09-19,quantile,0.15,374
2026-09-26,US,-1,wk inc rsv hosp,2026-09-19,quantile,0.2,380.5
2026-09-26,US,-1,wk inc rsv hosp,2026-09-19,quantile,0.25,387.5
2026-09-26,US,-1,wk inc rsv hosp,2026-09-19,quantile,0.3,393
2026-09-26,US,-1,wk inc rsv hosp,2026-09-19,quantile,0.35,398
2026-09-26,US,-1,wk inc rsv hosp,2026-09-19,quantile,0.4,403.5
2026-09-26,US,-1,wk inc rsv hosp,2026-09-19,quantile,0.45,408
2026-09-26,US,-1,wk inc rsv hosp,2026-09-19,quantile,0.5,413
2026-09-26,US,-1,wk inc rsv hosp,2026-09-19,quantile,0.55,418
2026-09-26,US,-1,wk inc rsv hosp,2026-09-19,quantile,0.6,422.5
2026-09-26,US,-1,wk inc rsv hosp,2026-09-19,quantile,0.65,428.17500000000007
2026-09-26,US,-1,wk inc rsv hosp,2026-09-19,quantile,0.7,434
2026-09-26,US,-1,wk inc rsv hosp,2026-09-19,quantile,0.75,440
2026-09-26,US,-1,wk inc rsv hosp,2026-09-19,quantile,0.8,446.5
2026-09-26,US,-1,wk inc rsv hosp,2026-09-19,quantile,0.85,455
2026-09-26,US,-1,wk inc rsv hosp,2026-09-19,quantile,0.9,464
2026-09-26,US,-1,wk inc rsv hosp,2026-09-19,quantile,0.95,479.025
2026-09-26,US,-1,wk inc rsv hosp,2026-09-19,quantile,0.975,496.5
2026-09-26,US,-1,wk inc rsv hosp,2026-09-19,quantile,0.99,513
2026-09-26,US,0,wk inc rsv hosp,2026-09-26,quantile,0.01,323.97
2026-09-26,US,0,wk inc rsv hosp,2026-09-26,quantile,0.025,343.975
2026-09-26,US,0,wk inc rsv hosp,2026-09-26,quantile,0.05,362
2026-09-26,US,0,wk inc rsv hosp,2026-09-26,quantile,0.1,382.9
2026-09-26,US,0,wk inc rsv hosp,2026-09-26,quantile,0.15,395.85
2026-09-26,US,0,wk inc rsv hosp,2026-09-26,quantile,0.2,406
2026-09-26,US,0,wk inc rsv hosp,2026-09-26,quantile,0.25,416
2026-09-26,US,0,wk inc rsv hosp,2026-09-26,quantile,0.3,425
2026-09-26,US,0,wk inc rsv hosp,2026-09-26,quantile,0.35,436
2026-09-26,US,0,wk inc rsv hosp,2026-09-26,quantile,0.4,443
2026-09-26,US,0,wk inc rsv hosp,2026-09-26,quantile,0.45,452
2026-09-26,US,0,wk inc rsv hosp,2026-09-26,quantile,0.5,459
2026-09-26,US,0,wk inc rsv hosp,2026-09-26,quantile,0.55,467
2026-09-26,US,0,wk inc rsv hosp,2026-09-26,quantile,0.6,475
2026-09-26,US,0,wk inc rsv hosp,2026-09-26,quantile,0.65,485
2026-09-26,US,0,wk inc rsv hosp,2026-09-26,quantile,0.7,508
2026-09-26,US,0,wk inc rsv hosp,2026-09-26,quantile,0.75,527
2026-09-26,US,0,wk inc rsv hosp,2026-09-26,quantile,0.8,558
2026-09-26,US,0,wk inc rsv hosp,2026-09-26,quantile,0.85,573
2026-09-26,US,0,wk inc rsv hosp,2026-09-26,quantile,0.9,596
2026-09-26,US,0,wk inc rsv hosp,2026-09-26,quantile,0.95,623
2026-09-26,US,0,wk inc rsv hosp,2026-09-26,quantile,0.975,672
2026-09-26,US,0,wk inc rsv hosp,2026-09-26,quantile,0.99,773
2026-09-26,US,1,wk inc rsv hosp,2026-10-03,quantile,0.01,308.96
2026-09-26,US,1,wk inc rsv hosp,2026-10-03,quantile,0.025,335.975
2026-09-26,US,1,wk inc rsv hosp,2026-10-03,quantile,0.05,358.95000000000005
2026-09-26,US,1,wk inc rsv hosp,2026-10-03,quantile,0.1,384
2026-09-26,US,1,wk inc rsv hosp,2026-10-03,quantile,0.15,402
2026-09-26,US,1,wk inc rsv hosp,2026-10-03,quantile,0.2,418
2026-09-26,US,1,wk inc rsv hosp,2026-10-03,quantile,0.25,431
2026-09-26,US,1,wk inc rsv hosp,2026-10-03,quantile,0.3,444
2026-09-26,US,1,wk inc rsv hosp,2026-10-03,quantile,0.35,455
2026-09-26,US,1,wk inc rsv hosp,2026-10-03,quantile,0.4,467
2026-09-26,US,1,wk inc rsv hosp,2026-10-03,quantile,0.45,478
2026-09-26,US,1,wk inc rsv hosp,2026-10-03,quantile,0.5,491
2026-09-26,US,1,wk inc rsv hosp,2026-10-03,quantile,0.55,505.4500000000001
2026-09-26,US,1,wk inc rsv hosp,2026-10-03,quantile,0.6,517
2026-09-26,US,1,wk inc rsv hosp,2026-10-03,quantile,0.65,534
2026-09-26,US,1,wk inc rsv hosp,2026-10-03,quantile,0.7,553
2026-09-26,US,1,wk inc rsv hosp,2026-10-03,quantile,0.75,593
2026-09-26,US,1,wk inc rsv hosp,2026-10-03,quantile,0.8,630
2026-09-26,US,1,wk inc rsv hosp,2026-10-03,quantile,0.85,687
2026-09-26,US,1,wk inc rsv hosp,2026-10-03,quantile,0.9,762
2026-09-26,US,1,wk inc rsv hosp,2026-10-03,quantile,0.95,874
2026-09-26,US,1,wk inc rsv hosp,2026-10-03,quantile,0.975,983
2026-09-26,US,1,wk inc rsv hosp,2026-10-03,quantile,0.99,1093
2026-09-26,US,2,wk inc rsv hosp,2026-10-10,quantile,0.01,271.99
2026-09-26,US,2,wk inc rsv hosp,2026-10-10,quantile,0.025,306
2026-09-26,US,2,wk inc rsv hosp,2026-10-10,quantile,0.05,336
2026-09-26,US,2,wk inc rsv hosp,2026-10-10,quantile,0.1,370.9
2026-09-26,US,2,wk inc rsv hosp,2026-10-10,quantile,0.15,398
2026-09-26,US,2,wk inc rsv hosp,2026-10-10,quantile,0.2,418
2026-09-26,US,2,wk inc rsv hosp,2026-10-10,quantile,0.25,438.75
2026-09-26,US,2,wk inc rsv hosp,2026-10-10,quantile,0.3,459.69999999999993
2026-09-26,US,2,wk inc rsv hosp,2026-10-10,quantile,0.35,475
2026-09-26,US,2,wk inc rsv hosp,2026-10-10,quantile,0.4,494.6
2026-09-26,US,2,wk inc rsv hosp,2026-10-10,quantile,0.45,511
2026-09-26,US,2,wk inc rsv hosp,2026-10-10,quantile,0.5,528
2026-09-26,US,2,wk inc rsv hosp,2026-10-10,quantile,0.55,549
2026-09-26,US,2,wk inc rsv hosp,2026-10-10,quantile,0.6,564
2026-09-26,US,2,wk inc rsv hosp,2026-10-10,quantile,0.65,586.3500000000001
2026-09-26,US,2,wk inc rsv hosp,2026-10-10,quantile,0.7,607
2026-09-26,US,2,wk inc rsv hosp,2026-10-10,quantile,0.75,660
2026-09-26,US,2,wk inc rsv hosp,2026-10-10,quantile,0.8,723
2026-09-26,US,2,wk inc rsv hosp,2026-10-10,quantile,0.85,801
2026-09-26,US,2,wk inc rsv hosp,2026-10-10,quantile,0.9,911
2026-09-26,US,2,wk inc rsv hosp,2026-10-10,quantile,0.95,1085
2026-09-26,US,2,wk inc rsv hosp,2026-10-10,quantile,0.975,1257
2026-09-26,US,2,wk inc rsv hosp,2026-10-10,quantile,0.99,1477
2026-09-26,US,3,wk inc rsv hosp,2026-10-17,quantile,0.01,362
2026-09-26,US,3,wk inc rsv hosp,2026-10-17,quantile,0.025,406
2026-09-26,US,3,wk inc rsv hosp,2026-10-17,quantile,0.05,458
2026-09-26,US,3,wk inc rsv hosp,2026-10-17,quantile,0.1,522
2026-09-26,US,3,wk inc rsv hosp,2026-10-17,quantile,0.15,568.5
2026-09-26,US,3,wk inc rsv hosp,2026-10-17,quantile,0.2,625
2026-09-26,US,3,wk inc rsv hosp,2026-10-17,quantile,0.25,665.5
2026-09-26,US,3,wk inc rsv hosp,2026-10-17,quantile,0.3,711.5
2026-09-26,US,3,wk inc rsv hosp,2026-10-17,quantile,0.35,756.5
2026-09-26,US,3,wk inc rsv hosp,2026-10-17,quantile,0.4,807.5
2026-09-26,US,3,wk inc rsv hosp,2026-10-17,quantile,0.45,865.5
2026-09-26,US,3,wk inc rsv hosp,2026-10-17,quantile,0.5,919.5
2026-09-26,US,3,wk inc rsv hosp,2026-10-17,quantile,0.55,976.5
2026-09-26,US,3,wk inc rsv hosp,2026-10-17,quantile,0.6,1035
2026-09-26,US,3,wk inc rsv hosp,2026-10-17,quantile,0.65,1110.5
2026-09-26,US,3,wk inc rsv hosp,2026-10-17,quantile,0.7,1204.5
2026-09-26,US,3,wk inc rsv hosp,2026-10-17,quantile,0.75,1307.5
2026-09-26,US,3,wk inc rsv hosp,2026-10-17,quantile,0.8,1431
2026-09-26,US,3,wk inc rsv hosp,2026-10-17,quantile,0.85,1594
2026-09-26,US,3,wk inc rsv hosp,2026-10-17,quantile,0.9,1865.5
2026-09-26,US,3,wk inc rsv hosp,2026-10-17,quantile,0.95,2354.5
2026-09-26,US,3,wk inc rsv hosp,2026-10-17,quantile,0.975,2718
2026-09-26,US,3,wk inc rsv hosp,2026-10-17,quantile,0.99,3080
2026-09-26,01,-1,wk inc rsv prop ed visits,2026-09-19,quantile,0.01,4.5538985050562616e-4
2026-09-26,01,-1,wk inc rsv prop ed visits,2026-09-19,quantile,0.025,5.101236500288579e-4
2026-09-26,01,-1,wk inc rsv prop ed visits,2026-09-19,quantile,0.05,5.607647050489389e-4
2026-09-26,01,-1,wk inc rsv prop ed visits,2026-09-19,quantile,0.1,6.359377215000919e-4
2026-09-26,01,-1,wk inc rsv prop ed visits,2026-09-19,quantile,0.15,6.809580144328955e-4
2026-09-26,01,-1,wk inc rsv prop ed visits,2026-09-19,quantile,0.2,7.220071260006358e-4
2026-09-26,01,-1,wk inc rsv prop ed visits,2026-09-19,quantile,0.25,7.556693895437601e-4
2026-09-26,01,-1,wk inc rsv prop ed visits,2026-09-19,quantile,0.3,7.883991867069209e-4
2026-09-26,01,-1,wk inc rsv prop ed visits,2026-09-19,quantile,0.35,8.183260883719805e-4
2026-09-26,01,-1,wk inc rsv prop ed visits,2026-09-19,quantile,0.4,8.476597034322629e-4
2026-09-26,01,-1,wk inc rsv prop ed visits,2026-09-19,quantile,0.45,8.805144789932758e-4
2026-09-26,01,-1,wk inc rsv prop ed visits,2026-09-19,quantile,0.5,9.111924446517463e-4
2026-09-26,01,-1,wk inc rsv prop ed visits,2026-09-19,quantile,0.55,9.417072252149651e-4
2026-09-26,01,-1,wk inc rsv prop ed visits,2026-09-19,quantile,0.6,9.783358702902354e-4
2026-09-26,01,-1,wk inc rsv prop ed visits,2026-09-19,quantile,0.65,0.0010160191149480781
2026-09-26,01,-1,wk inc rsv prop ed visits,2026-09-19,quantile,0.7,0.0010576869342133314
2026-09-26,01,-1,wk inc rsv prop ed visits,2026-09-19,quantile,0.75,0.0011010299945298993
2026-09-26,01,-1,wk inc rsv prop ed visits,2026-09-19,quantile,0.8,0.0011556644547791402
2026-09-26,01,-1,wk inc rsv prop ed visits,2026-09-19,quantile,0.85,0.001222102498967314
2026-09-26,01,-1,wk inc rsv prop ed visits,2026-09-19,quantile,0.9,0.0013048896732529717
2026-09-26,01,-1,wk inc rsv prop ed visits,2026-09-19,quantile,0.95,0.00144811622642295
2026-09-26,01,-1,wk inc rsv prop ed visits,2026-09-19,quantile,0.975,0.0015814340989103888
2026-09-26,01,-1,wk inc rsv prop ed visits,2026-09-19,quantile,0.99,0.0017350928787105307
2026-09-26,01,0,wk inc rsv prop ed visits,2026-09-26,quantile,0.01,4.096690887452982e-4
2026-09-26,01,0,wk inc rsv prop ed visits,2026-09-26,quantile,0.025,4.7508946738909384e-4
2026-09-26,01,0,wk inc rsv prop ed visits,2026-09-26,quantile,0.05,5.401990419360523e-4
2026-09-26,01,0,wk inc rsv prop ed visits,2026-09-26,quantile,0.1,6.133431146146148e-4
2026-09-26,01,0,wk inc rsv prop ed visits,2026-09-26,quantile,0.15,6.71802528320023e-4
2026-09-26,01,0,wk inc rsv prop ed visits,2026-09-26,quantile,0.2,7.194751047293628e-4
2026-09-26,01,0,wk inc rsv prop ed visits,2026-09-26,quantile,0.25,7.662040701608987e-4
2026-09-26,01,0,wk inc rsv prop ed visits,2026-09-26,quantile,0.3,8.120368579152045e-4
2026-09-26,01,0,wk inc rsv prop ed visits,2026-09-26,quantile,0.35,8.528143923283008e-4
2026-09-26,01,0,wk inc rsv prop ed visits,2026-09-26,quantile,0.4,8.946736555415576e-4
2026-09-26,01,0,wk inc rsv prop ed visits,2026-09-26,quantile,0.45,9.355652994710596e-4
2026-09-26,01,0,wk inc rsv prop ed visits,2026-09-26,quantile,0.5,9.763609619886727e-4
2026-09-26,01,0,wk inc rsv prop ed visits,2026-09-26,quantile,0.55,0.0010181111213561158
2026-09-26,01,0,wk inc rsv prop ed visits,2026-09-26,quantile,0.6,0.0010648902502391397
2026-09-26,01,0,wk inc rsv prop ed visits,2026-09-26,quantile,0.65,0.0011094289761182882
2026-09-26,01,0,wk inc rsv prop ed visits,2026-09-26,quantile,0.7,0.0011611936357785102
2026-09-26,01,0,wk inc rsv prop ed visits,2026-09-26,quantile,0.75,0.001222913590662486
2026-09-26,01,0,wk inc rsv prop ed visits,2026-09-26,quantile,0.8,0.0012894857672078918
2026-09-26,01,0,wk inc rsv prop ed visits,2026-09-26,quantile,0.85,0.0013782904851624095
2026-09-26,01,0,wk inc rsv prop ed visits,2026-09-26,quantile,0.9,0.0014811847714579422
2026-09-26,01,0,wk inc rsv prop ed visits,2026-09-26,quantile,0.95,0.0016877358398208252
2026-09-26,01,0,wk inc rsv prop ed visits,2026-09-26,quantile,0.975,0.0018394826187815797
2026-09-26,01,0,wk inc rsv prop ed visits,2026-09-26,quantile,0.99,0.002058333282153471
2026-09-26,01,1,wk inc rsv prop ed visits,2026-10-03,quantile,0.01,3.784645679247773e-4
2026-09-26,01,1,wk inc rsv prop ed visits,2026-10-03,quantile,0.025,4.367195311258461e-4
2026-09-26,01,1,wk inc rsv prop ed visits,2026-10-03,quantile,0.05,5.101090118955587e-4
2026-09-26,01,1,wk inc rsv prop ed visits,2026-10-03,quantile,0.1,5.952209974105155e-4
2026-09-26,01,1,wk inc rsv prop ed visits,2026-10-03,quantile,0.15,6.631527674541212e-4
2026-09-26,01,1,wk inc rsv prop ed visits,2026-10-03,quantile,0.2,7.261381536197202e-4
2026-09-26,01,1,wk inc rsv prop ed visits,2026-10-03,quantile,0.25,7.797816559745399e-4
2026-09-26,01,1,wk inc rsv prop ed visits,2026-10-03,quantile,0.3,8.363025009200082e-4
2026-09-26,01,1,wk inc rsv prop ed visits,2026-10-03,quantile,0.35,8.830553183297944e-4
2026-09-26,01,1,wk inc rsv prop ed visits,2026-10-03,quantile,0.4,9.332397153504919e-4
2026-09-26,01,1,wk inc rsv prop ed visits,2026-10-03,quantile,0.45,9.862092339064958e-4
2026-09-26,01,1,wk inc rsv prop ed visits,2026-10-03,quantile,0.5,0.00103479628854884
2026-09-26,01,1,wk inc rsv prop ed visits,2026-10-03,quantile,0.55,0.0010853837176454653
2026-09-26,01,1,wk inc rsv prop ed visits,2026-10-03,quantile,0.6,0.0011413358558549393
2026-09-26,01,1,wk inc rsv prop ed visits,2026-10-03,quantile,0.65,0.001204166375069204
2026-09-26,01,1,wk inc rsv prop ed visits,2026-10-03,quantile,0.7,0.0012622816460632355
2026-09-26,01,1,wk inc rsv prop ed visits,2026-10-03,quantile,0.75,0.0013444258077486932
2026-09-26,01,1,wk inc rsv prop ed visits,2026-10-03,quantile,0.8,0.0014388469686465745
2026-09-26,01,1,wk inc rsv prop ed visits,2026-10-03,quantile,0.85,0.0015512387564717582
2026-09-26,01,1,wk inc rsv prop ed visits,2026-10-03,quantile,0.9,0.0017198638070767232
2026-09-26,01,1,wk inc rsv prop ed visits,2026-10-03,quantile,0.95,0.002007965021155079
2026-09-26,01,1,wk inc rsv prop ed visits,2026-10-03,quantile,0.975,0.0022717144097788616
2026-09-26,01,1,wk inc rsv prop ed visits,2026-10-03,quantile,0.99,0.0026060522685889976
2026-09-26,01,2,wk inc rsv prop ed visits,2026-10-10,quantile,0.01,3.417486650780613e-4
2026-09-26,01,2,wk inc rsv prop ed visits,2026-10-10,quantile,0.025,4.050451691364098e-4
2026-09-26,01,2,wk inc rsv prop ed visits,2026-10-10,quantile,0.05,4.914178400862867e-4
2026-09-26,01,2,wk inc rsv prop ed visits,2026-10-10,quantile,0.1,5.996471859453918e-4
2026-09-26,01,2,wk inc rsv prop ed visits,2026-10-10,quantile,0.15,6.867362547051102e-4
2026-09-26,01,2,wk inc rsv prop ed visits,2026-10-10,quantile,0.2,7.477764603891772e-4
2026-09-26,01,2,wk inc rsv prop ed visits,2026-10-10,quantile,0.25,8.112174906214421e-4
2026-09-26,01,2,wk inc rsv prop ed visits,2026-10-10,quantile,0.3,8.714015510848294e-4
2026-09-26,01,2,wk inc rsv prop ed visits,2026-10-10,quantile,0.35,9.342700866696507e-4
2026-09-26,01,2,wk inc rsv prop ed visits,2026-10-10,quantile,0.4,9.95076575221716e-4
2026-09-26,01,2,wk inc rsv prop ed visits,2026-10-10,quantile,0.45,0.0010531363761194282
2026-09-26,01,2,wk inc rsv prop ed visits,2026-10-10,quantile,0.5,0.0011177487373110538
2026-09-26,01,2,wk inc rsv prop ed visits,2026-10-10,quantile,0.55,0.0011810824731436818
2026-09-26,01,2,wk inc rsv prop ed visits,2026-10-10,quantile,0.6,0.0012498890220869598
2026-09-26,01,2,wk inc rsv prop ed visits,2026-10-10,quantile,0.65,0.0013337010107067847
2026-09-26,01,2,wk inc rsv prop ed visits,2026-10-10,quantile,0.7,0.0014189130074012445
2026-09-26,01,2,wk inc rsv prop ed visits,2026-10-10,quantile,0.75,0.0015313904572764928
2026-09-26,01,2,wk inc rsv prop ed visits,2026-10-10,quantile,0.8,0.0016595517459631003
2026-09-26,01,2,wk inc rsv prop ed visits,2026-10-10,quantile,0.85,0.001803540631632218
2026-09-26,01,2,wk inc rsv prop ed visits,2026-10-10,quantile,0.9,0.002006560574675812
2026-09-26,01,2,wk inc rsv prop ed visits,2026-10-10,quantile,0.95,0.0023695065951275305
2026-09-26,01,2,wk inc rsv prop ed visits,2026-10-10,quantile,0.975,0.0027894316112319142
2026-09-26,01,2,wk inc rsv prop ed visits,2026-10-10,quantile,0.99,0.0034711231584877975
2026-09-26,02,-1,wk inc rsv prop ed visits,2026-09-19,quantile,0.01,0
2026-09-26,02,-1,wk inc rsv prop ed visits,2026-09-19,quantile,0.025,0
2026-09-26,02,-1,wk inc rsv prop ed visits,2026-09-19,quantile,0.05,0
2026-09-26,02,-1,wk inc rsv prop ed visits,2026-09-19,quantile,0.1,2.9455788225644084e-6
2026-09-26,02,-1,wk inc rsv prop ed visits,2026-09-19,quantile,0.15,1.1100443709836687e-5
2026-09-26,02,-1,wk inc rsv prop ed visits,2026-09-19,quantile,0.2,1.871049589018543e-5
2026-09-26,02,-1,wk inc rsv prop ed visits,2026-09-19,quantile,0.25,2.823120368853866e-5
2026-09-26,02,-1,wk inc rsv prop ed visits,2026-09-19,quantile,0.3,3.79143486712439e-5
2026-09-26,02,-1,wk inc rsv prop ed visits,2026-09-19,quantile,0.35,4.7271166102294545e-5
2026-09-26,02,-1,wk inc rsv prop ed visits,2026-09-19,quantile,0.4,5.4923387398094766e-5
2026-09-26,02,-1,wk inc rsv prop ed visits,2026-09-19,quantile,0.45,6.495918902341293e-5
2026-09-26,02,-1,wk inc rsv prop ed visits,2026-09-19,quantile,0.5,7.387478926175795e-5
2026-09-26,02,-1,wk inc rsv prop ed visits,2026-09-19,quantile,0.55,8.517507664118734e-5
2026-09-26,02,-1,wk inc rsv prop ed visits,2026-09-19,quantile,0.6,9.471142210965217e-5
2026-09-26,02,-1,wk inc rsv prop ed visits,2026-09-19,quantile,0.65,1.054814002312998e-4
2026-09-26,02,-1,wk inc rsv prop ed visits,2026-09-19,quantile,0.7,1.204622250114685e-4
2026-09-26,02,-1,wk inc rsv prop ed visits,2026-09-19,quantile,0.75,1.3598433904012206e-4
2026-09-26,02,-1,wk inc rsv prop ed visits,2026-09-19,quantile,0.8,1.5352819884350644e-4
2026-09-26,02,-1,wk inc rsv prop ed visits,2026-09-19,quantile,0.85,1.8061199952764775e-4
2026-09-26,02,-1,wk inc rsv prop ed visits,2026-09-19,quantile,0.9,2.1082079822821255e-4
2026-09-26,02,-1,wk inc rsv prop ed visits,2026-09-19,quantile,0.95,2.8158683024733335e-4
2026-09-26,02,-1,wk inc rsv prop ed visits,2026-09-19,quantile,0.975,3.5629141061165336e-4
2026-09-26,02,-1,wk inc rsv prop ed visits,2026-09-19,quantile,0.99,4.791541434689397e-4
2026-09-26,02,0,wk inc rsv prop ed visits,2026-09-26,quantile,0.01,0
2026-09-26,02,0,wk inc rsv prop ed visits,2026-09-26,quantile,0.025,0
2026-09-26,02,0,wk inc rsv prop ed visits,2026-09-26,quantile,0.05,0
2026-09-26,02,0,wk inc rsv prop ed visits,2026-09-26,quantile,0.1,4.1606652731280175e-6
2026-09-26,02,0,wk inc rsv prop ed visits,2026-09-26,quantile,0.15,9.609465120832238e-6
2026-09-26,02,0,wk inc rsv prop ed visits,2026-09-26,quantile,0.2,1.605804349326696e-5
2026-09-26,02,0,wk inc rsv prop ed visits,2026-09-26,quantile,0.25,2.0256835157411483e-5
2026-09-26,02,0,wk inc rsv prop ed visits,2026-09-26,quantile,0.3,2.496778473367886e-5
2026-09-26,02,0,wk inc rsv prop ed visits,2026-09-26,quantile,0.35,2.9876552095312935e-5
2026-09-26,02,0,wk inc rsv prop ed visits,2026-09-26,quantile,0.4,3.422262018415208e-5
2026-09-26,02,0,wk inc rsv prop ed visits,2026-09-26,quantile,0.45,4.036770164078317e-5
2026-09-26,02,0,wk inc rsv prop ed visits,2026-09-26,quantile,0.5,4.5369159563719326e-5
2026-09-26,02,0,wk inc rsv prop ed visits,2026-09-26,quantile,0.55,1.1406948912504072e-4
2026-09-26,02,0,wk inc rsv prop ed visits,2026-09-26,quantile,0.6,1.219667248647576e-4
2026-09-26,02,0,wk inc rsv prop ed visits,2026-09-26,quantile,0.65,1.2971569620090094e-4
2026-09-26,02,0,wk inc rsv prop ed visits,2026-09-26,quantile,0.7,1.378024222351348e-4
2026-09-26,02,0,wk inc rsv prop ed visits,2026-09-26,quantile,0.75,1.471922593430036e-4
2026-09-26,02,0,wk inc rsv prop ed visits,2026-09-26,quantile,0.8,1.5976198574114362e-4
2026-09-26,02,0,wk inc rsv prop ed visits,2026-09-26,quantile,0.85,2.3597126614458705e-4
2026-09-26,02,0,wk inc rsv prop ed visits,2026-09-26,quantile,0.9,2.596773454163861e-4
2026-09-26,02,0,wk inc rsv prop ed visits,2026-09-26,quantile,0.95,3.594761098041971e-4
2026-09-26,02,0,wk inc rsv prop ed visits,2026-09-26,quantile,0.975,4.721752116360413e-4
2026-09-26,02,0,wk inc rsv prop ed visits,2026-09-26,quantile,0.99,6.028683475642378e-4
2026-09-26,02,1,wk inc rsv prop ed visits,2026-10-03,quantile,0.01,0
2026-09-26,02,1,wk inc rsv prop ed visits,2026-10-03,quantile,0.025,0
2026-09-26,02,1,wk inc rsv prop ed visits,2026-10-03,quantile,0.05,2.71830998771944e-7
2026-09-26,02,1,wk inc rsv prop ed visits,2026-10-03,quantile,0.1,7.672619443403212e-6
2026-09-26,02,1,wk inc rsv prop ed visits,2026-10-03,quantile,0.15,1.3288493708776034e-5
2026-09-26,02,1,wk inc rsv prop ed visits,2026-10-03,quantile,0.2,1.9111255708015977e-5
2026-09-26,02,1,wk inc rsv prop ed visits,2026-10-03,quantile,0.25,2.4744767887251397e-5
2026-09-26,02,1,wk inc rsv prop ed visits,2026-10-03,quantile,0.3,3.0955157959125676e-5
2026-09-26,02,1,wk inc rsv prop ed visits,2026-10-03,quantile,0.35,3.622816475637051e-5
2026-09-26,02,1,wk inc rsv prop ed visits,2026-10-03,quantile,0.4,4.211456039823069e-5
2026-09-26,02,1,wk inc rsv prop ed visits,2026-10-03,quantile,0.45,4.831092353105011e-5
2026-09-26,02,1,wk inc rsv prop ed visits,2026-10-03,quantile,0.5,5.3239528494978015e-5
2026-09-26,02,1,wk inc rsv prop ed visits,2026-10-03,quantile,0.55,5.9441734066297726e-5
2026-09-26,02,1,wk inc rsv prop ed visits,2026-10-03,quantile,0.6,1.2987495612256777e-4
2026-09-26,02,1,wk inc rsv prop ed visits,2026-10-03,quantile,0.65,1.37630793708675e-4
2026-09-26,02,1,wk inc rsv prop ed visits,2026-10-03,quantile,0.7,1.478090186708923e-4
2026-09-26,02,1,wk inc rsv prop ed visits,2026-10-03,quantile,0.75,1.5868381231352361e-4
2026-09-26,02,1,wk inc rsv prop ed visits,2026-10-03,quantile,0.8,1.7371249680961002e-4
2026-09-26,02,1,wk inc rsv prop ed visits,2026-10-03,quantile,0.85,2.550000727221416e-4
2026-09-26,02,1,wk inc rsv prop ed visits,2026-10-03,quantile,0.9,2.832227492866393e-4
2026-09-26,02,1,wk inc rsv prop ed visits,2026-10-03,quantile,0.95,3.9417044189605816e-4
2026-09-26,02,1,wk inc rsv prop ed visits,2026-10-03,quantile,0.975,5.52010689612971e-4
2026-09-26,02,1,wk inc rsv prop ed visits,2026-10-03,quantile,0.99,7.657191101617432e-4
2026-09-26,02,2,wk inc rsv prop ed visits,2026-10-10,quantile,0.01,0
2026-09-26,02,2,wk inc rsv prop ed visits,2026-10-10,quantile,0.025,0
2026-09-26,02,2,wk inc rsv prop ed visits,2026-10-10,quantile,0.05,2.9185254483250083e-6
2026-09-26,02,2,wk inc rsv prop ed visits,2026-10-10,quantile,0.1,1.2266208870975506e-5
2026-09-26,02,2,wk inc rsv prop ed visits,2026-10-10,quantile,0.15,2.1070724852582318e-5
2026-09-26,02,2,wk inc rsv prop ed visits,2026-10-10,quantile,0.2,2.745646750249877e-5
2026-09-26,02,2,wk inc rsv prop ed visits,2026-10-10,quantile,0.25,3.3797169197683e-5
2026-09-26,02,2,wk inc rsv prop ed visits,2026-10-10,quantile,0.3,3.998637537982304e-5
2026-09-26,02,2,wk inc rsv prop ed visits,2026-10-10,quantile,0.35,4.59641722114875e-5
2026-09-26,02,2,wk inc rsv prop ed visits,2026-10-10,quantile,0.4,5.248212133906389e-5
2026-09-26,02,2,wk inc rsv prop ed visits,2026-10-10,quantile,0.45,5.861313209828457e-5
2026-09-26,02,2,wk inc rsv prop ed visits,2026-10-10,quantile,0.5,6.668705125994714e-5
2026-09-26,02,2,wk inc rsv prop ed visits,2026-10-10,quantile,0.55,7.509783236955185e-5
2026-09-26,02,2,wk inc rsv prop ed visits,2026-10-10,quantile,0.6,1.4454315911514463e-4
2026-09-26,02,2,wk inc rsv prop ed visits,2026-10-10,quantile,0.65,1.5448850879343676e-4
2026-09-26,02,2,wk inc rsv prop ed visits,2026-10-10,quantile,0.7,1.65851953071273e-4
2026-09-26,02,2,wk inc rsv prop ed visits,2026-10-10,quantile,0.75,1.8232422531600274e-4
2026-09-26,02,2,wk inc rsv prop ed visits,2026-10-10,quantile,0.8,2.1305193623067585e-4
2026-09-26,02,2,wk inc rsv prop ed visits,2026-10-10,quantile,0.85,2.8017560454768526e-4
2026-09-26,02,2,wk inc rsv prop ed visits,2026-10-10,quantile,0.9,3.7495131440576227e-4
2026-09-26,02,2,wk inc rsv prop ed visits,2026-10-10,quantile,0.95,5.522141919623556e-4
2026-09-26,02,2,wk inc rsv prop ed visits,2026-10-10,quantile,0.975,7.485794225084713e-4
2026-09-26,02,2,wk inc rsv prop ed visits,2026-10-10,quantile,0.99,0.0011125889099087272
2026-09-26,04,-1,wk inc rsv prop ed visits,2026-09-19,quantile,0.01,1.2689541859345504e-5
2026-09-26,04,-1,wk inc rsv prop ed visits,2026-09-19,quantile,0.025,2.3813294549068977e-5
2026-09-26,04,-1,wk inc rsv prop ed visits,2026-09-19,quantile,0.05,2.724392522051315e-5
2026-09-26,04,-1,wk inc rsv prop ed visits,2026-09-19,quantile,0.1,3.998036580241773e-5
2026-09-26,04,-1,wk inc rsv prop ed visits,2026-09-19,quantile,0.15,5.0248666619065074e-5
2026-09-26,04,-1,wk inc rsv prop ed visits,2026-09-19,quantile,0.2,5.37669691754326e-5
2026-09-26,04,-1,wk inc rsv prop ed visits,2026-09-19,quantile,0.25,5.674002594158055e-5
2026-09-26,04,-1,wk inc rsv prop ed visits,2026-09-19,quantile,0.3,6.694663928003127e-5
2026-09-26,04,-1,wk inc rsv prop ed visits,2026-09-19,quantile,0.35,6.97765425002245e-5
2026-09-26,04,-1,wk inc rsv prop ed visits,2026-09-19,quantile,0.4,7.314622333214551e-5
2026-09-26,04,-1,wk inc rsv prop ed visits,2026-09-19,quantile,0.45,8.367508563256854e-5
2026-09-26,04,-1,wk inc rsv prop ed visits,2026-09-19,quantile,0.5,8.652862337057784e-5
2026-09-26,04,-1,wk inc rsv prop ed visits,2026-09-19,quantile,0.55,9.0259138804313e-5
2026-09-26,04,-1,wk inc rsv prop ed visits,2026-09-19,quantile,0.6,1.000871810272846e-4
2026-09-26,04,-1,wk inc rsv prop ed visits,2026-09-19,quantile,0.65,1.0392358053648413e-4
2026-09-26,04,-1,wk inc rsv prop ed visits,2026-09-19,quantile,0.7,1.1512964225569416e-4
2026-09-26,04,-1,wk inc rsv prop ed visits,2026-09-19,quantile,0.75,1.197876960656716e-4
2026-09-26,04,-1,wk inc rsv prop ed visits,2026-09-19,quantile,0.8,1.3159073644537745e-4
2026-09-26,04,-1,wk inc rsv prop ed visits,2026-09-19,quantile,0.85,1.3860677511413438e-4
2026-09-26,04,-1,wk inc rsv prop ed visits,2026-09-19,quantile,0.9,1.5432595168838302e-4
2026-09-26,04,-1,wk inc rsv prop ed visits,2026-09-19,quantile,0.95,1.8466794833749356e-4
2026-09-26,04,-1,wk inc rsv prop ed visits,2026-09-19,quantile,0.975,2.1158304542688664e-4
2026-09-26,04,-1,wk inc rsv prop ed visits,2026-09-19,quantile,0.99,2.4242696723065398e-4
2026-09-26,04,0,wk inc rsv prop ed visits,2026-09-26,quantile,0.01,1.2070205498263433e-5
2026-09-26,04,0,wk inc rsv prop ed visits,2026-09-26,quantile,0.025,2.4132534113305306e-5
2026-09-26,04,0,wk inc rsv prop ed visits,2026-09-26,quantile,0.05,2.7732911756863034e-5
2026-09-26,04,0,wk inc rsv prop ed visits,2026-09-26,quantile,0.1,4.089341687123644e-5
2026-09-26,04,0,wk inc rsv prop ed visits,2026-09-26,quantile,0.15,4.4387254825287736e-5
2026-09-26,04,0,wk inc rsv prop ed visits,2026-09-26,quantile,0.2,5.5111805925936306e-5
2026-09-26,04,0,wk inc rsv prop ed visits,2026-09-26,quantile,0.25,5.832820342651938e-5
2026-09-26,04,0,wk inc rsv prop ed visits,2026-09-26,quantile,0.3,6.207340384568126e-5
2026-09-26,04,0,wk inc rsv prop ed visits,2026-09-26,quantile,0.35,7.220211650722758e-5
2026-09-26,04,0,wk inc rsv prop ed visits,2026-09-26,quantile,0.4,7.503254237651089e-5
2026-09-26,04,0,wk inc rsv prop ed visits,2026-09-26,quantile,0.45,8.501993996409528e-5
2026-09-26,04,0,wk inc rsv prop ed visits,2026-09-26,quantile,0.5,8.884433460364577e-5
2026-09-26,04,0,wk inc rsv prop ed visits,2026-09-26,quantile,0.55,9.318497228087493e-5
2026-09-26,04,0,wk inc rsv prop ed visits,2026-09-26,quantile,0.6,1.0363611344067043e-4
2026-09-26,04,0,wk inc rsv prop ed visits,2026-09-26,quantile,0.65,1.1372490861311709e-4
2026-09-26,04,0,wk inc rsv prop ed visits,2026-09-26,quantile,0.7,1.1973765761325791e-4
2026-09-26,04,0,wk inc rsv prop ed visits,2026-09-26,quantile,0.75,1.3169634356285164e-4
2026-09-26,04,0,wk inc rsv prop ed visits,2026-09-26,quantile,0.8,1.3911082164868536e-4
2026-09-26,04,0,wk inc rsv prop ed visits,2026-09-26,quantile,0.85,1.5522516015927667e-4
2026-09-26,04,0,wk inc rsv prop ed visits,2026-09-26,quantile,0.9,1.7894580443199664e-4
2026-09-26,04,0,wk inc rsv prop ed visits,2026-09-26,quantile,0.95,2.1266927618575652e-4
2026-09-26,04,0,wk inc rsv prop ed visits,2026-09-26,quantile,0.975,2.538889246204278e-4
2026-09-26,04,0,wk inc rsv prop ed visits,2026-09-26,quantile,0.99,2.948388479400535e-4
2026-09-26,04,1,wk inc rsv prop ed visits,2026-10-03,quantile,0.01,1.1933331297775926e-5
2026-09-26,04,1,wk inc rsv prop ed visits,2026-10-03,quantile,0.025,1.6653101115249733e-5
2026-09-26,04,1,wk inc rsv prop ed visits,2026-10-03,quantile,0.05,2.7951056784735646e-5
2026-09-26,04,1,wk inc rsv prop ed visits,2026-10-03,quantile,0.1,3.3196446528149144e-5
2026-09-26,04,1,wk inc rsv prop ed visits,2026-10-03,quantile,0.15,4.493309952048858e-5
2026-09-26,04,1,wk inc rsv prop ed visits,2026-10-03,quantile,0.2,4.921421822785718e-5
2026-09-26,04,1,wk inc rsv prop ed visits,2026-10-03,quantile,0.25,6.0563291516434916e-5
2026-09-26,04,1,wk inc rsv prop ed visits,2026-10-03,quantile,0.3,6.39201412359585e-5
2026-09-26,04,1,wk inc rsv prop ed visits,2026-10-03,quantile,0.35,7.454355034274015e-5
2026-09-26,04,1,wk inc rsv prop ed visits,2026-10-03,quantile,0.4,7.808196896944364e-5
2026-09-26,04,1,wk inc rsv prop ed visits,2026-10-03,quantile,0.45,8.831472442058809e-5
2026-09-26,04,1,wk inc rsv prop ed visits,2026-10-03,quantile,0.5,9.297186542279762e-5
2026-09-26,04,1,wk inc rsv prop ed visits,2026-10-03,quantile,0.55,1.0387987323356025e-4
2026-09-26,04,1,wk inc rsv prop ed visits,2026-10-03,quantile,0.6,1.0958922117602587e-4
2026-09-26,04,1,wk inc rsv prop ed visits,2026-10-03,quantile,0.65,1.2181125318516671e-4
2026-09-26,04,1,wk inc rsv prop ed visits,2026-10-03,quantile,0.7,1.3316466256279452e-4
2026-09-26,04,1,wk inc rsv prop ed visits,2026-10-03,quantile,0.75,1.4380516162268924e-4
2026-09-26,04,1,wk inc rsv prop ed visits,2026-10-03,quantile,0.8,1.6007208677588496e-4
2026-09-26,04,1,wk inc rsv prop ed visits,2026-10-03,quantile,0.85,1.810662331548643e-4
2026-09-26,04,1,wk inc rsv prop ed visits,2026-10-03,quantile,0.9,2.052129013714031e-4
2026-09-26,04,1,wk inc rsv prop ed visits,2026-10-03,quantile,0.95,2.527478245732444e-4
2026-09-26,04,1,wk inc rsv prop ed visits,2026-10-03,quantile,0.975,3.028304162072949e-4
2026-09-26,04,1,wk inc rsv prop ed visits,2026-10-03,quantile,0.99,3.792624401562477e-4
2026-09-26,04,2,wk inc rsv prop ed visits,2026-10-10,quantile,0.01,1.2895416056165519e-5
2026-09-26,04,2,wk inc rsv prop ed visits,2026-10-10,quantile,0.025,1.7077007316180545e-5
2026-09-26,04,2,wk inc rsv prop ed visits,2026-10-10,quantile,0.05,2.820522430379243e-5
2026-09-26,04,2,wk inc rsv prop ed visits,2026-10-10,quantile,0.1,3.380366767224498e-5
2026-09-26,04,2,wk inc rsv prop ed visits,2026-10-10,quantile,0.15,4.640196432715576e-5
2026-09-26,04,2,wk inc rsv prop ed visits,2026-10-10,quantile,0.2,5.0875414820473805e-5
2026-09-26,04,2,wk inc rsv prop ed visits,2026-10-10,quantile,0.25,6.224008100560678e-5
2026-09-26,04,2,wk inc rsv prop ed visits,2026-10-10,quantile,0.3,6.718147836174273e-5
2026-09-26,04,2,wk inc rsv prop ed visits,2026-10-10,quantile,0.35,7.189930850921175e-5
2026-09-26,04,2,wk inc rsv prop ed visits,2026-10-10,quantile,0.4,8.298807967935931e-5
2026-09-26,04,2,wk inc rsv prop ed visits,2026-10-10,quantile,0.45,8.740683629636447e-5
2026-09-26,04,2,wk inc rsv prop ed visits,2026-10-10,quantile,0.5,9.856761897272234e-5
2026-09-26,04,2,wk inc rsv prop ed visits,2026-10-10,quantile,0.55,1.0954167872001151e-4
2026-09-26,04,2,wk inc rsv prop ed visits,2026-10-10,quantile,0.6,1.1758517901249499e-4
2026-09-26,04,2,wk inc rsv prop ed visits,2026-10-10,quantile,0.65,1.3079016173583784e-4
2026-09-26,04,2,wk inc rsv prop ed visits,2026-10-10,quantile,0.7,1.4455271259337335e-4
2026-09-26,04,2,wk inc rsv prop ed visits,2026-10-10,quantile,0.75,1.608349088369856e-4
2026-09-26,04,2,wk inc rsv prop ed visits,2026-10-10,quantile,0.8,1.8237998927040565e-4
2026-09-26,04,2,wk inc rsv prop ed visits,2026-10-10,quantile,0.85,2.0971495059782946e-4
2026-09-26,04,2,wk inc rsv prop ed visits,2026-10-10,quantile,0.9,2.5803758642822566e-4
2026-09-26,04,2,wk inc rsv prop ed visits,2026-10-10,quantile,0.95,3.3654130768836533e-4
2026-09-26,04,2,wk inc rsv prop ed visits,2026-10-10,quantile,0.975,4.2139815102921373e-4
2026-09-26,04,2,wk inc rsv prop ed visits,2026-10-10,quantile,0.99,5.23456141572316e-4
2026-09-26,05,-1,wk inc rsv prop ed visits,2026-09-19,quantile,0.01,2.2295419285475137e-5
2026-09-26,05,-1,wk inc rsv prop ed visits,2026-09-19,quantile,0.025,3.517693176661956e-5
2026-09-26,05,-1,wk inc rsv prop ed visits,2026-09-19,quantile,0.05,4.9450825382857394e-5
2026-09-26,05,-1,wk inc rsv prop ed visits,2026-09-19,quantile,0.1,6.48152863861207e-5
2026-09-26,05,-1,wk inc rsv prop ed visits,2026-09-19,quantile,0.15,7.798136483509441e-5
2026-09-26,05,-1,wk inc rsv prop ed visits,2026-09-19,quantile,0.2,8.876000732169617e-5
2026-09-26,05,-1,wk inc rsv prop ed visits,2026-09-19,quantile,0.25,9.890739075537987e-5
2026-09-26,05,-1,wk inc rsv prop ed visits,2026-09-19,quantile,0.3,1.0966328046954537e-4
2026-09-26,05,-1,wk inc rsv prop ed visits,2026-09-19,quantile,0.35,1.1860187091741746e-4
2026-09-26,05,-1,wk inc rsv prop ed visits,2026-09-19,quantile,0.4,1.287379915818155e-4
2026-09-26,05,-1,wk inc rsv prop ed visits,2026-09-19,quantile,0.45,1.3940672759232614e-4
2026-09-26,05,-1,wk inc rsv prop ed visits,2026-09-19,quantile,0.5,1.4950591552899414e-4
2026-09-26,05,-1,wk inc rsv prop ed visits,2026-09-19,quantile,0.55,1.6071084734980393e-4
2026-09-26,05,-1,wk inc rsv prop ed visits,2026-09-19,quantile,0.6,1.7263074282662167e-4
2026-09-26,05,-1,wk inc rsv prop ed visits,2026-09-19,quantile,0.65,1.8735406122352005e-4
2026-09-26,05,-1,wk inc rsv prop ed visits,2026-09-19,quantile,0.7,2.0555901499888035e-4
2026-09-26,05,-1,wk inc rsv prop ed visits,2026-09-19,quantile,0.75,2.2602606143615428e-4
2026-09-26,05,-1,wk inc rsv prop ed visits,2026-09-19,quantile,0.8,2.4623335170185384e-4
2026-09-26,05,-1,wk inc rsv prop ed visits,2026-09-19,quantile,0.85,2.786641510549537e-4
2026-09-26,05,-1,wk inc rsv prop ed visits,2026-09-19,quantile,0.9,3.1619142155028996e-4
2026-09-26,05,-1,wk inc rsv prop ed visits,2026-09-19,quantile,0.95,3.945916646879591e-4
2026-09-26,05,-1,wk inc rsv prop ed visits,2026-09-19,quantile,0.975,4.5737670388935534e-4
2026-09-26,05,-1,wk inc rsv prop ed visits,2026-09-19,quantile,0.99,5.369464878909243e-4
2026-09-26,05,0,wk inc rsv prop ed visits,2026-09-26,quantile,0.01,3.020948040427439e-6
2026-09-26,05,0,wk inc rsv prop ed visits,2026-09-26,quantile,0.025,8.679936471985791e-6
2026-09-26,05,0,wk inc rsv prop ed visits,2026-09-26,quantile,0.05,4.0573032408253957e-5
2026-09-26,05,0,wk inc rsv prop ed visits,2026-09-26,quantile,0.1,5.182479727340987e-5
2026-09-26,05,0,wk inc rsv prop ed visits,2026-09-26,quantile,0.15,6.399455002950267e-5
2026-09-26,05,0,wk inc rsv prop ed visits,2026-09-26,quantile,0.2,9.175854172398509e-5
2026-09-26,05,0,wk inc rsv prop ed visits,2026-09-26,quantile,0.25,1.0093910912383283e-4
2026-09-26,05,0,wk inc rsv prop ed visits,2026-09-26,quantile,0.3,1.2354644393013206e-4
2026-09-26,05,0,wk inc rsv prop ed visits,2026-09-26,quantile,0.35,1.3742541776617695e-4
2026-09-26,05,0,wk inc rsv prop ed visits,2026-09-26,quantile,0.4,1.478138996028682e-4
2026-09-26,05,0,wk inc rsv prop ed visits,2026-09-26,quantile,0.45,1.6983353175796268e-4
2026-09-26,05,0,wk inc rsv prop ed visits,2026-09-26,quantile,0.5,1.8394788122791736e-4
2026-09-26,05,0,wk inc rsv prop ed visits,2026-09-26,quantile,0.55,1.9626452445829494e-4
2026-09-26,05,0,wk inc rsv prop ed visits,2026-09-26,quantile,0.6,2.1812754005494953e-4
2026-09-26,05,0,wk inc rsv prop ed visits,2026-09-26,quantile,0.65,2.3458011271241405e-4
2026-09-26,05,0,wk inc rsv prop ed visits,2026-09-26,quantile,0.7,2.580227982927711e-4
2026-09-26,05,0,wk inc rsv prop ed visits,2026-09-26,quantile,0.75,2.822712389931593e-4
2026-09-26,05,0,wk inc rsv prop ed visits,2026-09-26,quantile,0.8,3.1429013594805387e-4
2026-09-26,05,0,wk inc rsv prop ed visits,2026-09-26,quantile,0.85,3.617115556256321e-4
2026-09-26,05,0,wk inc rsv prop ed visits,2026-09-26,quantile,0.9,4.206283587491345e-4
2026-09-26,05,0,wk inc rsv prop ed visits,2026-09-26,quantile,0.95,5.394824938950932e-4
2026-09-26,05,0,wk inc rsv prop ed visits,2026-09-26,quantile,0.975,6.599230489326549e-4
2026-09-26,05,0,wk inc rsv prop ed visits,2026-09-26,quantile,0.99,8.2692737902324e-4
2026-09-26,05,1,wk inc rsv prop ed visits,2026-10-03,quantile,0.01,3.2573823342192634e-6
2026-09-26,05,1,wk inc rsv prop ed visits,2026-10-03,quantile,0.025,9.627677819328524e-6
2026-09-26,05,1,wk inc rsv prop ed visits,2026-10-03,quantile,0.05,1.7438771105764715e-5
2026-09-26,05,1,wk inc rsv prop ed visits,2026-10-03,quantile,0.1,5.653826105751285e-5
2026-09-26,05,1,wk inc rsv prop ed visits,2026-10-03,quantile,0.15,6.987683820941405e-5
2026-09-26,05,1,wk inc rsv prop ed visits,2026-10-03,quantile,0.2,9.64542261002598e-5
2026-09-26,05,1,wk inc rsv prop ed visits,2026-10-03,quantile,0.25,1.0848772661517288e-4
2026-09-26,05,1,wk inc rsv prop ed visits,2026-10-03,quantile,0.3,1.2877058397254995e-4
2026-09-26,05,1,wk inc rsv prop ed visits,2026-10-03,quantile,0.35,1.4555015289389247e-4
2026-09-26,05,1,wk inc rsv prop ed visits,2026-10-03,quantile,0.4,1.5992139329718322e-4
2026-09-26,05,1,wk inc rsv prop ed visits,2026-10-03,quantile,0.45,1.8351959158931092e-4
2026-09-26,05,1,wk inc rsv prop ed visits,2026-10-03,quantile,0.5,2.0191474362858832e-4
2026-09-26,05,1,wk inc rsv prop ed visits,2026-10-03,quantile,0.55,2.2515961174785363e-4
2026-09-26,05,1,wk inc rsv prop ed visits,2026-10-03,quantile,0.6,2.4899480229754036e-4
2026-09-26,05,1,wk inc rsv prop ed visits,2026-10-03,quantile,0.65,2.7360199833708807e-4
2026-09-26,05,1,wk inc rsv prop ed visits,2026-10-03,quantile,0.7,3.0601479397323624e-4
2026-09-26,05,1,wk inc rsv prop ed visits,2026-10-03,quantile,0.75,3.4603194269076855e-4
2026-09-26,05,1,wk inc rsv prop ed visits,2026-10-03,quantile,0.8,3.9659259219224216e-4
2026-09-26,05,1,wk inc rsv prop ed visits,2026-10-03,quantile,0.85,4.5392250293119836e-4
2026-09-26,05,1,wk inc rsv prop ed visits,2026-10-03,quantile,0.9,5.414083907881827e-4
2026-09-26,05,1,wk inc rsv prop ed visits,2026-10-03,quantile,0.95,6.877256657864613e-4
2026-09-26,05,1,wk inc rsv prop ed visits,2026-10-03,quantile,0.975,8.923378742543232e-4
2026-09-26,05,1,wk inc rsv prop ed visits,2026-10-03,quantile,0.99,0.0012337816750622986
2026-09-26,05,2,wk inc rsv prop ed visits,2026-10-10,quantile,0.01,2.863052683239655e-6
2026-09-26,05,2,wk inc rsv prop ed visits,2026-10-10,quantile,0.025,8.799296807043197e-6
2026-09-26,05,2,wk inc rsv prop ed visits,2026-10-10,quantile,0.05,1.6799562128190732e-5
2026-09-26,05,2,wk inc rsv prop ed visits,2026-10-10,quantile,0.1,5.557667936215902e-5
2026-09-26,05,2,wk inc rsv prop ed visits,2026-10-10,quantile,0.15,6.899154253815084e-5
2026-09-26,05,2,wk inc rsv prop ed visits,2026-10-10,quantile,0.2,1.0014595324770302e-4
2026-09-26,05,2,wk inc rsv prop ed visits,2026-10-10,quantile,0.25,1.1351507014069619e-4
2026-09-26,05,2,wk inc rsv prop ed visits,2026-10-10,quantile,0.3,1.3910501803173246e-4
2026-09-26,05,2,wk inc rsv prop ed visits,2026-10-10,quantile,0.35,1.5569341122624467e-4
2026-09-26,05,2,wk inc rsv prop ed visits,2026-10-10,quantile,0.4,0.00017478623966620986
2026-09-26,05,2,wk inc rsv prop ed visits,2026-10-10,quantile,0.45,1.9911020939511172e-4
2026-09-26,05,2,wk inc rsv prop ed visits,2026-10-10,quantile,0.5,2.1928714687260173e-4
2026-09-26,05,2,wk inc rsv prop ed visits,2026-10-10,quantile,0.55,2.4628431920260916e-4
2026-09-26,05,2,wk inc rsv prop ed visits,2026-10-10,quantile,0.6,2.724634206030484e-4
2026-09-26,05,2,wk inc rsv prop ed visits,2026-10-10,quantile,0.65,3.050623373782123e-4
2026-09-26,05,2,wk inc rsv prop ed visits,2026-10-10,quantile,0.7,3.472927044522139e-4
2026-09-26,05,2,wk inc rsv prop ed visits,2026-10-10,quantile,0.75,3.9505777785237765e-4
2026-09-26,05,2,wk inc rsv prop ed visits,2026-10-10,quantile,0.8,4.577998288405131e-4
2026-09-26,05,2,wk inc rsv prop ed visits,2026-10-10,quantile,0.85,5.402501886577917e-4
2026-09-26,05,2,wk inc rsv prop ed visits,2026-10-10,quantile,0.9,6.627666597154047e-4
2026-09-26,05,2,wk inc rsv prop ed visits,2026-10-10,quantile,0.95,9.196216687533197e-4
2026-09-26,05,2,wk inc rsv prop ed visits,2026-10-10,quantile,0.975,0.0012024619827598927
2026-09-26,05,2,wk inc rsv prop ed visits,2026-10-10,quantile,0.99,0.0018199944578779527
2026-09-26,06,-1,wk inc rsv prop ed visits,2026-09-19,quantile,0.01,1.1188518993502684e-4
2026-09-26,06,-1,wk inc rsv prop ed visits,2026-09-19,quantile,0.025,1.269256900789816e-4
2026-09-26,06,-1,wk inc rsv prop ed visits,2026-09-19,quantile,0.05,1.3933923886161724e-4
2026-09-26,06,-1,wk inc rsv prop ed visits,2026-09-19,quantile,0.1,1.5634338734475927e-4
2026-09-26,06,-1,wk inc rsv prop ed visits,2026-09-19,quantile,0.15,1.702441910374929e-4
2026-09-26,06,-1,wk inc rsv prop ed visits,2026-09-19,quantile,0.2,1.8177984238942297e-4
2026-09-26,06,-1,wk inc rsv prop ed visits,2026-09-19,quantile,0.25,1.9101083920367978e-4
2026-09-26,06,-1,wk inc rsv prop ed visits,2026-09-19,quantile,0.3,1.9929183336283226e-4
2026-09-26,06,-1,wk inc rsv prop ed visits,2026-09-19,quantile,0.35,2.089372598801293e-4
2026-09-26,06,-1,wk inc rsv prop ed visits,2026-09-19,quantile,0.4,2.1726727960843324e-4
2026-09-26,06,-1,wk inc rsv prop ed visits,2026-09-19,quantile,0.45,2.2514342541691125e-4
2026-09-26,06,-1,wk inc rsv prop ed visits,2026-09-19,quantile,0.5,2.325445445255059e-4
2026-09-26,06,-1,wk inc rsv prop ed visits,2026-09-19,quantile,0.55,2.4174245172110136e-4
2026-09-26,06,-1,wk inc rsv prop ed visits,2026-09-19,quantile,0.6,2.515496170269939e-4
2026-09-26,06,-1,wk inc rsv prop ed visits,2026-09-19,quantile,0.65,2.6186378721573973e-4
2026-09-26,06,-1,wk inc rsv prop ed visits,2026-09-19,quantile,0.7,2.717294171216731e-4
2026-09-26,06,-1,wk inc rsv prop ed visits,2026-09-19,quantile,0.75,2.83121999515102e-4
2026-09-26,06,-1,wk inc rsv prop ed visits,2026-09-19,quantile,0.8,2.955561195627088e-4
2026-09-26,06,-1,wk inc rsv prop ed visits,2026-09-19,quantile,0.85,3.1249718054169006e-4
2026-09-26,06,-1,wk inc rsv prop ed visits,2026-09-19,quantile,0.9,3.3635736466422565e-4
2026-09-26,06,-1,wk inc rsv prop ed visits,2026-09-19,quantile,0.95,3.702507524752799e-4
2026-09-26,06,-1,wk inc rsv prop ed visits,2026-09-19,quantile,0.975,4.029725743886842e-4
2026-09-26,06,-1,wk inc rsv prop ed visits,2026-09-19,quantile,0.99,4.531548893281934e-4
2026-09-26,06,0,wk inc rsv prop ed visits,2026-09-26,quantile,0.01,1.0991539237054855e-4
2026-09-26,06,0,wk inc rsv prop ed visits,2026-09-26,quantile,0.025,1.2493549316795838e-4
2026-09-26,06,0,wk inc rsv prop ed visits,2026-09-26,quantile,0.05,1.3982948605075794e-4
2026-09-26,06,0,wk inc rsv prop ed visits,2026-09-26,quantile,0.1,1.606842708815159e-4
2026-09-26,06,0,wk inc rsv prop ed visits,2026-09-26,quantile,0.15,1.7742510569674442e-4
2026-09-26,06,0,wk inc rsv prop ed visits,2026-09-26,quantile,0.2,1.9137014565399175e-4
2026-09-26,06,0,wk inc rsv prop ed visits,2026-09-26,quantile,0.25,2.049694925678202e-4
2026-09-26,06,0,wk inc rsv prop ed visits,2026-09-26,quantile,0.3,2.1580631397619197e-4
2026-09-26,06,0,wk inc rsv prop ed visits,2026-09-26,quantile,0.35,2.2699391133688713e-4
2026-09-26,06,0,wk inc rsv prop ed visits,2026-09-26,quantile,0.4,2.3920972984132994e-4
2026-09-26,06,0,wk inc rsv prop ed visits,2026-09-26,quantile,0.45,2.5051471359774336e-4
2026-09-26,06,0,wk inc rsv prop ed visits,2026-09-26,quantile,0.5,2.607676667266726e-4
2026-09-26,06,0,wk inc rsv prop ed visits,2026-09-26,quantile,0.55,2.709003460155437e-4
2026-09-26,06,0,wk inc rsv prop ed visits,2026-09-26,quantile,0.6,2.82322814145529e-4
2026-09-26,06,0,wk inc rsv prop ed visits,2026-09-26,quantile,0.65,2.96478558863472e-4
2026-09-26,06,0,wk inc rsv prop ed visits,2026-09-26,quantile,0.7,3.105980310520979e-4
2026-09-26,06,0,wk inc rsv prop ed visits,2026-09-26,quantile,0.75,3.2585377367735425e-4
2026-09-26,06,0,wk inc rsv prop ed visits,2026-09-26,quantile,0.8,3.4770301034160424e-4
2026-09-26,06,0,wk inc rsv prop ed visits,2026-09-26,quantile,0.85,3.6957985114879525e-4
2026-09-26,06,0,wk inc rsv prop ed visits,2026-09-26,quantile,0.9,4.0320016905654897e-4
2026-09-26,06,0,wk inc rsv prop ed visits,2026-09-26,quantile,0.95,4.5506224123559454e-4
2026-09-26,06,0,wk inc rsv prop ed visits,2026-09-26,quantile,0.975,5.008586268619043e-4
2026-09-26,06,0,wk inc rsv prop ed visits,2026-09-26,quantile,0.99,5.62393258810062e-4
2026-09-26,06,1,wk inc rsv prop ed visits,2026-10-03,quantile,0.01,1.0088403539261593e-4
2026-09-26,06,1,wk inc rsv prop ed visits,2026-10-03,quantile,0.025,1.230399668248062e-4
2026-09-26,06,1,wk inc rsv prop ed visits,2026-10-03,quantile,0.05,1.4288327109339234e-4
2026-09-26,06,1,wk inc rsv prop ed visits,2026-10-03,quantile,0.1,1.6717178483086423e-4
2026-09-26,06,1,wk inc rsv prop ed visits,2026-10-03,quantile,0.15,1.837373530850293e-4
2026-09-26,06,1,wk inc rsv prop ed visits,2026-10-03,quantile,0.2,2.036720628195935e-4
2026-09-26,06,1,wk inc rsv prop ed visits,2026-10-03,quantile,0.25,2.181844473059971e-4
2026-09-26,06,1,wk inc rsv prop ed visits,2026-10-03,quantile,0.3,2.3167959946661205e-4
2026-09-26,06,1,wk inc rsv prop ed visits,2026-10-03,quantile,0.35,2.465596701309695e-4
2026-09-26,06,1,wk inc rsv prop ed visits,2026-10-03,quantile,0.4,2.601040812697015e-4
2026-09-26,06,1,wk inc rsv prop ed visits,2026-10-03,quantile,0.45,2.7364912259661124e-4
2026-09-26,06,1,wk inc rsv prop ed visits,2026-10-03,quantile,0.5,2.888756710243697e-4
2026-09-26,06,1,wk inc rsv prop ed visits,2026-10-03,quantile,0.55,3.0354175753684364e-4
2026-09-26,06,1,wk inc rsv prop ed visits,2026-10-03,quantile,0.6,3.205815787553854e-4
2026-09-26,06,1,wk inc rsv prop ed visits,2026-10-03,quantile,0.65,3.389459491112125e-4
2026-09-26,06,1,wk inc rsv prop ed visits,2026-10-03,quantile,0.7,3.599542899547694e-4
2026-09-26,06,1,wk inc rsv prop ed visits,2026-10-03,quantile,0.75,3.8178496064213564e-4
2026-09-26,06,1,wk inc rsv prop ed visits,2026-10-03,quantile,0.8,4.095185548045442e-4
2026-09-26,06,1,wk inc rsv prop ed visits,2026-10-03,quantile,0.85,4.455919234202363e-4
2026-09-26,06,1,wk inc rsv prop ed visits,2026-10-03,quantile,0.9,4.965368211182554e-4
2026-09-26,06,1,wk inc rsv prop ed visits,2026-10-03,quantile,0.95,5.927211866607123e-4
2026-09-26,06,1,wk inc rsv prop ed visits,2026-10-03,quantile,0.975,6.778695753269034e-4
2026-09-26,06,1,wk inc rsv prop ed visits,2026-10-03,quantile,0.99,8.158919309709039e-4
2026-09-26,06,2,wk inc rsv prop ed visits,2026-10-10,quantile,0.01,9.71710305161251e-5
2026-09-26,06,2,wk inc rsv prop ed visits,2026-10-10,quantile,0.025,1.1468000936329031e-4
2026-09-26,06,2,wk inc rsv prop ed visits,2026-10-10,quantile,0.05,1.373657086894052e-4
2026-09-26,06,2,wk inc rsv prop ed visits,2026-10-10,quantile,0.1,1.6314377291741568e-4
2026-09-26,06,2,wk inc rsv prop ed visits,2026-10-10,quantile,0.15,1.8752662371780893e-4
2026-09-26,06,2,wk inc rsv prop ed visits,2026-10-10,quantile,0.2,2.0555289252384984e-4
2026-09-26,06,2,wk inc rsv prop ed visits,2026-10-10,quantile,0.25,2.2148708929484732e-4
2026-09-26,06,2,wk inc rsv prop ed visits,2026-10-10,quantile,0.3,2.404248311043138e-4
2026-09-26,06,2,wk inc rsv prop ed visits,2026-10-10,quantile,0.35,2.6009609975087273e-4
2026-09-26,06,2,wk inc rsv prop ed visits,2026-10-10,quantile,0.4,2.7829916945497677e-4
2026-09-26,06,2,wk inc rsv prop ed visits,2026-10-10,quantile,0.45,2.993143427052513e-4
2026-09-26,06,2,wk inc rsv prop ed visits,2026-10-10,quantile,0.5,3.1810442506554693e-4
2026-09-26,06,2,wk inc rsv prop ed visits,2026-10-10,quantile,0.55,3.382494527446998e-4
2026-09-26,06,2,wk inc rsv prop ed visits,2026-10-10,quantile,0.6,3.638575493672625e-4
2026-09-26,06,2,wk inc rsv prop ed visits,2026-10-10,quantile,0.65,3.9009434350810397e-4
2026-09-26,06,2,wk inc rsv prop ed visits,2026-10-10,quantile,0.7,4.2148349885368227e-4
2026-09-26,06,2,wk inc rsv prop ed visits,2026-10-10,quantile,0.75,4.5668898754689855e-4
2026-09-26,06,2,wk inc rsv prop ed visits,2026-10-10,quantile,0.8,5.04490175990438e-4
2026-09-26,06,2,wk inc rsv prop ed visits,2026-10-10,quantile,0.85,5.572840997250524e-4
2026-09-26,06,2,wk inc rsv prop ed visits,2026-10-10,quantile,0.9,6.402982570799527e-4
2026-09-26,06,2,wk inc rsv prop ed visits,2026-10-10,quantile,0.95,7.97253774450078e-4
2026-09-26,06,2,wk inc rsv prop ed visits,2026-10-10,quantile,0.975,9.448100546289905e-4
2026-09-26,06,2,wk inc rsv prop ed visits,2026-10-10,quantile,0.99,0.0012205012200813907
2026-09-26,08,-1,wk inc rsv prop ed visits,2026-09-19,quantile,0.01,9.358401672919836e-6
2026-09-26,08,-1,wk inc rsv prop ed visits,2026-09-19,quantile,0.025,1.246989782538067e-5
2026-09-26,08,-1,wk inc rsv prop ed visits,2026-09-19,quantile,0.05,1.528679841103567e-5
2026-09-26,08,-1,wk inc rsv prop ed visits,2026-09-19,quantile,0.1,2.1037871442035407e-5
2026-09-26,08,-1,wk inc rsv prop ed visits,2026-09-19,quantile,0.15,2.460786688548906e-5
2026-09-26,08,-1,wk inc rsv prop ed visits,2026-09-19,quantile,0.2,3.9401210144021987e-5
2026-09-26,08,-1,wk inc rsv prop ed visits,2026-09-19,quantile,0.25,4.227115884973258e-5
2026-09-26,08,-1,wk inc rsv prop ed visits,2026-09-19,quantile,0.3,4.545335766615498e-5
2026-09-26,08,-1,wk inc rsv prop ed visits,2026-09-19,quantile,0.35,4.8912357126056736e-5
2026-09-26,08,-1,wk inc rsv prop ed visits,2026-09-19,quantile,0.4,5.2251338103742166e-5
2026-09-26,08,-1,wk inc rsv prop ed visits,2026-09-19,quantile,0.45,6.667993809444128e-5
2026-09-26,08,-1,wk inc rsv prop ed visits,2026-09-19,quantile,0.5,6.988839950314997e-5
2026-09-26,08,-1,wk inc rsv prop ed visits,2026-09-19,quantile,0.55,7.32451695411562e-5
2026-09-26,08,-1,wk inc rsv prop ed visits,2026-09-19,quantile,0.6,7.73636966385401e-5
2026-09-26,08,-1,wk inc rsv prop ed visits,2026-09-19,quantile,0.65,9.121251908248196e-5
2026-09-26,08,-1,wk inc rsv prop ed visits,2026-09-19,quantile,0.7,9.611075887483024e-5
2026-09-26,08,-1,wk inc rsv prop ed visits,2026-09-19,quantile,0.75,1.0230969053829988e-4
2026-09-26,08,-1,wk inc rsv prop ed visits,2026-09-19,quantile,0.8,1.1848566756624112e-4
2026-09-26,08,-1,wk inc rsv prop ed visits,2026-09-19,quantile,0.85,1.2968060213026965e-4
2026-09-26,08,-1,wk inc rsv prop ed visits,2026-09-19,quantile,0.9,1.5231431695045874e-4
2026-09-26,08,-1,wk inc rsv prop ed visits,2026-09-19,quantile,0.95,1.8395101139234536e-4
2026-09-26,08,-1,wk inc rsv prop ed visits,2026-09-19,quantile,0.975,2.16822077405075e-4
2026-09-26,08,-1,wk inc rsv prop ed visits,2026-09-19,quantile,0.99,2.606439817019748e-4
2026-09-26,08,0,wk inc rsv prop ed visits,2026-09-26,quantile,0.01,1.1131384998797281e-5
2026-09-26,08,0,wk inc rsv prop ed visits,2026-09-26,quantile,0.025,1.4433469342148393e-5
2026-09-26,08,0,wk inc rsv prop ed visits,2026-09-26,quantile,0.05,1.8872184690395513e-5
2026-09-26,08,0,wk inc rsv prop ed visits,2026-09-26,quantile,0.1,2.460095960369851e-5
2026-09-26,08,0,wk inc rsv prop ed visits,2026-09-26,quantile,0.15,2.9246284734952434e-5
2026-09-26,08,0,wk inc rsv prop ed visits,2026-09-26,quantile,0.2,4.4175970630805205e-5
2026-09-26,08,0,wk inc rsv prop ed visits,2026-09-26,quantile,0.25,4.7987763795216656e-5
2026-09-26,08,0,wk inc rsv prop ed visits,2026-09-26,quantile,0.3,5.235176456995533e-5
2026-09-26,08,0,wk inc rsv prop ed visits,2026-09-26,quantile,0.35,5.5860914314227706e-5
2026-09-26,08,0,wk inc rsv prop ed visits,2026-09-26,quantile,0.4,5.979012115614085e-5
2026-09-26,08,0,wk inc rsv prop ed visits,2026-09-26,quantile,0.45,7.44751492082872e-5
2026-09-26,08,0,wk inc rsv prop ed visits,2026-09-26,quantile,0.5,7.84205534113272e-5
2026-09-26,08,0,wk inc rsv prop ed visits,2026-09-26,quantile,0.55,8.321544002831708e-5
2026-09-26,08,0,wk inc rsv prop ed visits,2026-09-26,quantile,0.6,8.816599344380676e-5
2026-09-26,08,0,wk inc rsv prop ed visits,2026-09-26,quantile,0.65,1.0289250204603164e-4
2026-09-26,08,0,wk inc rsv prop ed visits,2026-09-26,quantile,0.7,1.0965082893364455e-4
2026-09-26,08,0,wk inc rsv prop ed visits,2026-09-26,quantile,0.75,1.1775373518757981e-4
2026-09-26,08,0,wk inc rsv prop ed visits,2026-09-26,quantile,0.8,1.3694792366859558e-4
2026-09-26,08,0,wk inc rsv prop ed visits,2026-09-26,quantile,0.85,1.567464116573994e-4
2026-09-26,08,0,wk inc rsv prop ed visits,2026-09-26,quantile,0.9,1.8491473920582876e-4
2026-09-26,08,0,wk inc rsv prop ed visits,2026-09-26,quantile,0.95,2.2372298727082047e-4
2026-09-26,08,0,wk inc rsv prop ed visits,2026-09-26,quantile,0.975,2.62422058211829e-4
2026-09-26,08,0,wk inc rsv prop ed visits,2026-09-26,quantile,0.99,3.152700262430694e-4
2026-09-26,08,1,wk inc rsv prop ed visits,2026-10-03,quantile,0.01,1.2772798965791864e-5
2026-09-26,08,1,wk inc rsv prop ed visits,2026-10-03,quantile,0.025,1.6391426367460546e-5
2026-09-26,08,1,wk inc rsv prop ed visits,2026-10-03,quantile,0.05,2.11120882394909e-5
2026-09-26,08,1,wk inc rsv prop ed visits,2026-10-03,quantile,0.1,2.8146167115073774e-5
2026-09-26,08,1,wk inc rsv prop ed visits,2026-10-03,quantile,0.15,3.339649873083589e-5
2026-09-26,08,1,wk inc rsv prop ed visits,2026-10-03,quantile,0.2,4.843867049417239e-5
2026-09-26,08,1,wk inc rsv prop ed visits,2026-10-03,quantile,0.25,5.429513370198999e-5
2026-09-26,08,1,wk inc rsv prop ed visits,2026-10-03,quantile,0.3,5.876246491948942e-5
2026-09-26,08,1,wk inc rsv prop ed visits,2026-10-03,quantile,0.35,6.312806268866374e-5
2026-09-26,08,1,wk inc rsv prop ed visits,2026-10-03,quantile,0.4,6.885169353593595e-5
2026-09-26,08,1,wk inc rsv prop ed visits,2026-10-03,quantile,0.45,8.479618994884942e-5
2026-09-26,08,1,wk inc rsv prop ed visits,2026-10-03,quantile,0.5,9.007899060490865e-5
2026-09-26,08,1,wk inc rsv prop ed visits,2026-10-03,quantile,0.55,9.650303941079506e-5
2026-09-26,08,1,wk inc rsv prop ed visits,2026-10-03,quantile,0.6,1.1162084391035573e-4
2026-09-26,08,1,wk inc rsv prop ed visits,2026-10-03,quantile,0.65,1.1812239385129686e-4
2026-09-26,08,1,wk inc rsv prop ed visits,2026-10-03,quantile,0.7,1.272262483602514e-4
2026-09-26,08,1,wk inc rsv prop ed visits,2026-10-03,quantile,0.75,1.4538199731028368e-4
2026-09-26,08,1,wk inc rsv prop ed visits,2026-10-03,quantile,0.8,1.654806801685074e-4
2026-09-26,08,1,wk inc rsv prop ed visits,2026-10-03,quantile,0.85,1.9152009235893044e-4
2026-09-26,08,1,wk inc rsv prop ed visits,2026-10-03,quantile,0.9,2.2439202504120057e-4
2026-09-26,08,1,wk inc rsv prop ed visits,2026-10-03,quantile,0.95,2.906219869166217e-4
2026-09-26,08,1,wk inc rsv prop ed visits,2026-10-03,quantile,0.975,3.506930157343277e-4
2026-09-26,08,1,wk inc rsv prop ed visits,2026-10-03,quantile,0.99,4.477984411247475e-4
2026-09-26,08,2,wk inc rsv prop ed visits,2026-10-10,quantile,0.01,1.296558667588145e-5
2026-09-26,08,2,wk inc rsv prop ed visits,2026-10-10,quantile,0.025,1.6884766257303322e-5
2026-09-26,08,2,wk inc rsv prop ed visits,2026-10-10,quantile,0.05,2.1717869229116255e-5
2026-09-26,08,2,wk inc rsv prop ed visits,2026-10-10,quantile,0.1,2.9880474802365287e-5
2026-09-26,08,2,wk inc rsv prop ed visits,2026-10-10,quantile,0.15,3.637856444732629e-5
2026-09-26,08,2,wk inc rsv prop ed visits,2026-10-10,quantile,0.2,4.053381596440687e-5
2026-09-26,08,2,wk inc rsv prop ed visits,2026-10-10,quantile,0.25,5.6705936079387974e-5
2026-09-26,08,2,wk inc rsv prop ed visits,2026-10-10,quantile,0.3,6.209283278170816e-5
2026-09-26,08,2,wk inc rsv prop ed visits,2026-10-10,quantile,0.35,6.657113646487468e-5
2026-09-26,08,2,wk inc rsv prop ed visits,2026-10-10,quantile,0.4,7.226701342643724e-5
2026-09-26,08,2,wk inc rsv prop ed visits,2026-10-10,quantile,0.45,8.784023523009179e-5
2026-09-26,08,2,wk inc rsv prop ed visits,2026-10-10,quantile,0.5,9.40026450532309e-5
2026-09-26,08,2,wk inc rsv prop ed visits,2026-10-10,quantile,0.55,1.0104812411501854e-4
2026-09-26,08,2,wk inc rsv prop ed visits,2026-10-10,quantile,0.6,1.1700183775396375e-4
2026-09-26,08,2,wk inc rsv prop ed visits,2026-10-10,quantile,0.65,1.2627278670078245e-4
2026-09-26,08,2,wk inc rsv prop ed visits,2026-10-10,quantile,0.7,1.4632613734131574e-4
2026-09-26,08,2,wk inc rsv prop ed visits,2026-10-10,quantile,0.75,1.6434476268433206e-4
2026-09-26,08,2,wk inc rsv prop ed visits,2026-10-10,quantile,0.8,1.8720161000467637e-4
2026-09-26,08,2,wk inc rsv prop ed visits,2026-10-10,quantile,0.85,2.223356673483911e-4
2026-09-26,08,2,wk inc rsv prop ed visits,2026-10-10,quantile,0.9,2.725627331345451e-4
2026-09-26,08,2,wk inc rsv prop ed visits,2026-10-10,quantile,0.95,3.8221955396824394e-4
2026-09-26,08,2,wk inc rsv prop ed visits,2026-10-10,quantile,0.975,5.06822667060685e-4
2026-09-26,08,2,wk inc rsv prop ed visits,2026-10-10,quantile,0.99,6.716330982211542e-4
2026-09-26,10,-1,wk inc rsv prop ed visits,2026-09-19,quantile,0.01,4.2386118429018046e-6
2026-09-26,10,-1,wk inc rsv prop ed visits,2026-09-19,quantile,0.025,1.4913982744741953e-5
2026-09-26,10,-1,wk inc rsv prop ed visits,2026-09-19,quantile,0.05,2.3743373380910472e-5
2026-09-26,10,-1,wk inc rsv prop ed visits,2026-09-19,quantile,0.1,3.875716666701554e-5
2026-09-26,10,-1,wk inc rsv prop ed visits,2026-09-19,quantile,0.15,4.968395281822498e-5
2026-09-26,10,-1,wk inc rsv prop ed visits,2026-09-19,quantile,0.2,6.060491712079765e-5
2026-09-26,10,-1,wk inc rsv prop ed visits,2026-09-19,quantile,0.25,7.064645956872277e-5
2026-09-26,10,-1,wk inc rsv prop ed visits,2026-09-19,quantile,0.3,8.01946951182818e-5
2026-09-26,10,-1,wk inc rsv prop ed visits,2026-09-19,quantile,0.35,9.07165923369029e-5
2026-09-26,10,-1,wk inc rsv prop ed visits,2026-09-19,quantile,0.4,9.976911465605083e-5
2026-09-26,10,-1,wk inc rsv prop ed visits,2026-09-19,quantile,0.45,1.1013173824683883e-4
2026-09-26,10,-1,wk inc rsv prop ed visits,2026-09-19,quantile,0.5,1.1936822951402968e-4
2026-09-26,10,-1,wk inc rsv prop ed visits,2026-09-19,quantile,0.55,1.2991269484141093e-4
2026-09-26,10,-1,wk inc rsv prop ed visits,2026-09-19,quantile,0.6,1.4265315390835973e-4
2026-09-26,10,-1,wk inc rsv prop ed visits,2026-09-19,quantile,0.65,1.5808665574752328e-4
2026-09-26,10,-1,wk inc rsv prop ed visits,2026-09-19,quantile,0.7,1.7614460107664778e-4
2026-09-26,10,-1,wk inc rsv prop ed visits,2026-09-19,quantile,0.75,2.0002118445995137e-4
2026-09-26,10,-1,wk inc rsv prop ed visits,2026-09-19,quantile,0.8,2.2478362934307371e-4
2026-09-26,10,-1,wk inc rsv prop ed visits,2026-09-19,quantile,0.85,2.513963666378861e-4
2026-09-26,10,-1,wk inc rsv prop ed visits,2026-09-19,quantile,0.9,2.955765088724312e-4
2026-09-26,10,-1,wk inc rsv prop ed visits,2026-09-19,quantile,0.95,3.628656457877012e-4
2026-09-26,10,-1,wk inc rsv prop ed visits,2026-09-19,quantile,0.975,4.227254763793703e-4
2026-09-26,10,-1,wk inc rsv prop ed visits,2026-09-19,quantile,0.99,5.084854698056358e-4
2026-09-26,10,0,wk inc rsv prop ed visits,2026-09-26,quantile,0.01,3.7148210295801836e-6
2026-09-26,10,0,wk inc rsv prop ed visits,2026-09-26,quantile,0.025,5.129628478444789e-5
2026-09-26,10,0,wk inc rsv prop ed visits,2026-09-26,quantile,0.05,5.772917156071185e-5
2026-09-26,10,0,wk inc rsv prop ed visits,2026-09-26,quantile,0.1,1.0813325175064605e-4
2026-09-26,10,0,wk inc rsv prop ed visits,2026-09-26,quantile,0.15,1.1513269945285543e-4
2026-09-26,10,0,wk inc rsv prop ed visits,2026-09-26,quantile,0.2,1.6139277215669406e-4
2026-09-26,10,0,wk inc rsv prop ed visits,2026-09-26,quantile,0.25,1.6949536178257875e-4
2026-09-26,10,0,wk inc rsv prop ed visits,2026-09-26,quantile,0.3,1.7657053094545305e-4
2026-09-26,10,0,wk inc rsv prop ed visits,2026-09-26,quantile,0.35,2.2153512671491734e-4
2026-09-26,10,0,wk inc rsv prop ed visits,2026-09-26,quantile,0.4,2.288065446253946e-4
2026-09-26,10,0,wk inc rsv prop ed visits,2026-09-26,quantile,0.45,2.730641865085939e-4
2026-09-26,10,0,wk inc rsv prop ed visits,2026-09-26,quantile,0.5,2.829833388773705e-4
2026-09-26,10,0,wk inc rsv prop ed visits,2026-09-26,quantile,0.55,2.9343741899501166e-4
2026-09-26,10,0,wk inc rsv prop ed visits,2026-09-26,quantile,0.6,3.3970589438706597e-4
2026-09-26,10,0,wk inc rsv prop ed visits,2026-09-26,quantile,0.65,3.848434840153244e-4
2026-09-26,10,0,wk inc rsv prop ed visits,2026-09-26,quantile,0.7,4.0175832826525287e-4
2026-09-26,10,0,wk inc rsv prop ed visits,2026-09-26,quantile,0.75,4.516015507827199e-4
2026-09-26,10,0,wk inc rsv prop ed visits,2026-09-26,quantile,0.8,5.007451027795241e-4
2026-09-26,10,0,wk inc rsv prop ed visits,2026-09-26,quantile,0.85,5.588981791011203e-4
2026-09-26,10,0,wk inc rsv prop ed visits,2026-09-26,quantile,0.9,6.366488272824021e-4
2026-09-26,10,0,wk inc rsv prop ed visits,2026-09-26,quantile,0.95,7.729370475486872e-4
2026-09-26,10,0,wk inc rsv prop ed visits,2026-09-26,quantile,0.975,9.262238287444908e-4
2026-09-26,10,0,wk inc rsv prop ed visits,2026-09-26,quantile,0.99,0.001135458876171905
2026-09-26,10,1,wk inc rsv prop ed visits,2026-10-03,quantile,0.01,6.728354226433972e-6
2026-09-26,10,1,wk inc rsv prop ed visits,2026-10-03,quantile,0.025,5.4877769164027897e-5
2026-09-26,10,1,wk inc rsv prop ed visits,2026-10-03,quantile,0.05,6.315052189313795e-5
2026-09-26,10,1,wk inc rsv prop ed visits,2026-10-03,quantile,0.1,1.1428488893470803e-4
2026-09-26,10,1,wk inc rsv prop ed visits,2026-10-03,quantile,0.15,1.6154610140234753e-4
2026-09-26,10,1,wk inc rsv prop ed visits,2026-10-03,quantile,0.2,1.72801087710264e-4
2026-09-26,10,1,wk inc rsv prop ed visits,2026-10-03,quantile,0.25,2.193447285349226e-4
2026-09-26,10,1,wk inc rsv prop ed visits,2026-10-03,quantile,0.3,2.3009175617841522e-4
2026-09-26,10,1,wk inc rsv prop ed visits,2026-10-03,quantile,0.35,2.762481099135199e-4
2026-09-26,10,1,wk inc rsv prop ed visits,2026-10-03,quantile,0.4,2.87646264705458e-4
2026-09-26,10,1,wk inc rsv prop ed visits,2026-10-03,quantile,0.45,3.307276824859578e-4
2026-09-26,10,1,wk inc rsv prop ed visits,2026-10-03,quantile,0.5,3.453556098703523e-4
2026-09-26,10,1,wk inc rsv prop ed visits,2026-10-03,quantile,0.55,3.9260702145086604e-4
2026-09-26,10,1,wk inc rsv prop ed visits,2026-10-03,quantile,0.6,4.403632026907082e-4
2026-09-26,10,1,wk inc rsv prop ed visits,2026-10-03,quantile,0.65,4.937379138237997e-4
2026-09-26,10,1,wk inc rsv prop ed visits,2026-10-03,quantile,0.7,5.487182339920086e-4
2026-09-26,10,1,wk inc rsv prop ed visits,2026-10-03,quantile,0.75,6.051762644388693e-4
2026-09-26,10,1,wk inc rsv prop ed visits,2026-10-03,quantile,0.8,6.704703764313323e-4
2026-09-26,10,1,wk inc rsv prop ed visits,2026-10-03,quantile,0.85,7.766216045126204e-4
2026-09-26,10,1,wk inc rsv prop ed visits,2026-10-03,quantile,0.9,9.159284865375542e-4
2026-09-26,10,1,wk inc rsv prop ed visits,2026-10-03,quantile,0.95,0.0011538758896926715
2026-09-26,10,1,wk inc rsv prop ed visits,2026-10-03,quantile,0.975,0.001430465297537067
2026-09-26,10,1,wk inc rsv prop ed visits,2026-10-03,quantile,0.99,0.0019283150916187502
2026-09-26,10,2,wk inc rsv prop ed visits,2026-10-10,quantile,0.01,1.2320980640846391e-5
2026-09-26,10,2,wk inc rsv prop ed visits,2026-10-10,quantile,0.025,1.876051818545302e-5
2026-09-26,10,2,wk inc rsv prop ed visits,2026-10-10,quantile,0.05,6.941184221091268e-5
2026-09-26,10,2,wk inc rsv prop ed visits,2026-10-10,quantile,0.1,1.2392411535245553e-4
2026-09-26,10,2,wk inc rsv prop ed visits,2026-10-10,quantile,0.15,1.7426748352451467e-4
2026-09-26,10,2,wk inc rsv prop ed visits,2026-10-10,quantile,0.2,2.2023331408793455e-4
2026-09-26,10,2,wk inc rsv prop ed visits,2026-10-10,quantile,0.25,2.3805792558828547e-4
2026-09-26,10,2,wk inc rsv prop ed visits,2026-10-10,quantile,0.3,2.8305439393313457e-4
2026-09-26,10,2,wk inc rsv prop ed visits,2026-10-10,quantile,0.35,3.288975729006705e-4
2026-09-26,10,2,wk inc rsv prop ed visits,2026-10-10,quantile,0.4,3.650823458353742e-4
2026-09-26,10,2,wk inc rsv prop ed visits,2026-10-10,quantile,0.45,3.9524996786713515e-4
2026-09-26,10,2,wk inc rsv prop ed visits,2026-10-10,quantile,0.5,4.4356070427947433e-4
2026-09-26,10,2,wk inc rsv prop ed visits,2026-10-10,quantile,0.55,4.962431794980807e-4
2026-09-26,10,2,wk inc rsv prop ed visits,2026-10-10,quantile,0.6,5.543205032509859e-4
2026-09-26,10,2,wk inc rsv prop ed visits,2026-10-10,quantile,0.65,6.469380512964614e-4
2026-09-26,10,2,wk inc rsv prop ed visits,2026-10-10,quantile,0.7,7.312745753411687e-4
2026-09-26,10,2,wk inc rsv prop ed visits,2026-10-10,quantile,0.75,8.077565388121854e-4
2026-09-26,10,2,wk inc rsv prop ed visits,2026-10-10,quantile,0.8,9.723020360792868e-4
2026-09-26,10,2,wk inc rsv prop ed visits,2026-10-10,quantile,0.85,0.0011638753972490344
2026-09-26,10,2,wk inc rsv prop ed visits,2026-10-10,quantile,0.9,0.0014349489569337119
2026-09-26,10,2,wk inc rsv prop ed visits,2026-10-10,quantile,0.95,0.0020036178645148235
2026-09-26,10,2,wk inc rsv prop ed visits,2026-10-10,quantile,0.975,0.002525124303814106
2026-09-26,10,2,wk inc rsv prop ed visits,2026-10-10,quantile,0.99,0.0037102490071572146
2026-09-26,11,-1,wk inc rsv prop ed visits,2026-09-19,quantile,0.01,0
2026-09-26,11,-1,wk inc rsv prop ed visits,2026-09-19,quantile,0.025,0
2026-09-26,11,-1,wk inc rsv prop ed visits,2026-09-19,quantile,0.05,0
2026-09-26,11,-1,wk inc rsv prop ed visits,2026-09-19,quantile,0.1,0
2026-09-26,11,-1,wk inc rsv prop ed visits,2026-09-19,quantile,0.15,0
2026-09-26,11,-1,wk inc rsv prop ed visits,2026-09-19,quantile,0.2,0
2026-09-26,11,-1,wk inc rsv prop ed visits,2026-09-19,quantile,0.25,0
2026-09-26,11,-1,wk inc rsv prop ed visits,2026-09-19,quantile,0.3,0
2026-09-26,11,-1,wk inc rsv prop ed visits,2026-09-19,quantile,0.35,0
2026-09-26,11,-1,wk inc rsv prop ed visits,2026-09-19,quantile,0.4,2.3729854080749e-6
2026-09-26,11,-1,wk inc rsv prop ed visits,2026-09-19,quantile,0.45,5.058980795650915e-6
2026-09-26,11,-1,wk inc rsv prop ed visits,2026-09-19,quantile,0.5,7.425426032412405e-6
2026-09-26,11,-1,wk inc rsv prop ed visits,2026-09-19,quantile,0.55,9.628774646341417e-6
2026-09-26,11,-1,wk inc rsv prop ed visits,2026-09-19,quantile,0.6,1.2405929217746135e-5
2026-09-26,11,-1,wk inc rsv prop ed visits,2026-09-19,quantile,0.65,1.5685713790290515e-5
2026-09-26,11,-1,wk inc rsv prop ed visits,2026-09-19,quantile,0.7,1.8674201635060717e-5
2026-09-26,11,-1,wk inc rsv prop ed visits,2026-09-19,quantile,0.75,2.265889811682473e-5
2026-09-26,11,-1,wk inc rsv prop ed visits,2026-09-19,quantile,0.8,2.614868982713353e-5
2026-09-26,11,-1,wk inc rsv prop ed visits,2026-09-19,quantile,0.85,3.145292193824255e-5
2026-09-26,11,-1,wk inc rsv prop ed visits,2026-09-19,quantile,0.9,3.8886592516413924e-5
2026-09-26,11,-1,wk inc rsv prop ed visits,2026-09-19,quantile,0.95,4.9579437527528646e-5
2026-09-26,11,-1,wk inc rsv prop ed visits,2026-09-19,quantile,0.975,6.002014104249101e-5
2026-09-26,11,-1,wk inc rsv prop ed visits,2026-09-19,quantile,0.99,7.24914384592592e-5
2026-09-26,11,0,wk inc rsv prop ed visits,2026-09-26,quantile,0.01,0
2026-09-26,11,0,wk inc rsv prop ed visits,2026-09-26,quantile,0.025,0
2026-09-26,11,0,wk inc rsv prop ed visits,2026-09-26,quantile,0.05,0
2026-09-26,11,0,wk inc rsv prop ed visits,2026-09-26,quantile,0.1,0
2026-09-26,11,0,wk inc rsv prop ed visits,2026-09-26,quantile,0.15,6.613183370602874e-7
2026-09-26,11,0,wk inc rsv prop ed visits,2026-09-26,quantile,0.2,6.593643453091074e-6
2026-09-26,11,0,wk inc rsv prop ed visits,2026-09-26,quantile,0.25,1.1910509804475295e-5
2026-09-26,11,0,wk inc rsv prop ed visits,2026-09-26,quantile,0.3,1.7305622976017565e-5
2026-09-26,11,0,wk inc rsv prop ed visits,2026-09-26,quantile,0.35,2.2602048313490258e-5
2026-09-26,11,0,wk inc rsv prop ed visits,2026-09-26,quantile,0.4,2.8757273684127918e-5
2026-09-26,11,0,wk inc rsv prop ed visits,2026-09-26,quantile,0.45,1.1300794546211909e-4
2026-09-26,11,0,wk inc rsv prop ed visits,2026-09-26,quantile,0.5,1.2104852692069654e-4
2026-09-26,11,0,wk inc rsv prop ed visits,2026-09-26,quantile,0.55,1.3081952590592277e-4
2026-09-26,11,0,wk inc rsv prop ed visits,2026-09-26,quantile,0.6,1.4252159430186597e-4
2026-09-26,11,0,wk inc rsv prop ed visits,2026-09-26,quantile,0.65,1.5649902348326833e-4
2026-09-26,11,0,wk inc rsv prop ed visits,2026-09-26,quantile,0.7,1.6994482922296777e-4
2026-09-26,11,0,wk inc rsv prop ed visits,2026-09-26,quantile,0.75,2.5466791573408067e-4
2026-09-26,11,0,wk inc rsv prop ed visits,2026-09-26,quantile,0.8,2.744571998899884e-4
2026-09-26,11,0,wk inc rsv prop ed visits,2026-09-26,quantile,0.85,3.039652227604956e-4
2026-09-26,11,0,wk inc rsv prop ed visits,2026-09-26,quantile,0.9,4.1485975590297987e-4
2026-09-26,11,0,wk inc rsv prop ed visits,2026-09-26,quantile,0.95,5.7326708431589e-4
2026-09-26,11,0,wk inc rsv prop ed visits,2026-09-26,quantile,0.975,7.384220049600518e-4
2026-09-26,11,0,wk inc rsv prop ed visits,2026-09-26,quantile,0.99,9.528050374641423e-4
2026-09-26,11,1,wk inc rsv prop ed visits,2026-10-03,quantile,0.01,0
2026-09-26,11,1,wk inc rsv prop ed visits,2026-10-03,quantile,0.025,0
2026-09-26,11,1,wk inc rsv prop ed visits,2026-10-03,quantile,0.05,0
2026-09-26,11,1,wk inc rsv prop ed visits,2026-10-03,quantile,0.1,0
2026-09-26,11,1,wk inc rsv prop ed visits,2026-10-03,quantile,0.15,1.0924486863137195e-7
2026-09-26,11,1,wk inc rsv prop ed visits,2026-10-03,quantile,0.2,5.467824895485864e-6
2026-09-26,11,1,wk inc rsv prop ed visits,2026-10-03,quantile,0.25,1.1539753752455927e-5
2026-09-26,11,1,wk inc rsv prop ed visits,2026-10-03,quantile,0.3,1.8420150945040192e-5
2026-09-26,11,1,wk inc rsv prop ed visits,2026-10-03,quantile,0.35,2.360964805812463e-5
2026-09-26,11,1,wk inc rsv prop ed visits,2026-10-03,quantile,0.4,3.157889131420051e-5
2026-09-26,11,1,wk inc rsv prop ed visits,2026-10-03,quantile,0.45,1.1577700526675864e-4
2026-09-26,11,1,wk inc rsv prop ed visits,2026-10-03,quantile,0.5,1.2553093197019684e-4
2026-09-26,11,1,wk inc rsv prop ed visits,2026-10-03,quantile,0.55,1.3568454356995325e-4
2026-09-26,11,1,wk inc rsv prop ed visits,2026-10-03,quantile,0.6,1.4783303480107814e-4
2026-09-26,11,1,wk inc rsv prop ed visits,2026-10-03,quantile,0.65,1.5984921637130742e-4
2026-09-26,11,1,wk inc rsv prop ed visits,2026-10-03,quantile,0.7,2.445705271046945e-4
2026-09-26,11,1,wk inc rsv prop ed visits,2026-10-03,quantile,0.75,2.6985299650351176e-4
2026-09-26,11,1,wk inc rsv prop ed visits,2026-10-03,quantile,0.8,3.013364071116464e-4
2026-09-26,11,1,wk inc rsv prop ed visits,2026-10-03,quantile,0.85,4.029025193667619e-4
2026-09-26,11,1,wk inc rsv prop ed visits,2026-10-03,quantile,0.9,4.7220450763954584e-4
2026-09-26,11,1,wk inc rsv prop ed visits,2026-10-03,quantile,0.95,7.143391654362582e-4
2026-09-26,11,1,wk inc rsv prop ed visits,2026-10-03,quantile,0.975,0.0010009358272843898
2026-09-26,11,1,wk inc rsv prop ed visits,2026-10-03,quantile,0.99,0.0013401192646908897
2026-09-26,11,2,wk inc rsv prop ed visits,2026-10-10,quantile,0.01,0
2026-09-26,11,2,wk inc rsv prop ed visits,2026-10-10,quantile,0.025,0
2026-09-26,11,2,wk inc rsv prop ed visits,2026-10-10,quantile,0.05,0
2026-09-26,11,2,wk inc rsv prop ed visits,2026-10-10,quantile,0.1,0
2026-09-26,11,2,wk inc rsv prop ed visits,2026-10-10,quantile,0.15,4.7022236723029936e-7
2026-09-26,11,2,wk inc rsv prop ed visits,2026-10-10,quantile,0.2,7.0833214320402114e-6
2026-09-26,11,2,wk inc rsv prop ed visits,2026-10-10,quantile,0.25,1.3681147608458806e-5
2026-09-26,11,2,wk inc rsv prop ed visits,2026-10-10,quantile,0.3,2.1073933299004984e-5
2026-09-26,11,2,wk inc rsv prop ed visits,2026-10-10,quantile,0.35,2.8628337716474012e-5
2026-09-26,11,2,wk inc rsv prop ed visits,2026-10-10,quantile,0.4,3.7273428130151564e-5
2026-09-26,11,2,wk inc rsv prop ed visits,2026-10-10,quantile,0.45,1.2361586608150408e-4
2026-09-26,11,2,wk inc rsv prop ed visits,2026-10-10,quantile,0.5,1.3516914461571126e-4
2026-09-26,11,2,wk inc rsv prop ed visits,2026-10-10,quantile,0.55,1.461109908653626e-4
2026-09-26,11,2,wk inc rsv prop ed visits,2026-10-10,quantile,0.6,1.5892653813339366e-4
2026-09-26,11,2,wk inc rsv prop ed visits,2026-10-10,quantile,0.65,1.7329429812897295e-4
2026-09-26,11,2,wk inc rsv prop ed visits,2026-10-10,quantile,0.7,2.6117394048834824e-4
2026-09-26,11,2,wk inc rsv prop ed visits,2026-10-10,quantile,0.75,2.878074465536306e-4
2026-09-26,11,2,wk inc rsv prop ed visits,2026-10-10,quantile,0.8,3.7995475545729655e-4
2026-09-26,11,2,wk inc rsv prop ed visits,2026-10-10,quantile,0.85,4.3283201585547564e-4
2026-09-26,11,2,wk inc rsv prop ed visits,2026-10-10,quantile,0.9,5.826154890172916e-4
2026-09-26,11,2,wk inc rsv prop ed visits,2026-10-10,quantile,0.95,8.979974162726626e-4
2026-09-26,11,2,wk inc rsv prop ed visits,2026-10-10,quantile,0.975,0.0013131144124584294
2026-09-26,11,2,wk inc rsv prop ed visits,2026-10-10,quantile,0.99,0.001978201696193657
2026-09-26,12,-1,wk inc rsv prop ed visits,2026-09-19,quantile,0.01,0.001076312468889623
2026-09-26,12,-1,wk inc rsv prop ed visits,2026-09-19,quantile,0.025,0.0011195696537852234
2026-09-26,12,-1,wk inc rsv prop ed visits,2026-09-19,quantile,0.05,0.001157563600351097
2026-09-26,12,-1,wk inc rsv prop ed visits,2026-09-19,quantile,0.1,0.0011974801450743199
2026-09-26,12,-1,wk inc rsv prop ed visits,2026-09-19,quantile,0.15,0.0012292661272105352
2026-09-26,12,-1,wk inc rsv prop ed visits,2026-09-19,quantile,0.2,0.0012560512556804165
2026-09-26,12,-1,wk inc rsv prop ed visits,2026-09-19,quantile,0.25,0.0012811532954276586
2026-09-26,12,-1,wk inc rsv prop ed visits,2026-09-19,quantile,0.3,0.0012994142060147606
2026-09-26,12,-1,wk inc rsv prop ed visits,2026-09-19,quantile,0.35,0.0013177080684685688
2026-09-26,12,-1,wk inc rsv prop ed visits,2026-09-19,quantile,0.4,0.0013364715927005727
2026-09-26,12,-1,wk inc rsv prop ed visits,2026-09-19,quantile,0.45,0.0013550027122887285
2026-09-26,12,-1,wk inc rsv prop ed visits,2026-09-19,quantile,0.5,0.0013730368751585238
2026-09-26,12,-1,wk inc rsv prop ed visits,2026-09-19,quantile,0.55,0.0013924967538990556
2026-09-26,12,-1,wk inc rsv prop ed visits,2026-09-19,quantile,0.6,0.0014114569308609141
2026-09-26,12,-1,wk inc rsv prop ed visits,2026-09-19,quantile,0.65,0.0014324095556474724
2026-09-26,12,-1,wk inc rsv prop ed visits,2026-09-19,quantile,0.7,0.0014556336244019195
2026-09-26,12,-1,wk inc rsv prop ed visits,2026-09-19,quantile,0.75,0.00147748580533195
2026-09-26,12,-1,wk inc rsv prop ed visits,2026-09-19,quantile,0.8,0.0015051817804694783
2026-09-26,12,-1,wk inc rsv prop ed visits,2026-09-19,quantile,0.85,0.001535002179497884
2026-09-26,12,-1,wk inc rsv prop ed visits,2026-09-19,quantile,0.9,0.0015827559289351835
2026-09-26,12,-1,wk inc rsv prop ed visits,2026-09-19,quantile,0.95,0.001649861372851182
2026-09-26,12,-1,wk inc rsv prop ed visits,2026-09-19,quantile,0.975,0.0016970589684617461
2026-09-26,12,-1,wk inc rsv prop ed visits,2026-09-19,quantile,0.99,0.0017609099838316853
2026-09-26,12,0,wk inc rsv prop ed visits,2026-09-26,quantile,0.01,0.0011101272980123499
2026-09-26,12,0,wk inc rsv prop ed visits,2026-09-26,quantile,0.025,0.001158030859237619
2026-09-26,12,0,wk inc rsv prop ed visits,2026-09-26,quantile,0.05,0.0012087937465580772
2026-09-26,12,0,wk inc rsv prop ed visits,2026-09-26,quantile,0.1,0.0012676743173174626
2026-09-26,12,0,wk inc rsv prop ed visits,2026-09-26,quantile,0.15,0.0013091145195616618
2026-09-26,12,0,wk inc rsv prop ed visits,2026-09-26,quantile,0.2,0.0013483876784337971
2026-09-26,12,0,wk inc rsv prop ed visits,2026-09-26,quantile,0.25,0.0013826729072387795
2026-09-26,12,0,wk inc rsv prop ed visits,2026-09-26,quantile,0.3,0.0014114178616449857
2026-09-26,12,0,wk inc rsv prop ed visits,2026-09-26,quantile,0.35,0.0014389477499564033
2026-09-26,12,0,wk inc rsv prop ed visits,2026-09-26,quantile,0.4,0.0014653145599048257
2026-09-26,12,0,wk inc rsv prop ed visits,2026-09-26,quantile,0.45,0.0014930892777027028
2026-09-26,12,0,wk inc rsv prop ed visits,2026-09-26,quantile,0.5,0.0015225292717919439
2026-09-26,12,0,wk inc rsv prop ed visits,2026-09-26,quantile,0.55,0.0015493441875092692
2026-09-26,12,0,wk inc rsv prop ed visits,2026-09-26,quantile,0.6,0.0015761680569555737
2026-09-26,12,0,wk inc rsv prop ed visits,2026-09-26,quantile,0.65,0.0016048209709268791
2026-09-26,12,0,wk inc rsv prop ed visits,2026-09-26,quantile,0.7,0.0016351300716935723
2026-09-26,12,0,wk inc rsv prop ed visits,2026-09-26,quantile,0.75,0.0016646628641022228
2026-09-26,12,0,wk inc rsv prop ed visits,2026-09-26,quantile,0.8,0.0017001805793714574
2026-09-26,12,0,wk inc rsv prop ed visits,2026-09-26,quantile,0.85,0.0017385963594085704
2026-09-26,12,0,wk inc rsv prop ed visits,2026-09-26,quantile,0.9,0.0017969734710649766
2026-09-26,12,0,wk inc rsv prop ed visits,2026-09-26,quantile,0.95,0.001892417233983951
2026-09-26,12,0,wk inc rsv prop ed visits,2026-09-26,quantile,0.975,0.0019866977363288242
2026-09-26,12,0,wk inc rsv prop ed visits,2026-09-26,quantile,0.99,0.0020902163924892535
2026-09-26,12,1,wk inc rsv prop ed visits,2026-10-03,quantile,0.01,0.0010155066926209244
2026-09-26,12,1,wk inc rsv prop ed visits,2026-10-03,quantile,0.025,0.0010827579337713475
2026-09-26,12,1,wk inc rsv prop ed visits,2026-10-03,quantile,0.05,0.001160469587960494
2026-09-26,12,1,wk inc rsv prop ed visits,2026-10-03,quantile,0.1,0.0012598256912652768
2026-09-26,12,1,wk inc rsv prop ed visits,2026-10-03,quantile,0.15,0.0013417039329048802
2026-09-26,12,1,wk inc rsv prop ed visits,2026-10-03,quantile,0.2,0.0013992171260552235
2026-09-26,12,1,wk inc rsv prop ed visits,2026-10-03,quantile,0.25,0.0014485982120949943
2026-09-26,12,1,wk inc rsv prop ed visits,2026-10-03,quantile,0.3,0.0014912144450581546
2026-09-26,12,1,wk inc rsv prop ed visits,2026-10-03,quantile,0.35,0.00153785690855917
2026-09-26,12,1,wk inc rsv prop ed visits,2026-10-03,quantile,0.4,0.0015787487023466444
2026-09-26,12,1,wk inc rsv prop ed visits,2026-10-03,quantile,0.45,0.0016153065304969987
2026-09-26,12,1,wk inc rsv prop ed visits,2026-10-03,quantile,0.5,0.0016611893595329967
2026-09-26,12,1,wk inc rsv prop ed visits,2026-10-03,quantile,0.55,0.0017043841010030776
2026-09-26,12,1,wk inc rsv prop ed visits,2026-10-03,quantile,0.6,0.001751325077608555
2026-09-26,12,1,wk inc rsv prop ed visits,2026-10-03,quantile,0.65,0.001794236958865487
2026-09-26,12,1,wk inc rsv prop ed visits,2026-10-03,quantile,0.7,0.0018475381141188785
2026-09-26,12,1,wk inc rsv prop ed visits,2026-10-03,quantile,0.75,0.0019001791868083072
2026-09-26,12,1,wk inc rsv prop ed visits,2026-10-03,quantile,0.8,0.0019643576426695997
2026-09-26,12,1,wk inc rsv prop ed visits,2026-10-03,quantile,0.85,0.0020408190268640766
2026-09-26,12,1,wk inc rsv prop ed visits,2026-10-03,quantile,0.9,0.002146572101758109
2026-09-26,12,1,wk inc rsv prop ed visits,2026-10-03,quantile,0.95,0.002316423057428831
2026-09-26,12,1,wk inc rsv prop ed visits,2026-10-03,quantile,0.975,0.0024600265836833505
2026-09-26,12,1,wk inc rsv prop ed visits,2026-10-03,quantile,0.99,0.00266048342247104
2026-09-26,12,2,wk inc rsv prop ed visits,2026-10-10,quantile,0.01,8.85185359935874e-4
2026-09-26,12,2,wk inc rsv prop ed visits,2026-10-10,quantile,0.025,9.891412339436871e-4
2026-09-26,12,2,wk inc rsv prop ed visits,2026-10-10,quantile,0.05,0.0011030142588167883
2026-09-26,12,2,wk inc rsv prop ed visits,2026-10-10,quantile,0.1,0.0012383690600081673
2026-09-26,12,2,wk inc rsv prop ed visits,2026-10-10,quantile,0.15,0.0013401555321529376
2026-09-26,12,2,wk inc rsv prop ed visits,2026-10-10,quantile,0.2,0.001424272005894846
2026-09-26,12,2,wk inc rsv prop ed visits,2026-10-10,quantile,0.25,0.0015092581522398068
2026-09-26,12,2,wk inc rsv prop ed visits,2026-10-10,quantile,0.3,0.0015736935880308071
2026-09-26,12,2,wk inc rsv prop ed visits,2026-10-10,quantile,0.35,0.001640533040036476
2026-09-26,12,2,wk inc rsv prop ed visits,2026-10-10,quantile,0.4,0.0017044138874960336
2026-09-26,12,2,wk inc rsv prop ed visits,2026-10-10,quantile,0.45,0.0017638928368603373
2026-09-26,12,2,wk inc rsv prop ed visits,2026-10-10,quantile,0.5,0.0018306619194668602
2026-09-26,12,2,wk inc rsv prop ed visits,2026-10-10,quantile,0.55,0.0018961684796562624
2026-09-26,12,2,wk inc rsv prop ed visits,2026-10-10,quantile,0.6,0.0019530841685326858
2026-09-26,12,2,wk inc rsv prop ed visits,2026-10-10,quantile,0.65,0.002023968385419961
2026-09-26,12,2,wk inc rsv prop ed visits,2026-10-10,quantile,0.7,0.0020987150626952467
2026-09-26,12,2,wk inc rsv prop ed visits,2026-10-10,quantile,0.75,0.0021827556866554454
2026-09-26,12,2,wk inc rsv prop ed visits,2026-10-10,quantile,0.8,0.002298293378766977
2026-09-26,12,2,wk inc rsv prop ed visits,2026-10-10,quantile,0.85,0.0024265253313352298
2026-09-26,12,2,wk inc rsv prop ed visits,2026-10-10,quantile,0.9,0.0025946711933350144
2026-09-26,12,2,wk inc rsv prop ed visits,2026-10-10,quantile,0.95,0.00291543737957757
2026-09-26,12,2,wk inc rsv prop ed visits,2026-10-10,quantile,0.975,0.0032259518185662776
2026-09-26,12,2,wk inc rsv prop ed visits,2026-10-10,quantile,0.99,0.0035924264559010063
2026-09-26,13,-1,wk inc rsv prop ed visits,2026-09-19,quantile,0.01,2.137588538343262e-4
2026-09-26,13,-1,wk inc rsv prop ed visits,2026-09-19,quantile,0.025,2.367080388552065e-4
2026-09-26,13,-1,wk inc rsv prop ed visits,2026-09-19,quantile,0.05,2.555704572961517e-4
2026-09-26,13,-1,wk inc rsv prop ed visits,2026-09-19,quantile,0.1,2.81488703573892e-4
2026-09-26,13,-1,wk inc rsv prop ed visits,2026-09-19,quantile,0.15,3.031090570658486e-4
2026-09-26,13,-1,wk inc rsv prop ed visits,2026-09-19,quantile,0.2,3.18321745235771e-4
2026-09-26,13,-1,wk inc rsv prop ed visits,2026-09-19,quantile,0.25,3.3528536984550074e-4
2026-09-26,13,-1,wk inc rsv prop ed visits,2026-09-19,quantile,0.3,3.50643539537524e-4
2026-09-26,13,-1,wk inc rsv prop ed visits,2026-09-19,quantile,0.35,3.6318644175828863e-4
2026-09-26,13,-1,wk inc rsv prop ed visits,2026-09-19,quantile,0.4,3.754402671312582e-4
2026-09-26,13,-1,wk inc rsv prop ed visits,2026-09-19,quantile,0.45,3.87141107294281e-4
2026-09-26,13,-1,wk inc rsv prop ed visits,2026-09-19,quantile,0.5,4.02727515930587e-4
2026-09-26,13,-1,wk inc rsv prop ed visits,2026-09-19,quantile,0.55,4.187203625678097e-4
2026-09-26,13,-1,wk inc rsv prop ed visits,2026-09-19,quantile,0.6,4.336657180889188e-4
2026-09-26,13,-1,wk inc rsv prop ed visits,2026-09-19,quantile,0.65,4.502757479828561e-4
2026-09-26,13,-1,wk inc rsv prop ed visits,2026-09-19,quantile,0.7,4.6895787608003885e-4
2026-09-26,13,-1,wk inc rsv prop ed visits,2026-09-19,quantile,0.75,4.891917128977329e-4
2026-09-26,13,-1,wk inc rsv prop ed visits,2026-09-19,quantile,0.8,5.099346723182988e-4
2026-09-26,13,-1,wk inc rsv prop ed visits,2026-09-19,quantile,0.85,5.351117805017227e-4
2026-09-26,13,-1,wk inc rsv prop ed visits,2026-09-19,quantile,0.9,5.73684273682426e-4
2026-09-26,13,-1,wk inc rsv prop ed visits,2026-09-19,quantile,0.95,6.360014624873356e-4
2026-09-26,13,-1,wk inc rsv prop ed visits,2026-09-19,quantile,0.975,7.048526818767908e-4
2026-09-26,13,-1,wk inc rsv prop ed visits,2026-09-19,quantile,0.99,7.605730312010971e-4
2026-09-26,13,0,wk inc rsv prop ed visits,2026-09-26,quantile,0.01,2.1827579181564732e-4
2026-09-26,13,0,wk inc rsv prop ed visits,2026-09-26,quantile,0.025,2.4527147737800613e-4
2026-09-26,13,0,wk inc rsv prop ed visits,2026-09-26,quantile,0.05,2.78678946659308e-4
2026-09-26,13,0,wk inc rsv prop ed visits,2026-09-26,quantile,0.1,3.124615285365255e-4
2026-09-26,13,0,wk inc rsv prop ed visits,2026-09-26,quantile,0.15,3.388755965874518e-4
2026-09-26,13,0,wk inc rsv prop ed visits,2026-09-26,quantile,0.2,3.6145549382475485e-4
2026-09-26,13,0,wk inc rsv prop ed visits,2026-09-26,quantile,0.25,3.806845997431432e-4
2026-09-26,13,0,wk inc rsv prop ed visits,2026-09-26,quantile,0.3,3.9935973424667383e-4
2026-09-26,13,0,wk inc rsv prop ed visits,2026-09-26,quantile,0.35,4.1735999976296297e-4
2026-09-26,13,0,wk inc rsv prop ed visits,2026-09-26,quantile,0.4,4.347003493612096e-4
2026-09-26,13,0,wk inc rsv prop ed visits,2026-09-26,quantile,0.45,4.5246357743297357e-4
2026-09-26,13,0,wk inc rsv prop ed visits,2026-09-26,quantile,0.5,4.717343596892376e-4
2026-09-26,13,0,wk inc rsv prop ed visits,2026-09-26,quantile,0.55,4.890087342030007e-4
2026-09-26,13,0,wk inc rsv prop ed visits,2026-09-26,quantile,0.6,5.093567895308456e-4
2026-09-26,13,0,wk inc rsv prop ed visits,2026-09-26,quantile,0.65,5.320481243641847e-4
2026-09-26,13,0,wk inc rsv prop ed visits,2026-09-26,quantile,0.7,5.534653911805397e-4
2026-09-26,13,0,wk inc rsv prop ed visits,2026-09-26,quantile,0.75,5.829873548916774e-4
2026-09-26,13,0,wk inc rsv prop ed visits,2026-09-26,quantile,0.8,6.153065570229032e-4
2026-09-26,13,0,wk inc rsv prop ed visits,2026-09-26,quantile,0.85,6.525166844629839e-4
2026-09-26,13,0,wk inc rsv prop ed visits,2026-09-26,quantile,0.9,7.0310850865155e-4
2026-09-26,13,0,wk inc rsv prop ed visits,2026-09-26,quantile,0.95,7.93913969441794e-4
2026-09-26,13,0,wk inc rsv prop ed visits,2026-09-26,quantile,0.975,8.773896649649639e-4
2026-09-26,13,0,wk inc rsv prop ed visits,2026-09-26,quantile,0.99,9.730611171411997e-4
2026-09-26,13,1,wk inc rsv prop ed visits,2026-10-03,quantile,0.01,2.1343276150745323e-4
2026-09-26,13,1,wk inc rsv prop ed visits,2026-10-03,quantile,0.025,2.4642612393312386e-4
2026-09-26,13,1,wk inc rsv prop ed visits,2026-10-03,quantile,0.05,2.829625813402388e-4
2026-09-26,13,1,wk inc rsv prop ed visits,2026-10-03,quantile,0.1,3.261784835542225e-4
2026-09-26,13,1,wk inc rsv prop ed visits,2026-10-03,quantile,0.15,3.5913170930080223e-4
2026-09-26,13,1,wk inc rsv prop ed visits,2026-10-03,quantile,0.2,3.901017215292721e-4
2026-09-26,13,1,wk inc rsv prop ed visits,2026-10-03,quantile,0.25,4.173059763239018e-4
2026-09-26,13,1,wk inc rsv prop ed visits,2026-10-03,quantile,0.3,4.3946776447770003e-4
2026-09-26,13,1,wk inc rsv prop ed visits,2026-10-03,quantile,0.35,4.6233034624478154e-4
2026-09-26,13,1,wk inc rsv prop ed visits,2026-10-03,quantile,0.4,4.8773067654522443e-4
2026-09-26,13,1,wk inc rsv prop ed visits,2026-10-03,quantile,0.45,5.133068032610307e-4
2026-09-26,13,1,wk inc rsv prop ed visits,2026-10-03,quantile,0.5,5.429617943842887e-4
2026-09-26,13,1,wk inc rsv prop ed visits,2026-10-03,quantile,0.55,5.695218630807766e-4
2026-09-26,13,1,wk inc rsv prop ed visits,2026-10-03,quantile,0.6,5.978012579834223e-4
2026-09-26,13,1,wk inc rsv prop ed visits,2026-10-03,quantile,0.65,6.297928611432592e-4
2026-09-26,13,1,wk inc rsv prop ed visits,2026-10-03,quantile,0.7,6.706897600970729e-4
2026-09-26,13,1,wk inc rsv prop ed visits,2026-10-03,quantile,0.75,7.074628661816783e-4
2026-09-26,13,1,wk inc rsv prop ed visits,2026-10-03,quantile,0.8,7.53357117468002e-4
2026-09-26,13,1,wk inc rsv prop ed visits,2026-10-03,quantile,0.85,8.215737938756743e-4
2026-09-26,13,1,wk inc rsv prop ed visits,2026-10-03,quantile,0.9,9.114224992708645e-4
2026-09-26,13,1,wk inc rsv prop ed visits,2026-10-03,quantile,0.95,0.0010827842637512201
2026-09-26,13,1,wk inc rsv prop ed visits,2026-10-03,quantile,0.975,0.0012494376052035708
2026-09-26,13,1,wk inc rsv prop ed visits,2026-10-03,quantile,0.99,0.001490619297668742
2026-09-26,13,2,wk inc rsv prop ed visits,2026-10-10,quantile,0.01,1.8943023781981566e-4
2026-09-26,13,2,wk inc rsv prop ed visits,2026-10-10,quantile,0.025,2.403096222237993e-4
2026-09-26,13,2,wk inc rsv prop ed visits,2026-10-10,quantile,0.05,2.7784063161952004e-4
2026-09-26,13,2,wk inc rsv prop ed visits,2026-10-10,quantile,0.1,3.325663219033939e-4
2026-09-26,13,2,wk inc rsv prop ed visits,2026-10-10,quantile,0.15,3.7340988535960323e-4
2026-09-26,13,2,wk inc rsv prop ed visits,2026-10-10,quantile,0.2,4.0548767252781426e-4
2026-09-26,13,2,wk inc rsv prop ed visits,2026-10-10,quantile,0.25,4.3921016268000065e-4
2026-09-26,13,2,wk inc rsv prop ed visits,2026-10-10,quantile,0.3,4.7580375255961815e-4
2026-09-26,13,2,wk inc rsv prop ed visits,2026-10-10,quantile,0.35,5.104744284489104e-4
2026-09-26,13,2,wk inc rsv prop ed visits,2026-10-10,quantile,0.4,5.434313176856941e-4
2026-09-26,13,2,wk inc rsv prop ed visits,2026-10-10,quantile,0.45,5.837535786331808e-4
2026-09-26,13,2,wk inc rsv prop ed visits,2026-10-10,quantile,0.5,6.258808718179391e-4
2026-09-26,13,2,wk inc rsv prop ed visits,2026-10-10,quantile,0.55,6.665270968180574e-4
2026-09-26,13,2,wk inc rsv prop ed visits,2026-10-10,quantile,0.6,7.132218181125373e-4
2026-09-26,13,2,wk inc rsv prop ed visits,2026-10-10,quantile,0.65,7.634836374771805e-4
2026-09-26,13,2,wk inc rsv prop ed visits,2026-10-10,quantile,0.7,8.278958704666061e-4
2026-09-26,13,2,wk inc rsv prop ed visits,2026-10-10,quantile,0.75,9.004822590440009e-4
2026-09-26,13,2,wk inc rsv prop ed visits,2026-10-10,quantile,0.8,9.816109112249219e-4
2026-09-26,13,2,wk inc rsv prop ed visits,2026-10-10,quantile,0.85,0.0010903791506121816
2026-09-26,13,2,wk inc rsv prop ed visits,2026-10-10,quantile,0.9,0.001261508060633149
2026-09-26,13,2,wk inc rsv prop ed visits,2026-10-10,quantile,0.95,0.0016123311847314253
2026-09-26,13,2,wk inc rsv prop ed visits,2026-10-10,quantile,0.975,0.0019579003885331885
2026-09-26,13,2,wk inc rsv prop ed visits,2026-10-10,quantile,0.99,0.0025110492415111765
2026-09-26,15,-1,wk inc rsv prop ed visits,2026-09-19,quantile,0.01,7.587193397666663e-4
2026-09-26,15,-1,wk inc rsv prop ed visits,2026-09-19,quantile,0.025,9.244268496295934e-4
2026-09-26,15,-1,wk inc rsv prop ed visits,2026-09-19,quantile,0.05,0.001076329321499128
2026-09-26,15,-1,wk inc rsv prop ed visits,2026-09-19,quantile,0.1,0.001227596662194873
2026-09-26,15,-1,wk inc rsv prop ed visits,2026-09-19,quantile,0.15,0.0013620520377819053
2026-09-26,15,-1,wk inc rsv prop ed visits,2026-09-19,quantile,0.2,0.001464290781923894
2026-09-26,15,-1,wk inc rsv prop ed visits,2026-09-19,quantile,0.25,0.0015534281367688071
2026-09-26,15,-1,wk inc rsv prop ed visits,2026-09-19,quantile,0.3,0.001644821990308131
2026-09-26,15,-1,wk inc rsv prop ed visits,2026-09-19,quantile,0.35,0.0017286089691422417
2026-09-26,15,-1,wk inc rsv prop ed visits,2026-09-19,quantile,0.4,0.0018114961822357518
2026-09-26,15,-1,wk inc rsv prop ed visits,2026-09-19,quantile,0.45,0.0018933048956704351
2026-09-26,15,-1,wk inc rsv prop ed visits,2026-09-19,quantile,0.5,0.0019762094143267166
2026-09-26,15,-1,wk inc rsv prop ed visits,2026-09-19,quantile,0.55,0.0020588242943974026
2026-09-26,15,-1,wk inc rsv prop ed visits,2026-09-19,quantile,0.6,0.002144036393941181
2026-09-26,15,-1,wk inc rsv prop ed visits,2026-09-19,quantile,0.65,0.0022305045786292837
2026-09-26,15,-1,wk inc rsv prop ed visits,2026-09-19,quantile,0.7,0.0023320173604348265
2026-09-26,15,-1,wk inc rsv prop ed visits,2026-09-19,quantile,0.75,0.002450886722256216
2026-09-26,15,-1,wk inc rsv prop ed visits,2026-09-19,quantile,0.8,0.0026052280954785454
2026-09-26,15,-1,wk inc rsv prop ed visits,2026-09-19,quantile,0.85,0.0027930031382147336
2026-09-26,15,-1,wk inc rsv prop ed visits,2026-09-19,quantile,0.9,0.0030369078306041334
2026-09-26,15,-1,wk inc rsv prop ed visits,2026-09-19,quantile,0.95,0.0033742525095448155
2026-09-26,15,-1,wk inc rsv prop ed visits,2026-09-19,quantile,0.975,0.0037488754991048343
2026-09-26,15,-1,wk inc rsv prop ed visits,2026-09-19,quantile,0.99,0.004197704576942001
2026-09-26,15,0,wk inc rsv prop ed visits,2026-09-26,quantile,0.01,7.349214370554662e-4
2026-09-26,15,0,wk inc rsv prop ed visits,2026-09-26,quantile,0.025,9.047175704655927e-4
2026-09-26,15,0,wk inc rsv prop ed visits,2026-09-26,quantile,0.05,0.0010799103956192606
2026-09-26,15,0,wk inc rsv prop ed visits,2026-09-26,quantile,0.1,0.0012677831974075026
2026-09-26,15,0,wk inc rsv prop ed visits,2026-09-26,quantile,0.15,0.0013868686294024556
2026-09-26,15,0,wk inc rsv prop ed visits,2026-09-26,quantile,0.2,0.0015248559018646952
2026-09-26,15,0,wk inc rsv prop ed visits,2026-09-26,quantile,0.25,0.0016359610426723021
2026-09-26,15,0,wk inc rsv prop ed visits,2026-09-26,quantile,0.3,0.0017475350786323033
2026-09-26,15,0,wk inc rsv prop ed visits,2026-09-26,quantile,0.35,0.0018457727700049516
2026-09-26,15,0,wk inc rsv prop ed visits,2026-09-26,quantile,0.4,0.0019413227060016778
2026-09-26,15,0,wk inc rsv prop ed visits,2026-09-26,quantile,0.45,0.002043003339159355
2026-09-26,15,0,wk inc rsv prop ed visits,2026-09-26,quantile,0.5,0.0021443023272736603
2026-09-26,15,0,wk inc rsv prop ed visits,2026-09-26,quantile,0.55,0.0022441230931479353
2026-09-26,15,0,wk inc rsv prop ed visits,2026-09-26,quantile,0.6,0.002360270162764454
2026-09-26,15,0,wk inc rsv prop ed visits,2026-09-26,quantile,0.65,0.0024988524899072382
2026-09-26,15,0,wk inc rsv prop ed visits,2026-09-26,quantile,0.7,0.0026397233993310154
2026-09-26,15,0,wk inc rsv prop ed visits,2026-09-26,quantile,0.75,0.0028075854931737206
2026-09-26,15,0,wk inc rsv prop ed visits,2026-09-26,quantile,0.8,0.003004349523957085
2026-09-26,15,0,wk inc rsv prop ed visits,2026-09-26,quantile,0.85,0.0032031778568060955
2026-09-26,15,0,wk inc rsv prop ed visits,2026-09-26,quantile,0.9,0.003493992457008558
2026-09-26,15,0,wk inc rsv prop ed visits,2026-09-26,quantile,0.95,0.004128553546306983
2026-09-26,15,0,wk inc rsv prop ed visits,2026-09-26,quantile,0.975,0.004692193815766427
2026-09-26,15,0,wk inc rsv prop ed visits,2026-09-26,quantile,0.99,0.005349052735106663
2026-09-26,15,1,wk inc rsv prop ed visits,2026-10-03,quantile,0.01,6.77083654819555e-4
2026-09-26,15,1,wk inc rsv prop ed visits,2026-10-03,quantile,0.025,8.565768173290966e-4
2026-09-26,15,1,wk inc rsv prop ed visits,2026-10-03,quantile,0.05,0.0010262309317229173
2026-09-26,15,1,wk inc rsv prop ed visits,2026-10-03,quantile,0.1,0.0012481961866830874
2026-09-26,15,1,wk inc rsv prop ed visits,2026-10-03,quantile,0.15,0.0014336249969439075
2026-09-26,15,1,wk inc rsv prop ed visits,2026-10-03,quantile,0.2,0.0015788403638452154
2026-09-26,15,1,wk inc rsv prop ed visits,2026-10-03,quantile,0.25,0.0017145465190630859
2026-09-26,15,1,wk inc rsv prop ed visits,2026-10-03,quantile,0.3,0.0018430306747835622
2026-09-26,15,1,wk inc rsv prop ed visits,2026-10-03,quantile,0.35,0.0019659970613531176
2026-09-26,15,1,wk inc rsv prop ed visits,2026-10-03,quantile,0.4,0.0020914342612897187
2026-09-26,15,1,wk inc rsv prop ed visits,2026-10-03,quantile,0.45,0.002228363244536446
2026-09-26,15,1,wk inc rsv prop ed visits,2026-10-03,quantile,0.5,0.0023623869159505807
2026-09-26,15,1,wk inc rsv prop ed visits,2026-10-03,quantile,0.55,0.002501002854684144
2026-09-26,15,1,wk inc rsv prop ed visits,2026-10-03,quantile,0.6,0.0026555592989386304
2026-09-26,15,1,wk inc rsv prop ed visits,2026-10-03,quantile,0.65,0.0028340663892058443
2026-09-26,15,1,wk inc rsv prop ed visits,2026-10-03,quantile,0.7,0.0030357806430213793
2026-09-26,15,1,wk inc rsv prop ed visits,2026-10-03,quantile,0.75,0.0032768277357444445
2026-09-26,15,1,wk inc rsv prop ed visits,2026-10-03,quantile,0.8,0.0035313876447305758
2026-09-26,15,1,wk inc rsv prop ed visits,2026-10-03,quantile,0.85,0.0038384092062550244
2026-09-26,15,1,wk inc rsv prop ed visits,2026-10-03,quantile,0.9,0.004334626823281189
2026-09-26,15,1,wk inc rsv prop ed visits,2026-10-03,quantile,0.95,0.0051838799038628055
2026-09-26,15,1,wk inc rsv prop ed visits,2026-10-03,quantile,0.975,0.006149614891025198
2026-09-26,15,1,wk inc rsv prop ed visits,2026-10-03,quantile,0.99,0.007472673239490033
2026-09-26,15,2,wk inc rsv prop ed visits,2026-10-10,quantile,0.01,5.404278051432646e-4
2026-09-26,15,2,wk inc rsv prop ed visits,2026-10-10,quantile,0.025,7.13804356305378e-4
2026-09-26,15,2,wk inc rsv prop ed visits,2026-10-10,quantile,0.05,9.019618426798689e-4
2026-09-26,15,2,wk inc rsv prop ed visits,2026-10-10,quantile,0.1,0.001206791692862017
2026-09-26,15,2,wk inc rsv prop ed visits,2026-10-10,quantile,0.15,0.0013934623494311024
2026-09-26,15,2,wk inc rsv prop ed visits,2026-10-10,quantile,0.2,0.0015479746398540896
2026-09-26,15,2,wk inc rsv prop ed visits,2026-10-10,quantile,0.25,0.0017299075497255248
2026-09-26,15,2,wk inc rsv prop ed visits,2026-10-10,quantile,0.3,0.0018800369428486551
2026-09-26,15,2,wk inc rsv prop ed visits,2026-10-10,quantile,0.35,0.0020652290529237873
2026-09-26,15,2,wk inc rsv prop ed visits,2026-10-10,quantile,0.4,0.002226111004718897
2026-09-26,15,2,wk inc rsv prop ed visits,2026-10-10,quantile,0.45,0.002378488284632817
2026-09-26,15,2,wk inc rsv prop ed visits,2026-10-10,quantile,0.5,0.002542094895945265
2026-09-26,15,2,wk inc rsv prop ed visits,2026-10-10,quantile,0.55,0.0027528234573286365
2026-09-26,15,2,wk inc rsv prop ed visits,2026-10-10,quantile,0.6,0.00297445276010919
2026-09-26,15,2,wk inc rsv prop ed visits,2026-10-10,quantile,0.65,0.0032073255903538778
2026-09-26,15,2,wk inc rsv prop ed visits,2026-10-10,quantile,0.7,0.0034870956024629363
2026-09-26,15,2,wk inc rsv prop ed visits,2026-10-10,quantile,0.75,0.003779628146646969
2026-09-26,15,2,wk inc rsv prop ed visits,2026-10-10,quantile,0.8,0.004143115679956087
2026-09-26,15,2,wk inc rsv prop ed visits,2026-10-10,quantile,0.85,0.004642597736346007
2026-09-26,15,2,wk inc rsv prop ed visits,2026-10-10,quantile,0.9,0.005376157577725087
2026-09-26,15,2,wk inc rsv prop ed visits,2026-10-10,quantile,0.95,0.006850118701141376
2026-09-26,15,2,wk inc rsv prop ed visits,2026-10-10,quantile,0.975,0.008476462962513531
2026-09-26,15,2,wk inc rsv prop ed visits,2026-10-10,quantile,0.99,0.010926955733719766
2026-09-26,16,-1,wk inc rsv prop ed visits,2026-09-19,quantile,0.01,0
2026-09-26,16,-1,wk inc rsv prop ed visits,2026-09-19,quantile,0.025,0
2026-09-26,16,-1,wk inc rsv prop ed visits,2026-09-19,quantile,0.05,0
2026-09-26,16,-1,wk inc rsv prop ed visits,2026-09-19,quantile,0.1,1.5025281076195568e-6
2026-09-26,16,-1,wk inc rsv prop ed visits,2026-09-19,quantile,0.15,9.712229613582365e-6
2026-09-26,16,-1,wk inc rsv prop ed visits,2026-09-19,quantile,0.2,1.5429359431966335e-5
2026-09-26,16,-1,wk inc rsv prop ed visits,2026-09-19,quantile,0.25,2.2724082316686953e-5
2026-09-26,16,-1,wk inc rsv prop ed visits,2026-09-19,quantile,0.3,2.7681033459342937e-5
2026-09-26,16,-1,wk inc rsv prop ed visits,2026-09-19,quantile,0.35,3.460994802019748e-5
2026-09-26,16,-1,wk inc rsv prop ed visits,2026-09-19,quantile,0.4,4.1065531529551114e-5
2026-09-26,16,-1,wk inc rsv prop ed visits,2026-09-19,quantile,0.45,4.6065077524397424e-5
2026-09-26,16,-1,wk inc rsv prop ed visits,2026-09-19,quantile,0.5,5.3854079597929345e-5
2026-09-26,16,-1,wk inc rsv prop ed visits,2026-09-19,quantile,0.55,6.15054935698355e-5
2026-09-26,16,-1,wk inc rsv prop ed visits,2026-09-19,quantile,0.6,7.142322527957833e-5
2026-09-26,16,-1,wk inc rsv prop ed visits,2026-09-19,quantile,0.65,8.146299242736007e-5
2026-09-26,16,-1,wk inc rsv prop ed visits,2026-09-19,quantile,0.7,9.256204182195394e-5
2026-09-26,16,-1,wk inc rsv prop ed visits,2026-09-19,quantile,0.75,1.0768057669817092e-4
2026-09-26,16,-1,wk inc rsv prop ed visits,2026-09-19,quantile,0.8,1.2489377104004892e-4
2026-09-26,16,-1,wk inc rsv prop ed visits,2026-09-19,quantile,0.85,1.4790869095862645e-4
2026-09-26,16,-1,wk inc rsv prop ed visits,2026-09-19,quantile,0.9,1.756529209691597e-4
2026-09-26,16,-1,wk inc rsv prop ed visits,2026-09-19,quantile,0.95,2.2422411451122236e-4
2026-09-26,16,-1,wk inc rsv prop ed visits,2026-09-19,quantile,0.975,2.985934468265941e-4
2026-09-26,16,-1,wk inc rsv prop ed visits,2026-09-19,quantile,0.99,3.941528845158397e-4
2026-09-26,16,0,wk inc rsv prop ed visits,2026-09-26,quantile,0.01,0
2026-09-26,16,0,wk inc rsv prop ed visits,2026-09-26,quantile,0.025,0
2026-09-26,16,0,wk inc rsv prop ed visits,2026-09-26,quantile,0.05,0
2026-09-26,16,0,wk inc rsv prop ed visits,2026-09-26,quantile,0.1,1.1676255085940234e-6
2026-09-26,16,0,wk inc rsv prop ed visits,2026-09-26,quantile,0.15,4.5403903667213135e-6
2026-09-26,16,0,wk inc rsv prop ed visits,2026-09-26,quantile,0.2,7.745547003583328e-6
2026-09-26,16,0,wk inc rsv prop ed visits,2026-09-26,quantile,0.25,1.0757093317949034e-5
2026-09-26,16,0,wk inc rsv prop ed visits,2026-09-26,quantile,0.3,1.3735481682844427e-5
2026-09-26,16,0,wk inc rsv prop ed visits,2026-09-26,quantile,0.35,1.6901899466236284e-5
2026-09-26,16,0,wk inc rsv prop ed visits,2026-09-26,quantile,0.4,2.0286784093114176e-5
2026-09-26,16,0,wk inc rsv prop ed visits,2026-09-26,quantile,0.45,2.3989679288422492e-5
2026-09-26,16,0,wk inc rsv prop ed visits,2026-09-26,quantile,0.5,6.287297573663503e-5
2026-09-26,16,0,wk inc rsv prop ed visits,2026-09-26,quantile,0.55,6.843280403511049e-5
2026-09-26,16,0,wk inc rsv prop ed visits,2026-09-26,quantile,0.6,7.345322324164876e-5
2026-09-26,16,0,wk inc rsv prop ed visits,2026-09-26,quantile,0.65,7.80657677078799e-5
2026-09-26,16,0,wk inc rsv prop ed visits,2026-09-26,quantile,0.7,8.387444342966845e-5
2026-09-26,16,0,wk inc rsv prop ed visits,2026-09-26,quantile,0.75,9.074406043443148e-5
2026-09-26,16,0,wk inc rsv prop ed visits,2026-09-26,quantile,0.8,1.3286991357376528e-4
2026-09-26,16,0,wk inc rsv prop ed visits,2026-09-26,quantile,0.85,1.4673887030302175e-4
2026-09-26,16,0,wk inc rsv prop ed visits,2026-09-26,quantile,0.9,1.6400370915903425e-4
2026-09-26,16,0,wk inc rsv prop ed visits,2026-09-26,quantile,0.95,2.3132301359144039e-4
2026-09-26,16,0,wk inc rsv prop ed visits,2026-09-26,quantile,0.975,3.014351310639923e-4
2026-09-26,16,0,wk inc rsv prop ed visits,2026-09-26,quantile,0.99,3.7413601379447604e-4
2026-09-26,16,1,wk inc rsv prop ed visits,2026-10-03,quantile,0.01,0
2026-09-26,16,1,wk inc rsv prop ed visits,2026-10-03,quantile,0.025,0
2026-09-26,16,1,wk inc rsv prop ed visits,2026-10-03,quantile,0.05,0
2026-09-26,16,1,wk inc rsv prop ed visits,2026-10-03,quantile,0.1,2.0518246950057267e-6
2026-09-26,16,1,wk inc rsv prop ed visits,2026-10-03,quantile,0.15,5.723465784144719e-6
2026-09-26,16,1,wk inc rsv prop ed visits,2026-10-03,quantile,0.2,9.391797831453918e-6
2026-09-26,16,1,wk inc rsv prop ed visits,2026-10-03,quantile,0.25,1.3215617418378471e-5
2026-09-26,16,1,wk inc rsv prop ed visits,2026-10-03,quantile,0.3,1.6616504068387777e-5
2026-09-26,16,1,wk inc rsv prop ed visits,2026-10-03,quantile,0.35,2.008735525627703e-5
2026-09-26,16,1,wk inc rsv prop ed visits,2026-10-03,quantile,0.4,2.3454321836295325e-5
2026-09-26,16,1,wk inc rsv prop ed visits,2026-10-03,quantile,0.45,2.7318360632719276e-5
2026-09-26,16,1,wk inc rsv prop ed visits,2026-10-03,quantile,0.5,3.123595861476311e-5
2026-09-26,16,1,wk inc rsv prop ed visits,2026-10-03,quantile,0.55,7.116325790684221e-5
2026-09-26,16,1,wk inc rsv prop ed visits,2026-10-03,quantile,0.6,7.733069761207022e-5
2026-09-26,16,1,wk inc rsv prop ed visits,2026-10-03,quantile,0.65,8.398020573158362e-5
2026-09-26,16,1,wk inc rsv prop ed visits,2026-10-03,quantile,0.7,9.208468549947102e-5
2026-09-26,16,1,wk inc rsv prop ed visits,2026-10-03,quantile,0.75,1.0009829599971754e-4
2026-09-26,16,1,wk inc rsv prop ed visits,2026-10-03,quantile,0.8,1.4158832111352124e-4
2026-09-26,16,1,wk inc rsv prop ed visits,2026-10-03,quantile,0.85,1.5569008405343638e-4
2026-09-26,16,1,wk inc rsv prop ed visits,2026-10-03,quantile,0.9,1.7851884976002852e-4
2026-09-26,16,1,wk inc rsv prop ed visits,2026-10-03,quantile,0.95,2.5315299556997843e-4
2026-09-26,16,1,wk inc rsv prop ed visits,2026-10-03,quantile,0.975,3.356719564294534e-4
2026-09-26,16,1,wk inc rsv prop ed visits,2026-10-03,quantile,0.99,4.8674082825157805e-4
2026-09-26,16,2,wk inc rsv prop ed visits,2026-10-10,quantile,0.01,0
2026-09-26,16,2,wk inc rsv prop ed visits,2026-10-10,quantile,0.025,0
2026-09-26,16,2,wk inc rsv prop ed visits,2026-10-10,quantile,0.05,0
2026-09-26,16,2,wk inc rsv prop ed visits,2026-10-10,quantile,0.1,1.4753195874749412e-6
2026-09-26,16,2,wk inc rsv prop ed visits,2026-10-10,quantile,0.15,6.606746910681691e-6
2026-09-26,16,2,wk inc rsv prop ed visits,2026-10-10,quantile,0.2,1.0455240871706894e-5
2026-09-26,16,2,wk inc rsv prop ed visits,2026-10-10,quantile,0.25,1.4007132150937821e-5
2026-09-26,16,2,wk inc rsv prop ed visits,2026-10-10,quantile,0.3,1.724234843791198e-5
2026-09-26,16,2,wk inc rsv prop ed visits,2026-10-10,quantile,0.35,2.1317541485017502e-5
2026-09-26,16,2,wk inc rsv prop ed visits,2026-10-10,quantile,0.4,2.5278253514595822e-5
2026-09-26,16,2,wk inc rsv prop ed visits,2026-10-10,quantile,0.45,3.028451240975864e-5
2026-09-26,16,2,wk inc rsv prop ed visits,2026-10-10,quantile,0.5,3.544594087026212e-5
2026-09-26,16,2,wk inc rsv prop ed visits,2026-10-10,quantile,0.55,3.998697964634625e-5
2026-09-26,16,2,wk inc rsv prop ed visits,2026-10-10,quantile,0.6,8.256742926267114e-5
2026-09-26,16,2,wk inc rsv prop ed visits,2026-10-10,quantile,0.65,9.009667261625117e-5
2026-09-26,16,2,wk inc rsv prop ed visits,2026-10-10,quantile,0.7,9.794935850574646e-5
2026-09-26,16,2,wk inc rsv prop ed visits,2026-10-10,quantile,0.75,1.075612586357892e-4
2026-09-26,16,2,wk inc rsv prop ed visits,2026-10-10,quantile,0.8,1.5379070605413503e-4
2026-09-26,16,2,wk inc rsv prop ed visits,2026-10-10,quantile,0.85,1.7906724018100858e-4
2026-09-26,16,2,wk inc rsv prop ed visits,2026-10-10,quantile,0.9,2.3717897950230584e-4
2026-09-26,16,2,wk inc rsv prop ed visits,2026-10-10,quantile,0.95,3.198734762215736e-4
2026-09-26,16,2,wk inc rsv prop ed visits,2026-10-10,quantile,0.975,4.435281432443336e-4
2026-09-26,16,2,wk inc rsv prop ed visits,2026-10-10,quantile,0.99,5.949604997770072e-4
2026-09-26,17,-1,wk inc rsv prop ed visits,2026-09-19,quantile,0.01,1.062805879781682e-4
2026-09-26,17,-1,wk inc rsv prop ed visits,2026-09-19,quantile,0.025,1.1264392715450277e-4
2026-09-26,17,-1,wk inc rsv prop ed visits,2026-09-19,quantile,0.05,1.2143753582151554e-4
2026-09-26,17,-1,wk inc rsv prop ed visits,2026-09-19,quantile,0.1,1.3108861424189955e-4
2026-09-26,17,-1,wk inc rsv prop ed visits,2026-09-19,quantile,0.15,1.3946881350108972e-4
2026-09-26,17,-1,wk inc rsv prop ed visits,2026-09-19,quantile,0.2,1.4647100571039192e-4
2026-09-26,17,-1,wk inc rsv prop ed visits,2026-09-19,quantile,0.25,1.5303292901127808e-4
2026-09-26,17,-1,wk inc rsv prop ed visits,2026-09-19,quantile,0.3,1.58572974029091e-4
2026-09-26,17,-1,wk inc rsv prop ed visits,2026-09-19,quantile,0.35,1.6342573430067392e-4
2026-09-26,17,-1,wk inc rsv prop ed visits,2026-09-19,quantile,0.4,1.6819602459651375e-4
2026-09-26,17,-1,wk inc rsv prop ed visits,2026-09-19,quantile,0.45,1.733747245888825e-4
2026-09-26,17,-1,wk inc rsv prop ed visits,2026-09-19,quantile,0.5,1.783234148100938e-4
2026-09-26,17,-1,wk inc rsv prop ed visits,2026-09-19,quantile,0.55,1.8406781352053766e-4
2026-09-26,17,-1,wk inc rsv prop ed visits,2026-09-19,quantile,0.6,1.8890775098840117e-4
2026-09-26,17,-1,wk inc rsv prop ed visits,2026-09-19,quantile,0.65,1.9499415207371352e-4
2026-09-26,17,-1,wk inc rsv prop ed visits,2026-09-19,quantile,0.7,2.0143482756015087e-4
2026-09-26,17,-1,wk inc rsv prop ed visits,2026-09-19,quantile,0.75,2.0888608495854533e-4
2026-09-26,17,-1,wk inc rsv prop ed visits,2026-09-19,quantile,0.8,2.1726040811728475e-4
2026-09-26,17,-1,wk inc rsv prop ed visits,2026-09-19,quantile,0.85,2.272447181681522e-4
2026-09-26,17,-1,wk inc rsv prop ed visits,2026-09-19,quantile,0.9,2.400896227714113e-4
2026-09-26,17,-1,wk inc rsv prop ed visits,2026-09-19,quantile,0.95,2.617507847198307e-4
2026-09-26,17,-1,wk inc rsv prop ed visits,2026-09-19,quantile,0.975,2.786922258495802e-4
2026-09-26,17,-1,wk inc rsv prop ed visits,2026-09-19,quantile,0.99,3.019167846242542e-4
2026-09-26,17,0,wk inc rsv prop ed visits,2026-09-26,quantile,0.01,7.332276723152683e-5
2026-09-26,17,0,wk inc rsv prop ed visits,2026-09-26,quantile,0.025,8.467699456895535e-5
2026-09-26,17,0,wk inc rsv prop ed visits,2026-09-26,quantile,0.05,9.798948681077955e-5
2026-09-26,17,0,wk inc rsv prop ed visits,2026-09-26,quantile,0.1,1.1220803820465884e-4
2026-09-26,17,0,wk inc rsv prop ed visits,2026-09-26,quantile,0.15,1.24020007502819e-4
2026-09-26,17,0,wk inc rsv prop ed visits,2026-09-26,quantile,0.2,1.3353773974841832e-4
2026-09-26,17,0,wk inc rsv prop ed visits,2026-09-26,quantile,0.25,1.4219241641708226e-4
2026-09-26,17,0,wk inc rsv prop ed visits,2026-09-26,quantile,0.3,1.5023696809330703e-4
2026-09-26,17,0,wk inc rsv prop ed visits,2026-09-26,quantile,0.35,1.5882427397934202e-4
2026-09-26,17,0,wk inc rsv prop ed visits,2026-09-26,quantile,0.4,1.6655954729186554e-4
2026-09-26,17,0,wk inc rsv prop ed visits,2026-09-26,quantile,0.45,1.7381793675032774e-4
2026-09-26,17,0,wk inc rsv prop ed visits,2026-09-26,quantile,0.5,1.800511542177779e-4
2026-09-26,17,0,wk inc rsv prop ed visits,2026-09-26,quantile,0.55,1.8836858957010572e-4
2026-09-26,17,0,wk inc rsv prop ed visits,2026-09-26,quantile,0.6,1.9669784787126394e-4
2026-09-26,17,0,wk inc rsv prop ed visits,2026-09-26,quantile,0.65,2.066387355056678e-4
2026-09-26,17,0,wk inc rsv prop ed visits,2026-09-26,quantile,0.7,2.1645403886718804e-4
2026-09-26,17,0,wk inc rsv prop ed visits,2026-09-26,quantile,0.75,2.2745689212957785e-4
2026-09-26,17,0,wk inc rsv prop ed visits,2026-09-26,quantile,0.8,2.4043229495279806e-4
2026-09-26,17,0,wk inc rsv prop ed visits,2026-09-26,quantile,0.85,2.5554196004126846e-4
2026-09-26,17,0,wk inc rsv prop ed visits,2026-09-26,quantile,0.9,2.7744196160246266e-4
2026-09-26,17,0,wk inc rsv prop ed visits,2026-09-26,quantile,0.95,3.090308442349064e-4
2026-09-26,17,0,wk inc rsv prop ed visits,2026-09-26,quantile,0.975,3.4738555618111394e-4
2026-09-26,17,0,wk inc rsv prop ed visits,2026-09-26,quantile,0.99,3.824967566415027e-4
2026-09-26,17,1,wk inc rsv prop ed visits,2026-10-03,quantile,0.01,5.9912152816322074e-5
2026-09-26,17,1,wk inc rsv prop ed visits,2026-10-03,quantile,0.025,7.339858597348232e-5
2026-09-26,17,1,wk inc rsv prop ed visits,2026-10-03,quantile,0.05,8.446440909152975e-5
2026-09-26,17,1,wk inc rsv prop ed visits,2026-10-03,quantile,0.1,1.022688180494394e-4
2026-09-26,17,1,wk inc rsv prop ed visits,2026-10-03,quantile,0.15,1.1580380012607462e-4
2026-09-26,17,1,wk inc rsv prop ed visits,2026-10-03,quantile,0.2,1.2702745188051498e-4
2026-09-26,17,1,wk inc rsv prop ed visits,2026-10-03,quantile,0.25,1.3648601695066625e-4
2026-09-26,17,1,wk inc rsv prop ed visits,2026-10-03,quantile,0.3,1.4638445255278163e-4
2026-09-26,17,1,wk inc rsv prop ed visits,2026-10-03,quantile,0.35,1.5631216401740537e-4
2026-09-26,17,1,wk inc rsv prop ed visits,2026-10-03,quantile,0.4,1.6641681887847822e-4
2026-09-26,17,1,wk inc rsv prop ed visits,2026-10-03,quantile,0.45,1.7631596612086874e-4
2026-09-26,17,1,wk inc rsv prop ed visits,2026-10-03,quantile,0.5,1.8560890661971802e-4
2026-09-26,17,1,wk inc rsv prop ed visits,2026-10-03,quantile,0.55,1.9705356219706528e-4
2026-09-26,17,1,wk inc rsv prop ed visits,2026-10-03,quantile,0.6,2.0862876418863727e-4
2026-09-26,17,1,wk inc rsv prop ed visits,2026-10-03,quantile,0.65,2.206071326532108e-4
2026-09-26,17,1,wk inc rsv prop ed visits,2026-10-03,quantile,0.7,2.3543958981925566e-4
2026-09-26,17,1,wk inc rsv prop ed visits,2026-10-03,quantile,0.75,2.500191724827115e-4
2026-09-26,17,1,wk inc rsv prop ed visits,2026-10-03,quantile,0.8,2.6888771863318225e-4
2026-09-26,17,1,wk inc rsv prop ed visits,2026-10-03,quantile,0.85,2.90073524645631e-4
2026-09-26,17,1,wk inc rsv prop ed visits,2026-10-03,quantile,0.9,3.212541925730834e-4
2026-09-26,17,1,wk inc rsv prop ed visits,2026-10-03,quantile,0.95,3.77158013196274e-4
2026-09-26,17,1,wk inc rsv prop ed visits,2026-10-03,quantile,0.975,4.299314770555149e-4
2026-09-26,17,1,wk inc rsv prop ed visits,2026-10-03,quantile,0.99,4.943840946859927e-4
2026-09-26,17,2,wk inc rsv prop ed visits,2026-10-10,quantile,0.01,4.9117141656304224e-5
2026-09-26,17,2,wk inc rsv prop ed visits,2026-10-10,quantile,0.025,6.043133214734213e-5
2026-09-26,17,2,wk inc rsv prop ed visits,2026-10-10,quantile,0.05,7.143369050144883e-5
2026-09-26,17,2,wk inc rsv prop ed visits,2026-10-10,quantile,0.1,9.133567350807409e-5
2026-09-26,17,2,wk inc rsv prop ed visits,2026-10-10,quantile,0.15,1.0411854265382545e-4
2026-09-26,17,2,wk inc rsv prop ed visits,2026-10-10,quantile,0.2,1.1844207238668409e-4
2026-09-26,17,2,wk inc rsv prop ed visits,2026-10-10,quantile,0.25,1.3097453127465568e-4
2026-09-26,17,2,wk inc rsv prop ed visits,2026-10-10,quantile,0.3,1.4317838216366493e-4
2026-09-26,17,2,wk inc rsv prop ed visits,2026-10-10,quantile,0.35,1.5410225792833056e-4
2026-09-26,17,2,wk inc rsv prop ed visits,2026-10-10,quantile,0.4,1.6517464725788873e-4
2026-09-26,17,2,wk inc rsv prop ed visits,2026-10-10,quantile,0.45,1.7857105570952866e-4
2026-09-26,17,2,wk inc rsv prop ed visits,2026-10-10,quantile,0.5,1.9057951519945674e-4
2026-09-26,17,2,wk inc rsv prop ed visits,2026-10-10,quantile,0.55,2.023747088983033e-4
2026-09-26,17,2,wk inc rsv prop ed visits,2026-10-10,quantile,0.6,2.175749728304404e-4
2026-09-26,17,2,wk inc rsv prop ed visits,2026-10-10,quantile,0.65,2.3166792248077494e-4
2026-09-26,17,2,wk inc rsv prop ed visits,2026-10-10,quantile,0.7,2.512902149776665e-4
2026-09-26,17,2,wk inc rsv prop ed visits,2026-10-10,quantile,0.75,2.725125577437022e-4
2026-09-26,17,2,wk inc rsv prop ed visits,2026-10-10,quantile,0.8,3.0130163806883585e-4
2026-09-26,17,2,wk inc rsv prop ed visits,2026-10-10,quantile,0.85,3.3496193609960635e-4
2026-09-26,17,2,wk inc rsv prop ed visits,2026-10-10,quantile,0.9,3.839930560637482e-4
2026-09-26,17,2,wk inc rsv prop ed visits,2026-10-10,quantile,0.95,4.653064670932184e-4
2026-09-26,17,2,wk inc rsv prop ed visits,2026-10-10,quantile,0.975,5.584194784584219e-4
2026-09-26,17,2,wk inc rsv prop ed visits,2026-10-10,quantile,0.99,7.119902722340188e-4
2026-09-26,18,-1,wk inc rsv prop ed visits,2026-09-19,quantile,0.01,7.318800918555023e-5
2026-09-26,18,-1,wk inc rsv prop ed visits,2026-09-19,quantile,0.025,8.859217852521654e-5
2026-09-26,18,-1,wk inc rsv prop ed visits,2026-09-19,quantile,0.05,1.0186174513866253e-4
2026-09-26,18,-1,wk inc rsv prop ed visits,2026-09-19,quantile,0.1,1.1891876106879901e-4
2026-09-26,18,-1,wk inc rsv prop ed visits,2026-09-19,quantile,0.15,1.2911869233217104e-4
2026-09-26,18,-1,wk inc rsv prop ed visits,2026-09-19,quantile,0.2,1.4080742120423887e-4
2026-09-26,18,-1,wk inc rsv prop ed visits,2026-09-19,quantile,0.25,1.506334310799084e-4
2026-09-26,18,-1,wk inc rsv prop ed visits,2026-09-19,quantile,0.3,1.5935758771309013e-4
2026-09-26,18,-1,wk inc rsv prop ed visits,2026-09-19,quantile,0.35,1.6933739348581883e-4
2026-09-26,18,-1,wk inc rsv prop ed visits,2026-09-19,quantile,0.4,1.7796200658450203e-4
2026-09-26,18,-1,wk inc rsv prop ed visits,2026-09-19,quantile,0.45,1.8637588774009787e-4
2026-09-26,18,-1,wk inc rsv prop ed visits,2026-09-19,quantile,0.5,1.955278312234836e-4
2026-09-26,18,-1,wk inc rsv prop ed visits,2026-09-19,quantile,0.55,2.046569187400452e-4
2026-09-26,18,-1,wk inc rsv prop ed visits,2026-09-19,quantile,0.6,2.1479536524801222e-4
2026-09-26,18,-1,wk inc rsv prop ed visits,2026-09-19,quantile,0.65,2.2574169128025467e-4
2026-09-26,18,-1,wk inc rsv prop ed visits,2026-09-19,quantile,0.7,2.3807769406767985e-4
2026-09-26,18,-1,wk inc rsv prop ed visits,2026-09-19,quantile,0.75,2.546024710288003e-4
2026-09-26,18,-1,wk inc rsv prop ed visits,2026-09-19,quantile,0.8,2.710008521672033e-4
2026-09-26,18,-1,wk inc rsv prop ed visits,2026-09-19,quantile,0.85,2.914352817116064e-4
2026-09-26,18,-1,wk inc rsv prop ed visits,2026-09-19,quantile,0.9,3.252627390921603e-4
2026-09-26,18,-1,wk inc rsv prop ed visits,2026-09-19,quantile,0.95,3.7693673669359244e-4
2026-09-26,18,-1,wk inc rsv prop ed visits,2026-09-19,quantile,0.975,4.1848501594888844e-4
2026-09-26,18,-1,wk inc rsv prop ed visits,2026-09-19,quantile,0.99,4.6230795315466155e-4
2026-09-26,18,0,wk inc rsv prop ed visits,2026-09-26,quantile,0.01,5.825760144832891e-5
2026-09-26,18,0,wk inc rsv prop ed visits,2026-09-26,quantile,0.025,7.438625077996662e-5
2026-09-26,18,0,wk inc rsv prop ed visits,2026-09-26,quantile,0.05,9.042668591192133e-5
2026-09-26,18,0,wk inc rsv prop ed visits,2026-09-26,quantile,0.1,1.1145499459617085e-4
2026-09-26,18,0,wk inc rsv prop ed visits,2026-09-26,quantile,0.15,0.00012854236275912188
2026-09-26,18,0,wk inc rsv prop ed visits,2026-09-26,quantile,0.2,1.4366709746463558e-4
2026-09-26,18,0,wk inc rsv prop ed visits,2026-09-26,quantile,0.25,1.5106715874609424e-4
2026-09-26,18,0,wk inc rsv prop ed visits,2026-09-26,quantile,0.3,1.662127868157529e-4
2026-09-26,18,0,wk inc rsv prop ed visits,2026-09-26,quantile,0.35,1.7859703993677368e-4
2026-09-26,18,0,wk inc rsv prop ed visits,2026-09-26,quantile,0.4,1.8728911700190961e-4
2026-09-26,18,0,wk inc rsv prop ed visits,2026-09-26,quantile,0.45,2.0024093342517344e-4
2026-09-26,18,0,wk inc rsv prop ed visits,2026-09-26,quantile,0.5,2.0946593599421452e-4
2026-09-26,18,0,wk inc rsv prop ed visits,2026-09-26,quantile,0.55,2.2399645451992256e-4
2026-09-26,18,0,wk inc rsv prop ed visits,2026-09-26,quantile,0.6,2.3949632407226258e-4
2026-09-26,18,0,wk inc rsv prop ed visits,2026-09-26,quantile,0.65,2.5078039041780343e-4
2026-09-26,18,0,wk inc rsv prop ed visits,2026-09-26,quantile,0.7,2.6575874786640265e-4
2026-09-26,18,0,wk inc rsv prop ed visits,2026-09-26,quantile,0.75,2.8555605377710784e-4
2026-09-26,18,0,wk inc rsv prop ed visits,2026-09-26,quantile,0.8,3.0852757066699706e-4
2026-09-26,18,0,wk inc rsv prop ed visits,2026-09-26,quantile,0.85,3.3464916077343917e-4
2026-09-26,18,0,wk inc rsv prop ed visits,2026-09-26,quantile,0.9,3.687208240499455e-4
2026-09-26,18,0,wk inc rsv prop ed visits,2026-09-26,quantile,0.95,4.2603425977260885e-4
2026-09-26,18,0,wk inc rsv prop ed visits,2026-09-26,quantile,0.975,4.779904984475869e-4
2026-09-26,18,0,wk inc rsv prop ed visits,2026-09-26,quantile,0.99,5.628767932216927e-4
2026-09-26,18,1,wk inc rsv prop ed visits,2026-10-03,quantile,0.01,4.869808581141259e-5
2026-09-26,18,1,wk inc rsv prop ed visits,2026-10-03,quantile,0.025,7.52696880205694e-5
2026-09-26,18,1,wk inc rsv prop ed visits,2026-10-03,quantile,0.05,8.496617091378107e-5
2026-09-26,18,1,wk inc rsv prop ed visits,2026-10-03,quantile,0.1,1.1602096859347226e-4
2026-09-26,18,1,wk inc rsv prop ed visits,2026-10-03,quantile,0.15,1.3384795724256083e-4
2026-09-26,18,1,wk inc rsv prop ed visits,2026-10-03,quantile,0.2,1.5217224529080146e-4
2026-09-26,18,1,wk inc rsv prop ed visits,2026-10-03,quantile,0.25,1.6783022483425218e-4
2026-09-26,18,1,wk inc rsv prop ed visits,2026-10-03,quantile,0.3,1.8270893229344734e-4
2026-09-26,18,1,wk inc rsv prop ed visits,2026-10-03,quantile,0.35,1.9529539650863824e-4
2026-09-26,18,1,wk inc rsv prop ed visits,2026-10-03,quantile,0.4,2.087550089291587e-4
2026-09-26,18,1,wk inc rsv prop ed visits,2026-10-03,quantile,0.45,2.2555911638581007e-4
2026-09-26,18,1,wk inc rsv prop ed visits,2026-10-03,quantile,0.5,2.411004697489238e-4
2026-09-26,18,1,wk inc rsv prop ed visits,2026-10-03,quantile,0.55,2.569804870095356e-4
2026-09-26,18,1,wk inc rsv prop ed visits,2026-10-03,quantile,0.6,2.744372026230263e-4
2026-09-26,18,1,wk inc rsv prop ed visits,2026-10-03,quantile,0.65,2.95542330842051e-4
2026-09-26,18,1,wk inc rsv prop ed visits,2026-10-03,quantile,0.7,3.2102221805478995e-4
2026-09-26,18,1,wk inc rsv prop ed visits,2026-10-03,quantile,0.75,3.4299620745010997e-4
2026-09-26,18,1,wk inc rsv prop ed visits,2026-10-03,quantile,0.8,3.700465079833035e-4
2026-09-26,18,1,wk inc rsv prop ed visits,2026-10-03,quantile,0.85,4.142380598306236e-4
2026-09-26,18,1,wk inc rsv prop ed visits,2026-10-03,quantile,0.9,0.00046916856941098375
2026-09-26,18,1,wk inc rsv prop ed visits,2026-10-03,quantile,0.95,5.701757329388112e-4
2026-09-26,18,1,wk inc rsv prop ed visits,2026-10-03,quantile,0.975,6.556358159016341e-4
2026-09-26,18,1,wk inc rsv prop ed visits,2026-10-03,quantile,0.99,7.772667297526914e-4
2026-09-26,18,2,wk inc rsv prop ed visits,2026-10-10,quantile,0.01,4.949550452030138e-5
2026-09-26,18,2,wk inc rsv prop ed visits,2026-10-10,quantile,0.025,6.917176092767417e-5
2026-09-26,18,2,wk inc rsv prop ed visits,2026-10-10,quantile,0.05,8.616602276788666e-5
2026-09-26,18,2,wk inc rsv prop ed visits,2026-10-10,quantile,0.1,1.0936053698459811e-4
2026-09-26,18,2,wk inc rsv prop ed visits,2026-10-10,quantile,0.15,1.3674621215946728e-4
2026-09-26,18,2,wk inc rsv prop ed visits,2026-10-10,quantile,0.2,1.548165617784284e-4
2026-09-26,18,2,wk inc rsv prop ed visits,2026-10-10,quantile,0.25,1.7147498580284828e-4
2026-09-26,18,2,wk inc rsv prop ed visits,2026-10-10,quantile,0.3,1.8863561475302375e-4
2026-09-26,18,2,wk inc rsv prop ed visits,2026-10-10,quantile,0.35,2.069390458494944e-4
2026-09-26,18,2,wk inc rsv prop ed visits,2026-10-10,quantile,0.4,2.2591952221981718e-4
2026-09-26,18,2,wk inc rsv prop ed visits,2026-10-10,quantile,0.45,2.439348900145558e-4
2026-09-26,18,2,wk inc rsv prop ed visits,2026-10-10,quantile,0.5,2.665553983037648e-4
2026-09-26,18,2,wk inc rsv prop ed visits,2026-10-10,quantile,0.55,2.8932061736979345e-4
2026-09-26,18,2,wk inc rsv prop ed visits,2026-10-10,quantile,0.6,3.116659823973019e-4
2026-09-26,18,2,wk inc rsv prop ed visits,2026-10-10,quantile,0.65,3.366878850942496e-4
2026-09-26,18,2,wk inc rsv prop ed visits,2026-10-10,quantile,0.7,3.711917485183426e-4
2026-09-26,18,2,wk inc rsv prop ed visits,2026-10-10,quantile,0.75,4.109498644994542e-4
2026-09-26,18,2,wk inc rsv prop ed visits,2026-10-10,quantile,0.8,4.551656871704204e-4
2026-09-26,18,2,wk inc rsv prop ed visits,2026-10-10,quantile,0.85,5.245939003255431e-4
2026-09-26,18,2,wk inc rsv prop ed visits,2026-10-10,quantile,0.9,6.343185729527922e-4
2026-09-26,18,2,wk inc rsv prop ed visits,2026-10-10,quantile,0.95,8.125751123085039e-4
2026-09-26,18,2,wk inc rsv prop ed visits,2026-10-10,quantile,0.975,0.0010395734416021563
2026-09-26,18,2,wk inc rsv prop ed visits,2026-10-10,quantile,0.99,0.0012933810718760582
2026-09-26,20,-1,wk inc rsv prop ed visits,2026-09-19,quantile,0.01,2.2034754795733053e-5
2026-09-26,20,-1,wk inc rsv prop ed visits,2026-09-19,quantile,0.025,3.407505186440727e-5
2026-09-26,20,-1,wk inc rsv prop ed visits,2026-09-19,quantile,0.05,4.298075266266378e-5
2026-09-26,20,-1,wk inc rsv prop ed visits,2026-09-19,quantile,0.1,5.7302560949797525e-5
2026-09-26,20,-1,wk inc rsv prop ed visits,2026-09-19,quantile,0.15,6.630844369194576e-5
2026-09-26,20,-1,wk inc rsv prop ed visits,2026-09-19,quantile,0.2,7.539033098327255e-5
2026-09-26,20,-1,wk inc rsv prop ed visits,2026-09-19,quantile,0.25,8.378802745091474e-5
2026-09-26,20,-1,wk inc rsv prop ed visits,2026-09-19,quantile,0.3,9.306858774244794e-5
2026-09-26,20,-1,wk inc rsv prop ed visits,2026-09-19,quantile,0.35,1.0182581798396517e-4
2026-09-26,20,-1,wk inc rsv prop ed visits,2026-09-19,quantile,0.4,1.1189516371878431e-4
2026-09-26,20,-1,wk inc rsv prop ed visits,2026-09-19,quantile,0.45,1.1989257693647412e-4
2026-09-26,20,-1,wk inc rsv prop ed visits,2026-09-19,quantile,0.5,1.2881273445874655e-4
2026-09-26,20,-1,wk inc rsv prop ed visits,2026-09-19,quantile,0.55,1.3985708255693835e-4
2026-09-26,20,-1,wk inc rsv prop ed visits,2026-09-19,quantile,0.6,1.5222089862907686e-4
2026-09-26,20,-1,wk inc rsv prop ed visits,2026-09-19,quantile,0.65,1.635608368886894e-4
2026-09-26,20,-1,wk inc rsv prop ed visits,2026-09-19,quantile,0.7,1.7663894694678716e-4
2026-09-26,20,-1,wk inc rsv prop ed visits,2026-09-19,quantile,0.75,1.970449246538854e-4
2026-09-26,20,-1,wk inc rsv prop ed visits,2026-09-19,quantile,0.8,2.2128403417627962e-4
2026-09-26,20,-1,wk inc rsv prop ed visits,2026-09-19,quantile,0.85,2.457062004404205e-4
2026-09-26,20,-1,wk inc rsv prop ed visits,2026-09-19,quantile,0.9,2.7754503716590905e-4
2026-09-26,20,-1,wk inc rsv prop ed visits,2026-09-19,quantile,0.95,3.44034619441464e-4
2026-09-26,20,-1,wk inc rsv prop ed visits,2026-09-19,quantile,0.975,4.054157669008181e-4
2026-09-26,20,-1,wk inc rsv prop ed visits,2026-09-19,quantile,0.99,5.081151038690585e-4
2026-09-26,20,0,wk inc rsv prop ed visits,2026-09-26,quantile,0.01,1.4822527640446099e-5
2026-09-26,20,0,wk inc rsv prop ed visits,2026-09-26,quantile,0.025,2.000673611795941e-5
2026-09-26,20,0,wk inc rsv prop ed visits,2026-09-26,quantile,0.05,2.641239775119547e-5
2026-09-26,20,0,wk inc rsv prop ed visits,2026-09-26,quantile,0.1,5.2606793233849385e-5
2026-09-26,20,0,wk inc rsv prop ed visits,2026-09-26,quantile,0.15,5.943382146921814e-5
2026-09-26,20,0,wk inc rsv prop ed visits,2026-09-26,quantile,0.2,8.384884204357533e-5
2026-09-26,20,0,wk inc rsv prop ed visits,2026-09-26,quantile,0.25,9.027340551385197e-5
2026-09-26,20,0,wk inc rsv prop ed visits,2026-09-26,quantile,0.3,9.677054117169284e-5
2026-09-26,20,0,wk inc rsv prop ed visits,2026-09-26,quantile,0.35,1.2001597266756033e-4
2026-09-26,20,0,wk inc rsv prop ed visits,2026-09-26,quantile,0.4,1.2572307040992046e-4
2026-09-26,20,0,wk inc rsv prop ed visits,2026-09-26,quantile,0.45,1.319527220420472e-4
2026-09-26,20,0,wk inc rsv prop ed visits,2026-09-26,quantile,0.5,1.5561555804764692e-4
2026-09-26,20,0,wk inc rsv prop ed visits,2026-09-26,quantile,0.55,1.6204080867795374e-4
2026-09-26,20,0,wk inc rsv prop ed visits,2026-09-26,quantile,0.6,1.7072495872121543e-4
2026-09-26,20,0,wk inc rsv prop ed visits,2026-09-26,quantile,0.65,1.9640135333435978e-4
2026-09-26,20,0,wk inc rsv prop ed visits,2026-09-26,quantile,0.7,2.066909211095073e-4
2026-09-26,20,0,wk inc rsv prop ed visits,2026-09-26,quantile,0.75,2.3416822528634005e-4
2026-09-26,20,0,wk inc rsv prop ed visits,2026-09-26,quantile,0.8,2.6396217330171046e-4
2026-09-26,20,0,wk inc rsv prop ed visits,2026-09-26,quantile,0.85,2.855374908159435e-4
2026-09-26,20,0,wk inc rsv prop ed visits,2026-09-26,quantile,0.9,3.413150645841128e-4
2026-09-26,20,0,wk inc rsv prop ed visits,2026-09-26,quantile,0.95,4.259273503769785e-4
2026-09-26,20,0,wk inc rsv prop ed visits,2026-09-26,quantile,0.975,5.258119316907347e-4
2026-09-26,20,0,wk inc rsv prop ed visits,2026-09-26,quantile,0.99,6.398551498451356e-4
2026-09-26,20,1,wk inc rsv prop ed visits,2026-10-03,quantile,0.01,1.3519540637636294e-5
2026-09-26,20,1,wk inc rsv prop ed visits,2026-10-03,quantile,0.025,1.9215256576792014e-5
2026-09-26,20,1,wk inc rsv prop ed visits,2026-10-03,quantile,0.05,4.392854609378127e-5
2026-09-26,20,1,wk inc rsv prop ed visits,2026-10-03,quantile,0.1,5.437313084514906e-5
2026-09-26,20,1,wk inc rsv prop ed visits,2026-10-03,quantile,0.15,8.145080329312741e-5
2026-09-26,20,1,wk inc rsv prop ed visits,2026-10-03,quantile,0.2,8.880108158907657e-5
2026-09-26,20,1,wk inc rsv prop ed visits,2026-10-03,quantile,0.25,1.1161816967175808e-4
2026-09-26,20,1,wk inc rsv prop ed visits,2026-10-03,quantile,0.3,1.2007777735518536e-4
2026-09-26,20,1,wk inc rsv prop ed visits,2026-10-03,quantile,0.35,1.2782684737291713e-4
2026-09-26,20,1,wk inc rsv prop ed visits,2026-10-03,quantile,0.4,1.5196662267636215e-4
2026-09-26,20,1,wk inc rsv prop ed visits,2026-10-03,quantile,0.45,1.6203640731276468e-4
2026-09-26,20,1,wk inc rsv prop ed visits,2026-10-03,quantile,0.5,1.8554297361283992e-4
2026-09-26,20,1,wk inc rsv prop ed visits,2026-10-03,quantile,0.55,1.9524723081625308e-4
2026-09-26,20,1,wk inc rsv prop ed visits,2026-10-03,quantile,0.6,2.2190090692102528e-4
2026-09-26,20,1,wk inc rsv prop ed visits,2026-10-03,quantile,0.65,2.3659495760584295e-4
2026-09-26,20,1,wk inc rsv prop ed visits,2026-10-03,quantile,0.7,2.626900875103303e-4
2026-09-26,20,1,wk inc rsv prop ed visits,2026-10-03,quantile,0.75,2.9307518899340465e-4
2026-09-26,20,1,wk inc rsv prop ed visits,2026-10-03,quantile,0.8,3.290981562167108e-4
2026-09-26,20,1,wk inc rsv prop ed visits,2026-10-03,quantile,0.85,3.7445807624799635e-4
2026-09-26,20,1,wk inc rsv prop ed visits,2026-10-03,quantile,0.9,4.440116202456646e-4
2026-09-26,20,1,wk inc rsv prop ed visits,2026-10-03,quantile,0.95,5.637917322077837e-4
2026-09-26,20,1,wk inc rsv prop ed visits,2026-10-03,quantile,0.975,6.876885361479273e-4
2026-09-26,20,1,wk inc rsv prop ed visits,2026-10-03,quantile,0.99,8.581516521554433e-4
2026-09-26,20,2,wk inc rsv prop ed visits,2026-10-10,quantile,0.01,1.4427034132008903e-5
2026-09-26,20,2,wk inc rsv prop ed visits,2026-10-10,quantile,0.025,2.000158894454786e-5
2026-09-26,20,2,wk inc rsv prop ed visits,2026-10-10,quantile,0.05,4.5704076409946365e-5
2026-09-26,20,2,wk inc rsv prop ed visits,2026-10-10,quantile,0.1,5.576262536733913e-5
2026-09-26,20,2,wk inc rsv prop ed visits,2026-10-10,quantile,0.15,8.2131344122616e-5
2026-09-26,20,2,wk inc rsv prop ed visits,2026-10-10,quantile,0.2,8.988446360134062e-5
2026-09-26,20,2,wk inc rsv prop ed visits,2026-10-10,quantile,0.25,1.1526740051076995e-4
2026-09-26,20,2,wk inc rsv prop ed visits,2026-10-10,quantile,0.3,1.2334499636682244e-4
2026-09-26,20,2,wk inc rsv prop ed visits,2026-10-10,quantile,0.35,1.4684438501752335e-4
2026-09-26,20,2,wk inc rsv prop ed visits,2026-10-10,quantile,0.4,1.5628467510420797e-4
2026-09-26,20,2,wk inc rsv prop ed visits,2026-10-10,quantile,0.45,1.8025238610070972e-4
2026-09-26,20,2,wk inc rsv prop ed visits,2026-10-10,quantile,0.5,1.9314600664034615e-4
2026-09-26,20,2,wk inc rsv prop ed visits,2026-10-10,quantile,0.55,2.2079748079448924e-4
2026-09-26,20,2,wk inc rsv prop ed visits,2026-10-10,quantile,0.6,2.478596036413578e-4
2026-09-26,20,2,wk inc rsv prop ed visits,2026-10-10,quantile,0.65,2.790971298174107e-4
2026-09-26,20,2,wk inc rsv prop ed visits,2026-10-10,quantile,0.7,3.1217489217168345e-4
2026-09-26,20,2,wk inc rsv prop ed visits,2026-10-10,quantile,0.75,3.606851483497029e-4
2026-09-26,20,2,wk inc rsv prop ed visits,2026-10-10,quantile,0.8,4.131648059736789e-4
2026-09-26,20,2,wk inc rsv prop ed visits,2026-10-10,quantile,0.85,4.8667443087885883e-4
2026-09-26,20,2,wk inc rsv prop ed visits,2026-10-10,quantile,0.9,5.943235111578596e-4
2026-09-26,20,2,wk inc rsv prop ed visits,2026-10-10,quantile,0.95,8.164136325218472e-4
2026-09-26,20,2,wk inc rsv prop ed visits,2026-10-10,quantile,0.975,0.0010917512210593763
2026-09-26,20,2,wk inc rsv prop ed visits,2026-10-10,quantile,0.99,0.0014976721539825906
2026-09-26,21,-1,wk inc rsv prop ed visits,2026-09-19,quantile,0.01,1.1396190218204328e-4
2026-09-26,21,-1,wk inc rsv prop ed visits,2026-09-19,quantile,0.025,1.2557366144282586e-4
2026-09-26,21,-1,wk inc rsv prop ed visits,2026-09-19,quantile,0.05,1.3904319949316148e-4
2026-09-26,21,-1,wk inc rsv prop ed visits,2026-09-19,quantile,0.1,1.583403566675009e-4
2026-09-26,21,-1,wk inc rsv prop ed visits,2026-09-19,quantile,0.15,1.718514013626349e-4
2026-09-26,21,-1,wk inc rsv prop ed visits,2026-09-19,quantile,0.2,1.826782703576136e-4
2026-09-26,21,-1,wk inc rsv prop ed visits,2026-09-19,quantile,0.25,1.9402664198570117e-4
2026-09-26,21,-1,wk inc rsv prop ed visits,2026-09-19,quantile,0.3,2.0427334990916218e-4
2026-09-26,21,-1,wk inc rsv prop ed visits,2026-09-19,quantile,0.35,2.1411689186311435e-4
2026-09-26,21,-1,wk inc rsv prop ed visits,2026-09-19,quantile,0.4,2.2362707832022656e-4
2026-09-26,21,-1,wk inc rsv prop ed visits,2026-09-19,quantile,0.45,2.3443635865832288e-4
2026-09-26,21,-1,wk inc rsv prop ed visits,2026-09-19,quantile,0.5,2.446492060531791e-4
2026-09-26,21,-1,wk inc rsv prop ed visits,2026-09-19,quantile,0.55,2.56138969166323e-4
2026-09-26,21,-1,wk inc rsv prop ed visits,2026-09-19,quantile,0.6,2.6812446261215026e-4
2026-09-26,21,-1,wk inc rsv prop ed visits,2026-09-19,quantile,0.65,2.791377954613857e-4
2026-09-26,21,-1,wk inc rsv prop ed visits,2026-09-19,quantile,0.7,2.940250761967424e-4
2026-09-26,21,-1,wk inc rsv prop ed visits,2026-09-19,quantile,0.75,3.1183175882640036e-4
2026-09-26,21,-1,wk inc rsv prop ed visits,2026-09-19,quantile,0.8,3.30325729751545e-4
2026-09-26,21,-1,wk inc rsv prop ed visits,2026-09-19,quantile,0.85,3.5395807416767713e-4
2026-09-26,21,-1,wk inc rsv prop ed visits,2026-09-19,quantile,0.9,3.8702346850299276e-4
2026-09-26,21,-1,wk inc rsv prop ed visits,2026-09-19,quantile,0.95,4.477545486494167e-4
2026-09-26,21,-1,wk inc rsv prop ed visits,2026-09-19,quantile,0.975,4.994573834695804e-4
2026-09-26,21,-1,wk inc rsv prop ed visits,2026-09-19,quantile,0.99,5.681974931909923e-4
2026-09-26,21,0,wk inc rsv prop ed visits,2026-09-26,quantile,0.01,6.920678780827258e-5
2026-09-26,21,0,wk inc rsv prop ed visits,2026-09-26,quantile,0.025,9.062010253851876e-5
2026-09-26,21,0,wk inc rsv prop ed visits,2026-09-26,quantile,0.05,1.0953020183064735e-4
2026-09-26,21,0,wk inc rsv prop ed visits,2026-09-26,quantile,0.1,1.317802280235804e-4
2026-09-26,21,0,wk inc rsv prop ed visits,2026-09-26,quantile,0.15,1.504616120482783e-4
2026-09-26,21,0,wk inc rsv prop ed visits,2026-09-26,quantile,0.2,1.666618762759952e-4
2026-09-26,21,0,wk inc rsv prop ed visits,2026-09-26,quantile,0.25,1.768566886641197e-4
2026-09-26,21,0,wk inc rsv prop ed visits,2026-09-26,quantile,0.3,1.9237993911727232e-4
2026-09-26,21,0,wk inc rsv prop ed visits,2026-09-26,quantile,0.35,2.0590744210792543e-4
2026-09-26,21,0,wk inc rsv prop ed visits,2026-09-26,quantile,0.4,2.1723202223969583e-4
2026-09-26,21,0,wk inc rsv prop ed visits,2026-09-26,quantile,0.45,2.3059782518582988e-4
2026-09-26,21,0,wk inc rsv prop ed visits,2026-09-26,quantile,0.5,2.4117501972555444e-4
2026-09-26,21,0,wk inc rsv prop ed visits,2026-09-26,quantile,0.55,2.562042283881799e-4
2026-09-26,21,0,wk inc rsv prop ed visits,2026-09-26,quantile,0.6,2.702848540147878e-4
2026-09-26,21,0,wk inc rsv prop ed visits,2026-09-26,quantile,0.65,2.8623578444711623e-4
2026-09-26,21,0,wk inc rsv prop ed visits,2026-09-26,quantile,0.7,3.04702244568389e-4
2026-09-26,21,0,wk inc rsv prop ed visits,2026-09-26,quantile,0.75,3.2710573957918235e-4
2026-09-26,21,0,wk inc rsv prop ed visits,2026-09-26,quantile,0.8,3.5048728885158595e-4
2026-09-26,21,0,wk inc rsv prop ed visits,2026-09-26,quantile,0.85,3.7900625683007715e-4
2026-09-26,21,0,wk inc rsv prop ed visits,2026-09-26,quantile,0.9,4.1342837669368154e-4
2026-09-26,21,0,wk inc rsv prop ed visits,2026-09-26,quantile,0.95,4.7395013155544997e-4
2026-09-26,21,0,wk inc rsv prop ed visits,2026-09-26,quantile,0.975,5.358528358441663e-4
2026-09-26,21,0,wk inc rsv prop ed visits,2026-09-26,quantile,0.99,6.243824879383546e-4
2026-09-26,21,1,wk inc rsv prop ed visits,2026-10-03,quantile,0.01,5.9452881497562253e-5
2026-09-26,21,1,wk inc rsv prop ed visits,2026-10-03,quantile,0.025,7.709737996858742e-5
2026-09-26,21,1,wk inc rsv prop ed visits,2026-10-03,quantile,0.05,9.486222681391941e-5
2026-09-26,21,1,wk inc rsv prop ed visits,2026-10-03,quantile,0.1,1.1904146424438608e-4
2026-09-26,21,1,wk inc rsv prop ed visits,2026-10-03,quantile,0.15,1.3726492524416195e-4
2026-09-26,21,1,wk inc rsv prop ed visits,2026-10-03,quantile,0.2,1.4821201140774066e-4
2026-09-26,21,1,wk inc rsv prop ed visits,2026-10-03,quantile,0.25,1.6633802843244531e-4
2026-09-26,21,1,wk inc rsv prop ed visits,2026-10-03,quantile,0.3,1.8217915044873635e-4
2026-09-26,21,1,wk inc rsv prop ed visits,2026-10-03,quantile,0.35,1.9526000311960478e-4
2026-09-26,21,1,wk inc rsv prop ed visits,2026-10-03,quantile,0.4,2.1196746935980563e-4
2026-09-26,21,1,wk inc rsv prop ed visits,2026-10-03,quantile,0.45,2.256628014992014e-4
2026-09-26,21,1,wk inc rsv prop ed visits,2026-10-03,quantile,0.5,2.402550921370374e-4
2026-09-26,21,1,wk inc rsv prop ed visits,2026-10-03,quantile,0.55,2.5592422723302714e-4
2026-09-26,21,1,wk inc rsv prop ed visits,2026-10-03,quantile,0.6,2.723110892436871e-4
2026-09-26,21,1,wk inc rsv prop ed visits,2026-10-03,quantile,0.65,2.91807711438985e-4
2026-09-26,21,1,wk inc rsv prop ed visits,2026-10-03,quantile,0.7,3.139356425688759e-4
2026-09-26,21,1,wk inc rsv prop ed visits,2026-10-03,quantile,0.75,3.3987560936344003e-4
2026-09-26,21,1,wk inc rsv prop ed visits,2026-10-03,quantile,0.8,3.68139341706437e-4
2026-09-26,21,1,wk inc rsv prop ed visits,2026-10-03,quantile,0.85,4.036849923376934e-4
2026-09-26,21,1,wk inc rsv prop ed visits,2026-10-03,quantile,0.9,4.5371179672738663e-4
2026-09-26,21,1,wk inc rsv prop ed visits,2026-10-03,quantile,0.95,5.379696738147244e-4
2026-09-26,21,1,wk inc rsv prop ed visits,2026-10-03,quantile,0.975,6.304387942239493e-4
2026-09-26,21,1,wk inc rsv prop ed visits,2026-10-03,quantile,0.99,7.587341019045623e-4
2026-09-26,21,2,wk inc rsv prop ed visits,2026-10-10,quantile,0.01,4.1112299226379706e-5
2026-09-26,21,2,wk inc rsv prop ed visits,2026-10-10,quantile,0.025,6.026704453196637e-5
2026-09-26,21,2,wk inc rsv prop ed visits,2026-10-10,quantile,0.05,8.024721090023375e-5
2026-09-26,21,2,wk inc rsv prop ed visits,2026-10-10,quantile,0.1,1.0349076789672929e-4
2026-09-26,21,2,wk inc rsv prop ed visits,2026-10-10,quantile,0.15,1.1918543074565952e-4
2026-09-26,21,2,wk inc rsv prop ed visits,2026-10-10,quantile,0.2,1.3779455697923831e-4
2026-09-26,21,2,wk inc rsv prop ed visits,2026-10-10,quantile,0.25,1.5657143105487857e-4
2026-09-26,21,2,wk inc rsv prop ed visits,2026-10-10,quantile,0.3,1.755012336727102e-4
2026-09-26,21,2,wk inc rsv prop ed visits,2026-10-10,quantile,0.35,1.8921104652598985e-4
2026-09-26,21,2,wk inc rsv prop ed visits,2026-10-10,quantile,0.4,2.0624806025065486e-4
2026-09-26,21,2,wk inc rsv prop ed visits,2026-10-10,quantile,0.45,2.234449901445183e-4
2026-09-26,21,2,wk inc rsv prop ed visits,2026-10-10,quantile,0.5,2.3929753935967977e-4
2026-09-26,21,2,wk inc rsv prop ed visits,2026-10-10,quantile,0.55,2.57513633901683e-4
2026-09-26,21,2,wk inc rsv prop ed visits,2026-10-10,quantile,0.6,2.7881899960428244e-4
2026-09-26,21,2,wk inc rsv prop ed visits,2026-10-10,quantile,0.65,3.027011934052287e-4
2026-09-26,21,2,wk inc rsv prop ed visits,2026-10-10,quantile,0.7,3.2555895593241774e-4
2026-09-26,21,2,wk inc rsv prop ed visits,2026-10-10,quantile,0.75,3.559490689132905e-4
2026-09-26,21,2,wk inc rsv prop ed visits,2026-10-10,quantile,0.8,3.9125243297337436e-4
2026-09-26,21,2,wk inc rsv prop ed visits,2026-10-10,quantile,0.85,4.41146848556108e-4
2026-09-26,21,2,wk inc rsv prop ed visits,2026-10-10,quantile,0.9,5.037120744854568e-4
2026-09-26,21,2,wk inc rsv prop ed visits,2026-10-10,quantile,0.95,6.255312851265282e-4
2026-09-26,21,2,wk inc rsv prop ed visits,2026-10-10,quantile,0.975,7.54244182954423e-4
2026-09-26,21,2,wk inc rsv prop ed visits,2026-10-10,quantile,0.99,9.359381174188514e-4
2026-09-26,22,-1,wk inc rsv prop ed visits,2026-09-19,quantile,0.01,1.5927837484178283e-4
2026-09-26,22,-1,wk inc rsv prop ed visits,2026-09-19,quantile,0.025,1.8831344155939214e-4
2026-09-26,22,-1,wk inc rsv prop ed visits,2026-09-19,quantile,0.05,2.0992433034795833e-4
2026-09-26,22,-1,wk inc rsv prop ed visits,2026-09-19,quantile,0.1,2.343510383545404e-4
2026-09-26,22,-1,wk inc rsv prop ed visits,2026-09-19,quantile,0.15,2.5163229682750475e-4
2026-09-26,22,-1,wk inc rsv prop ed visits,2026-09-19,quantile,0.2,2.684281123450455e-4
2026-09-26,22,-1,wk inc rsv prop ed visits,2026-09-19,quantile,0.25,2.8339461796188974e-4
2026-09-26,22,-1,wk inc rsv prop ed visits,2026-09-19,quantile,0.3,2.972077352936444e-4
2026-09-26,22,-1,wk inc rsv prop ed visits,2026-09-19,quantile,0.35,3.087266582397955e-4
2026-09-26,22,-1,wk inc rsv prop ed visits,2026-09-19,quantile,0.4,3.2085465663273113e-4
2026-09-26,22,-1,wk inc rsv prop ed visits,2026-09-19,quantile,0.45,3.3570484611638625e-4
2026-09-26,22,-1,wk inc rsv prop ed visits,2026-09-19,quantile,0.5,3.5127543416406425e-4
2026-09-26,22,-1,wk inc rsv prop ed visits,2026-09-19,quantile,0.55,3.681334015552735e-4
2026-09-26,22,-1,wk inc rsv prop ed visits,2026-09-19,quantile,0.6,3.828430638134112e-4
2026-09-26,22,-1,wk inc rsv prop ed visits,2026-09-19,quantile,0.65,4.0016266202212415e-4
2026-09-26,22,-1,wk inc rsv prop ed visits,2026-09-19,quantile,0.7,4.2149582895872504e-4
2026-09-26,22,-1,wk inc rsv prop ed visits,2026-09-19,quantile,0.75,4.3866388142395503e-4
2026-09-26,22,-1,wk inc rsv prop ed visits,2026-09-19,quantile,0.8,4.578618491400674e-4
2026-09-26,22,-1,wk inc rsv prop ed visits,2026-09-19,quantile,0.85,4.8089243905617793e-4
2026-09-26,22,-1,wk inc rsv prop ed visits,2026-09-19,quantile,0.9,5.162818512800675e-4
2026-09-26,22,-1,wk inc rsv prop ed visits,2026-09-19,quantile,0.95,5.730159673967072e-4
2026-09-26,22,-1,wk inc rsv prop ed visits,2026-09-19,quantile,0.975,6.271529374956927e-4
2026-09-26,22,-1,wk inc rsv prop ed visits,2026-09-19,quantile,0.99,7.25255838451112e-4
2026-09-26,22,0,wk inc rsv prop ed visits,2026-09-26,quantile,0.01,1.7652150754283037e-4
2026-09-26,22,0,wk inc rsv prop ed visits,2026-09-26,quantile,0.025,2.1489553640669851e-4
2026-09-26,22,0,wk inc rsv prop ed visits,2026-09-26,quantile,0.05,2.4586505495179177e-4
2026-09-26,22,0,wk inc rsv prop ed visits,2026-09-26,quantile,0.1,2.8304513225750464e-4
2026-09-26,22,0,wk inc rsv prop ed visits,2026-09-26,quantile,0.15,3.121681350209526e-4
2026-09-26,22,0,wk inc rsv prop ed visits,2026-09-26,quantile,0.2,3.32457192757052e-4
2026-09-26,22,0,wk inc rsv prop ed visits,2026-09-26,quantile,0.25,3.5590490029070016e-4
2026-09-26,22,0,wk inc rsv prop ed visits,2026-09-26,quantile,0.3,3.741639259430868e-4
2026-09-26,22,0,wk inc rsv prop ed visits,2026-09-26,quantile,0.35,3.9377822239681083e-4
2026-09-26,22,0,wk inc rsv prop ed visits,2026-09-26,quantile,0.4,4.1165145998249954e-4
2026-09-26,22,0,wk inc rsv prop ed visits,2026-09-26,quantile,0.45,4.2911432696698194e-4
2026-09-26,22,0,wk inc rsv prop ed visits,2026-09-26,quantile,0.5,4.480506882315768e-4
2026-09-26,22,0,wk inc rsv prop ed visits,2026-09-26,quantile,0.55,4.6471758546211083e-4
2026-09-26,22,0,wk inc rsv prop ed visits,2026-09-26,quantile,0.6,4.8362466838535335e-4
2026-09-26,22,0,wk inc rsv prop ed visits,2026-09-26,quantile,0.65,5.07149900792722e-4
2026-09-26,22,0,wk inc rsv prop ed visits,2026-09-26,quantile,0.7,5.295851666464379e-4
2026-09-26,22,0,wk inc rsv prop ed visits,2026-09-26,quantile,0.75,5.529648458085178e-4
2026-09-26,22,0,wk inc rsv prop ed visits,2026-09-26,quantile,0.8,5.838626915198274e-4
2026-09-26,22,0,wk inc rsv prop ed visits,2026-09-26,quantile,0.85,6.141690671206132e-4
2026-09-26,22,0,wk inc rsv prop ed visits,2026-09-26,quantile,0.9,6.563942162924159e-4
2026-09-26,22,0,wk inc rsv prop ed visits,2026-09-26,quantile,0.95,7.400548995488084e-4
2026-09-26,22,0,wk inc rsv prop ed visits,2026-09-26,quantile,0.975,8.239693800377578e-4
2026-09-26,22,0,wk inc rsv prop ed visits,2026-09-26,quantile,0.99,9.129703890409569e-4
2026-09-26,22,1,wk inc rsv prop ed visits,2026-10-03,quantile,0.01,1.8356142191065415e-4
2026-09-26,22,1,wk inc rsv prop ed visits,2026-10-03,quantile,0.025,2.203523686943759e-4
2026-09-26,22,1,wk inc rsv prop ed visits,2026-10-03,quantile,0.05,2.528208025331188e-4
2026-09-26,22,1,wk inc rsv prop ed visits,2026-10-03,quantile,0.1,3.0013336103238775e-4
2026-09-26,22,1,wk inc rsv prop ed visits,2026-10-03,quantile,0.15,3.3635887381254785e-4
2026-09-26,22,1,wk inc rsv prop ed visits,2026-10-03,quantile,0.2,3.6818596475626656e-4
2026-09-26,22,1,wk inc rsv prop ed visits,2026-10-03,quantile,0.25,3.9471464044343386e-4
2026-09-26,22,1,wk inc rsv prop ed visits,2026-10-03,quantile,0.3,4.174735792768722e-4
2026-09-26,22,1,wk inc rsv prop ed visits,2026-10-03,quantile,0.35,4.403608746207361e-4
2026-09-26,22,1,wk inc rsv prop ed visits,2026-10-03,quantile,0.4,4.673359621040642e-4
2026-09-26,22,1,wk inc rsv prop ed visits,2026-10-03,quantile,0.45,4.92137005251337e-4
2026-09-26,22,1,wk inc rsv prop ed visits,2026-10-03,quantile,0.5,5.147040552354249e-4
2026-09-26,22,1,wk inc rsv prop ed visits,2026-10-03,quantile,0.55,5.440592223800958e-4
2026-09-26,22,1,wk inc rsv prop ed visits,2026-10-03,quantile,0.6,5.709884682506111e-4
2026-09-26,22,1,wk inc rsv prop ed visits,2026-10-03,quantile,0.65,6.000567145907581e-4
2026-09-26,22,1,wk inc rsv prop ed visits,2026-10-03,quantile,0.7,6.34477252083772e-4
2026-09-26,22,1,wk inc rsv prop ed visits,2026-10-03,quantile,0.75,6.764373726176071e-4
2026-09-26,22,1,wk inc rsv prop ed visits,2026-10-03,quantile,0.8,7.193139454480001e-4
2026-09-26,22,1,wk inc rsv prop ed visits,2026-10-03,quantile,0.85,7.829257221579793e-4
2026-09-26,22,1,wk inc rsv prop ed visits,2026-10-03,quantile,0.9,8.594887288219876e-4
2026-09-26,22,1,wk inc rsv prop ed visits,2026-10-03,quantile,0.95,9.970907793862816e-4
2026-09-26,22,1,wk inc rsv prop ed visits,2026-10-03,quantile,0.975,0.0011174309495269991
2026-09-26,22,1,wk inc rsv prop ed visits,2026-10-03,quantile,0.99,0.001342473430133175
2026-09-26,22,2,wk inc rsv prop ed visits,2026-10-10,quantile,0.01,1.8031066486896537e-4
2026-09-26,22,2,wk inc rsv prop ed visits,2026-10-10,quantile,0.025,2.2224391837153193e-4
2026-09-26,22,2,wk inc rsv prop ed visits,2026-10-10,quantile,0.05,2.652484051568731e-4
2026-09-26,22,2,wk inc rsv prop ed visits,2026-10-10,quantile,0.1,3.155693726171601e-4
2026-09-26,22,2,wk inc rsv prop ed visits,2026-10-10,quantile,0.15,3.5600036582186003e-4
2026-09-26,22,2,wk inc rsv prop ed visits,2026-10-10,quantile,0.2,3.9275837639879364e-4
2026-09-26,22,2,wk inc rsv prop ed visits,2026-10-10,quantile,0.25,4.2529357041403706e-4
2026-09-26,22,2,wk inc rsv prop ed visits,2026-10-10,quantile,0.3,4.598736649701512e-4
2026-09-26,22,2,wk inc rsv prop ed visits,2026-10-10,quantile,0.35,4.964640753676632e-4
2026-09-26,22,2,wk inc rsv prop ed visits,2026-10-10,quantile,0.4,5.287172399052384e-4
2026-09-26,22,2,wk inc rsv prop ed visits,2026-10-10,quantile,0.45,5.664299428217519e-4
2026-09-26,22,2,wk inc rsv prop ed visits,2026-10-10,quantile,0.5,6.020855146933909e-4
2026-09-26,22,2,wk inc rsv prop ed visits,2026-10-10,quantile,0.55,6.448202233604965e-4
2026-09-26,22,2,wk inc rsv prop ed visits,2026-10-10,quantile,0.6,6.927326524671952e-4
2026-09-26,22,2,wk inc rsv prop ed visits,2026-10-10,quantile,0.65,7.37103143369007e-4
2026-09-26,22,2,wk inc rsv prop ed visits,2026-10-10,quantile,0.7,7.860815268012074e-4
2026-09-26,22,2,wk inc rsv prop ed visits,2026-10-10,quantile,0.75,8.505583196142985e-4
2026-09-26,22,2,wk inc rsv prop ed visits,2026-10-10,quantile,0.8,9.21845815430902e-4
2026-09-26,22,2,wk inc rsv prop ed visits,2026-10-10,quantile,0.85,0.0010405520992486299
2026-09-26,22,2,wk inc rsv prop ed visits,2026-10-10,quantile,0.9,0.0012073480742423738
2026-09-26,22,2,wk inc rsv prop ed visits,2026-10-10,quantile,0.95,0.001465070207947491
2026-09-26,22,2,wk inc rsv prop ed visits,2026-10-10,quantile,0.975,0.0018007299301637967
2026-09-26,22,2,wk inc rsv prop ed visits,2026-10-10,quantile,0.99,0.002341203595558058
2026-09-26,23,-1,wk inc rsv prop ed visits,2026-09-19,quantile,0.01,0
2026-09-26,23,-1,wk inc rsv prop ed visits,2026-09-19,quantile,0.025,0
2026-09-26,23,-1,wk inc rsv prop ed visits,2026-09-19,quantile,0.05,0
2026-09-26,23,-1,wk inc rsv prop ed visits,2026-09-19,quantile,0.1,0
2026-09-26,23,-1,wk inc rsv prop ed visits,2026-09-19,quantile,0.15,0
2026-09-26,23,-1,wk inc rsv prop ed visits,2026-09-19,quantile,0.2,0
2026-09-26,23,-1,wk inc rsv prop ed visits,2026-09-19,quantile,0.25,1.1307755162166068e-6
2026-09-26,23,-1,wk inc rsv prop ed visits,2026-09-19,quantile,0.3,3.2448928948571058e-6
2026-09-26,23,-1,wk inc rsv prop ed visits,2026-09-19,quantile,0.35,5.169838365392988e-6
2026-09-26,23,-1,wk inc rsv prop ed visits,2026-09-19,quantile,0.4,7.172513330590722e-6
2026-09-26,23,-1,wk inc rsv prop ed visits,2026-09-19,quantile,0.45,9.0319531750565e-6
2026-09-26,23,-1,wk inc rsv prop ed visits,2026-09-19,quantile,0.5,1.1174577828969241e-5
2026-09-26,23,-1,wk inc rsv prop ed visits,2026-09-19,quantile,0.55,1.3660402787404004e-5
2026-09-26,23,-1,wk inc rsv prop ed visits,2026-09-19,quantile,0.6,1.6118368240229197e-5
2026-09-26,23,-1,wk inc rsv prop ed visits,2026-09-19,quantile,0.65,1.9403007802399095e-5
2026-09-26,23,-1,wk inc rsv prop ed visits,2026-09-19,quantile,0.7,2.289692884537608e-5
2026-09-26,23,-1,wk inc rsv prop ed visits,2026-09-19,quantile,0.75,2.7628657183436485e-5
2026-09-26,23,-1,wk inc rsv prop ed visits,2026-09-19,quantile,0.8,3.329387000901127e-5
2026-09-26,23,-1,wk inc rsv prop ed visits,2026-09-19,quantile,0.85,7.161870675415184e-5
2026-09-26,23,-1,wk inc rsv prop ed visits,2026-09-19,quantile,0.9,8.085872262368552e-5
2026-09-26,23,-1,wk inc rsv prop ed visits,2026-09-19,quantile,0.95,1.0365883568198087e-4
2026-09-26,23,-1,wk inc rsv prop ed visits,2026-09-19,quantile,0.975,1.638449879685234e-4
2026-09-26,23,-1,wk inc rsv prop ed visits,2026-09-19,quantile,0.99,2.0168268822147117e-4
2026-09-26,23,0,wk inc rsv prop ed visits,2026-09-26,quantile,0.01,0
2026-09-26,23,0,wk inc rsv prop ed visits,2026-09-26,quantile,0.025,0
2026-09-26,23,0,wk inc rsv prop ed visits,2026-09-26,quantile,0.05,0
2026-09-26,23,0,wk inc rsv prop ed visits,2026-09-26,quantile,0.1,0
2026-09-26,23,0,wk inc rsv prop ed visits,2026-09-26,quantile,0.15,0
2026-09-26,23,0,wk inc rsv prop ed visits,2026-09-26,quantile,0.2,0
2026-09-26,23,0,wk inc rsv prop ed visits,2026-09-26,quantile,0.25,7.579808686881717e-7
2026-09-26,23,0,wk inc rsv prop ed visits,2026-09-26,quantile,0.3,2.638474336155924e-6
2026-09-26,23,0,wk inc rsv prop ed visits,2026-09-26,quantile,0.35,4.913132019740563e-6
2026-09-26,23,0,wk inc rsv prop ed visits,2026-09-26,quantile,0.4,7.251790165037053e-6
2026-09-26,23,0,wk inc rsv prop ed visits,2026-09-26,quantile,0.45,9.699097987942392e-6
2026-09-26,23,0,wk inc rsv prop ed visits,2026-09-26,quantile,0.5,1.1737336236431462e-5
2026-09-26,23,0,wk inc rsv prop ed visits,2026-09-26,quantile,0.55,1.455802482882569e-5
2026-09-26,23,0,wk inc rsv prop ed visits,2026-09-26,quantile,0.6,1.7209107107657915e-5
2026-09-26,23,0,wk inc rsv prop ed visits,2026-09-26,quantile,0.65,2.041826888443053e-5
2026-09-26,23,0,wk inc rsv prop ed visits,2026-09-26,quantile,0.7,2.4545558848360542e-5
2026-09-26,23,0,wk inc rsv prop ed visits,2026-09-26,quantile,0.75,2.9919588484736957e-5
2026-09-26,23,0,wk inc rsv prop ed visits,2026-09-26,quantile,0.8,3.580043496602472e-5
2026-09-26,23,0,wk inc rsv prop ed visits,2026-09-26,quantile,0.85,4.459405938698753e-5
2026-09-26,23,0,wk inc rsv prop ed visits,2026-09-26,quantile,0.9,8.898252130535229e-5
2026-09-26,23,0,wk inc rsv prop ed visits,2026-09-26,quantile,0.95,1.1216551172351287e-4
2026-09-26,23,0,wk inc rsv prop ed visits,2026-09-26,quantile,0.975,1.4175640570529343e-4
2026-09-26,23,0,wk inc rsv prop ed visits,2026-09-26,quantile,0.99,2.1927265571896883e-4
2026-09-26,23,1,wk inc rsv prop ed visits,2026-10-03,quantile,0.01,0
2026-09-26,23,1,wk inc rsv prop ed visits,2026-10-03,quantile,0.025,0
2026-09-26,23,1,wk inc rsv prop ed visits,2026-10-03,quantile,0.05,0
2026-09-26,23,1,wk inc rsv prop ed visits,2026-10-03,quantile,0.1,0
2026-09-26,23,1,wk inc rsv prop ed visits,2026-10-03,quantile,0.15,0
2026-09-26,23,1,wk inc rsv prop ed visits,2026-10-03,quantile,0.2,0
2026-09-26,23,1,wk inc rsv prop ed visits,2026-10-03,quantile,0.25,1.1246910738511336e-6
2026-09-26,23,1,wk inc rsv prop ed visits,2026-10-03,quantile,0.3,3.3481590324998697e-6
2026-09-26,23,1,wk inc rsv prop ed visits,2026-10-03,quantile,0.35,5.396120879940231e-6
2026-09-26,23,1,wk inc rsv prop ed visits,2026-10-03,quantile,0.4,7.98477825310105e-6
2026-09-26,23,1,wk inc rsv prop ed visits,2026-10-03,quantile,0.45,1.0468835640880421e-5
2026-09-26,23,1,wk inc rsv prop ed visits,2026-10-03,quantile,0.5,1.3252042159028955e-5
2026-09-26,23,1,wk inc rsv prop ed visits,2026-10-03,quantile,0.55,1.6043559076288366e-5
2026-09-26,23,1,wk inc rsv prop ed visits,2026-10-03,quantile,0.6,1.9086988596054763e-5
2026-09-26,23,1,wk inc rsv prop ed visits,2026-10-03,quantile,0.65,2.247992807166076e-5
2026-09-26,23,1,wk inc rsv prop ed visits,2026-10-03,quantile,0.7,2.689006448246962e-5
2026-09-26,23,1,wk inc rsv prop ed visits,2026-10-03,quantile,0.75,3.209712725579661e-5
2026-09-26,23,1,wk inc rsv prop ed visits,2026-10-03,quantile,0.8,3.833915896131175e-5
2026-09-26,23,1,wk inc rsv prop ed visits,2026-10-03,quantile,0.85,4.7659701149820074e-5
2026-09-26,23,1,wk inc rsv prop ed visits,2026-10-03,quantile,0.9,9.593604628725219e-5
2026-09-26,23,1,wk inc rsv prop ed visits,2026-10-03,quantile,0.95,1.295572353145654e-4
2026-09-26,23,1,wk inc rsv prop ed visits,2026-10-03,quantile,0.975,1.6773561246315118e-4
2026-09-26,23,1,wk inc rsv prop ed visits,2026-10-03,quantile,0.99,0.00024966171393374684
2026-09-26,23,2,wk inc rsv prop ed visits,2026-10-10,quantile,0.01,0
2026-09-26,23,2,wk inc rsv prop ed visits,2026-10-10,quantile,0.025,0
2026-09-26,23,2,wk inc rsv prop ed visits,2026-10-10,quantile,0.05,0
2026-09-26,23,2,wk inc rsv prop ed visits,2026-10-10,quantile,0.1,0
2026-09-26,23,2,wk inc rsv prop ed visits,2026-10-10,quantile,0.15,0
2026-09-26,23,2,wk inc rsv prop ed visits,2026-10-10,quantile,0.2,0
2026-09-26,23,2,wk inc rsv prop ed visits,2026-10-10,quantile,0.25,8.000959302805425e-7
2026-09-26,23,2,wk inc rsv prop ed visits,2026-10-10,quantile,0.3,3.04675962235228e-6
2026-09-26,23,2,wk inc rsv prop ed visits,2026-10-10,quantile,0.35,5.295348789052478e-6
2026-09-26,23,2,wk inc rsv prop ed visits,2026-10-10,quantile,0.4,7.476945559078726e-6
2026-09-26,23,2,wk inc rsv prop ed visits,2026-10-10,quantile,0.45,1.0043055502583065e-5
2026-09-26,23,2,wk inc rsv prop ed visits,2026-10-10,quantile,0.5,1.2854399698957911e-5
2026-09-26,23,2,wk inc rsv prop ed visits,2026-10-10,quantile,0.55,1.6320507451554175e-5
2026-09-26,23,2,wk inc rsv prop ed visits,2026-10-10,quantile,0.6,1.929915966057975e-5
2026-09-26,23,2,wk inc rsv prop ed visits,2026-10-10,quantile,0.65,2.328187059852926e-5
2026-09-26,23,2,wk inc rsv prop ed visits,2026-10-10,quantile,0.7,2.800852343032308e-5
2026-09-26,23,2,wk inc rsv prop ed visits,2026-10-10,quantile,0.75,3.347386378943813e-5
2026-09-26,23,2,wk inc rsv prop ed visits,2026-10-10,quantile,0.8,4.0206411408276066e-5
2026-09-26,23,2,wk inc rsv prop ed visits,2026-10-10,quantile,0.85,5.1039345958215306e-5
2026-09-26,23,2,wk inc rsv prop ed visits,2026-10-10,quantile,0.9,9.701286531484086e-5
2026-09-26,23,2,wk inc rsv prop ed visits,2026-10-10,quantile,0.95,1.270703398819684e-4
2026-09-26,23,2,wk inc rsv prop ed visits,2026-10-10,quantile,0.975,1.8119706223578472e-4
2026-09-26,23,2,wk inc rsv prop ed visits,2026-10-10,quantile,0.99,2.765384155730764e-4
2026-09-26,24,-1,wk inc rsv prop ed visits,2026-09-19,quantile,0.01,3.0007173163943382e-5
2026-09-26,24,-1,wk inc rsv prop ed visits,2026-09-19,quantile,0.025,3.4812431508002274e-5
2026-09-26,24,-1,wk inc rsv prop ed visits,2026-09-19,quantile,0.05,3.880165033985059e-5
2026-09-26,24,-1,wk inc rsv prop ed visits,2026-09-19,quantile,0.1,4.467285006038859e-5
2026-09-26,24,-1,wk inc rsv prop ed visits,2026-09-19,quantile,0.15,4.999720648744588e-5
2026-09-26,24,-1,wk inc rsv prop ed visits,2026-09-19,quantile,0.2,5.414034969152443e-5
2026-09-26,24,-1,wk inc rsv prop ed visits,2026-09-19,quantile,0.25,5.800240996273247e-5
2026-09-26,24,-1,wk inc rsv prop ed visits,2026-09-19,quantile,0.3,6.198416717282643e-5
2026-09-26,24,-1,wk inc rsv prop ed visits,2026-09-19,quantile,0.35,6.596129548516905e-5
2026-09-26,24,-1,wk inc rsv prop ed visits,2026-09-19,quantile,0.4,6.950117207815421e-5
2026-09-26,24,-1,wk inc rsv prop ed visits,2026-09-19,quantile,0.45,7.324210967538862e-5
2026-09-26,24,-1,wk inc rsv prop ed visits,2026-09-19,quantile,0.5,7.746094132433533e-5
2026-09-26,24,-1,wk inc rsv prop ed visits,2026-09-19,quantile,0.55,8.204512223677686e-5
2026-09-26,24,-1,wk inc rsv prop ed visits,2026-09-19,quantile,0.6,8.74038765487608e-5
2026-09-26,24,-1,wk inc rsv prop ed visits,2026-09-19,quantile,0.65,9.273124979311515e-5
2026-09-26,24,-1,wk inc rsv prop ed visits,2026-09-19,quantile,0.7,9.961642441586393e-5
2026-09-26,24,-1,wk inc rsv prop ed visits,2026-09-19,quantile,0.75,1.0851768354727136e-4
2026-09-26,24,-1,wk inc rsv prop ed visits,2026-09-19,quantile,0.8,1.1834768840766102e-4
2026-09-26,24,-1,wk inc rsv prop ed visits,2026-09-19,quantile,0.85,1.3227919159269062e-4
2026-09-26,24,-1,wk inc rsv prop ed visits,2026-09-19,quantile,0.9,1.516287689951396e-4
2026-09-26,24,-1,wk inc rsv prop ed visits,2026-09-19,quantile,0.95,1.8278320707455463e-4
2026-09-26,24,-1,wk inc rsv prop ed visits,2026-09-19,quantile,0.975,2.1371850032252506e-4
2026-09-26,24,-1,wk inc rsv prop ed visits,2026-09-19,quantile,0.99,2.508144175185276e-4
2026-09-26,24,0,wk inc rsv prop ed visits,2026-09-26,quantile,0.01,1.586084832890447e-5
2026-09-26,24,0,wk inc rsv prop ed visits,2026-09-26,quantile,0.025,1.8532725979388694e-5
2026-09-26,24,0,wk inc rsv prop ed visits,2026-09-26,quantile,0.05,3.269617100118902e-5
2026-09-26,24,0,wk inc rsv prop ed visits,2026-09-26,quantile,0.1,3.724667740959943e-5
2026-09-26,24,0,wk inc rsv prop ed visits,2026-09-26,quantile,0.15,5.2089015883275505e-5
2026-09-26,24,0,wk inc rsv prop ed visits,2026-09-26,quantile,0.2,5.5813018780289514e-5
2026-09-26,24,0,wk inc rsv prop ed visits,2026-09-26,quantile,0.25,5.878059472443306e-5
2026-09-26,24,0,wk inc rsv prop ed visits,2026-09-26,quantile,0.3,7.22939342002622e-5
2026-09-26,24,0,wk inc rsv prop ed visits,2026-09-26,quantile,0.35,7.576916408887977e-5
2026-09-26,24,0,wk inc rsv prop ed visits,2026-09-26,quantile,0.4,7.926635013434431e-5
2026-09-26,24,0,wk inc rsv prop ed visits,2026-09-26,quantile,0.45,9.238511907655298e-5
2026-09-26,24,0,wk inc rsv prop ed visits,2026-09-26,quantile,0.5,9.616125635909059e-5
2026-09-26,24,0,wk inc rsv prop ed visits,2026-09-26,quantile,0.55,1.00294719663761e-4
2026-09-26,24,0,wk inc rsv prop ed visits,2026-09-26,quantile,0.6,1.150415859837277e-4
2026-09-26,24,0,wk inc rsv prop ed visits,2026-09-26,quantile,0.65,1.1961968528954894e-4
2026-09-26,24,0,wk inc rsv prop ed visits,2026-09-26,quantile,0.7,1.347073717804835e-4
2026-09-26,24,0,wk inc rsv prop ed visits,2026-09-26,quantile,0.75,1.4080538470995273e-4
2026-09-26,24,0,wk inc rsv prop ed visits,2026-09-26,quantile,0.8,1.5885991780950387e-4
2026-09-26,24,0,wk inc rsv prop ed visits,2026-09-26,quantile,0.85,1.7792469999896568e-4
2026-09-26,24,0,wk inc rsv prop ed visits,2026-09-26,quantile,0.9,2.0097572703628287e-4
2026-09-26,24,0,wk inc rsv prop ed visits,2026-09-26,quantile,0.95,2.40368110046182e-4
2026-09-26,24,0,wk inc rsv prop ed visits,2026-09-26,quantile,0.975,2.8788530244023777e-4
2026-09-26,24,0,wk inc rsv prop ed visits,2026-09-26,quantile,0.99,3.4930722226738547e-4
2026-09-26,24,1,wk inc rsv prop ed visits,2026-10-03,quantile,0.01,1.7884594329283826e-5
2026-09-26,24,1,wk inc rsv prop ed visits,2026-10-03,quantile,0.025,2.0729974973152313e-5
2026-09-26,24,1,wk inc rsv prop ed visits,2026-10-03,quantile,0.05,2.5134592266520763e-5
2026-09-26,24,1,wk inc rsv prop ed visits,2026-10-03,quantile,0.1,4.188395652419986e-5
2026-09-26,24,1,wk inc rsv prop ed visits,2026-10-03,quantile,0.15,4.711122954233516e-5
2026-09-26,24,1,wk inc rsv prop ed visits,2026-10-03,quantile,0.2,6.24120524352211e-5
2026-09-26,24,1,wk inc rsv prop ed visits,2026-10-03,quantile,0.25,6.673762878770049e-5
2026-09-26,24,1,wk inc rsv prop ed visits,2026-10-03,quantile,0.3,7.110102186682067e-5
2026-09-26,24,1,wk inc rsv prop ed visits,2026-10-03,quantile,0.35,8.597958636826592e-5
2026-09-26,24,1,wk inc rsv prop ed visits,2026-10-03,quantile,0.4,9.073511158080368e-5
2026-09-26,24,1,wk inc rsv prop ed visits,2026-10-03,quantile,0.45,9.568142276114843e-5
2026-09-26,24,1,wk inc rsv prop ed visits,2026-10-03,quantile,0.5,1.1123275639443456e-4
2026-09-26,24,1,wk inc rsv prop ed visits,2026-10-03,quantile,0.55,1.1616882985030957e-4
2026-09-26,24,1,wk inc rsv prop ed visits,2026-10-03,quantile,0.6,1.3178178705436532e-4
2026-09-26,24,1,wk inc rsv prop ed visits,2026-10-03,quantile,0.65,1.3893162530729435e-4
2026-09-26,24,1,wk inc rsv prop ed visits,2026-10-03,quantile,0.7,1.5590305496641932e-4
2026-09-26,24,1,wk inc rsv prop ed visits,2026-10-03,quantile,0.75,1.6367941898521703e-4
2026-09-26,24,1,wk inc rsv prop ed visits,2026-10-03,quantile,0.8,1.8402962200322334e-4
2026-09-26,24,1,wk inc rsv prop ed visits,2026-10-03,quantile,0.85,2.0875064753726296e-4
2026-09-26,24,1,wk inc rsv prop ed visits,2026-10-03,quantile,0.9,2.3553930209066316e-4
2026-09-26,24,1,wk inc rsv prop ed visits,2026-10-03,quantile,0.95,2.856073945082728e-4
2026-09-26,24,1,wk inc rsv prop ed visits,2026-10-03,quantile,0.975,3.644826286906572e-4
2026-09-26,24,1,wk inc rsv prop ed visits,2026-10-03,quantile,0.99,4.516494461132006e-4
2026-09-26,24,2,wk inc rsv prop ed visits,2026-10-10,quantile,0.01,1.7515280328405313e-5
2026-09-26,24,2,wk inc rsv prop ed visits,2026-10-10,quantile,0.025,2.4048333893493983e-5
2026-09-26,24,2,wk inc rsv prop ed visits,2026-10-10,quantile,0.05,2.917910999577908e-5
2026-09-26,24,2,wk inc rsv prop ed visits,2026-10-10,quantile,0.1,3.767742031872889e-5
2026-09-26,24,2,wk inc rsv prop ed visits,2026-10-10,quantile,0.15,5.536936201568178e-5
2026-09-26,24,2,wk inc rsv prop ed visits,2026-10-10,quantile,0.2,6.167849003863306e-5
2026-09-26,24,2,wk inc rsv prop ed visits,2026-10-10,quantile,0.25,7.640024356705453e-5
2026-09-26,24,2,wk inc rsv prop ed visits,2026-10-10,quantile,0.3,8.19699390272189e-5
2026-09-26,24,2,wk inc rsv prop ed visits,2026-10-10,quantile,0.35,8.772347079876228e-5
2026-09-26,24,2,wk inc rsv prop ed visits,2026-10-10,quantile,0.4,1.031864221224601e-4
2026-09-26,24,2,wk inc rsv prop ed visits,2026-10-10,quantile,0.45,1.0903363850556488e-4
2026-09-26,24,2,wk inc rsv prop ed visits,2026-10-10,quantile,0.5,1.1545132800339707e-4
2026-09-26,24,2,wk inc rsv prop ed visits,2026-10-10,quantile,0.55,1.3244965295365526e-4
2026-09-26,24,2,wk inc rsv prop ed visits,2026-10-10,quantile,0.6,1.3983530208673566e-4
2026-09-26,24,2,wk inc rsv prop ed visits,2026-10-10,quantile,0.65,1.590448374311893e-4
2026-09-26,24,2,wk inc rsv prop ed visits,2026-10-10,quantile,0.7,1.6876167262720124e-4
2026-09-26,24,2,wk inc rsv prop ed visits,2026-10-10,quantile,0.75,1.8971205147777945e-4
2026-09-26,24,2,wk inc rsv prop ed visits,2026-10-10,quantile,0.8,2.1423382317506645e-4
2026-09-26,24,2,wk inc rsv prop ed visits,2026-10-10,quantile,0.85,2.4268764994966115e-4
2026-09-26,24,2,wk inc rsv prop ed visits,2026-10-10,quantile,0.9,2.857697037371855e-4
2026-09-26,24,2,wk inc rsv prop ed visits,2026-10-10,quantile,0.95,3.6386336911429585e-4
2026-09-26,24,2,wk inc rsv prop ed visits,2026-10-10,quantile,0.975,4.6842307306802557e-4
2026-09-26,24,2,wk inc rsv prop ed visits,2026-10-10,quantile,0.99,6.281195240966142e-4
2026-09-26,25,-1,wk inc rsv prop ed visits,2026-09-19,quantile,0.01,5.5831484725603976e-5
2026-09-26,25,-1,wk inc rsv prop ed visits,2026-09-19,quantile,0.025,6.228975100259437e-5
2026-09-26,25,-1,wk inc rsv prop ed visits,2026-09-19,quantile,0.05,7.079230255089384e-5
2026-09-26,25,-1,wk inc rsv prop ed visits,2026-09-19,quantile,0.1,7.927616971463509e-5
2026-09-26,25,-1,wk inc rsv prop ed visits,2026-09-19,quantile,0.15,8.490544840797822e-5
2026-09-26,25,-1,wk inc rsv prop ed visits,2026-09-19,quantile,0.2,9.045536524056601e-5
2026-09-26,25,-1,wk inc rsv prop ed visits,2026-09-19,quantile,0.25,9.575114506849373e-5
2026-09-26,25,-1,wk inc rsv prop ed visits,2026-09-19,quantile,0.3,9.995453907470848e-5
2026-09-26,25,-1,wk inc rsv prop ed visits,2026-09-19,quantile,0.35,1.04345475407296e-4
2026-09-26,25,-1,wk inc rsv prop ed visits,2026-09-19,quantile,0.4,1.083842780361067e-4
2026-09-26,25,-1,wk inc rsv prop ed visits,2026-09-19,quantile,0.45,1.1198509016282348e-4
2026-09-26,25,-1,wk inc rsv prop ed visits,2026-09-19,quantile,0.5,1.1581379498038226e-4
2026-09-26,25,-1,wk inc rsv prop ed visits,2026-09-19,quantile,0.55,1.2007136367416969e-4
2026-09-26,25,-1,wk inc rsv prop ed visits,2026-09-19,quantile,0.6,1.2542383597150482e-4
2026-09-26,25,-1,wk inc rsv prop ed visits,2026-09-19,quantile,0.65,1.2973906241547266e-4
2026-09-26,25,-1,wk inc rsv prop ed visits,2026-09-19,quantile,0.7,1.3490564185079948e-4
2026-09-26,25,-1,wk inc rsv prop ed visits,2026-09-19,quantile,0.75,1.4109928480994207e-4
2026-09-26,25,-1,wk inc rsv prop ed visits,2026-09-19,quantile,0.8,1.474669805522473e-4
2026-09-26,25,-1,wk inc rsv prop ed visits,2026-09-19,quantile,0.85,1.5520172216782624e-4
2026-09-26,25,-1,wk inc rsv prop ed visits,2026-09-19,quantile,0.9,1.689256783040573e-4
2026-09-26,25,-1,wk inc rsv prop ed visits,2026-09-19,quantile,0.95,1.8667053934000685e-4
2026-09-26,25,-1,wk inc rsv prop ed visits,2026-09-19,quantile,0.975,2.0317286460641752e-4
2026-09-26,25,-1,wk inc rsv prop ed visits,2026-09-19,quantile,0.99,2.2724377684556313e-4
2026-09-26,25,0,wk inc rsv prop ed visits,2026-09-26,quantile,0.01,3.6910334170066954e-5
2026-09-26,25,0,wk inc rsv prop ed visits,2026-09-26,quantile,0.025,4.0712386821139416e-5
2026-09-26,25,0,wk inc rsv prop ed visits,2026-09-26,quantile,0.05,5.266026698577912e-5
2026-09-26,25,0,wk inc rsv prop ed visits,2026-09-26,quantile,0.1,6.49328182657377e-5
2026-09-26,25,0,wk inc rsv prop ed visits,2026-09-26,quantile,0.15,6.930797117586966e-5
2026-09-26,25,0,wk inc rsv prop ed visits,2026-09-26,quantile,0.2,7.993787768657136e-5
2026-09-26,25,0,wk inc rsv prop ed visits,2026-09-26,quantile,0.25,8.363791649471825e-5
2026-09-26,25,0,wk inc rsv prop ed visits,2026-09-26,quantile,0.3,9.37668270233755e-5
2026-09-26,25,0,wk inc rsv prop ed visits,2026-09-26,quantile,0.35,9.720383041814522e-5
2026-09-26,25,0,wk inc rsv prop ed visits,2026-09-26,quantile,0.4,1.0641832339183447e-4
2026-09-26,25,0,wk inc rsv prop ed visits,2026-09-26,quantile,0.45,1.0971752548471651e-4
2026-09-26,25,0,wk inc rsv prop ed visits,2026-09-26,quantile,0.5,1.1813793262290537e-4
2026-09-26,25,0,wk inc rsv prop ed visits,2026-09-26,quantile,0.55,1.2291700424081988e-4
2026-09-26,25,0,wk inc rsv prop ed visits,2026-09-26,quantile,0.6,0.00012681525105534354
2026-09-26,25,0,wk inc rsv prop ed visits,2026-09-26,quantile,0.65,1.3668868348864563e-4
2026-09-26,25,0,wk inc rsv prop ed visits,2026-09-26,quantile,0.7,1.4278765279438277e-4
2026-09-26,25,0,wk inc rsv prop ed visits,2026-09-26,quantile,0.75,1.5329504482755222e-4
2026-09-26,25,0,wk inc rsv prop ed visits,2026-09-26,quantile,0.8,1.6599818059809225e-4
2026-09-26,25,0,wk inc rsv prop ed visits,2026-09-26,quantile,0.85,1.799387992665816e-4
2026-09-26,25,0,wk inc rsv prop ed visits,2026-09-26,quantile,0.9,1.9805262373022046e-4
2026-09-26,25,0,wk inc rsv prop ed visits,2026-09-26,quantile,0.95,2.2878806011887972e-4
2026-09-26,25,0,wk inc rsv prop ed visits,2026-09-26,quantile,0.975,2.617370917040614e-4
2026-09-26,25,0,wk inc rsv prop ed visits,2026-09-26,quantile,0.99,2.907123226262242e-4
2026-09-26,25,1,wk inc rsv prop ed visits,2026-10-03,quantile,0.01,2.8255292702270607e-5
2026-09-26,25,1,wk inc rsv prop ed visits,2026-10-03,quantile,0.025,4.152052699078473e-5
2026-09-26,25,1,wk inc rsv prop ed visits,2026-10-03,quantile,0.05,5.3295929389082435e-5
2026-09-26,25,1,wk inc rsv prop ed visits,2026-10-03,quantile,0.1,5.9531446788710246e-5
2026-09-26,25,1,wk inc rsv prop ed visits,2026-10-03,quantile,0.15,7.12106458538174e-5
2026-09-26,25,1,wk inc rsv prop ed visits,2026-10-03,quantile,0.2,8.263089702380117e-5
2026-09-26,25,1,wk inc rsv prop ed visits,2026-10-03,quantile,0.25,8.75865274638847e-5
2026-09-26,25,1,wk inc rsv prop ed visits,2026-10-03,quantile,0.3,9.147931485381221e-5
2026-09-26,25,1,wk inc rsv prop ed visits,2026-10-03,quantile,0.35,1.017834446559975e-4
2026-09-26,25,1,wk inc rsv prop ed visits,2026-10-03,quantile,0.4,1.0625762040150337e-4
2026-09-26,25,1,wk inc rsv prop ed visits,2026-10-03,quantile,0.45,1.1608062375216153e-4
2026-09-26,25,1,wk inc rsv prop ed visits,2026-10-03,quantile,0.5,1.2143319048545467e-4
2026-09-26,25,1,wk inc rsv prop ed visits,2026-10-03,quantile,0.55,1.3163681075561317e-4
2026-09-26,25,1,wk inc rsv prop ed visits,2026-10-03,quantile,0.6,1.418750952542117e-4
2026-09-26,25,1,wk inc rsv prop ed visits,2026-10-03,quantile,0.65,1.4707539473998195e-4
2026-09-26,25,1,wk inc rsv prop ed visits,2026-10-03,quantile,0.7,1.5884927261010498e-4
2026-09-26,25,1,wk inc rsv prop ed visits,2026-10-03,quantile,0.75,1.7104620010881393e-4
2026-09-26,25,1,wk inc rsv prop ed visits,2026-10-03,quantile,0.8,1.8601770388884564e-4
2026-09-26,25,1,wk inc rsv prop ed visits,2026-10-03,quantile,0.85,2.0328785212002886e-4
2026-09-26,25,1,wk inc rsv prop ed visits,2026-10-03,quantile,0.9,2.2775501088430347e-4
2026-09-26,25,1,wk inc rsv prop ed visits,2026-10-03,quantile,0.95,2.770561134199393e-4
2026-09-26,25,1,wk inc rsv prop ed visits,2026-10-03,quantile,0.975,3.289878749946413e-4
2026-09-26,25,1,wk inc rsv prop ed visits,2026-10-03,quantile,0.99,4.0096712414200875e-4
2026-09-26,25,2,wk inc rsv prop ed visits,2026-10-10,quantile,0.01,2.9947309890559936e-5
2026-09-26,25,2,wk inc rsv prop ed visits,2026-10-10,quantile,0.025,4.306376455942714e-5
2026-09-26,25,2,wk inc rsv prop ed visits,2026-10-10,quantile,0.05,4.865795975782594e-5
2026-09-26,25,2,wk inc rsv prop ed visits,2026-10-10,quantile,0.1,6.406187509721075e-5
2026-09-26,25,2,wk inc rsv prop ed visits,2026-10-10,quantile,0.15,7.652967062056724e-5
2026-09-26,25,2,wk inc rsv prop ed visits,2026-10-10,quantile,0.2,8.1729504914566e-5
2026-09-26,25,2,wk inc rsv prop ed visits,2026-10-10,quantile,0.25,9.326239520224585e-5
2026-09-26,25,2,wk inc rsv prop ed visits,2026-10-10,quantile,0.3,9.907329316393695e-5
2026-09-26,25,2,wk inc rsv prop ed visits,2026-10-10,quantile,0.35,1.1071860589344698e-4
2026-09-26,25,2,wk inc rsv prop ed visits,2026-10-10,quantile,0.4,1.1586798813675431e-4
2026-09-26,25,2,wk inc rsv prop ed visits,2026-10-10,quantile,0.45,1.2730803044438697e-4
2026-09-26,25,2,wk inc rsv prop ed visits,2026-10-10,quantile,0.5,1.332657125783481e-4
2026-09-26,25,2,wk inc rsv prop ed visits,2026-10-10,quantile,0.55,1.446050788654309e-4
2026-09-26,25,2,wk inc rsv prop ed visits,2026-10-10,quantile,0.6,1.5589691781632656e-4
2026-09-26,25,2,wk inc rsv prop ed visits,2026-10-10,quantile,0.65,1.6493040874430499e-4
2026-09-26,25,2,wk inc rsv prop ed visits,2026-10-10,quantile,0.7,1.7831694883885062e-4
2026-09-26,25,2,wk inc rsv prop ed visits,2026-10-10,quantile,0.75,1.955529507377049e-4
2026-09-26,25,2,wk inc rsv prop ed visits,2026-10-10,quantile,0.8,2.1343054323978646e-4
2026-09-26,25,2,wk inc rsv prop ed visits,2026-10-10,quantile,0.85,2.38325249327193e-4
2026-09-26,25,2,wk inc rsv prop ed visits,2026-10-10,quantile,0.9,2.73327071644352e-4
2026-09-26,25,2,wk inc rsv prop ed visits,2026-10-10,quantile,0.95,3.3722284422140945e-4
2026-09-26,25,2,wk inc rsv prop ed visits,2026-10-10,quantile,0.975,4.09454020894716e-4
2026-09-26,25,2,wk inc rsv prop ed visits,2026-10-10,quantile,0.99,5.490679290562545e-4
2026-09-26,26,-1,wk inc rsv prop ed visits,2026-09-19,quantile,0.01,5.352470403941432e-5
2026-09-26,26,-1,wk inc rsv prop ed visits,2026-09-19,quantile,0.025,6.201133002885623e-5
2026-09-26,26,-1,wk inc rsv prop ed visits,2026-09-19,quantile,0.05,6.957052083702448e-5
2026-09-26,26,-1,wk inc rsv prop ed visits,2026-09-19,quantile,0.1,7.720774623150951e-5
2026-09-26,26,-1,wk inc rsv prop ed visits,2026-09-19,quantile,0.15,8.366695653210982e-5
2026-09-26,26,-1,wk inc rsv prop ed visits,2026-09-19,quantile,0.2,8.99535647524497e-5
2026-09-26,26,-1,wk inc rsv prop ed visits,2026-09-19,quantile,0.25,9.568797928962988e-5
2026-09-26,26,-1,wk inc rsv prop ed visits,2026-09-19,quantile,0.3,1.012379335387915e-4
2026-09-26,26,-1,wk inc rsv prop ed visits,2026-09-19,quantile,0.35,1.0624535198212586e-4
2026-09-26,26,-1,wk inc rsv prop ed visits,2026-09-19,quantile,0.4,1.1194416061415416e-4
2026-09-26,26,-1,wk inc rsv prop ed visits,2026-09-19,quantile,0.45,1.1678868779298223e-4
2026-09-26,26,-1,wk inc rsv prop ed visits,2026-09-19,quantile,0.5,1.2168568010237243e-4
2026-09-26,26,-1,wk inc rsv prop ed visits,2026-09-19,quantile,0.55,1.2708601371305594e-4
2026-09-26,26,-1,wk inc rsv prop ed visits,2026-09-19,quantile,0.6,1.3353659770000995e-4
2026-09-26,26,-1,wk inc rsv prop ed visits,2026-09-19,quantile,0.65,1.394756101646944e-4
2026-09-26,26,-1,wk inc rsv prop ed visits,2026-09-19,quantile,0.7,1.4552309871358578e-4
2026-09-26,26,-1,wk inc rsv prop ed visits,2026-09-19,quantile,0.75,1.5350025993596077e-4
2026-09-26,26,-1,wk inc rsv prop ed visits,2026-09-19,quantile,0.8,1.6165346071748474e-4
2026-09-26,26,-1,wk inc rsv prop ed visits,2026-09-19,quantile,0.85,1.7207673357669061e-4
2026-09-26,26,-1,wk inc rsv prop ed visits,2026-09-19,quantile,0.9,1.8602891219521547e-4
2026-09-26,26,-1,wk inc rsv prop ed visits,2026-09-19,quantile,0.95,2.1443523627749254e-4
2026-09-26,26,-1,wk inc rsv prop ed visits,2026-09-19,quantile,0.975,2.3650971812654096e-4
2026-09-26,26,-1,wk inc rsv prop ed visits,2026-09-19,quantile,0.99,2.7399479778744175e-4
2026-09-26,26,0,wk inc rsv prop ed visits,2026-09-26,quantile,0.01,5.1159587664288064e-5
2026-09-26,26,0,wk inc rsv prop ed visits,2026-09-26,quantile,0.025,5.9649246867264015e-5
2026-09-26,26,0,wk inc rsv prop ed visits,2026-09-26,quantile,0.05,6.591587459128912e-5
2026-09-26,26,0,wk inc rsv prop ed visits,2026-09-26,quantile,0.1,8.217242828998704e-5
2026-09-26,26,0,wk inc rsv prop ed visits,2026-09-26,quantile,0.15,9.148264827133431e-5
2026-09-26,26,0,wk inc rsv prop ed visits,2026-09-26,quantile,0.2,1.0042659965129626e-4
2026-09-26,26,0,wk inc rsv prop ed visits,2026-09-26,quantile,0.25,1.0835100511706818e-4
2026-09-26,26,0,wk inc rsv prop ed visits,2026-09-26,quantile,0.3,1.1425713354977677e-4
2026-09-26,26,0,wk inc rsv prop ed visits,2026-09-26,quantile,0.35,1.221027139739207e-4
2026-09-26,26,0,wk inc rsv prop ed visits,2026-09-26,quantile,0.4,1.298789762088492e-4
2026-09-26,26,0,wk inc rsv prop ed visits,2026-09-26,quantile,0.45,1.3587206542698435e-4
2026-09-26,26,0,wk inc rsv prop ed visits,2026-09-26,quantile,0.5,1.4255287864432898e-4
2026-09-26,26,0,wk inc rsv prop ed visits,2026-09-26,quantile,0.55,1.5174450757821133e-4
2026-09-26,26,0,wk inc rsv prop ed visits,2026-09-26,quantile,0.6,1.6009790941228001e-4
2026-09-26,26,0,wk inc rsv prop ed visits,2026-09-26,quantile,0.65,1.6929771556680362e-4
2026-09-26,26,0,wk inc rsv prop ed visits,2026-09-26,quantile,0.7,1.7857233597226877e-4
2026-09-26,26,0,wk inc rsv prop ed visits,2026-09-26,quantile,0.75,1.8809177398524383e-4
2026-09-26,26,0,wk inc rsv prop ed visits,2026-09-26,quantile,0.8,2.0101208469203505e-4
2026-09-26,26,0,wk inc rsv prop ed visits,2026-09-26,quantile,0.85,2.18763421395612e-4
2026-09-26,26,0,wk inc rsv prop ed visits,2026-09-26,quantile,0.9,2.4011859077798311e-4
2026-09-26,26,0,wk inc rsv prop ed visits,2026-09-26,quantile,0.95,2.7788016198418343e-4
2026-09-26,26,0,wk inc rsv prop ed visits,2026-09-26,quantile,0.975,3.0834422985336974e-4
2026-09-26,26,0,wk inc rsv prop ed visits,2026-09-26,quantile,0.99,3.544545164995849e-4
2026-09-26,26,1,wk inc rsv prop ed visits,2026-10-03,quantile,0.01,4.424953561089642e-5
2026-09-26,26,1,wk inc rsv prop ed visits,2026-10-03,quantile,0.025,5.458036275216614e-5
2026-09-26,26,1,wk inc rsv prop ed visits,2026-10-03,quantile,0.05,6.460541439441084e-5
2026-09-26,26,1,wk inc rsv prop ed visits,2026-10-03,quantile,0.1,8.1374696710926375e-05
2026-09-26,26,1,wk inc rsv prop ed visits,2026-10-03,quantile,0.15,9.3660131190789e-5
2026-09-26,26,1,wk inc rsv prop ed visits,2026-10-03,quantile,0.2,1.038700270408186e-4
2026-09-26,26,1,wk inc rsv prop ed visits,2026-10-03,quantile,0.25,1.1511211683110888e-4
2026-09-26,26,1,wk inc rsv prop ed visits,2026-10-03,quantile,0.3,1.2432981610070102e-4
2026-09-26,26,1,wk inc rsv prop ed visits,2026-10-03,quantile,0.35,1.3225928216088252e-4
2026-09-26,26,1,wk inc rsv prop ed visits,2026-10-03,quantile,0.4,1.4202843943270075e-4
2026-09-26,26,1,wk inc rsv prop ed visits,2026-10-03,quantile,0.45,1.516257078583632e-4
2026-09-26,26,1,wk inc rsv prop ed visits,2026-10-03,quantile,0.5,1.610331819574093e-4
2026-09-26,26,1,wk inc rsv prop ed visits,2026-10-03,quantile,0.55,1.7185128803475207e-4
2026-09-26,26,1,wk inc rsv prop ed visits,2026-10-03,quantile,0.6,1.8404049078030068e-4
2026-09-26,26,1,wk inc rsv prop ed visits,2026-10-03,quantile,0.65,1.9606284810936057e-4
2026-09-26,26,1,wk inc rsv prop ed visits,2026-10-03,quantile,0.7,2.097535227972881e-4
2026-09-26,26,1,wk inc rsv prop ed visits,2026-10-03,quantile,0.75,2.2819380050067672e-4
2026-09-26,26,1,wk inc rsv prop ed visits,2026-10-03,quantile,0.8,2.4627581749043115e-4
2026-09-26,26,1,wk inc rsv prop ed visits,2026-10-03,quantile,0.85,2.72279887838059e-4
2026-09-26,26,1,wk inc rsv prop ed visits,2026-10-03,quantile,0.9,3.0797313839779573e-4
2026-09-26,26,1,wk inc rsv prop ed visits,2026-10-03,quantile,0.95,3.6900008324128563e-4
2026-09-26,26,1,wk inc rsv prop ed visits,2026-10-03,quantile,0.975,4.3228613396292066e-4
2026-09-26,26,1,wk inc rsv prop ed visits,2026-10-03,quantile,0.99,5.301428407390521e-4
2026-09-26,26,2,wk inc rsv prop ed visits,2026-10-10,quantile,0.01,3.6686392713273787e-5
2026-09-26,26,2,wk inc rsv prop ed visits,2026-10-10,quantile,0.025,4.75094339838717e-5
2026-09-26,26,2,wk inc rsv prop ed visits,2026-10-10,quantile,0.05,6.279284791212128e-5
2026-09-26,26,2,wk inc rsv prop ed visits,2026-10-10,quantile,0.1,7.942087296983354e-5
2026-09-26,26,2,wk inc rsv prop ed visits,2026-10-10,quantile,0.15,9.150142025048262e-5
2026-09-26,26,2,wk inc rsv prop ed visits,2026-10-10,quantile,0.2,1.0393605680910777e-4
2026-09-26,26,2,wk inc rsv prop ed visits,2026-10-10,quantile,0.25,1.1735532534298299e-4
2026-09-26,26,2,wk inc rsv prop ed visits,2026-10-10,quantile,0.3,1.294988154653327e-4
2026-09-26,26,2,wk inc rsv prop ed visits,2026-10-10,quantile,0.35,1.4232879788570049e-4
2026-09-26,26,2,wk inc rsv prop ed visits,2026-10-10,quantile,0.4,1.537639046604405e-4
2026-09-26,26,2,wk inc rsv prop ed visits,2026-10-10,quantile,0.45,1.6478745349476892e-4
2026-09-26,26,2,wk inc rsv prop ed visits,2026-10-10,quantile,0.5,1.7848931862180637e-4
2026-09-26,26,2,wk inc rsv prop ed visits,2026-10-10,quantile,0.55,1.9273772626474765e-4
2026-09-26,26,2,wk inc rsv prop ed visits,2026-10-10,quantile,0.6,2.0804244678036105e-4
2026-09-26,26,2,wk inc rsv prop ed visits,2026-10-10,quantile,0.65,2.269521884340303e-4
2026-09-26,26,2,wk inc rsv prop ed visits,2026-10-10,quantile,0.7,2.483074515050386e-4
2026-09-26,26,2,wk inc rsv prop ed visits,2026-10-10,quantile,0.75,2.7465127850720194e-4
2026-09-26,26,2,wk inc rsv prop ed visits,2026-10-10,quantile,0.8,3.078799676327985e-4
2026-09-26,26,2,wk inc rsv prop ed visits,2026-10-10,quantile,0.85,3.5084193024577175e-4
2026-09-26,26,2,wk inc rsv prop ed visits,2026-10-10,quantile,0.9,4.1393314742994e-4
2026-09-26,26,2,wk inc rsv prop ed visits,2026-10-10,quantile,0.95,5.286671723958394e-4
2026-09-26,26,2,wk inc rsv prop ed visits,2026-10-10,quantile,0.975,6.944431147383849e-4
2026-09-26,26,2,wk inc rsv prop ed visits,2026-10-10,quantile,0.99,8.801212221209852e-4
2026-09-26,27,-1,wk inc rsv prop ed visits,2026-09-19,quantile,0.01,1.9082744941356875e-6
2026-09-26,27,-1,wk inc rsv prop ed visits,2026-09-19,quantile,0.025,4.570742606458442e-6
2026-09-26,27,-1,wk inc rsv prop ed visits,2026-09-19,quantile,0.05,6.734805546132064e-6
2026-09-26,27,-1,wk inc rsv prop ed visits,2026-09-19,quantile,0.1,1.0069782897064451e-5
2026-09-26,27,-1,wk inc rsv prop ed visits,2026-09-19,quantile,0.15,1.288830353618888e-5
2026-09-26,27,-1,wk inc rsv prop ed visits,2026-09-19,quantile,0.2,1.5241726252011825e-5
2026-09-26,27,-1,wk inc rsv prop ed visits,2026-09-19,quantile,0.25,1.7449131403942474e-5
2026-09-26,27,-1,wk inc rsv prop ed visits,2026-09-19,quantile,0.3,1.977803621150029e-5
2026-09-26,27,-1,wk inc rsv prop ed visits,2026-09-19,quantile,0.35,2.1977232761388292e-5
2026-09-26,27,-1,wk inc rsv prop ed visits,2026-09-19,quantile,0.4,2.4250696347480342e-5
2026-09-26,27,-1,wk inc rsv prop ed visits,2026-09-19,quantile,0.45,4.3632257520392636e-5
2026-09-26,27,-1,wk inc rsv prop ed visits,2026-09-19,quantile,0.5,4.638124864325672e-5
2026-09-26,27,-1,wk inc rsv prop ed visits,2026-09-19,quantile,0.55,4.923437148273665e-5
2026-09-26,27,-1,wk inc rsv prop ed visits,2026-09-19,quantile,0.6,5.224814503408075e-5
2026-09-26,27,-1,wk inc rsv prop ed visits,2026-09-19,quantile,0.65,5.601657745328835e-5
2026-09-26,27,-1,wk inc rsv prop ed visits,2026-09-19,quantile,0.7,6.042015192012293e-5
2026-09-26,27,-1,wk inc rsv prop ed visits,2026-09-19,quantile,0.75,8.168266005349166e-5
2026-09-26,27,-1,wk inc rsv prop ed visits,2026-09-19,quantile,0.8,8.765454792784012e-5
2026-09-26,27,-1,wk inc rsv prop ed visits,2026-09-19,quantile,0.85,9.484016079000023e-5
2026-09-26,27,-1,wk inc rsv prop ed visits,2026-09-19,quantile,0.9,1.0458751341306055e-4
2026-09-26,27,-1,wk inc rsv prop ed visits,2026-09-19,quantile,0.95,1.3948510068834228e-4
2026-09-26,27,-1,wk inc rsv prop ed visits,2026-09-19,quantile,0.975,1.7156443426551442e-4
2026-09-26,27,-1,wk inc rsv prop ed visits,2026-09-19,quantile,0.99,1.9950930287573274e-4
2026-09-26,27,0,wk inc rsv prop ed visits,2026-09-26,quantile,0.01,5.377638272608287e-7
2026-09-26,27,0,wk inc rsv prop ed visits,2026-09-26,quantile,0.025,3.1378574249446973e-6
2026-09-26,27,0,wk inc rsv prop ed visits,2026-09-26,quantile,0.05,5.589982968571974e-6
2026-09-26,27,0,wk inc rsv prop ed visits,2026-09-26,quantile,0.1,8.967897916632018e-6
2026-09-26,27,0,wk inc rsv prop ed visits,2026-09-26,quantile,0.15,1.1611920399613266e-5
2026-09-26,27,0,wk inc rsv prop ed visits,2026-09-26,quantile,0.2,1.408815867188196e-5
2026-09-26,27,0,wk inc rsv prop ed visits,2026-09-26,quantile,0.25,1.6239772238155073e-5
2026-09-26,27,0,wk inc rsv prop ed visits,2026-09-26,quantile,0.3,1.9256578551809623e-5
2026-09-26,27,0,wk inc rsv prop ed visits,2026-09-26,quantile,0.35,2.2218431790222734e-5
2026-09-26,27,0,wk inc rsv prop ed visits,2026-09-26,quantile,0.4,2.4665959040351462e-5
2026-09-26,27,0,wk inc rsv prop ed visits,2026-09-26,quantile,0.45,2.7727918321027966e-5
2026-09-26,27,0,wk inc rsv prop ed visits,2026-09-26,quantile,0.5,4.786480143121061e-5
2026-09-26,27,0,wk inc rsv prop ed visits,2026-09-26,quantile,0.55,5.134557573051269e-5
2026-09-26,27,0,wk inc rsv prop ed visits,2026-09-26,quantile,0.6,5.528992834740161e-5
2026-09-26,27,0,wk inc rsv prop ed visits,2026-09-26,quantile,0.65,5.921107622571867e-5
2026-09-26,27,0,wk inc rsv prop ed visits,2026-09-26,quantile,0.7,6.394520557564666e-5
2026-09-26,27,0,wk inc rsv prop ed visits,2026-09-26,quantile,0.75,6.910967476808732e-5
2026-09-26,27,0,wk inc rsv prop ed visits,2026-09-26,quantile,0.8,9.196874979420387e-5
2026-09-26,27,0,wk inc rsv prop ed visits,2026-09-26,quantile,0.85,1.0214124868497487e-4
2026-09-26,27,0,wk inc rsv prop ed visits,2026-09-26,quantile,0.9,1.1476903401804643e-4
2026-09-26,27,0,wk inc rsv prop ed visits,2026-09-26,quantile,0.95,1.551092348868328e-4
2026-09-26,27,0,wk inc rsv prop ed visits,2026-09-26,quantile,0.975,1.8134386550115663e-4
2026-09-26,27,0,wk inc rsv prop ed visits,2026-09-26,quantile,0.99,2.3452965578366758e-4
2026-09-26,27,1,wk inc rsv prop ed visits,2026-10-03,quantile,0.01,5.329332069034904e-8
2026-09-26,27,1,wk inc rsv prop ed visits,2026-10-03,quantile,0.025,2.478599564588386e-6
2026-09-26,27,1,wk inc rsv prop ed visits,2026-10-03,quantile,0.05,5.017516262486537e-6
2026-09-26,27,1,wk inc rsv prop ed visits,2026-10-03,quantile,0.1,8.194730823693549e-6
2026-09-26,27,1,wk inc rsv prop ed visits,2026-10-03,quantile,0.15,1.1105536775743074e-5
2026-09-26,27,1,wk inc rsv prop ed visits,2026-10-03,quantile,0.2,1.4503446894040467e-5
2026-09-26,27,1,wk inc rsv prop ed visits,2026-10-03,quantile,0.25,1.7527880694153208e-5
2026-09-26,27,1,wk inc rsv prop ed visits,2026-10-03,quantile,0.3,2.086538427777827e-5
2026-09-26,27,1,wk inc rsv prop ed visits,2026-10-03,quantile,0.35,2.3597960311231818e-5
2026-09-26,27,1,wk inc rsv prop ed visits,2026-10-03,quantile,0.4,2.7057967083975135e-5
2026-09-26,27,1,wk inc rsv prop ed visits,2026-10-03,quantile,0.45,2.9959405839742962e-5
2026-09-26,27,1,wk inc rsv prop ed visits,2026-10-03,quantile,0.5,3.296788980311699e-5
2026-09-26,27,1,wk inc rsv prop ed visits,2026-10-03,quantile,0.55,3.6672429396217195e-5
2026-09-26,27,1,wk inc rsv prop ed visits,2026-10-03,quantile,0.6,5.844750248033823e-5
2026-09-26,27,1,wk inc rsv prop ed visits,2026-10-03,quantile,0.65,6.363349982565102e-5
2026-09-26,27,1,wk inc rsv prop ed visits,2026-10-03,quantile,0.7,6.935675600511653e-5
2026-09-26,27,1,wk inc rsv prop ed visits,2026-10-03,quantile,0.75,7.607379213689399e-5
2026-09-26,27,1,wk inc rsv prop ed visits,2026-10-03,quantile,0.8,8.519854375763155e-5
2026-09-26,27,1,wk inc rsv prop ed visits,2026-10-03,quantile,0.85,1.1148279218006041e-4
2026-09-26,27,1,wk inc rsv prop ed visits,2026-10-03,quantile,0.9,1.2833464365520492e-4
2026-09-26,27,1,wk inc rsv prop ed visits,2026-10-03,quantile,0.95,1.7741119108847104e-4
2026-09-26,27,1,wk inc rsv prop ed visits,2026-10-03,quantile,0.975,2.211389286389425e-4
2026-09-26,27,1,wk inc rsv prop ed visits,2026-10-03,quantile,0.99,2.7399714579968927e-4
2026-09-26,27,2,wk inc rsv prop ed visits,2026-10-10,quantile,0.01,0
2026-09-26,27,2,wk inc rsv prop ed visits,2026-10-10,quantile,0.025,1.3478469134579063e-6
2026-09-26,27,2,wk inc rsv prop ed visits,2026-10-10,quantile,0.05,4.0813451480849744e-6
2026-09-26,27,2,wk inc rsv prop ed visits,2026-10-10,quantile,0.1,8.260270999936942e-6
2026-09-26,27,2,wk inc rsv prop ed visits,2026-10-10,quantile,0.15,1.2011919799388487e-5
2026-09-26,27,2,wk inc rsv prop ed visits,2026-10-10,quantile,0.2,1.525573748156759e-5
2026-09-26,27,2,wk inc rsv prop ed visits,2026-10-10,quantile,0.25,1.895639013860513e-5
2026-09-26,27,2,wk inc rsv prop ed visits,2026-10-10,quantile,0.3,2.215148782563878e-5
2026-09-26,27,2,wk inc rsv prop ed visits,2026-10-10,quantile,0.35,2.5841257075873252e-5
2026-09-26,27,2,wk inc rsv prop ed visits,2026-10-10,quantile,0.4,2.9532591869748573e-5
2026-09-26,27,2,wk inc rsv prop ed visits,2026-10-10,quantile,0.45,3.3713420926586014e-05
2026-09-26,27,2,wk inc rsv prop ed visits,2026-10-10,quantile,0.5,3.760382000002079e-5
2026-09-26,27,2,wk inc rsv prop ed visits,2026-10-10,quantile,0.55,4.241909396615187e-5
2026-09-26,27,2,wk inc rsv prop ed visits,2026-10-10,quantile,0.6,6.454086760824526e-5
2026-09-26,27,2,wk inc rsv prop ed visits,2026-10-10,quantile,0.65,7.097660301068217e-5
2026-09-26,27,2,wk inc rsv prop ed visits,2026-10-10,quantile,0.7,7.762662180652523e-5
2026-09-26,27,2,wk inc rsv prop ed visits,2026-10-10,quantile,0.75,8.609999651189021e-5
2026-09-26,27,2,wk inc rsv prop ed visits,2026-10-10,quantile,0.8,9.64090155190786e-5
2026-09-26,27,2,wk inc rsv prop ed visits,2026-10-10,quantile,0.85,1.2515606224902564e-4
2026-09-26,27,2,wk inc rsv prop ed visits,2026-10-10,quantile,0.9,1.4553309896913702e-4
2026-09-26,27,2,wk inc rsv prop ed visits,2026-10-10,quantile,0.95,1.961601059291474e-4
2026-09-26,27,2,wk inc rsv prop ed visits,2026-10-10,quantile,0.975,2.6265414704361375e-4
2026-09-26,27,2,wk inc rsv prop ed visits,2026-10-10,quantile,0.99,3.479370092439538e-4
2026-09-26,28,-1,wk inc rsv prop ed visits,2026-09-19,quantile,0.01,1.922320873355579e-4
2026-09-26,28,-1,wk inc rsv prop ed visits,2026-09-19,quantile,0.025,2.2502257565498943e-4
2026-09-26,28,-1,wk inc rsv prop ed visits,2026-09-19,quantile,0.05,2.460441615253713e-4
2026-09-26,28,-1,wk inc rsv prop ed visits,2026-09-19,quantile,0.1,2.811147901698224e-4
2026-09-26,28,-1,wk inc rsv prop ed visits,2026-09-19,quantile,0.15,3.0440397546443017e-4
2026-09-26,28,-1,wk inc rsv prop ed visits,2026-09-19,quantile,0.2,3.244274589484461e-4
2026-09-26,28,-1,wk inc rsv prop ed visits,2026-09-19,quantile,0.25,3.424668609821257e-4
2026-09-26,28,-1,wk inc rsv prop ed visits,2026-09-19,quantile,0.3,3.5867771954202433e-4
2026-09-26,28,-1,wk inc rsv prop ed visits,2026-09-19,quantile,0.35,3.7465343767485607e-4
2026-09-26,28,-1,wk inc rsv prop ed visits,2026-09-19,quantile,0.4,3.920435558271555e-4
2026-09-26,28,-1,wk inc rsv prop ed visits,2026-09-19,quantile,0.45,4.0897172245914904e-4
2026-09-26,28,-1,wk inc rsv prop ed visits,2026-09-19,quantile,0.5,4.26175448840102e-4
2026-09-26,28,-1,wk inc rsv prop ed visits,2026-09-19,quantile,0.55,4.4417697264912456e-4
2026-09-26,28,-1,wk inc rsv prop ed visits,2026-09-19,quantile,0.6,4.6036968208834915e-4
2026-09-26,28,-1,wk inc rsv prop ed visits,2026-09-19,quantile,0.65,4.799947680645438e-4
2026-09-26,28,-1,wk inc rsv prop ed visits,2026-09-19,quantile,0.7,5.004053678257766e-4
2026-09-26,28,-1,wk inc rsv prop ed visits,2026-09-19,quantile,0.75,5.237616454813974e-4
2026-09-26,28,-1,wk inc rsv prop ed visits,2026-09-19,quantile,0.8,5.545069088517709e-4
2026-09-26,28,-1,wk inc rsv prop ed visits,2026-09-19,quantile,0.85,5.986351742106271e-4
2026-09-26,28,-1,wk inc rsv prop ed visits,2026-09-19,quantile,0.9,6.562488605634675e-4
2026-09-26,28,-1,wk inc rsv prop ed visits,2026-09-19,quantile,0.95,7.250747557042984e-4
2026-09-26,28,-1,wk inc rsv prop ed visits,2026-09-19,quantile,0.975,8.013104264910972e-4
2026-09-26,28,-1,wk inc rsv prop ed visits,2026-09-19,quantile,0.99,9.156140278281069e-4
2026-09-26,28,0,wk inc rsv prop ed visits,2026-09-26,quantile,0.01,1.6341386500835675e-4
2026-09-26,28,0,wk inc rsv prop ed visits,2026-09-26,quantile,0.025,1.9147421793995543e-4
2026-09-26,28,0,wk inc rsv prop ed visits,2026-09-26,quantile,0.05,2.302813509309348e-4
2026-09-26,28,0,wk inc rsv prop ed visits,2026-09-26,quantile,0.1,2.6459105833943636e-4
2026-09-26,28,0,wk inc rsv prop ed visits,2026-09-26,quantile,0.15,2.9016627653362284e-4
2026-09-26,28,0,wk inc rsv prop ed visits,2026-09-26,quantile,0.2,3.1235999393331565e-4
2026-09-26,28,0,wk inc rsv prop ed visits,2026-09-26,quantile,0.25,3.355067171553104e-4
2026-09-26,28,0,wk inc rsv prop ed visits,2026-09-26,quantile,0.3,3.5549702442374414e-4
2026-09-26,28,0,wk inc rsv prop ed visits,2026-09-26,quantile,0.35,3.7394503234757664e-4
2026-09-26,28,0,wk inc rsv prop ed visits,2026-09-26,quantile,0.4,3.9290504968459404e-4
2026-09-26,28,0,wk inc rsv prop ed visits,2026-09-26,quantile,0.45,4.1366036789623685e-4
2026-09-26,28,0,wk inc rsv prop ed visits,2026-09-26,quantile,0.5,4.351991372804578e-4
2026-09-26,28,0,wk inc rsv prop ed visits,2026-09-26,quantile,0.55,4.55389724162678e-4
2026-09-26,28,0,wk inc rsv prop ed visits,2026-09-26,quantile,0.6,4.774468431054922e-4
2026-09-26,28,0,wk inc rsv prop ed visits,2026-09-26,quantile,0.65,5.022997328642179e-4
2026-09-26,28,0,wk inc rsv prop ed visits,2026-09-26,quantile,0.7,5.255496595031815e-4
2026-09-26,28,0,wk inc rsv prop ed visits,2026-09-26,quantile,0.75,5.556555317059722e-4
2026-09-26,28,0,wk inc rsv prop ed visits,2026-09-26,quantile,0.8,5.879729338094282e-4
2026-09-26,28,0,wk inc rsv prop ed visits,2026-09-26,quantile,0.85,6.30914102511977e-4
2026-09-26,28,0,wk inc rsv prop ed visits,2026-09-26,quantile,0.9,6.865967180370737e-4
2026-09-26,28,0,wk inc rsv prop ed visits,2026-09-26,quantile,0.95,7.683423430630728e-4
2026-09-26,28,0,wk inc rsv prop ed visits,2026-09-26,quantile,0.975,8.471643776097376e-4
2026-09-26,28,0,wk inc rsv prop ed visits,2026-09-26,quantile,0.99,9.50920771571874e-4
2026-09-26,28,1,wk inc rsv prop ed visits,2026-10-03,quantile,0.01,1.3694423380143452e-4
2026-09-26,28,1,wk inc rsv prop ed visits,2026-10-03,quantile,0.025,1.6520067137640537e-4
2026-09-26,28,1,wk inc rsv prop ed visits,2026-10-03,quantile,0.05,1.9489420926341937e-4
2026-09-26,28,1,wk inc rsv prop ed visits,2026-10-03,quantile,0.1,2.3923074001563498e-4
2026-09-26,28,1,wk inc rsv prop ed visits,2026-10-03,quantile,0.15,2.740326840874802e-4
2026-09-26,28,1,wk inc rsv prop ed visits,2026-10-03,quantile,0.2,3.0599757369388376e-4
2026-09-26,28,1,wk inc rsv prop ed visits,2026-10-03,quantile,0.25,3.300217362008802e-4
2026-09-26,28,1,wk inc rsv prop ed visits,2026-10-03,quantile,0.3,3.525738338948234e-4
2026-09-26,28,1,wk inc rsv prop ed visits,2026-10-03,quantile,0.35,3.752702678742939e-4
2026-09-26,28,1,wk inc rsv prop ed visits,2026-10-03,quantile,0.4,3.9759453289165466e-4
2026-09-26,28,1,wk inc rsv prop ed visits,2026-10-03,quantile,0.45,4.2266619794297986e-4
2026-09-26,28,1,wk inc rsv prop ed visits,2026-10-03,quantile,0.5,4.454044602585452e-4
2026-09-26,28,1,wk inc rsv prop ed visits,2026-10-03,quantile,0.55,4.709431526022836e-4
2026-09-26,28,1,wk inc rsv prop ed visits,2026-10-03,quantile,0.6,4.952534615354882e-4
2026-09-26,28,1,wk inc rsv prop ed visits,2026-10-03,quantile,0.65,5.220663324009903e-4
2026-09-26,28,1,wk inc rsv prop ed visits,2026-10-03,quantile,0.7,5.551532868561269e-4
2026-09-26,28,1,wk inc rsv prop ed visits,2026-10-03,quantile,0.75,5.901639972975944e-4
2026-09-26,28,1,wk inc rsv prop ed visits,2026-10-03,quantile,0.8,6.315865182614823e-4
2026-09-26,28,1,wk inc rsv prop ed visits,2026-10-03,quantile,0.85,6.86151931471667e-4
2026-09-26,28,1,wk inc rsv prop ed visits,2026-10-03,quantile,0.9,7.518433443710994e-4
2026-09-26,28,1,wk inc rsv prop ed visits,2026-10-03,quantile,0.95,8.688302497656872e-4
2026-09-26,28,1,wk inc rsv prop ed visits,2026-10-03,quantile,0.975,9.713717466377746e-4
2026-09-26,28,1,wk inc rsv prop ed visits,2026-10-03,quantile,0.99,0.001150401919555026
2026-09-26,28,2,wk inc rsv prop ed visits,2026-10-10,quantile,0.01,1.0663877620357012e-4
2026-09-26,28,2,wk inc rsv prop ed visits,2026-10-10,quantile,0.025,1.4476009265436014e-4
2026-09-26,28,2,wk inc rsv prop ed visits,2026-10-10,quantile,0.05,1.7384521350356522e-4
2026-09-26,28,2,wk inc rsv prop ed visits,2026-10-10,quantile,0.1,2.1959853133713547e-4
2026-09-26,28,2,wk inc rsv prop ed visits,2026-10-10,quantile,0.15,2.536343594548512e-4
2026-09-26,28,2,wk inc rsv prop ed visits,2026-10-10,quantile,0.2,2.866774421740007e-4
2026-09-26,28,2,wk inc rsv prop ed visits,2026-10-10,quantile,0.25,3.1379849630813587e-4
2026-09-26,28,2,wk inc rsv prop ed visits,2026-10-10,quantile,0.3,3.4372687848039285e-4
2026-09-26,28,2,wk inc rsv prop ed visits,2026-10-10,quantile,0.35,3.691529426535227e-4
2026-09-26,28,2,wk inc rsv prop ed visits,2026-10-10,quantile,0.4,3.943920706458566e-4
2026-09-26,28,2,wk inc rsv prop ed visits,2026-10-10,quantile,0.45,4.221660742619572e-4
2026-09-26,28,2,wk inc rsv prop ed visits,2026-10-10,quantile,0.5,4.491539118413657e-4
2026-09-26,28,2,wk inc rsv prop ed visits,2026-10-10,quantile,0.55,4.7938162385534344e-4
2026-09-26,28,2,wk inc rsv prop ed visits,2026-10-10,quantile,0.6,5.096879616637579e-4
2026-09-26,28,2,wk inc rsv prop ed visits,2026-10-10,quantile,0.65,5.441720131243364e-4
2026-09-26,28,2,wk inc rsv prop ed visits,2026-10-10,quantile,0.7,5.823290375037836e-4
2026-09-26,28,2,wk inc rsv prop ed visits,2026-10-10,quantile,0.75,6.278465744109806e-4
2026-09-26,28,2,wk inc rsv prop ed visits,2026-10-10,quantile,0.8,6.822471357398261e-4
2026-09-26,28,2,wk inc rsv prop ed visits,2026-10-10,quantile,0.85,7.486356051331284e-4
2026-09-26,28,2,wk inc rsv prop ed visits,2026-10-10,quantile,0.9,8.596412858450541e-4
2026-09-26,28,2,wk inc rsv prop ed visits,2026-10-10,quantile,0.95,0.0010264324773449785
2026-09-26,28,2,wk inc rsv prop ed visits,2026-10-10,quantile,0.975,0.0012136760893020093
2026-09-26,28,2,wk inc rsv prop ed visits,2026-10-10,quantile,0.99,0.0014695758912157972
2026-09-26,29,-1,wk inc rsv prop ed visits,2026-09-19,quantile,0.01,1.7001971370545532e-5
2026-09-26,29,-1,wk inc rsv prop ed visits,2026-09-19,quantile,0.025,2.0393270962541077e-5
2026-09-26,29,-1,wk inc rsv prop ed visits,2026-09-19,quantile,0.05,2.4959871089233974e-5
2026-09-26,29,-1,wk inc rsv prop ed visits,2026-09-19,quantile,0.1,3.205646916727532e-5
2026-09-26,29,-1,wk inc rsv prop ed visits,2026-09-19,quantile,0.15,3.683728501699473e-5
2026-09-26,29,-1,wk inc rsv prop ed visits,2026-09-19,quantile,0.2,4.099726919493367e-5
2026-09-26,29,-1,wk inc rsv prop ed visits,2026-09-19,quantile,0.25,4.49540141335377e-5
2026-09-26,29,-1,wk inc rsv prop ed visits,2026-09-19,quantile,0.3,4.8726858729730906e-5
2026-09-26,29,-1,wk inc rsv prop ed visits,2026-09-19,quantile,0.35,5.2538655820698296e-5
2026-09-26,29,-1,wk inc rsv prop ed visits,2026-09-19,quantile,0.4,5.653140518200679e-5
2026-09-26,29,-1,wk inc rsv prop ed visits,2026-09-19,quantile,0.45,6.059561169234313e-5
2026-09-26,29,-1,wk inc rsv prop ed visits,2026-09-19,quantile,0.5,6.480516704294943e-5
2026-09-26,29,-1,wk inc rsv prop ed visits,2026-09-19,quantile,0.55,6.992455739105615e-5
2026-09-26,29,-1,wk inc rsv prop ed visits,2026-09-19,quantile,0.6,7.441716527018815e-5
2026-09-26,29,-1,wk inc rsv prop ed visits,2026-09-19,quantile,0.65,8.036460888978934e-5
2026-09-26,29,-1,wk inc rsv prop ed visits,2026-09-19,quantile,0.7,8.741454987769759e-5
2026-09-26,29,-1,wk inc rsv prop ed visits,2026-09-19,quantile,0.75,9.446239940260718e-5
2026-09-26,29,-1,wk inc rsv prop ed visits,2026-09-19,quantile,0.8,1.0370329731454075e-4
2026-09-26,29,-1,wk inc rsv prop ed visits,2026-09-19,quantile,0.85,1.1475676875695027e-4
2026-09-26,29,-1,wk inc rsv prop ed visits,2026-09-19,quantile,0.9,1.3090637475290988e-4
2026-09-26,29,-1,wk inc rsv prop ed visits,2026-09-19,quantile,0.95,1.5954122907410267e-4
2026-09-26,29,-1,wk inc rsv prop ed visits,2026-09-19,quantile,0.975,1.963698902241784e-4
2026-09-26,29,-1,wk inc rsv prop ed visits,2026-09-19,quantile,0.99,2.3246324962820385e-4
2026-09-26,29,0,wk inc rsv prop ed visits,2026-09-26,quantile,0.01,3.3592021690534737e-6
2026-09-26,29,0,wk inc rsv prop ed visits,2026-09-26,quantile,0.025,1.5666176601302618e-5
2026-09-26,29,0,wk inc rsv prop ed visits,2026-09-26,quantile,0.05,1.7678086194471054e-5
2026-09-26,29,0,wk inc rsv prop ed visits,2026-09-26,quantile,0.1,3.061679197502341e-5
2026-09-26,29,0,wk inc rsv prop ed visits,2026-09-26,quantile,0.15,4.278018451335788e-5
2026-09-26,29,0,wk inc rsv prop ed visits,2026-09-26,quantile,0.2,4.581208571132967e-5
2026-09-26,29,0,wk inc rsv prop ed visits,2026-09-26,quantile,0.25,4.880388425409284e-5
2026-09-26,29,0,wk inc rsv prop ed visits,2026-09-26,quantile,0.3,5.9803239287010206e-5
2026-09-26,29,0,wk inc rsv prop ed visits,2026-09-26,quantile,0.35,6.271490416826766e-5
2026-09-26,29,0,wk inc rsv prop ed visits,2026-09-26,quantile,0.4,7.38381161486912e-5
2026-09-26,29,0,wk inc rsv prop ed visits,2026-09-26,quantile,0.45,7.723128550188779e-5
2026-09-26,29,0,wk inc rsv prop ed visits,2026-09-26,quantile,0.5,8.047774616043751e-5
2026-09-26,29,0,wk inc rsv prop ed visits,2026-09-26,quantile,0.55,9.171033908858549e-5
2026-09-26,29,0,wk inc rsv prop ed visits,2026-09-26,quantile,0.6,9.510158518532341e-5
2026-09-26,29,0,wk inc rsv prop ed visits,2026-09-26,quantile,0.65,1.0737799640146885e-4
2026-09-26,29,0,wk inc rsv prop ed visits,2026-09-26,quantile,0.7,1.1248616936009365e-4
2026-09-26,29,0,wk inc rsv prop ed visits,2026-09-26,quantile,0.75,1.251652750631834e-4
2026-09-26,29,0,wk inc rsv prop ed visits,2026-09-26,quantile,0.8,1.4009723330000212e-4
2026-09-26,29,0,wk inc rsv prop ed visits,2026-09-26,quantile,0.85,1.5020986060400367e-4
2026-09-26,29,0,wk inc rsv prop ed visits,2026-09-26,quantile,0.9,1.7807995631137063e-4
2026-09-26,29,0,wk inc rsv prop ed visits,2026-09-26,quantile,0.95,2.1590270168527905e-4
2026-09-26,29,0,wk inc rsv prop ed visits,2026-09-26,quantile,0.975,2.4993480612803016e-4
2026-09-26,29,0,wk inc rsv prop ed visits,2026-09-26,quantile,0.99,2.9626953656968565e-4
2026-09-26,29,1,wk inc rsv prop ed visits,2026-10-03,quantile,0.01,4.5786868495794974e-7
2026-09-26,29,1,wk inc rsv prop ed visits,2026-10-03,quantile,0.025,1.8523352797697683e-6
2026-09-26,29,1,wk inc rsv prop ed visits,2026-10-03,quantile,0.05,1.4139177388222138e-5
2026-09-26,29,1,wk inc rsv prop ed visits,2026-10-03,quantile,0.1,1.710100741495604e-5
2026-09-26,29,1,wk inc rsv prop ed visits,2026-10-03,quantile,0.15,2.9424479399096587e-5
2026-09-26,29,1,wk inc rsv prop ed visits,2026-10-03,quantile,0.2,3.1812524170129576e-5
2026-09-26,29,1,wk inc rsv prop ed visits,2026-10-03,quantile,0.25,4.323578625434287e-5
2026-09-26,29,1,wk inc rsv prop ed visits,2026-10-03,quantile,0.3,4.586007299750644e-5
2026-09-26,29,1,wk inc rsv prop ed visits,2026-10-03,quantile,0.35,4.9287200432929495e-5
2026-09-26,29,1,wk inc rsv prop ed visits,2026-10-03,quantile,0.4,6.010721310678557e-5
2026-09-26,29,1,wk inc rsv prop ed visits,2026-10-03,quantile,0.45,6.346813958741835e-5
2026-09-26,29,1,wk inc rsv prop ed visits,2026-10-03,quantile,0.5,7.47963083843976e-5
2026-09-26,29,1,wk inc rsv prop ed visits,2026-10-03,quantile,0.55,7.824465419807706e-5
2026-09-26,29,1,wk inc rsv prop ed visits,2026-10-03,quantile,0.6,8.997716006178832e-5
2026-09-26,29,1,wk inc rsv prop ed visits,2026-10-03,quantile,0.65,9.539841934164632e-5
2026-09-26,29,1,wk inc rsv prop ed visits,2026-10-03,quantile,0.7,1.0822612511047214e-4
2026-09-26,29,1,wk inc rsv prop ed visits,2026-10-03,quantile,0.75,1.2178955494544133e-4
2026-09-26,29,1,wk inc rsv prop ed visits,2026-10-03,quantile,0.8,1.3560864642654446e-4
2026-09-26,29,1,wk inc rsv prop ed visits,2026-10-03,quantile,0.85,1.534056740601911e-4
2026-09-26,29,1,wk inc rsv prop ed visits,2026-10-03,quantile,0.9,1.7801595816344259e-4
2026-09-26,29,1,wk inc rsv prop ed visits,2026-10-03,quantile,0.95,2.2637992522373828e-4
2026-09-26,29,1,wk inc rsv prop ed visits,2026-10-03,quantile,0.975,2.776748682533116e-4
2026-09-26,29,1,wk inc rsv prop ed visits,2026-10-03,quantile,0.99,3.2918289168695487e-4
2026-09-26,29,2,wk inc rsv prop ed visits,2026-10-10,quantile,0.01,0
2026-09-26,29,2,wk inc rsv prop ed visits,2026-10-10,quantile,0.025,4.2808773310739287e-7
2026-09-26,29,2,wk inc rsv prop ed visits,2026-10-10,quantile,0.05,2.0076366443127652e-6
2026-09-26,29,2,wk inc rsv prop ed visits,2026-10-10,quantile,0.1,1.4648948426065234e-5
2026-09-26,29,2,wk inc rsv prop ed visits,2026-10-10,quantile,0.15,1.681618355622076e-5
2026-09-26,29,2,wk inc rsv prop ed visits,2026-10-10,quantile,0.2,2.8758581070294354e-5
2026-09-26,29,2,wk inc rsv prop ed visits,2026-10-10,quantile,0.25,3.129280693108236e-5
2026-09-26,29,2,wk inc rsv prop ed visits,2026-10-10,quantile,0.3,4.1748046640894727e-5
2026-09-26,29,2,wk inc rsv prop ed visits,2026-10-10,quantile,0.35,4.5089031972236546e-5
2026-09-26,29,2,wk inc rsv prop ed visits,2026-10-10,quantile,0.4,4.8101644828572556e-5
2026-09-26,29,2,wk inc rsv prop ed visits,2026-10-10,quantile,0.45,6.0114743406404714e-5
2026-09-26,29,2,wk inc rsv prop ed visits,2026-10-10,quantile,0.5,6.416573053352626e-5
2026-09-26,29,2,wk inc rsv prop ed visits,2026-10-10,quantile,0.55,7.57800619468465e-5
2026-09-26,29,2,wk inc rsv prop ed visits,2026-10-10,quantile,0.6,8.100705662994641e-5
2026-09-26,29,2,wk inc rsv prop ed visits,2026-10-10,quantile,0.65,9.343170236003644e-5
2026-09-26,29,2,wk inc rsv prop ed visits,2026-10-10,quantile,0.7,1.0715165249169996e-4
2026-09-26,29,2,wk inc rsv prop ed visits,2026-10-10,quantile,0.75,1.2177815968786442e-4
2026-09-26,29,2,wk inc rsv prop ed visits,2026-10-10,quantile,0.8,1.3898173675914094e-4
2026-09-26,29,2,wk inc rsv prop ed visits,2026-10-10,quantile,0.85,1.6225701999204972e-4
2026-09-26,29,2,wk inc rsv prop ed visits,2026-10-10,quantile,0.9,1.9625354731214972e-4
2026-09-26,29,2,wk inc rsv prop ed visits,2026-10-10,quantile,0.95,2.678875530542975e-4
2026-09-26,29,2,wk inc rsv prop ed visits,2026-10-10,quantile,0.975,3.274451103510557e-4
2026-09-26,29,2,wk inc rsv prop ed visits,2026-10-10,quantile,0.99,4.5259376477650075e-4
2026-09-26,30,-1,wk inc rsv prop ed visits,2026-09-19,quantile,0.01,0
2026-09-26,30,-1,wk inc rsv prop ed visits,2026-09-19,quantile,0.025,0
2026-09-26,30,-1,wk inc rsv prop ed visits,2026-09-19,quantile,0.05,0
2026-09-26,30,-1,wk inc rsv prop ed visits,2026-09-19,quantile,0.1,0
2026-09-26,30,-1,wk inc rsv prop ed visits,2026-09-19,quantile,0.15,0
2026-09-26,30,-1,wk inc rsv prop ed visits,2026-09-19,quantile,0.2,0
2026-09-26,30,-1,wk inc rsv prop ed visits,2026-09-19,quantile,0.25,0
2026-09-26,30,-1,wk inc rsv prop ed visits,2026-09-19,quantile,0.3,1.0930918574998383e-6
2026-09-26,30,-1,wk inc rsv prop ed visits,2026-09-19,quantile,0.35,5.1006415969389805e-6
2026-09-26,30,-1,wk inc rsv prop ed visits,2026-09-19,quantile,0.4,9.927475300950966e-6
2026-09-26,30,-1,wk inc rsv prop ed visits,2026-09-19,quantile,0.45,1.4823417441604518e-5
2026-09-26,30,-1,wk inc rsv prop ed visits,2026-09-19,quantile,0.5,1.972989926369968e-5
2026-09-26,30,-1,wk inc rsv prop ed visits,2026-09-19,quantile,0.55,2.5778171868501798e-5
2026-09-26,30,-1,wk inc rsv prop ed visits,2026-09-19,quantile,0.6,3.264783203490331e-5
2026-09-26,30,-1,wk inc rsv prop ed visits,2026-09-19,quantile,0.65,4.0286344744030916e-5
2026-09-26,30,-1,wk inc rsv prop ed visits,2026-09-19,quantile,0.7,4.910115249306612e-5
2026-09-26,30,-1,wk inc rsv prop ed visits,2026-09-19,quantile,0.75,6.010684582450463e-5
2026-09-26,30,-1,wk inc rsv prop ed visits,2026-09-19,quantile,0.8,7.214911160855835e-5
2026-09-26,30,-1,wk inc rsv prop ed visits,2026-09-19,quantile,0.85,9.321854876250912e-5
2026-09-26,30,-1,wk inc rsv prop ed visits,2026-09-19,quantile,0.9,1.1845843174681225e-4
2026-09-26,30,-1,wk inc rsv prop ed visits,2026-09-19,quantile,0.95,1.5770968450376375e-4
2026-09-26,30,-1,wk inc rsv prop ed visits,2026-09-19,quantile,0.975,1.9859777305802258e-4
2026-09-26,30,-1,wk inc rsv prop ed visits,2026-09-19,quantile,0.99,2.819016491338788e-4
2026-09-26,30,0,wk inc rsv prop ed visits,2026-09-26,quantile,0.01,0
2026-09-26,30,0,wk inc rsv prop ed visits,2026-09-26,quantile,0.025,0
2026-09-26,30,0,wk inc rsv prop ed visits,2026-09-26,quantile,0.05,0
2026-09-26,30,0,wk inc rsv prop ed visits,2026-09-26,quantile,0.1,0
2026-09-26,30,0,wk inc rsv prop ed visits,2026-09-26,quantile,0.15,0
2026-09-26,30,0,wk inc rsv prop ed visits,2026-09-26,quantile,0.2,0
2026-09-26,30,0,wk inc rsv prop ed visits,2026-09-26,quantile,0.25,0
2026-09-26,30,0,wk inc rsv prop ed visits,2026-09-26,quantile,0.3,0
2026-09-26,30,0,wk inc rsv prop ed visits,2026-09-26,quantile,0.35,2.273084044552897e-6
2026-09-26,30,0,wk inc rsv prop ed visits,2026-09-26,quantile,0.4,5.110001459768303e-6
2026-09-26,30,0,wk inc rsv prop ed visits,2026-09-26,quantile,0.45,7.613418904676028e-6
2026-09-26,30,0,wk inc rsv prop ed visits,2026-09-26,quantile,0.5,1.0802633815639728e-5
2026-09-26,30,0,wk inc rsv prop ed visits,2026-09-26,quantile,0.55,1.434784155151447e-5
2026-09-26,30,0,wk inc rsv prop ed visits,2026-09-26,quantile,0.6,1.7536831738421412e-5
2026-09-26,30,0,wk inc rsv prop ed visits,2026-09-26,quantile,0.65,2.191501582438022e-5
2026-09-26,30,0,wk inc rsv prop ed visits,2026-09-26,quantile,0.7,2.6178648102541915e-5
2026-09-26,30,0,wk inc rsv prop ed visits,2026-09-26,quantile,0.75,3.1495284746345605e-5
2026-09-26,30,0,wk inc rsv prop ed visits,2026-09-26,quantile,0.8,3.711814760072281e-5
2026-09-26,30,0,wk inc rsv prop ed visits,2026-09-26,quantile,0.85,1.0158762828272659e-4
2026-09-26,30,0,wk inc rsv prop ed visits,2026-09-26,quantile,0.9,1.1686604448275949e-4
2026-09-26,30,0,wk inc rsv prop ed visits,2026-09-26,quantile,0.95,1.4110542698471954e-4
2026-09-26,30,0,wk inc rsv prop ed visits,2026-09-26,quantile,0.975,2.1930460739631014e-4
2026-09-26,30,0,wk inc rsv prop ed visits,2026-09-26,quantile,0.99,2.742104057127919e-4
2026-09-26,30,1,wk inc rsv prop ed visits,2026-10-03,quantile,0.01,0
2026-09-26,30,1,wk inc rsv prop ed visits,2026-10-03,quantile,0.025,0
2026-09-26,30,1,wk inc rsv prop ed visits,2026-10-03,quantile,0.05,0
2026-09-26,30,1,wk inc rsv prop ed visits,2026-10-03,quantile,0.1,0
2026-09-26,30,1,wk inc rsv prop ed visits,2026-10-03,quantile,0.15,0
2026-09-26,30,1,wk inc rsv prop ed visits,2026-10-03,quantile,0.2,0
2026-09-26,30,1,wk inc rsv prop ed visits,2026-10-03,quantile,0.25,0
2026-09-26,30,1,wk inc rsv prop ed visits,2026-10-03,quantile,0.3,1.885346631516508e-7
2026-09-26,30,1,wk inc rsv prop ed visits,2026-10-03,quantile,0.35,2.7408244852723193e-6
2026-09-26,30,1,wk inc rsv prop ed visits,2026-10-03,quantile,0.4,5.946277999522196e-6
2026-09-26,30,1,wk inc rsv prop ed visits,2026-10-03,quantile,0.45,8.499042910148184e-6
2026-09-26,30,1,wk inc rsv prop ed visits,2026-10-03,quantile,0.5,1.1980148184133943e-5
2026-09-26,30,1,wk inc rsv prop ed visits,2026-10-03,quantile,0.55,1.4535250193386691e-5
2026-09-26,30,1,wk inc rsv prop ed visits,2026-10-03,quantile,0.6,1.80631495586688e-5
2026-09-26,30,1,wk inc rsv prop ed visits,2026-10-03,quantile,0.65,2.2760096287222782e-5
2026-09-26,30,1,wk inc rsv prop ed visits,2026-10-03,quantile,0.7,2.6865400693315314e-5
2026-09-26,30,1,wk inc rsv prop ed visits,2026-10-03,quantile,0.75,3.2684715433846816e-5
2026-09-26,30,1,wk inc rsv prop ed visits,2026-10-03,quantile,0.8,3.977975867475633e-5
2026-09-26,30,1,wk inc rsv prop ed visits,2026-10-03,quantile,0.85,1.0127993453214345e-4
2026-09-26,30,1,wk inc rsv prop ed visits,2026-10-03,quantile,0.9,1.1815749609782103e-4
2026-09-26,30,1,wk inc rsv prop ed visits,2026-10-03,quantile,0.95,1.452489040013333e-4
2026-09-26,30,1,wk inc rsv prop ed visits,2026-10-03,quantile,0.975,2.2698687744280059e-4
2026-09-26,30,1,wk inc rsv prop ed visits,2026-10-03,quantile,0.99,3.356590416979497e-4
2026-09-26,30,2,wk inc rsv prop ed visits,2026-10-10,quantile,0.01,0
2026-09-26,30,2,wk inc rsv prop ed visits,2026-10-10,quantile,0.025,0
2026-09-26,30,2,wk inc rsv prop ed visits,2026-10-10,quantile,0.05,0
2026-09-26,30,2,wk inc rsv prop ed visits,2026-10-10,quantile,0.1,0
2026-09-26,30,2,wk inc rsv prop ed visits,2026-10-10,quantile,0.15,0
2026-09-26,30,2,wk inc rsv prop ed visits,2026-10-10,quantile,0.2,0
2026-09-26,30,2,wk inc rsv prop ed visits,2026-10-10,quantile,0.25,0
2026-09-26,30,2,wk inc rsv prop ed visits,2026-10-10,quantile,0.3,1.0357416960213325e-6
2026-09-26,30,2,wk inc rsv prop ed visits,2026-10-10,quantile,0.35,3.3035774186222914e-6
2026-09-26,30,2,wk inc rsv prop ed visits,2026-10-10,quantile,0.4,6.084816110601856e-6
2026-09-26,30,2,wk inc rsv prop ed visits,2026-10-10,quantile,0.45,9.002636017949556e-6
2026-09-26,30,2,wk inc rsv prop ed visits,2026-10-10,quantile,0.5,1.2344800727625607e-5
2026-09-26,30,2,wk inc rsv prop ed visits,2026-10-10,quantile,0.55,1.5853880219100182e-5
2026-09-26,30,2,wk inc rsv prop ed visits,2026-10-10,quantile,0.6,2.02007565841033e-5
2026-09-26,30,2,wk inc rsv prop ed visits,2026-10-10,quantile,0.65,2.5025760660727648e-5
2026-09-26,30,2,wk inc rsv prop ed visits,2026-10-10,quantile,0.7,3.143204386540127e-5
2026-09-26,30,2,wk inc rsv prop ed visits,2026-10-10,quantile,0.75,3.69712706479893e-5
2026-09-26,30,2,wk inc rsv prop ed visits,2026-10-10,quantile,0.8,4.371092521514344e-5
2026-09-26,30,2,wk inc rsv prop ed visits,2026-10-10,quantile,0.85,1.0482162098251598e-4
2026-09-26,30,2,wk inc rsv prop ed visits,2026-10-10,quantile,0.9,1.1905432504559754e-4
2026-09-26,30,2,wk inc rsv prop ed visits,2026-10-10,quantile,0.95,1.4907268440592778e-4
2026-09-26,30,2,wk inc rsv prop ed visits,2026-10-10,quantile,0.975,2.3430344283694875e-4
2026-09-26,30,2,wk inc rsv prop ed visits,2026-10-10,quantile,0.99,3.346271893621286e-4
2026-09-26,31,-1,wk inc rsv prop ed visits,2026-09-19,quantile,0.01,0
2026-09-26,31,-1,wk inc rsv prop ed visits,2026-09-19,quantile,0.025,0
2026-09-26,31,-1,wk inc rsv prop ed visits,2026-09-19,quantile,0.05,2.3815004358801223e-6
2026-09-26,31,-1,wk inc rsv prop ed visits,2026-09-19,quantile,0.1,9.914180905021197e-6
2026-09-26,31,-1,wk inc rsv prop ed visits,2026-09-19,quantile,0.15,1.6957763601373156e-5
2026-09-26,31,-1,wk inc rsv prop ed visits,2026-09-19,quantile,0.2,2.271389106649249e-5
2026-09-26,31,-1,wk inc rsv prop ed visits,2026-09-19,quantile,0.25,2.8538130624883872e-5
2026-09-26,31,-1,wk inc rsv prop ed visits,2026-09-19,quantile,0.3,3.4006913708093764e-5
2026-09-26,31,-1,wk inc rsv prop ed visits,2026-09-19,quantile,0.35,3.918479379173173e-5
2026-09-26,31,-1,wk inc rsv prop ed visits,2026-09-19,quantile,0.4,4.4494683464286344e-5
2026-09-26,31,-1,wk inc rsv prop ed visits,2026-09-19,quantile,0.45,5.0140102050598336e-5
2026-09-26,31,-1,wk inc rsv prop ed visits,2026-09-19,quantile,0.5,5.6580449433322525e-5
2026-09-26,31,-1,wk inc rsv prop ed visits,2026-09-19,quantile,0.55,6.256219174874717e-5
2026-09-26,31,-1,wk inc rsv prop ed visits,2026-09-19,quantile,0.6,6.836790302361348e-5
2026-09-26,31,-1,wk inc rsv prop ed visits,2026-09-19,quantile,0.65,7.602897733710022e-5
2026-09-26,31,-1,wk inc rsv prop ed visits,2026-09-19,quantile,0.7,8.547202586126851e-5
2026-09-26,31,-1,wk inc rsv prop ed visits,2026-09-19,quantile,0.75,9.594053898678624e-5
2026-09-26,31,-1,wk inc rsv prop ed visits,2026-09-19,quantile,0.8,1.1100116539896924e-4
2026-09-26,31,-1,wk inc rsv prop ed visits,2026-09-19,quantile,0.85,1.2933632224487198e-4
2026-09-26,31,-1,wk inc rsv prop ed visits,2026-09-19,quantile,0.9,1.527380144972815e-4
2026-09-26,31,-1,wk inc rsv prop ed visits,2026-09-19,quantile,0.95,1.9784630104097213e-4
2026-09-26,31,-1,wk inc rsv prop ed visits,2026-09-19,quantile,0.975,2.4450118738434203e-4
2026-09-26,31,-1,wk inc rsv prop ed visits,2026-09-19,quantile,0.99,3.10867234802509e-4
2026-09-26,31,0,wk inc rsv prop ed visits,2026-09-26,quantile,0.01,0
2026-09-26,31,0,wk inc rsv prop ed visits,2026-09-26,quantile,0.025,0
2026-09-26,31,0,wk inc rsv prop ed visits,2026-09-26,quantile,0.05,0
2026-09-26,31,0,wk inc rsv prop ed visits,2026-09-26,quantile,0.1,3.3800325748670814e-6
2026-09-26,31,0,wk inc rsv prop ed visits,2026-09-26,quantile,0.15,6.6572222576811e-6
2026-09-26,31,0,wk inc rsv prop ed visits,2026-09-26,quantile,0.2,9.517024692584805e-6
2026-09-26,31,0,wk inc rsv prop ed visits,2026-09-26,quantile,0.25,1.3370072089180253e-5
2026-09-26,31,0,wk inc rsv prop ed visits,2026-09-26,quantile,0.3,1.5831737268235677e-5
2026-09-26,31,0,wk inc rsv prop ed visits,2026-09-26,quantile,0.35,1.865108079696059e-5
2026-09-26,31,0,wk inc rsv prop ed visits,2026-09-26,quantile,0.4,2.12571512326557e-5
2026-09-26,31,0,wk inc rsv prop ed visits,2026-09-26,quantile,0.45,2.4414917447743827e-5
2026-09-26,31,0,wk inc rsv prop ed visits,2026-09-26,quantile,0.5,2.8076961063105512e-5
2026-09-26,31,0,wk inc rsv prop ed visits,2026-09-26,quantile,0.55,3.203068619944265e-5
2026-09-26,31,0,wk inc rsv prop ed visits,2026-09-26,quantile,0.6,7.268339742219966e-5
2026-09-26,31,0,wk inc rsv prop ed visits,2026-09-26,quantile,0.65,7.784111550329805e-5
2026-09-26,31,0,wk inc rsv prop ed visits,2026-09-26,quantile,0.7,8.327660446812245e-5
2026-09-26,31,0,wk inc rsv prop ed visits,2026-09-26,quantile,0.75,8.924121274754244e-5
2026-09-26,31,0,wk inc rsv prop ed visits,2026-09-26,quantile,0.8,9.723905987586256e-5
2026-09-26,31,0,wk inc rsv prop ed visits,2026-09-26,quantile,0.85,1.4445353399665541e-4
2026-09-26,31,0,wk inc rsv prop ed visits,2026-09-26,quantile,0.9,1.609303466117677e-4
2026-09-26,31,0,wk inc rsv prop ed visits,2026-09-26,quantile,0.95,2.219621833668391e-4
2026-09-26,31,0,wk inc rsv prop ed visits,2026-09-26,quantile,0.975,2.8720178711510926e-4
2026-09-26,31,0,wk inc rsv prop ed visits,2026-09-26,quantile,0.99,3.750273633463017e-4
2026-09-26,31,1,wk inc rsv prop ed visits,2026-10-03,quantile,0.01,0
2026-09-26,31,1,wk inc rsv prop ed visits,2026-10-03,quantile,0.025,0
2026-09-26,31,1,wk inc rsv prop ed visits,2026-10-03,quantile,0.05,0
2026-09-26,31,1,wk inc rsv prop ed visits,2026-10-03,quantile,0.1,2.3433248774930977e-6
2026-09-26,31,1,wk inc rsv prop ed visits,2026-10-03,quantile,0.15,6.2156502715360475e-6
2026-09-26,31,1,wk inc rsv prop ed visits,2026-10-03,quantile,0.2,9.494677218098437e-6
2026-09-26,31,1,wk inc rsv prop ed visits,2026-10-03,quantile,0.25,1.2554773948552772e-5
2026-09-26,31,1,wk inc rsv prop ed visits,2026-10-03,quantile,0.3,1.5992146195669542e-5
2026-09-26,31,1,wk inc rsv prop ed visits,2026-10-03,quantile,0.35,1.8748982352544854e-5
2026-09-26,31,1,wk inc rsv prop ed visits,2026-10-03,quantile,0.4,2.2031518394172786e-5
2026-09-26,31,1,wk inc rsv prop ed visits,2026-10-03,quantile,0.45,2.5624510740228116e-5
2026-09-26,31,1,wk inc rsv prop ed visits,2026-10-03,quantile,0.5,2.9725112825132257e-5
2026-09-26,31,1,wk inc rsv prop ed visits,2026-10-03,quantile,0.55,6.966459441286455e-5
2026-09-26,31,1,wk inc rsv prop ed visits,2026-10-03,quantile,0.6,7.57959263512964e-5
2026-09-26,31,1,wk inc rsv prop ed visits,2026-10-03,quantile,0.65,8.149090945896661e-5
2026-09-26,31,1,wk inc rsv prop ed visits,2026-10-03,quantile,0.7,8.810830929498778e-5
2026-09-26,31,1,wk inc rsv prop ed visits,2026-10-03,quantile,0.75,9.625207618752318e-5
2026-09-26,31,1,wk inc rsv prop ed visits,2026-10-03,quantile,0.8,1.3963349655848165e-4
2026-09-26,31,1,wk inc rsv prop ed visits,2026-10-03,quantile,0.85,1.5303731083396078e-4
2026-09-26,31,1,wk inc rsv prop ed visits,2026-10-03,quantile,0.9,2.0475081197579602e-4
2026-09-26,31,1,wk inc rsv prop ed visits,2026-10-03,quantile,0.95,2.793568709124156e-4
2026-09-26,31,1,wk inc rsv prop ed visits,2026-10-03,quantile,0.975,3.907569485294962e-4
2026-09-26,31,1,wk inc rsv prop ed visits,2026-10-03,quantile,0.99,5.212529938358927e-4
2026-09-26,31,2,wk inc rsv prop ed visits,2026-10-10,quantile,0.01,0
2026-09-26,31,2,wk inc rsv prop ed visits,2026-10-10,quantile,0.025,0
2026-09-26,31,2,wk inc rsv prop ed visits,2026-10-10,quantile,0.05,0
2026-09-26,31,2,wk inc rsv prop ed visits,2026-10-10,quantile,0.1,6.310100031163413e-7
2026-09-26,31,2,wk inc rsv prop ed visits,2026-10-10,quantile,0.15,4.558849061580354e-6
2026-09-26,31,2,wk inc rsv prop ed visits,2026-10-10,quantile,0.2,8.141509505133707e-6
2026-09-26,31,2,wk inc rsv prop ed visits,2026-10-10,quantile,0.25,1.1418247801458804e-5
2026-09-26,31,2,wk inc rsv prop ed visits,2026-10-10,quantile,0.3,1.4686802119507426e-5
2026-09-26,31,2,wk inc rsv prop ed visits,2026-10-10,quantile,0.35,1.8444572153717984e-5
2026-09-26,31,2,wk inc rsv prop ed visits,2026-10-10,quantile,0.4,2.1597895974227286e-5
2026-09-26,31,2,wk inc rsv prop ed visits,2026-10-10,quantile,0.45,2.6064296107034413e-5
2026-09-26,31,2,wk inc rsv prop ed visits,2026-10-10,quantile,0.5,3.0322186979436978e-5
2026-09-26,31,2,wk inc rsv prop ed visits,2026-10-10,quantile,0.55,7.015845593100942e-5
2026-09-26,31,2,wk inc rsv prop ed visits,2026-10-10,quantile,0.6,7.503837384445182e-5
2026-09-26,31,2,wk inc rsv prop ed visits,2026-10-10,quantile,0.65,8.09811605458987e-5
2026-09-26,31,2,wk inc rsv prop ed visits,2026-10-10,quantile,0.7,8.880038350190709e-5
2026-09-26,31,2,wk inc rsv prop ed visits,2026-10-10,quantile,0.75,1.3017475429576142e-4
2026-09-26,31,2,wk inc rsv prop ed visits,2026-10-10,quantile,0.8,1.4526886955608533e-4
2026-09-26,31,2,wk inc rsv prop ed visits,2026-10-10,quantile,0.85,1.9683236836781813e-4
2026-09-26,31,2,wk inc rsv prop ed visits,2026-10-10,quantile,0.9,2.5546156169962855e-4
2026-09-26,31,2,wk inc rsv prop ed visits,2026-10-10,quantile,0.95,3.695708966327401e-4
2026-09-26,31,2,wk inc rsv prop ed visits,2026-10-10,quantile,0.975,5.655005923006928e-4
2026-09-26,31,2,wk inc rsv prop ed visits,2026-10-10,quantile,0.99,9.549425855755985e-4
2026-09-26,32,-1,wk inc rsv prop ed visits,2026-09-19,quantile,0.01,4.31738351946953e-6
2026-09-26,32,-1,wk inc rsv prop ed visits,2026-09-19,quantile,0.025,9.481364377134874e-6
2026-09-26,32,-1,wk inc rsv prop ed visits,2026-09-19,quantile,0.05,1.4107585382151575e-5
2026-09-26,32,-1,wk inc rsv prop ed visits,2026-09-19,quantile,0.1,1.9411672504926426e-5
2026-09-26,32,-1,wk inc rsv prop ed visits,2026-09-19,quantile,0.15,2.3474798083029326e-5
2026-09-26,32,-1,wk inc rsv prop ed visits,2026-09-19,quantile,0.2,2.788526303199274e-5
2026-09-26,32,-1,wk inc rsv prop ed visits,2026-09-19,quantile,0.25,3.126580707140238e-5
2026-09-26,32,-1,wk inc rsv prop ed visits,2026-09-19,quantile,0.3,3.465009993846718e-5
2026-09-26,32,-1,wk inc rsv prop ed visits,2026-09-19,quantile,0.35,3.829913508177368e-5
2026-09-26,32,-1,wk inc rsv prop ed visits,2026-09-19,quantile,0.4,4.172461578936584e-5
2026-09-26,32,-1,wk inc rsv prop ed visits,2026-09-19,quantile,0.45,4.4843067048495774e-5
2026-09-26,32,-1,wk inc rsv prop ed visits,2026-09-19,quantile,0.5,4.857130937524716e-5
2026-09-26,32,-1,wk inc rsv prop ed visits,2026-09-19,quantile,0.55,5.2470614574182775e-5
2026-09-26,32,-1,wk inc rsv prop ed visits,2026-09-19,quantile,0.6,5.719609870150971e-5
2026-09-26,32,-1,wk inc rsv prop ed visits,2026-09-19,quantile,0.65,6.229205468889681e-5
2026-09-26,32,-1,wk inc rsv prop ed visits,2026-09-19,quantile,0.7,6.703192809480174e-5
2026-09-26,32,-1,wk inc rsv prop ed visits,2026-09-19,quantile,0.75,7.377040664078061e-5
2026-09-26,32,-1,wk inc rsv prop ed visits,2026-09-19,quantile,0.8,8.228427168278799e-5
2026-09-26,32,-1,wk inc rsv prop ed visits,2026-09-19,quantile,0.85,9.177524412548383e-5
2026-09-26,32,-1,wk inc rsv prop ed visits,2026-09-19,quantile,0.9,1.0382369971700809e-4
2026-09-26,32,-1,wk inc rsv prop ed visits,2026-09-19,quantile,0.95,1.23182080955948e-4
2026-09-26,32,-1,wk inc rsv prop ed visits,2026-09-19,quantile,0.975,1.515884236957279e-4
2026-09-26,32,-1,wk inc rsv prop ed visits,2026-09-19,quantile,0.99,1.769303931837655e-4
2026-09-26,32,0,wk inc rsv prop ed visits,2026-09-26,quantile,0.01,3.6830622476449994e-6
2026-09-26,32,0,wk inc rsv prop ed visits,2026-09-26,quantile,0.025,6.225518938729872e-6
2026-09-26,32,0,wk inc rsv prop ed visits,2026-09-26,quantile,0.05,8.219017396068302e-6
2026-09-26,32,0,wk inc rsv prop ed visits,2026-09-26,quantile,0.1,1.1447117860678195e-5
2026-09-26,32,0,wk inc rsv prop ed visits,2026-09-26,quantile,0.15,2.9260500034193662e-5
2026-09-26,32,0,wk inc rsv prop ed visits,2026-09-26,quantile,0.2,3.124712870254188e-5
2026-09-26,32,0,wk inc rsv prop ed visits,2026-09-26,quantile,0.25,3.362740724924779e-5
2026-09-26,32,0,wk inc rsv prop ed visits,2026-09-26,quantile,0.3,5.11913955109743e-5
2026-09-26,32,0,wk inc rsv prop ed visits,2026-09-26,quantile,0.35,5.37699051351585e-5
2026-09-26,32,0,wk inc rsv prop ed visits,2026-09-26,quantile,0.4,5.618023561349891e-5
2026-09-26,32,0,wk inc rsv prop ed visits,2026-09-26,quantile,0.45,5.902172665984302e-5
2026-09-26,32,0,wk inc rsv prop ed visits,2026-09-26,quantile,0.5,7.617544212961476e-5
2026-09-26,32,0,wk inc rsv prop ed visits,2026-09-26,quantile,0.55,7.919291561948648e-5
2026-09-26,32,0,wk inc rsv prop ed visits,2026-09-26,quantile,0.6,8.262136244876105e-5
2026-09-26,32,0,wk inc rsv prop ed visits,2026-09-26,quantile,0.65,9.998174117615233e-5
2026-09-26,32,0,wk inc rsv prop ed visits,2026-09-26,quantile,0.7,1.036874716017324e-4
2026-09-26,32,0,wk inc rsv prop ed visits,2026-09-26,quantile,0.75,1.2168673244669767e-4
2026-09-26,32,0,wk inc rsv prop ed visits,2026-09-26,quantile,0.8,1.2831184887442386e-4
2026-09-26,32,0,wk inc rsv prop ed visits,2026-09-26,quantile,0.85,1.49147189822804e-4
2026-09-26,32,0,wk inc rsv prop ed visits,2026-09-26,quantile,0.9,1.7264404760559493e-4
2026-09-26,32,0,wk inc rsv prop ed visits,2026-09-26,quantile,0.95,2.0693943416718837e-4
2026-09-26,32,0,wk inc rsv prop ed visits,2026-09-26,quantile,0.975,2.547563133646843e-4
2026-09-26,32,0,wk inc rsv prop ed visits,2026-09-26,quantile,0.99,3.1280362666931795e-4
2026-09-26,32,1,wk inc rsv prop ed visits,2026-10-03,quantile,0.01,4.264580916271249e-6
2026-09-26,32,1,wk inc rsv prop ed visits,2026-10-03,quantile,0.025,6.755423495254883e-6
2026-09-26,32,1,wk inc rsv prop ed visits,2026-10-03,quantile,0.05,9.106560246869507e-6
2026-09-26,32,1,wk inc rsv prop ed visits,2026-10-03,quantile,0.1,1.2725800597143238e-5
2026-09-26,32,1,wk inc rsv prop ed visits,2026-10-03,quantile,0.15,3.1756776288277636e-5
2026-09-26,32,1,wk inc rsv prop ed visits,2026-10-03,quantile,0.2,3.473441474864598e-5
2026-09-26,32,1,wk inc rsv prop ed visits,2026-10-03,quantile,0.25,3.796051755794482e-5
2026-09-26,32,1,wk inc rsv prop ed visits,2026-10-03,quantile,0.3,5.539575391145673e-5
2026-09-26,32,1,wk inc rsv prop ed visits,2026-10-03,quantile,0.35,5.820076199542722e-5
2026-09-26,32,1,wk inc rsv prop ed visits,2026-10-03,quantile,0.4,6.076474729259813e-5
2026-09-26,32,1,wk inc rsv prop ed visits,2026-10-03,quantile,0.45,7.833397349377634e-5
2026-09-26,32,1,wk inc rsv prop ed visits,2026-10-03,quantile,0.5,8.127356295067504e-5
2026-09-26,32,1,wk inc rsv prop ed visits,2026-10-03,quantile,0.55,9.766907170434139e-5
2026-09-26,32,1,wk inc rsv prop ed visits,2026-10-03,quantile,0.6,1.0273328630331486e-4
2026-09-26,32,1,wk inc rsv prop ed visits,2026-10-03,quantile,0.65,1.085305068216058e-4
2026-09-26,32,1,wk inc rsv prop ed visits,2026-10-03,quantile,0.7,1.270784047342125e-4
2026-09-26,32,1,wk inc rsv prop ed visits,2026-10-03,quantile,0.75,1.462213842232259e-4
2026-09-26,32,1,wk inc rsv prop ed visits,2026-10-03,quantile,0.8,1.6701633918759552e-4
2026-09-26,32,1,wk inc rsv prop ed visits,2026-10-03,quantile,0.85,1.891781670507005e-4
2026-09-26,32,1,wk inc rsv prop ed visits,2026-10-03,quantile,0.9,2.169124356467428e-4
2026-09-26,32,1,wk inc rsv prop ed visits,2026-10-03,quantile,0.95,2.7807838997733034e-4
2026-09-26,32,1,wk inc rsv prop ed visits,2026-10-03,quantile,0.975,3.4595181479204427e-4
2026-09-26,32,1,wk inc rsv prop ed visits,2026-10-03,quantile,0.99,4.2630169595863276e-4
2026-09-26,32,2,wk inc rsv prop ed visits,2026-10-10,quantile,0.01,6.252174153128663e-6
2026-09-26,32,2,wk inc rsv prop ed visits,2026-10-10,quantile,0.025,8.452680757061345e-6
2026-09-26,32,2,wk inc rsv prop ed visits,2026-10-10,quantile,0.05,1.077459681505678e-5
2026-09-26,32,2,wk inc rsv prop ed visits,2026-10-10,quantile,0.1,1.54882858180504e-5
2026-09-26,32,2,wk inc rsv prop ed visits,2026-10-10,quantile,0.15,3.478876061530974e-5
2026-09-26,32,2,wk inc rsv prop ed visits,2026-10-10,quantile,0.2,3.8131251816244124e-5
2026-09-26,32,2,wk inc rsv prop ed visits,2026-10-10,quantile,0.25,4.1324825238118054e-5
2026-09-26,32,2,wk inc rsv prop ed visits,2026-10-10,quantile,0.3,5.919494705257505e-5
2026-09-26,32,2,wk inc rsv prop ed visits,2026-10-10,quantile,0.35,6.217678075594248e-5
2026-09-26,32,2,wk inc rsv prop ed visits,2026-10-10,quantile,0.4,7.93286330609522e-5
2026-09-26,32,2,wk inc rsv prop ed visits,2026-10-10,quantile,0.45,8.332938885781426e-5
2026-09-26,32,2,wk inc rsv prop ed visits,2026-10-10,quantile,0.5,1.0023394689185435e-4
2026-09-26,32,2,wk inc rsv prop ed visits,2026-10-10,quantile,0.55,1.0529054229828918e-4
2026-09-26,32,2,wk inc rsv prop ed visits,2026-10-10,quantile,0.6,1.2335600164971859e-4
2026-09-26,32,2,wk inc rsv prop ed visits,2026-10-10,quantile,0.65,1.2954837215109965e-4
2026-09-26,32,2,wk inc rsv prop ed visits,2026-10-10,quantile,0.7,1.4879403087406795e-4
2026-09-26,32,2,wk inc rsv prop ed visits,2026-10-10,quantile,0.75,1.720481786956871e-4
2026-09-26,32,2,wk inc rsv prop ed visits,2026-10-10,quantile,0.8,2.0798539582056396e-4
2026-09-26,32,2,wk inc rsv prop ed visits,2026-10-10,quantile,0.85,2.3956608713521102e-4
2026-09-26,32,2,wk inc rsv prop ed visits,2026-10-10,quantile,0.9,2.986830797052207e-4
2026-09-26,32,2,wk inc rsv prop ed visits,2026-10-10,quantile,0.95,4.200932649998186e-4
2026-09-26,32,2,wk inc rsv prop ed visits,2026-10-10,quantile,0.975,5.431656602566362e-4
2026-09-26,32,2,wk inc rsv prop ed visits,2026-10-10,quantile,0.99,7.559925002823488e-4
2026-09-26,33,-1,wk inc rsv prop ed visits,2026-09-19,quantile,0.01,0
2026-09-26,33,-1,wk inc rsv prop ed visits,2026-09-19,quantile,0.025,0
2026-09-26,33,-1,wk inc rsv prop ed visits,2026-09-19,quantile,0.05,0
2026-09-26,33,-1,wk inc rsv prop ed visits,2026-09-19,quantile,0.1,0
2026-09-26,33,-1,wk inc rsv prop ed visits,2026-09-19,quantile,0.15,0
2026-09-26,33,-1,wk inc rsv prop ed visits,2026-09-19,quantile,0.2,0
2026-09-26,33,-1,wk inc rsv prop ed visits,2026-09-19,quantile,0.25,0
2026-09-26,33,-1,wk inc rsv prop ed visits,2026-09-19,quantile,0.3,0
2026-09-26,33,-1,wk inc rsv prop ed visits,2026-09-19,quantile,0.35,1.894558740676052e-6
2026-09-26,33,-1,wk inc rsv prop ed visits,2026-09-19,quantile,0.4,6.345371245642063e-6
2026-09-26,33,-1,wk inc rsv prop ed visits,2026-09-19,quantile,0.45,1.0847068786295273e-5
2026-09-26,33,-1,wk inc rsv prop ed visits,2026-09-19,quantile,0.5,1.5895321786118045e-5
2026-09-26,33,-1,wk inc rsv prop ed visits,2026-09-19,quantile,0.55,2.181356288671739e-5
2026-09-26,33,-1,wk inc rsv prop ed visits,2026-09-19,quantile,0.6,2.8917258625411757e-5
2026-09-26,33,-1,wk inc rsv prop ed visits,2026-09-19,quantile,0.65,3.650704123646599e-5
2026-09-26,33,-1,wk inc rsv prop ed visits,2026-09-19,quantile,0.7,4.4480947509607606e-5
2026-09-26,33,-1,wk inc rsv prop ed visits,2026-09-19,quantile,0.75,5.445250443198812e-5
2026-09-26,33,-1,wk inc rsv prop ed visits,2026-09-19,quantile,0.8,6.612221333594528e-5
2026-09-26,33,-1,wk inc rsv prop ed visits,2026-09-19,quantile,0.85,8.19633602516172e-5
2026-09-26,33,-1,wk inc rsv prop ed visits,2026-09-19,quantile,0.9,1.0445569797361683e-4
2026-09-26,33,-1,wk inc rsv prop ed visits,2026-09-19,quantile,0.95,1.496950562538521e-4
2026-09-26,33,-1,wk inc rsv prop ed visits,2026-09-19,quantile,0.975,1.9207969076338188e-4
2026-09-26,33,-1,wk inc rsv prop ed visits,2026-09-19,quantile,0.99,0.00027644124887047663
2026-09-26,33,0,wk inc rsv prop ed visits,2026-09-26,quantile,0.01,0
2026-09-26,33,0,wk inc rsv prop ed visits,2026-09-26,quantile,0.025,0
2026-09-26,33,0,wk inc rsv prop ed visits,2026-09-26,quantile,0.05,0
2026-09-26,33,0,wk inc rsv prop ed visits,2026-09-26,quantile,0.1,0
2026-09-26,33,0,wk inc rsv prop ed visits,2026-09-26,quantile,0.15,0
2026-09-26,33,0,wk inc rsv prop ed visits,2026-09-26,quantile,0.2,0
2026-09-26,33,0,wk inc rsv prop ed visits,2026-09-26,quantile,0.25,0
2026-09-26,33,0,wk inc rsv prop ed visits,2026-09-26,quantile,0.3,7.249154665246897e-7
2026-09-26,33,0,wk inc rsv prop ed visits,2026-09-26,quantile,0.35,3.7448225283394536e-6
2026-09-26,33,0,wk inc rsv prop ed visits,2026-09-26,quantile,0.4,7.122867239675073e-6
2026-09-26,33,0,wk inc rsv prop ed visits,2026-09-26,quantile,0.45,9.769620434349032e-6
2026-09-26,33,0,wk inc rsv prop ed visits,2026-09-26,quantile,0.5,1.2833995267824646e-5
2026-09-26,33,0,wk inc rsv prop ed visits,2026-09-26,quantile,0.55,1.6152013868800223e-5
2026-09-26,33,0,wk inc rsv prop ed visits,2026-09-26,quantile,0.6,2.0100045364398653e-5
2026-09-26,33,0,wk inc rsv prop ed visits,2026-09-26,quantile,0.65,2.450081237430371e-5
2026-09-26,33,0,wk inc rsv prop ed visits,2026-09-26,quantile,0.7,2.899258788994845e-5
2026-09-26,33,0,wk inc rsv prop ed visits,2026-09-26,quantile,0.75,3.554981284060057e-5
2026-09-26,33,0,wk inc rsv prop ed visits,2026-09-26,quantile,0.8,4.2523103925592943e-5
2026-09-26,33,0,wk inc rsv prop ed visits,2026-09-26,quantile,0.85,5.32622772838309e-5
2026-09-26,33,0,wk inc rsv prop ed visits,2026-09-26,quantile,0.9,6.697046133325699e-5
2026-09-26,33,0,wk inc rsv prop ed visits,2026-09-26,quantile,0.95,1.7212915877914866e-4
2026-09-26,33,0,wk inc rsv prop ed visits,2026-09-26,quantile,0.975,1.9899065630207146e-4
2026-09-26,33,0,wk inc rsv prop ed visits,2026-09-26,quantile,0.99,3.1953669421694525e-4
2026-09-26,33,1,wk inc rsv prop ed visits,2026-10-03,quantile,0.01,0
2026-09-26,33,1,wk inc rsv prop ed visits,2026-10-03,quantile,0.025,0
2026-09-26,33,1,wk inc rsv prop ed visits,2026-10-03,quantile,0.05,0
2026-09-26,33,1,wk inc rsv prop ed visits,2026-10-03,quantile,0.1,0
2026-09-26,33,1,wk inc rsv prop ed visits,2026-10-03,quantile,0.15,0
2026-09-26,33,1,wk inc rsv prop ed visits,2026-10-03,quantile,0.2,0
2026-09-26,33,1,wk inc rsv prop ed visits,2026-10-03,quantile,0.25,1.3274672432467022e-6
2026-09-26,33,1,wk inc rsv prop ed visits,2026-10-03,quantile,0.3,4.337143506203142e-6
2026-09-26,33,1,wk inc rsv prop ed visits,2026-10-03,quantile,0.35,8.055485111133382e-6
2026-09-26,33,1,wk inc rsv prop ed visits,2026-10-03,quantile,0.4,1.1694011392990172e-5
2026-09-26,33,1,wk inc rsv prop ed visits,2026-10-03,quantile,0.45,1.5071632372602337e-5
2026-09-26,33,1,wk inc rsv prop ed visits,2026-10-03,quantile,0.5,1.867806319288384e-5
2026-09-26,33,1,wk inc rsv prop ed visits,2026-10-03,quantile,0.55,2.4403875669409613e-5
2026-09-26,33,1,wk inc rsv prop ed visits,2026-10-03,quantile,0.6,2.9280214576928648e-5
2026-09-26,33,1,wk inc rsv prop ed visits,2026-10-03,quantile,0.65,3.5750638891805564e-5
2026-09-26,33,1,wk inc rsv prop ed visits,2026-10-03,quantile,0.7,4.211529968062038e-5
2026-09-26,33,1,wk inc rsv prop ed visits,2026-10-03,quantile,0.75,5.032494519128428e-5
2026-09-26,33,1,wk inc rsv prop ed visits,2026-10-03,quantile,0.8,5.9639224477272344e-5
2026-09-26,33,1,wk inc rsv prop ed visits,2026-10-03,quantile,0.85,7.219146400377144e-5
2026-09-26,33,1,wk inc rsv prop ed visits,2026-10-03,quantile,0.9,8.941300932995383e-5
2026-09-26,33,1,wk inc rsv prop ed visits,2026-10-03,quantile,0.95,1.9790404400611114e-4
2026-09-26,33,1,wk inc rsv prop ed visits,2026-10-03,quantile,0.975,2.3622706871915465e-4
2026-09-26,33,1,wk inc rsv prop ed visits,2026-10-03,quantile,0.99,3.625953146070552e-4
2026-09-26,33,2,wk inc rsv prop ed visits,2026-10-10,quantile,0.01,0
2026-09-26,33,2,wk inc rsv prop ed visits,2026-10-10,quantile,0.025,0
2026-09-26,33,2,wk inc rsv prop ed visits,2026-10-10,quantile,0.05,0
2026-09-26,33,2,wk inc rsv prop ed visits,2026-10-10,quantile,0.1,0
2026-09-26,33,2,wk inc rsv prop ed visits,2026-10-10,quantile,0.15,0
2026-09-26,33,2,wk inc rsv prop ed visits,2026-10-10,quantile,0.2,6.403397793644329e-7
2026-09-26,33,2,wk inc rsv prop ed visits,2026-10-10,quantile,0.25,5.013012159647268e-6
2026-09-26,33,2,wk inc rsv prop ed visits,2026-10-10,quantile,0.3,9.339177367775054e-6
2026-09-26,33,2,wk inc rsv prop ed visits,2026-10-10,quantile,0.35,1.3437888938044096e-5
2026-09-26,33,2,wk inc rsv prop ed visits,2026-10-10,quantile,0.4,1.758655975894756e-5
2026-09-26,33,2,wk inc rsv prop ed visits,2026-10-10,quantile,0.45,2.277695190399641e-5
2026-09-26,33,2,wk inc rsv prop ed visits,2026-10-10,quantile,0.5,2.790507594611528e-5
2026-09-26,33,2,wk inc rsv prop ed visits,2026-10-10,quantile,0.55,3.2920846800694855e-5
2026-09-26,33,2,wk inc rsv prop ed visits,2026-10-10,quantile,0.6,3.963588950920511e-5
2026-09-26,33,2,wk inc rsv prop ed visits,2026-10-10,quantile,0.65,4.639752666476361e-5
2026-09-26,33,2,wk inc rsv prop ed visits,2026-10-10,quantile,0.7,5.5625913031575214e-5
2026-09-26,33,2,wk inc rsv prop ed visits,2026-10-10,quantile,0.75,6.368972981709048e-5
2026-09-26,33,2,wk inc rsv prop ed visits,2026-10-10,quantile,0.8,7.66344048938722e-5
2026-09-26,33,2,wk inc rsv prop ed visits,2026-10-10,quantile,0.85,9.63826377489265e-5
2026-09-26,33,2,wk inc rsv prop ed visits,2026-10-10,quantile,0.9,1.9294778915726867e-4
2026-09-26,33,2,wk inc rsv prop ed visits,2026-10-10,quantile,0.95,2.424938607741588e-4
2026-09-26,33,2,wk inc rsv prop ed visits,2026-10-10,quantile,0.975,3.7821870209926625e-4
2026-09-26,33,2,wk inc rsv prop ed visits,2026-10-10,quantile,0.99,6.772921510535962e-4
2026-09-26,34,-1,wk inc rsv prop ed visits,2026-09-19,quantile,0.01,1.936122322069273e-4
2026-09-26,34,-1,wk inc rsv prop ed visits,2026-09-19,quantile,0.025,2.1618794921084576e-4
2026-09-26,34,-1,wk inc rsv prop ed visits,2026-09-19,quantile,0.05,2.356530725321086e-4
2026-09-26,34,-1,wk inc rsv prop ed visits,2026-09-19,quantile,0.1,2.5920808936621964e-4
2026-09-26,34,-1,wk inc rsv prop ed visits,2026-09-19,quantile,0.15,2.762653371839435e-4
2026-09-26,34,-1,wk inc rsv prop ed visits,2026-09-19,quantile,0.2,2.903357471159128e-4
2026-09-26,34,-1,wk inc rsv prop ed visits,2026-09-19,quantile,0.25,3.033787084686124e-4
2026-09-26,34,-1,wk inc rsv prop ed visits,2026-09-19,quantile,0.3,3.154540654646467e-4
2026-09-26,34,-1,wk inc rsv prop ed visits,2026-09-19,quantile,0.35,3.269060109403649e-4
2026-09-26,34,-1,wk inc rsv prop ed visits,2026-09-19,quantile,0.4,3.3956558921901907e-4
2026-09-26,34,-1,wk inc rsv prop ed visits,2026-09-19,quantile,0.45,3.5299842363926926e-4
2026-09-26,34,-1,wk inc rsv prop ed visits,2026-09-19,quantile,0.5,3.6329240786175644e-4
2026-09-26,34,-1,wk inc rsv prop ed visits,2026-09-19,quantile,0.55,3.737172988505947e-4
2026-09-26,34,-1,wk inc rsv prop ed visits,2026-09-19,quantile,0.6,3.856572401206098e-4
2026-09-26,34,-1,wk inc rsv prop ed visits,2026-09-19,quantile,0.65,3.9799771306953574e-4
2026-09-26,34,-1,wk inc rsv prop ed visits,2026-09-19,quantile,0.7,4.146173335919754e-4
2026-09-26,34,-1,wk inc rsv prop ed visits,2026-09-19,quantile,0.75,4.3344805331107416e-4
2026-09-26,34,-1,wk inc rsv prop ed visits,2026-09-19,quantile,0.8,4.545104584442908e-4
2026-09-26,34,-1,wk inc rsv prop ed visits,2026-09-19,quantile,0.85,4.758897727249246e-4
2026-09-26,34,-1,wk inc rsv prop ed visits,2026-09-19,quantile,0.9,5.040944349920058e-4
2026-09-26,34,-1,wk inc rsv prop ed visits,2026-09-19,quantile,0.95,5.604891704121278e-4
2026-09-26,34,-1,wk inc rsv prop ed visits,2026-09-19,quantile,0.975,6.146875648851865e-4
2026-09-26,34,-1,wk inc rsv prop ed visits,2026-09-19,quantile,0.99,7.034928207001604e-4
2026-09-26,34,0,wk inc rsv prop ed visits,2026-09-26,quantile,0.01,1.7176644935566567e-4
2026-09-26,34,0,wk inc rsv prop ed visits,2026-09-26,quantile,0.025,1.9708914325892307e-4
2026-09-26,34,0,wk inc rsv prop ed visits,2026-09-26,quantile,0.05,2.1979471985817894e-4
2026-09-26,34,0,wk inc rsv prop ed visits,2026-09-26,quantile,0.1,2.511677073950583e-4
2026-09-26,34,0,wk inc rsv prop ed visits,2026-09-26,quantile,0.15,2.686126983914768e-4
2026-09-26,34,0,wk inc rsv prop ed visits,2026-09-26,quantile,0.2,2.889292980347019e-4
2026-09-26,34,0,wk inc rsv prop ed visits,2026-09-26,quantile,0.25,3.034745244202365e-4
2026-09-26,34,0,wk inc rsv prop ed visits,2026-09-26,quantile,0.3,3.1708964149395756e-4
2026-09-26,34,0,wk inc rsv prop ed visits,2026-09-26,quantile,0.35,3.313722347123005e-4
2026-09-26,34,0,wk inc rsv prop ed visits,2026-09-26,quantile,0.4,3.463181229779657e-4
2026-09-26,34,0,wk inc rsv prop ed visits,2026-09-26,quantile,0.45,3.620538748162454e-4
2026-09-26,34,0,wk inc rsv prop ed visits,2026-09-26,quantile,0.5,3.7773876171048014e-4
2026-09-26,34,0,wk inc rsv prop ed visits,2026-09-26,quantile,0.55,3.935285260318045e-4
2026-09-26,34,0,wk inc rsv prop ed visits,2026-09-26,quantile,0.6,4.0869985353355205e-4
2026-09-26,34,0,wk inc rsv prop ed visits,2026-09-26,quantile,0.65,4.2417499506735635e-4
2026-09-26,34,0,wk inc rsv prop ed visits,2026-09-26,quantile,0.7,4.418448288313577e-4
2026-09-26,34,0,wk inc rsv prop ed visits,2026-09-26,quantile,0.75,4.6177971672551623e-4
2026-09-26,34,0,wk inc rsv prop ed visits,2026-09-26,quantile,0.8,4.86372565903315e-4
2026-09-26,34,0,wk inc rsv prop ed visits,2026-09-26,quantile,0.85,5.120397347256453e-4
2026-09-26,34,0,wk inc rsv prop ed visits,2026-09-26,quantile,0.9,5.495962711025745e-4
2026-09-26,34,0,wk inc rsv prop ed visits,2026-09-26,quantile,0.95,6.10637974660862e-4
2026-09-26,34,0,wk inc rsv prop ed visits,2026-09-26,quantile,0.975,6.643155518871192e-4
2026-09-26,34,0,wk inc rsv prop ed visits,2026-09-26,quantile,0.99,7.335288039653615e-4
2026-09-26,34,1,wk inc rsv prop ed visits,2026-10-03,quantile,0.01,1.6045790243682348e-4
2026-09-26,34,1,wk inc rsv prop ed visits,2026-10-03,quantile,0.025,1.8681627424833923e-4
2026-09-26,34,1,wk inc rsv prop ed visits,2026-10-03,quantile,0.05,2.1178283268235353e-4
2026-09-26,34,1,wk inc rsv prop ed visits,2026-10-03,quantile,0.1,2.505895380050371e-4
2026-09-26,34,1,wk inc rsv prop ed visits,2026-10-03,quantile,0.15,2.7543298973978236e-4
2026-09-26,34,1,wk inc rsv prop ed visits,2026-10-03,quantile,0.2,2.9602411880332296e-4
2026-09-26,34,1,wk inc rsv prop ed visits,2026-10-03,quantile,0.25,3.179655849893174e-4
2026-09-26,34,1,wk inc rsv prop ed visits,2026-10-03,quantile,0.3,3.4032666491064006e-4
2026-09-26,34,1,wk inc rsv prop ed visits,2026-10-03,quantile,0.35,3.5813910182875636e-4
2026-09-26,34,1,wk inc rsv prop ed visits,2026-10-03,quantile,0.4,3.762447951716587e-4
2026-09-26,34,1,wk inc rsv prop ed visits,2026-10-03,quantile,0.45,3.933298180283326e-4
2026-09-26,34,1,wk inc rsv prop ed visits,2026-10-03,quantile,0.5,4.1233774270286403e-4
2026-09-26,34,1,wk inc rsv prop ed visits,2026-10-03,quantile,0.55,4.31009625608481e-4
2026-09-26,34,1,wk inc rsv prop ed visits,2026-10-03,quantile,0.6,4.5266755134483526e-4
2026-09-26,34,1,wk inc rsv prop ed visits,2026-10-03,quantile,0.65,4.7278239897025407e-4
2026-09-26,34,1,wk inc rsv prop ed visits,2026-10-03,quantile,0.7,4.963308907888261e-4
2026-09-26,34,1,wk inc rsv prop ed visits,2026-10-03,quantile,0.75,5.233068948102813e-4
2026-09-26,34,1,wk inc rsv prop ed visits,2026-10-03,quantile,0.8,5.608143800625938e-4
2026-09-26,34,1,wk inc rsv prop ed visits,2026-10-03,quantile,0.85,5.981463459504286e-4
2026-09-26,34,1,wk inc rsv prop ed visits,2026-10-03,quantile,0.9,6.552629499781144e-4
2026-09-26,34,1,wk inc rsv prop ed visits,2026-10-03,quantile,0.95,7.457133303413537e-4
2026-09-26,34,1,wk inc rsv prop ed visits,2026-10-03,quantile,0.975,8.235838585014372e-4
2026-09-26,34,1,wk inc rsv prop ed visits,2026-10-03,quantile,0.99,9.304482983754367e-4
2026-09-26,34,2,wk inc rsv prop ed visits,2026-10-10,quantile,0.01,1.4748015797114305e-4
2026-09-26,34,2,wk inc rsv prop ed visits,2026-10-10,quantile,0.025,1.7469038749560597e-4
2026-09-26,34,2,wk inc rsv prop ed visits,2026-10-10,quantile,0.05,2.0394357461880875e-4
2026-09-26,34,2,wk inc rsv prop ed visits,2026-10-10,quantile,0.1,2.4259427831171696e-4
2026-09-26,34,2,wk inc rsv prop ed visits,2026-10-10,quantile,0.15,2.739929662916958e-4
2026-09-26,34,2,wk inc rsv prop ed visits,2026-10-10,quantile,0.2,2.979227397493532e-4
2026-09-26,34,2,wk inc rsv prop ed visits,2026-10-10,quantile,0.25,3.2341634772064946e-4
2026-09-26,34,2,wk inc rsv prop ed visits,2026-10-10,quantile,0.3,3.4728484732375446e-4
2026-09-26,34,2,wk inc rsv prop ed visits,2026-10-10,quantile,0.35,3.7190077830143273e-4
2026-09-26,34,2,wk inc rsv prop ed visits,2026-10-10,quantile,0.4,3.9716574164326833e-4
2026-09-26,34,2,wk inc rsv prop ed visits,2026-10-10,quantile,0.45,4.2098260919320345e-4
2026-09-26,34,2,wk inc rsv prop ed visits,2026-10-10,quantile,0.5,4.4561975328369157e-4
2026-09-26,34,2,wk inc rsv prop ed visits,2026-10-10,quantile,0.55,4.7263257625585636e-4
2026-09-26,34,2,wk inc rsv prop ed visits,2026-10-10,quantile,0.6,4.984160716234931e-4
2026-09-26,34,2,wk inc rsv prop ed visits,2026-10-10,quantile,0.65,5.326486395281812e-4
2026-09-26,34,2,wk inc rsv prop ed visits,2026-10-10,quantile,0.7,5.67254533889734e-4
2026-09-26,34,2,wk inc rsv prop ed visits,2026-10-10,quantile,0.75,6.048825740342391e-4
2026-09-26,34,2,wk inc rsv prop ed visits,2026-10-10,quantile,0.8,6.519726883539348e-4
2026-09-26,34,2,wk inc rsv prop ed visits,2026-10-10,quantile,0.85,7.091942863972508e-4
2026-09-26,34,2,wk inc rsv prop ed visits,2026-10-10,quantile,0.9,7.93381871738848e-4
2026-09-26,34,2,wk inc rsv prop ed visits,2026-10-10,quantile,0.95,9.401857682233255e-4
2026-09-26,34,2,wk inc rsv prop ed visits,2026-10-10,quantile,0.975,0.0011004207226654997
2026-09-26,34,2,wk inc rsv prop ed visits,2026-10-10,quantile,0.99,0.0013163876475863698
2026-09-26,35,-1,wk inc rsv prop ed visits,2026-09-19,quantile,0.01,1.607070227446557e-6
2026-09-26,35,-1,wk inc rsv prop ed visits,2026-09-19,quantile,0.025,6.756823728451522e-6
2026-09-26,35,-1,wk inc rsv prop ed visits,2026-09-19,quantile,0.05,1.4042535002232019e-5
2026-09-26,35,-1,wk inc rsv prop ed visits,2026-09-19,quantile,0.1,2.2450086581889004e-5
2026-09-26,35,-1,wk inc rsv prop ed visits,2026-09-19,quantile,0.15,3.020006831003499e-5
2026-09-26,35,-1,wk inc rsv prop ed visits,2026-09-19,quantile,0.2,3.680467277208715e-5
2026-09-26,35,-1,wk inc rsv prop ed visits,2026-09-19,quantile,0.25,4.469251768465497e-5
2026-09-26,35,-1,wk inc rsv prop ed visits,2026-09-19,quantile,0.3,5.203110670975677e-5
2026-09-26,35,-1,wk inc rsv prop ed visits,2026-09-19,quantile,0.35,5.895023061416451e-5
2026-09-26,35,-1,wk inc rsv prop ed visits,2026-09-19,quantile,0.4,6.551054784120693e-5
2026-09-26,35,-1,wk inc rsv prop ed visits,2026-09-19,quantile,0.45,7.189383505316402e-5
2026-09-26,35,-1,wk inc rsv prop ed visits,2026-09-19,quantile,0.5,7.959954194312099e-5
2026-09-26,35,-1,wk inc rsv prop ed visits,2026-09-19,quantile,0.55,8.90822552982226e-5
2026-09-26,35,-1,wk inc rsv prop ed visits,2026-09-19,quantile,0.6,9.989358423890244e-5
2026-09-26,35,-1,wk inc rsv prop ed visits,2026-09-19,quantile,0.65,1.1076787921413098e-4
2026-09-26,35,-1,wk inc rsv prop ed visits,2026-09-19,quantile,0.7,1.2327203825971507e-4
2026-09-26,35,-1,wk inc rsv prop ed visits,2026-09-19,quantile,0.75,1.3863070066415882e-4
2026-09-26,35,-1,wk inc rsv prop ed visits,2026-09-19,quantile,0.8,1.6133545101768704e-4
2026-09-26,35,-1,wk inc rsv prop ed visits,2026-09-19,quantile,0.85,1.8454347221082316e-4
2026-09-26,35,-1,wk inc rsv prop ed visits,2026-09-19,quantile,0.9,2.135406884912928e-4
2026-09-26,35,-1,wk inc rsv prop ed visits,2026-09-19,quantile,0.95,2.7341736681732356e-4
2026-09-26,35,-1,wk inc rsv prop ed visits,2026-09-19,quantile,0.975,3.564212832842523e-4
2026-09-26,35,-1,wk inc rsv prop ed visits,2026-09-19,quantile,0.99,4.4214678759156145e-4
2026-09-26,35,0,wk inc rsv prop ed visits,2026-09-26,quantile,0.01,0
2026-09-26,35,0,wk inc rsv prop ed visits,2026-09-26,quantile,0.025,2.468534735119945e-6
2026-09-26,35,0,wk inc rsv prop ed visits,2026-09-26,quantile,0.05,6.255795221481646e-6
2026-09-26,35,0,wk inc rsv prop ed visits,2026-09-26,quantile,0.1,1.1629639597257237e-5
2026-09-26,35,0,wk inc rsv prop ed visits,2026-09-26,quantile,0.15,1.572512173624526e-5
2026-09-26,35,0,wk inc rsv prop ed visits,2026-09-26,quantile,0.2,1.9616041552164785e-5
2026-09-26,35,0,wk inc rsv prop ed visits,2026-09-26,quantile,0.25,5.2555152315003506e-5
2026-09-26,35,0,wk inc rsv prop ed visits,2026-09-26,quantile,0.3,5.66720435958591e-5
2026-09-26,35,0,wk inc rsv prop ed visits,2026-09-26,quantile,0.35,6.073248162444507e-5
2026-09-26,35,0,wk inc rsv prop ed visits,2026-09-26,quantile,0.4,6.551832638242031e-5
2026-09-26,35,0,wk inc rsv prop ed visits,2026-09-26,quantile,0.45,6.977588743230494e-5
2026-09-26,35,0,wk inc rsv prop ed visits,2026-09-26,quantile,0.5,7.432304614287523e-5
2026-09-26,35,0,wk inc rsv prop ed visits,2026-09-26,quantile,0.55,1.077299515348626e-4
2026-09-26,35,0,wk inc rsv prop ed visits,2026-09-26,quantile,0.6,1.1440830805622454e-4
2026-09-26,35,0,wk inc rsv prop ed visits,2026-09-26,quantile,0.65,1.2060323842988899e-4
2026-09-26,35,0,wk inc rsv prop ed visits,2026-09-26,quantile,0.7,1.2973390510208804e-4
2026-09-26,35,0,wk inc rsv prop ed visits,2026-09-26,quantile,0.75,1.6705498983347303e-4
2026-09-26,35,0,wk inc rsv prop ed visits,2026-09-26,quantile,0.8,1.7967572354246421e-4
2026-09-26,35,0,wk inc rsv prop ed visits,2026-09-26,quantile,0.85,2.2029730889528378e-4
2026-09-26,35,0,wk inc rsv prop ed visits,2026-09-26,quantile,0.9,2.443270932400455e-4
2026-09-26,35,0,wk inc rsv prop ed visits,2026-09-26,quantile,0.95,3.237942485047329e-4
2026-09-26,35,0,wk inc rsv prop ed visits,2026-09-26,quantile,0.975,4.196569380018802e-4
2026-09-26,35,0,wk inc rsv prop ed visits,2026-09-26,quantile,0.99,5.148228552159488e-4
2026-09-26,35,1,wk inc rsv prop ed visits,2026-10-03,quantile,0.01,0
2026-09-26,35,1,wk inc rsv prop ed visits,2026-10-03,quantile,0.025,0
2026-09-26,35,1,wk inc rsv prop ed visits,2026-10-03,quantile,0.05,3.4382170569426782e-6
2026-09-26,35,1,wk inc rsv prop ed visits,2026-10-03,quantile,0.1,9.175124685708138e-6
2026-09-26,35,1,wk inc rsv prop ed visits,2026-10-03,quantile,0.15,1.3590831696745714e-5
2026-09-26,35,1,wk inc rsv prop ed visits,2026-10-03,quantile,0.2,1.8060587648214913e-5
2026-09-26,35,1,wk inc rsv prop ed visits,2026-10-03,quantile,0.25,2.209043743219067e-5
2026-09-26,35,1,wk inc rsv prop ed visits,2026-10-03,quantile,0.3,5.631059476144631e-5
2026-09-26,35,1,wk inc rsv prop ed visits,2026-10-03,quantile,0.35,6.0774450669413495e-5
2026-09-26,35,1,wk inc rsv prop ed visits,2026-10-03,quantile,0.4,6.555838575184994e-5
2026-09-26,35,1,wk inc rsv prop ed visits,2026-10-03,quantile,0.45,7.112752619884556e-5
2026-09-26,35,1,wk inc rsv prop ed visits,2026-10-03,quantile,0.5,1.0431170094692293e-4
2026-09-26,35,1,wk inc rsv prop ed visits,2026-10-03,quantile,0.55,1.1237321911052977e-4
2026-09-26,35,1,wk inc rsv prop ed visits,2026-10-03,quantile,0.6,1.1867609162567363e-4
2026-09-26,35,1,wk inc rsv prop ed visits,2026-10-03,quantile,0.65,1.2570932090730298e-4
2026-09-26,35,1,wk inc rsv prop ed visits,2026-10-03,quantile,0.7,1.6265742761416226e-4
2026-09-26,35,1,wk inc rsv prop ed visits,2026-10-03,quantile,0.75,1.7418733762303014e-4
2026-09-26,35,1,wk inc rsv prop ed visits,2026-10-03,quantile,0.8,2.1552078646133654e-4
2026-09-26,35,1,wk inc rsv prop ed visits,2026-10-03,quantile,0.85,2.4017457038413473e-4
2026-09-26,35,1,wk inc rsv prop ed visits,2026-10-03,quantile,0.9,3.136641037660027e-4
2026-09-26,35,1,wk inc rsv prop ed visits,2026-10-03,quantile,0.95,4.328842644843804e-4
2026-09-26,35,1,wk inc rsv prop ed visits,2026-10-03,quantile,0.975,5.300219185783054e-4
2026-09-26,35,1,wk inc rsv prop ed visits,2026-10-03,quantile,0.99,7.003411979182757e-4
2026-09-26,35,2,wk inc rsv prop ed visits,2026-10-10,quantile,0.01,0
2026-09-26,35,2,wk inc rsv prop ed visits,2026-10-10,quantile,0.025,0
2026-09-26,35,2,wk inc rsv prop ed visits,2026-10-10,quantile,0.05,1.3195029948142433e-6
2026-09-26,35,2,wk inc rsv prop ed visits,2026-10-10,quantile,0.1,7.065609985984953e-6
2026-09-26,35,2,wk inc rsv prop ed visits,2026-10-10,quantile,0.15,1.173849936803895e-5
2026-09-26,35,2,wk inc rsv prop ed visits,2026-10-10,quantile,0.2,1.655696439931751e-5
2026-09-26,35,2,wk inc rsv prop ed visits,2026-10-10,quantile,0.25,2.0410653671738197e-5
2026-09-26,35,2,wk inc rsv prop ed visits,2026-10-10,quantile,0.3,5.381013383917621e-5
2026-09-26,35,2,wk inc rsv prop ed visits,2026-10-10,quantile,0.35,5.8466166682525034e-5
2026-09-26,35,2,wk inc rsv prop ed visits,2026-10-10,quantile,0.4,6.369538467327455e-5
2026-09-26,35,2,wk inc rsv prop ed visits,2026-10-10,quantile,0.45,6.934089652187931e-5
2026-09-26,35,2,wk inc rsv prop ed visits,2026-10-10,quantile,0.5,1.0304519098299172e-4
2026-09-26,35,2,wk inc rsv prop ed visits,2026-10-10,quantile,0.55,1.0934699721016135e-4
2026-09-26,35,2,wk inc rsv prop ed visits,2026-10-10,quantile,0.6,1.1721995836602794e-4
2026-09-26,35,2,wk inc rsv prop ed visits,2026-10-10,quantile,0.65,1.527782603661753e-4
2026-09-26,35,2,wk inc rsv prop ed visits,2026-10-10,quantile,0.7,1.6479703172730172e-4
2026-09-26,35,2,wk inc rsv prop ed visits,2026-10-10,quantile,0.75,2.0249288979052785e-4
2026-09-26,35,2,wk inc rsv prop ed visits,2026-10-10,quantile,0.8,2.423087456617607e-4
2026-09-26,35,2,wk inc rsv prop ed visits,2026-10-10,quantile,0.85,0.00029013695439519523
2026-09-26,35,2,wk inc rsv prop ed visits,2026-10-10,quantile,0.9,3.6178751517362075e-4
2026-09-26,35,2,wk inc rsv prop ed visits,2026-10-10,quantile,0.95,5.302570393381334e-4
2026-09-26,35,2,wk inc rsv prop ed visits,2026-10-10,quantile,0.975,7.478555921068279e-4
2026-09-26,35,2,wk inc rsv prop ed visits,2026-10-10,quantile,0.99,0.0010853762731534104
2026-09-26,36,-1,wk inc rsv prop ed visits,2026-09-19,quantile,0.01,8.640207225275978e-5
2026-09-26,36,-1,wk inc rsv prop ed visits,2026-09-19,quantile,0.025,9.485976069784065e-5
2026-09-26,36,-1,wk inc rsv prop ed visits,2026-09-19,quantile,0.05,9.9844591813927e-5
2026-09-26,36,-1,wk inc rsv prop ed visits,2026-09-19,quantile,0.1,1.0710572949409358e-4
2026-09-26,36,-1,wk inc rsv prop ed visits,2026-09-19,quantile,0.15,1.1263036911266578e-4
2026-09-26,36,-1,wk inc rsv prop ed visits,2026-09-19,quantile,0.2,1.1653621302767933e-4
2026-09-26,36,-1,wk inc rsv prop ed visits,2026-09-19,quantile,0.25,1.2093491736396025e-4
2026-09-26,36,-1,wk inc rsv prop ed visits,2026-09-19,quantile,0.3,1.2490201052188388e-4
2026-09-26,36,-1,wk inc rsv prop ed visits,2026-09-19,quantile,0.35,1.2899412841514682e-4
2026-09-26,36,-1,wk inc rsv prop ed visits,2026-09-19,quantile,0.4,1.320291695636287e-4
2026-09-26,36,-1,wk inc rsv prop ed visits,2026-09-19,quantile,0.45,1.3541691082977862e-4
2026-09-26,36,-1,wk inc rsv prop ed visits,2026-09-19,quantile,0.5,1.3907295617792608e-4
2026-09-26,36,-1,wk inc rsv prop ed visits,2026-09-19,quantile,0.55,1.4210786198921803e-4
2026-09-26,36,-1,wk inc rsv prop ed visits,2026-09-19,quantile,0.6,1.453821980674867e-4
2026-09-26,36,-1,wk inc rsv prop ed visits,2026-09-19,quantile,0.65,1.4947933911748954e-4
2026-09-26,36,-1,wk inc rsv prop ed visits,2026-09-19,quantile,0.7,1.5404687213008424e-4
2026-09-26,36,-1,wk inc rsv prop ed visits,2026-09-19,quantile,0.75,1.5872335419277967e-4
2026-09-26,36,-1,wk inc rsv prop ed visits,2026-09-19,quantile,0.8,1.64541720746214e-4
2026-09-26,36,-1,wk inc rsv prop ed visits,2026-09-19,quantile,0.85,1.708009937568842e-4
2026-09-26,36,-1,wk inc rsv prop ed visits,2026-09-19,quantile,0.9,1.7933699529922042e-4
2026-09-26,36,-1,wk inc rsv prop ed visits,2026-09-19,quantile,0.95,1.9265832940870242e-4
2026-09-26,36,-1,wk inc rsv prop ed visits,2026-09-19,quantile,0.975,2.0352411908575115e-4
2026-09-26,36,-1,wk inc rsv prop ed visits,2026-09-19,quantile,0.99,2.1754370810217214e-4
2026-09-26,36,0,wk inc rsv prop ed visits,2026-09-26,quantile,0.01,7.019750562986001e-5
2026-09-26,36,0,wk inc rsv prop ed visits,2026-09-26,quantile,0.025,8.081063507577716e-5
2026-09-26,36,0,wk inc rsv prop ed visits,2026-09-26,quantile,0.05,8.70211462684675e-5
2026-09-26,36,0,wk inc rsv prop ed visits,2026-09-26,quantile,0.1,9.951039694556015e-5
2026-09-26,36,0,wk inc rsv prop ed visits,2026-09-26,quantile,0.15,1.0627306387589675e-4
2026-09-26,36,0,wk inc rsv prop ed visits,2026-09-26,quantile,0.2,1.1228832265139884e-4
2026-09-26,36,0,wk inc rsv prop ed visits,2026-09-26,quantile,0.25,1.192955699751207e-4
2026-09-26,36,0,wk inc rsv prop ed visits,2026-09-26,quantile,0.3,1.2480352584344172e-4
2026-09-26,36,0,wk inc rsv prop ed visits,2026-09-26,quantile,0.35,1.294576845315858e-4
2026-09-26,36,0,wk inc rsv prop ed visits,2026-09-26,quantile,0.4,1.3409738015797304e-4
2026-09-26,36,0,wk inc rsv prop ed visits,2026-09-26,quantile,0.45,1.3813609500759144e-4
2026-09-26,36,0,wk inc rsv prop ed visits,2026-09-26,quantile,0.5,1.4349992103095054e-4
2026-09-26,36,0,wk inc rsv prop ed visits,2026-09-26,quantile,0.55,1.4926970508336983e-4
2026-09-26,36,0,wk inc rsv prop ed visits,2026-09-26,quantile,0.6,1.5436352767177728e-4
2026-09-26,36,0,wk inc rsv prop ed visits,2026-09-26,quantile,0.65,1.5981133215199215e-4
2026-09-26,36,0,wk inc rsv prop ed visits,2026-09-26,quantile,0.7,1.6653239042857225e-4
2026-09-26,36,0,wk inc rsv prop ed visits,2026-09-26,quantile,0.75,1.7374137864091505e-4
2026-09-26,36,0,wk inc rsv prop ed visits,2026-09-26,quantile,0.8,1.8223134181877168e-4
2026-09-26,36,0,wk inc rsv prop ed visits,2026-09-26,quantile,0.85,1.9221548930604642e-4
2026-09-26,36,0,wk inc rsv prop ed visits,2026-09-26,quantile,0.9,2.0599441812284823e-4
2026-09-26,36,0,wk inc rsv prop ed visits,2026-09-26,quantile,0.95,2.2745644942907386e-4
2026-09-26,36,0,wk inc rsv prop ed visits,2026-09-26,quantile,0.975,2.4606911799848427e-4
2026-09-26,36,0,wk inc rsv prop ed visits,2026-09-26,quantile,0.99,2.7077179587878676e-4
2026-09-26,36,1,wk inc rsv prop ed visits,2026-10-03,quantile,0.01,6.368673162005156e-5
2026-09-26,36,1,wk inc rsv prop ed visits,2026-10-03,quantile,0.025,7.444878239894605e-5
2026-09-26,36,1,wk inc rsv prop ed visits,2026-10-03,quantile,0.05,8.454965845288104e-5
2026-09-26,36,1,wk inc rsv prop ed visits,2026-10-03,quantile,0.1,9.725007372332628e-5
2026-09-26,36,1,wk inc rsv prop ed visits,2026-10-03,quantile,0.15,1.067964771249781e-4
2026-09-26,36,1,wk inc rsv prop ed visits,2026-10-03,quantile,0.2,1.1514776750692069e-4
2026-09-26,36,1,wk inc rsv prop ed visits,2026-10-03,quantile,0.25,1.2139973795841549e-4
2026-09-26,36,1,wk inc rsv prop ed visits,2026-10-03,quantile,0.3,1.2756429289966742e-4
2026-09-26,36,1,wk inc rsv prop ed visits,2026-10-03,quantile,0.35,1.3493694370607243e-4
2026-09-26,36,1,wk inc rsv prop ed visits,2026-10-03,quantile,0.4,1.4094331071384846e-4
2026-09-26,36,1,wk inc rsv prop ed visits,2026-10-03,quantile,0.45,1.4723807996120723e-4
2026-09-26,36,1,wk inc rsv prop ed visits,2026-10-03,quantile,0.5,1.533568889514192e-4
2026-09-26,36,1,wk inc rsv prop ed visits,2026-10-03,quantile,0.55,1.5986746681541375e-4
2026-09-26,36,1,wk inc rsv prop ed visits,2026-10-03,quantile,0.6,1.6689875365211756e-4
2026-09-26,36,1,wk inc rsv prop ed visits,2026-10-03,quantile,0.65,1.7470844931315285e-4
2026-09-26,36,1,wk inc rsv prop ed visits,2026-10-03,quantile,0.7,1.8411539953455428e-4
2026-09-26,36,1,wk inc rsv prop ed visits,2026-10-03,quantile,0.75,1.9367645695709032e-4
2026-09-26,36,1,wk inc rsv prop ed visits,2026-10-03,quantile,0.8,2.057577366443347e-4
2026-09-26,36,1,wk inc rsv prop ed visits,2026-10-03,quantile,0.85,2.2109177577533335e-4
2026-09-26,36,1,wk inc rsv prop ed visits,2026-10-03,quantile,0.9,2.405430332260301e-4
2026-09-26,36,1,wk inc rsv prop ed visits,2026-10-03,quantile,0.95,2.771921140933066e-4
2026-09-26,36,1,wk inc rsv prop ed visits,2026-10-03,quantile,0.975,3.143290656316968e-4
2026-09-26,36,1,wk inc rsv prop ed visits,2026-10-03,quantile,0.99,3.682237351854419e-4
2026-09-26,36,2,wk inc rsv prop ed visits,2026-10-10,quantile,0.01,5.6420060708585076e-5
2026-09-26,36,2,wk inc rsv prop ed visits,2026-10-10,quantile,0.025,7.038697578042228e-5
2026-09-26,36,2,wk inc rsv prop ed visits,2026-10-10,quantile,0.05,8.221199910189657e-5
2026-09-26,36,2,wk inc rsv prop ed visits,2026-10-10,quantile,0.1,9.54807797908578e-5
2026-09-26,36,2,wk inc rsv prop ed visits,2026-10-10,quantile,0.15,1.0629751553463826e-4
2026-09-26,36,2,wk inc rsv prop ed visits,2026-10-10,quantile,0.2,1.148320924297703e-4
2026-09-26,36,2,wk inc rsv prop ed visits,2026-10-10,quantile,0.25,1.2268874310455657e-4
2026-09-26,36,2,wk inc rsv prop ed visits,2026-10-10,quantile,0.3,1.3119485544554765e-4
2026-09-26,36,2,wk inc rsv prop ed visits,2026-10-10,quantile,0.35,1.3974323359973752e-4
2026-09-26,36,2,wk inc rsv prop ed visits,2026-10-10,quantile,0.4,1.477976165417195e-4
2026-09-26,36,2,wk inc rsv prop ed visits,2026-10-10,quantile,0.45,1.5651930572623408e-4
2026-09-26,36,2,wk inc rsv prop ed visits,2026-10-10,quantile,0.5,1.6551269304040323e-4
2026-09-26,36,2,wk inc rsv prop ed visits,2026-10-10,quantile,0.55,1.7489663706216025e-4
2026-09-26,36,2,wk inc rsv prop ed visits,2026-10-10,quantile,0.6,1.8393303929542933e-4
2026-09-26,36,2,wk inc rsv prop ed visits,2026-10-10,quantile,0.65,1.960041733256217e-4
2026-09-26,36,2,wk inc rsv prop ed visits,2026-10-10,quantile,0.7,2.068145255305565e-4
2026-09-26,36,2,wk inc rsv prop ed visits,2026-10-10,quantile,0.75,2.209172287266949e-4
2026-09-26,36,2,wk inc rsv prop ed visits,2026-10-10,quantile,0.8,2.3593145924430737e-4
2026-09-26,36,2,wk inc rsv prop ed visits,2026-10-10,quantile,0.85,2.6059845981378553e-4
2026-09-26,36,2,wk inc rsv prop ed visits,2026-10-10,quantile,0.9,3.010061845752902e-4
2026-09-26,36,2,wk inc rsv prop ed visits,2026-10-10,quantile,0.95,3.683371197453162e-4
2026-09-26,36,2,wk inc rsv prop ed visits,2026-10-10,quantile,0.975,4.2743568016843805e-4
2026-09-26,36,2,wk inc rsv prop ed visits,2026-10-10,quantile,0.99,5.367902617411079e-4
2026-09-26,37,-1,wk inc rsv prop ed visits,2026-09-19,quantile,0.01,1.9134890592505013e-4
2026-09-26,37,-1,wk inc rsv prop ed visits,2026-09-19,quantile,0.025,2.077978737159833e-4
2026-09-26,37,-1,wk inc rsv prop ed visits,2026-09-19,quantile,0.05,2.2192913206237291e-4
2026-09-26,37,-1,wk inc rsv prop ed visits,2026-09-19,quantile,0.1,2.365755229920401e-4
2026-09-26,37,-1,wk inc rsv prop ed visits,2026-09-19,quantile,0.15,2.468618898381579e-4
2026-09-26,37,-1,wk inc rsv prop ed visits,2026-09-19,quantile,0.2,2.6007369921713335e-4
2026-09-26,37,-1,wk inc rsv prop ed visits,2026-09-19,quantile,0.25,2.689752692548842e-4
2026-09-26,37,-1,wk inc rsv prop ed visits,2026-09-19,quantile,0.3,2.774980335320763e-4
2026-09-26,37,-1,wk inc rsv prop ed visits,2026-09-19,quantile,0.35,2.839648006597211e-4
2026-09-26,37,-1,wk inc rsv prop ed visits,2026-09-19,quantile,0.4,2.901040664769197e-4
2026-09-26,37,-1,wk inc rsv prop ed visits,2026-09-19,quantile,0.45,2.977554145294371e-4
2026-09-26,37,-1,wk inc rsv prop ed visits,2026-09-19,quantile,0.5,3.0588366680075595e-4
2026-09-26,37,-1,wk inc rsv prop ed visits,2026-09-19,quantile,0.55,3.1385131132278957e-4
2026-09-26,37,-1,wk inc rsv prop ed visits,2026-09-19,quantile,0.6,3.2230782413426927e-4
2026-09-26,37,-1,wk inc rsv prop ed visits,2026-09-19,quantile,0.65,3.313720648288156e-4
2026-09-26,37,-1,wk inc rsv prop ed visits,2026-09-19,quantile,0.7,3.399127138241652e-4
2026-09-26,37,-1,wk inc rsv prop ed visits,2026-09-19,quantile,0.75,3.502364435926563e-4
2026-09-26,37,-1,wk inc rsv prop ed visits,2026-09-19,quantile,0.8,3.607719205128538e-4
2026-09-26,37,-1,wk inc rsv prop ed visits,2026-09-19,quantile,0.85,3.7511065112008683e-4
2026-09-26,37,-1,wk inc rsv prop ed visits,2026-09-19,quantile,0.9,3.9054419402913943e-4
2026-09-26,37,-1,wk inc rsv prop ed visits,2026-09-19,quantile,0.95,4.1972314273412627e-4
2026-09-26,37,-1,wk inc rsv prop ed visits,2026-09-19,quantile,0.975,4.4791781536930944e-4
2026-09-26,37,-1,wk inc rsv prop ed visits,2026-09-19,quantile,0.99,4.881214784496111e-4
2026-09-26,37,0,wk inc rsv prop ed visits,2026-09-26,quantile,0.01,1.496332162548645e-4
2026-09-26,37,0,wk inc rsv prop ed visits,2026-09-26,quantile,0.025,1.731149327853967e-4
2026-09-26,37,0,wk inc rsv prop ed visits,2026-09-26,quantile,0.05,1.8929169964870617e-4
2026-09-26,37,0,wk inc rsv prop ed visits,2026-09-26,quantile,0.1,2.1195529596570892e-4
2026-09-26,37,0,wk inc rsv prop ed visits,2026-09-26,quantile,0.15,2.2777448745745825e-4
2026-09-26,37,0,wk inc rsv prop ed visits,2026-09-26,quantile,0.2,2.429225646983253e-4
2026-09-26,37,0,wk inc rsv prop ed visits,2026-09-26,quantile,0.25,2.5591741012520684e-4
2026-09-26,37,0,wk inc rsv prop ed visits,2026-09-26,quantile,0.3,2.682492218514407e-4
2026-09-26,37,0,wk inc rsv prop ed visits,2026-09-26,quantile,0.35,2.787976113815436e-4
2026-09-26,37,0,wk inc rsv prop ed visits,2026-09-26,quantile,0.4,2.8937124145509937e-4
2026-09-26,37,0,wk inc rsv prop ed visits,2026-09-26,quantile,0.45,2.996148960272278e-4
2026-09-26,37,0,wk inc rsv prop ed visits,2026-09-26,quantile,0.5,3.09569421695242e-4
2026-09-26,37,0,wk inc rsv prop ed visits,2026-09-26,quantile,0.55,3.2130075222613983e-4
2026-09-26,37,0,wk inc rsv prop ed visits,2026-09-26,quantile,0.6,3.3247528230676064e-4
2026-09-26,37,0,wk inc rsv prop ed visits,2026-09-26,quantile,0.65,3.444545270322412e-4
2026-09-26,37,0,wk inc rsv prop ed visits,2026-09-26,quantile,0.7,3.5774121525989223e-4
2026-09-26,37,0,wk inc rsv prop ed visits,2026-09-26,quantile,0.75,3.723822011460084e-4
2026-09-26,37,0,wk inc rsv prop ed visits,2026-09-26,quantile,0.8,3.881028610956555e-4
2026-09-26,37,0,wk inc rsv prop ed visits,2026-09-26,quantile,0.85,4.083634898604825e-4
2026-09-26,37,0,wk inc rsv prop ed visits,2026-09-26,quantile,0.9,4.370528669115707e-4
2026-09-26,37,0,wk inc rsv prop ed visits,2026-09-26,quantile,0.95,4.8368602404394196e-4
2026-09-26,37,0,wk inc rsv prop ed visits,2026-09-26,quantile,0.975,5.204164906904506e-4
2026-09-26,37,0,wk inc rsv prop ed visits,2026-09-26,quantile,0.99,5.905559091772277e-4
2026-09-26,37,1,wk inc rsv prop ed visits,2026-10-03,quantile,0.01,1.2248818432681536e-4
2026-09-26,37,1,wk inc rsv prop ed visits,2026-10-03,quantile,0.025,1.4435685571147715e-4
2026-09-26,37,1,wk inc rsv prop ed visits,2026-10-03,quantile,0.05,1.6594952586172936e-4
2026-09-26,37,1,wk inc rsv prop ed visits,2026-10-03,quantile,0.1,1.9501703753828524e-4
2026-09-26,37,1,wk inc rsv prop ed visits,2026-10-03,quantile,0.15,2.1365486581022085e-4
2026-09-26,37,1,wk inc rsv prop ed visits,2026-10-03,quantile,0.2,2.320178345003314e-4
2026-09-26,37,1,wk inc rsv prop ed visits,2026-10-03,quantile,0.25,2.472283017584906e-4
2026-09-26,37,1,wk inc rsv prop ed visits,2026-10-03,quantile,0.3,2.622229472722329e-4
2026-09-26,37,1,wk inc rsv prop ed visits,2026-10-03,quantile,0.35,2.750495115388984e-4
2026-09-26,37,1,wk inc rsv prop ed visits,2026-10-03,quantile,0.4,2.889569690658005e-4
2026-09-26,37,1,wk inc rsv prop ed visits,2026-10-03,quantile,0.45,3.034346436842758e-4
2026-09-26,37,1,wk inc rsv prop ed visits,2026-10-03,quantile,0.5,3.182370115484349e-4
2026-09-26,37,1,wk inc rsv prop ed visits,2026-10-03,quantile,0.55,3.320359750397667e-4
2026-09-26,37,1,wk inc rsv prop ed visits,2026-10-03,quantile,0.6,3.480688724087854e-4
2026-09-26,37,1,wk inc rsv prop ed visits,2026-10-03,quantile,0.65,3.6645434542062244e-4
2026-09-26,37,1,wk inc rsv prop ed visits,2026-10-03,quantile,0.7,3.8554813074641125e-4
2026-09-26,37,1,wk inc rsv prop ed visits,2026-10-03,quantile,0.75,4.0721511955571586e-4
2026-09-26,37,1,wk inc rsv prop ed visits,2026-10-03,quantile,0.8,4.323277871240062e-4
2026-09-26,37,1,wk inc rsv prop ed visits,2026-10-03,quantile,0.85,4.611864104011765e-4
2026-09-26,37,1,wk inc rsv prop ed visits,2026-10-03,quantile,0.9,5.023074306793505e-4
2026-09-26,37,1,wk inc rsv prop ed visits,2026-10-03,quantile,0.95,5.772947490393674e-4
2026-09-26,37,1,wk inc rsv prop ed visits,2026-10-03,quantile,0.975,6.417402806895372e-4
2026-09-26,37,1,wk inc rsv prop ed visits,2026-10-03,quantile,0.99,7.503239062267415e-4
2026-09-26,37,2,wk inc rsv prop ed visits,2026-10-10,quantile,0.01,9.463483836437528e-5
2026-09-26,37,2,wk inc rsv prop ed visits,2026-10-10,quantile,0.025,1.1757093832631801e-4
2026-09-26,37,2,wk inc rsv prop ed visits,2026-10-10,quantile,0.05,1.362846899197097e-4
2026-09-26,37,2,wk inc rsv prop ed visits,2026-10-10,quantile,0.1,1.69257055286661e-4
2026-09-26,37,2,wk inc rsv prop ed visits,2026-10-10,quantile,0.15,1.910782823069395e-4
2026-09-26,37,2,wk inc rsv prop ed visits,2026-10-10,quantile,0.2,2.1154122361996286e-4
2026-09-26,37,2,wk inc rsv prop ed visits,2026-10-10,quantile,0.25,2.2986669458101506e-4
2026-09-26,37,2,wk inc rsv prop ed visits,2026-10-10,quantile,0.3,2.5056080411802053e-4
2026-09-26,37,2,wk inc rsv prop ed visits,2026-10-10,quantile,0.35,2.6997101700119096e-4
2026-09-26,37,2,wk inc rsv prop ed visits,2026-10-10,quantile,0.4,2.9084167257738573e-4
2026-09-26,37,2,wk inc rsv prop ed visits,2026-10-10,quantile,0.45,3.1007773780594114e-4
2026-09-26,37,2,wk inc rsv prop ed visits,2026-10-10,quantile,0.5,3.290990571666561e-4
2026-09-26,37,2,wk inc rsv prop ed visits,2026-10-10,quantile,0.55,3.4816784868806853e-4
2026-09-26,37,2,wk inc rsv prop ed visits,2026-10-10,quantile,0.6,3.7106604006447726e-4
2026-09-26,37,2,wk inc rsv prop ed visits,2026-10-10,quantile,0.65,3.9860080942973264e-4
2026-09-26,37,2,wk inc rsv prop ed visits,2026-10-10,quantile,0.7,4.248988966783549e-4
2026-09-26,37,2,wk inc rsv prop ed visits,2026-10-10,quantile,0.75,4.534981329331399e-4
2026-09-26,37,2,wk inc rsv prop ed visits,2026-10-10,quantile,0.8,4.922727671070376e-4
2026-09-26,37,2,wk inc rsv prop ed visits,2026-10-10,quantile,0.85,5.453821274508889e-4
2026-09-26,37,2,wk inc rsv prop ed visits,2026-10-10,quantile,0.9,6.115376460375885e-4
2026-09-26,37,2,wk inc rsv prop ed visits,2026-10-10,quantile,0.95,7.395684254670124e-4
2026-09-26,37,2,wk inc rsv prop ed visits,2026-10-10,quantile,0.975,8.817344983734663e-4
2026-09-26,37,2,wk inc rsv prop ed visits,2026-10-10,quantile,0.99,0.0010627818491494333
2026-09-26,38,-1,wk inc rsv prop ed visits,2026-09-19,quantile,0.01,0
2026-09-26,38,-1,wk inc rsv prop ed visits,2026-09-19,quantile,0.025,0
2026-09-26,38,-1,wk inc rsv prop ed visits,2026-09-19,quantile,0.05,0
2026-09-26,38,-1,wk inc rsv prop ed visits,2026-09-19,quantile,0.1,0
2026-09-26,38,-1,wk inc rsv prop ed visits,2026-09-19,quantile,0.15,0
2026-09-26,38,-1,wk inc rsv prop ed visits,2026-09-19,quantile,0.2,5.840642184116274e-6
2026-09-26,38,-1,wk inc rsv prop ed visits,2026-09-19,quantile,0.25,1.4363644958951873e-5
2026-09-26,38,-1,wk inc rsv prop ed visits,2026-09-19,quantile,0.3,2.1852322099702318e-5
2026-09-26,38,-1,wk inc rsv prop ed visits,2026-09-19,quantile,0.35,2.8204498038133263e-5
2026-09-26,38,-1,wk inc rsv prop ed visits,2026-09-19,quantile,0.4,3.5784452539571566e-5
2026-09-26,38,-1,wk inc rsv prop ed visits,2026-09-19,quantile,0.45,4.3053443029988735e-5
2026-09-26,38,-1,wk inc rsv prop ed visits,2026-09-19,quantile,0.5,5.061357412995744e-5
2026-09-26,38,-1,wk inc rsv prop ed visits,2026-09-19,quantile,0.55,6.023617624858884e-5
2026-09-26,38,-1,wk inc rsv prop ed visits,2026-09-19,quantile,0.6,7.153446666740591e-5
2026-09-26,38,-1,wk inc rsv prop ed visits,2026-09-19,quantile,0.65,8.294701068378257e-5
2026-09-26,38,-1,wk inc rsv prop ed visits,2026-09-19,quantile,0.7,9.406808738879604e-5
2026-09-26,38,-1,wk inc rsv prop ed visits,2026-09-19,quantile,0.75,1.0863628645195098e-4
2026-09-26,38,-1,wk inc rsv prop ed visits,2026-09-19,quantile,0.8,1.25466108431575e-4
2026-09-26,38,-1,wk inc rsv prop ed visits,2026-09-19,quantile,0.85,1.4680695872232996e-4
2026-09-26,38,-1,wk inc rsv prop ed visits,2026-09-19,quantile,0.9,1.7889679904868315e-4
2026-09-26,38,-1,wk inc rsv prop ed visits,2026-09-19,quantile,0.95,2.275062360661086e-4
2026-09-26,38,-1,wk inc rsv prop ed visits,2026-09-19,quantile,0.975,2.8553746510209094e-4
2026-09-26,38,-1,wk inc rsv prop ed visits,2026-09-19,quantile,0.99,3.5364316283263843e-4
2026-09-26,38,0,wk inc rsv prop ed visits,2026-09-26,quantile,0.01,0
2026-09-26,38,0,wk inc rsv prop ed visits,2026-09-26,quantile,0.025,0
2026-09-26,38,0,wk inc rsv prop ed visits,2026-09-26,quantile,0.05,0
2026-09-26,38,0,wk inc rsv prop ed visits,2026-09-26,quantile,0.1,0
2026-09-26,38,0,wk inc rsv prop ed visits,2026-09-26,quantile,0.15,0
2026-09-26,38,0,wk inc rsv prop ed visits,2026-09-26,quantile,0.2,1.8208738439442396e-6
2026-09-26,38,0,wk inc rsv prop ed visits,2026-09-26,quantile,0.25,6.125009631510476e-6
2026-09-26,38,0,wk inc rsv prop ed visits,2026-09-26,quantile,0.3,1.0003061345294522e-5
2026-09-26,38,0,wk inc rsv prop ed visits,2026-09-26,quantile,0.35,1.4703463218925297e-5
2026-09-26,38,0,wk inc rsv prop ed visits,2026-09-26,quantile,0.4,1.9033887892634337e-5
2026-09-26,38,0,wk inc rsv prop ed visits,2026-09-26,quantile,0.45,2.342060206781395e-5
2026-09-26,38,0,wk inc rsv prop ed visits,2026-09-26,quantile,0.5,2.73640106990363e-5
2026-09-26,38,0,wk inc rsv prop ed visits,2026-09-26,quantile,0.55,3.2797789196829264e-5
2026-09-26,38,0,wk inc rsv prop ed visits,2026-09-26,quantile,0.6,3.8235823113386426e-5
2026-09-26,38,0,wk inc rsv prop ed visits,2026-09-26,quantile,0.65,4.4836057325339167e-5
2026-09-26,38,0,wk inc rsv prop ed visits,2026-09-26,quantile,0.7,5.141550438749455e-5
2026-09-26,38,0,wk inc rsv prop ed visits,2026-09-26,quantile,0.75,1.3312703267836143e-4
2026-09-26,38,0,wk inc rsv prop ed visits,2026-09-26,quantile,0.8,1.4757141712255168e-4
2026-09-26,38,0,wk inc rsv prop ed visits,2026-09-26,quantile,0.85,1.6156754103743907e-4
2026-09-26,38,0,wk inc rsv prop ed visits,2026-09-26,quantile,0.9,1.8858357515990444e-4
2026-09-26,38,0,wk inc rsv prop ed visits,2026-09-26,quantile,0.95,2.9874336844590987e-4
2026-09-26,38,0,wk inc rsv prop ed visits,2026-09-26,quantile,0.975,4.084505128217639e-4
2026-09-26,38,0,wk inc rsv prop ed visits,2026-09-26,quantile,0.99,5.081048159253867e-4
2026-09-26,38,1,wk inc rsv prop ed visits,2026-10-03,quantile,0.01,0
2026-09-26,38,1,wk inc rsv prop ed visits,2026-10-03,quantile,0.025,0
2026-09-26,38,1,wk inc rsv prop ed visits,2026-10-03,quantile,0.05,0
2026-09-26,38,1,wk inc rsv prop ed visits,2026-10-03,quantile,0.1,0
2026-09-26,38,1,wk inc rsv prop ed visits,2026-10-03,quantile,0.15,0
2026-09-26,38,1,wk inc rsv prop ed visits,2026-10-03,quantile,0.2,3.2918002033087786e-6
2026-09-26,38,1,wk inc rsv prop ed visits,2026-10-03,quantile,0.25,8.277624737863967e-6
2026-09-26,38,1,wk inc rsv prop ed visits,2026-10-03,quantile,0.3,1.246340443587851e-5
2026-09-26,38,1,wk inc rsv prop ed visits,2026-10-03,quantile,0.35,1.7281496172616922e-5
2026-09-26,38,1,wk inc rsv prop ed visits,2026-10-03,quantile,0.4,2.1869648915944935e-5
2026-09-26,38,1,wk inc rsv prop ed visits,2026-10-03,quantile,0.45,2.7172992290399727e-5
2026-09-26,38,1,wk inc rsv prop ed visits,2026-10-03,quantile,0.5,3.248987803597922e-5
2026-09-26,38,1,wk inc rsv prop ed visits,2026-10-03,quantile,0.55,3.7562910816606467e-05
2026-09-26,38,1,wk inc rsv prop ed visits,2026-10-03,quantile,0.6,4.517173883742468e-5
2026-09-26,38,1,wk inc rsv prop ed visits,2026-10-03,quantile,0.65,5.3531041105895746e-5
2026-09-26,38,1,wk inc rsv prop ed visits,2026-10-03,quantile,0.7,6.329940144744972e-5
2026-09-26,38,1,wk inc rsv prop ed visits,2026-10-03,quantile,0.75,1.4645150711067222e-4
2026-09-26,38,1,wk inc rsv prop ed visits,2026-10-03,quantile,0.8,1.651272250610721e-4
2026-09-26,38,1,wk inc rsv prop ed visits,2026-10-03,quantile,0.85,1.8362676586382358e-4
2026-09-26,38,1,wk inc rsv prop ed visits,2026-10-03,quantile,0.9,2.7230590009109923e-4
2026-09-26,38,1,wk inc rsv prop ed visits,2026-10-03,quantile,0.95,3.9090603996471047e-4
2026-09-26,38,1,wk inc rsv prop ed visits,2026-10-03,quantile,0.975,5.21421015399902e-4
2026-09-26,38,1,wk inc rsv prop ed visits,2026-10-03,quantile,0.99,7.596962250642934e-4
2026-09-26,38,2,wk inc rsv prop ed visits,2026-10-10,quantile,0.01,0
2026-09-26,38,2,wk inc rsv prop ed visits,2026-10-10,quantile,0.025,0
2026-09-26,38,2,wk inc rsv prop ed visits,2026-10-10,quantile,0.05,0
2026-09-26,38,2,wk inc rsv prop ed visits,2026-10-10,quantile,0.1,0
2026-09-26,38,2,wk inc rsv prop ed visits,2026-10-10,quantile,0.15,0
2026-09-26,38,2,wk inc rsv prop ed visits,2026-10-10,quantile,0.2,1.913686288368477e-6
2026-09-26,38,2,wk inc rsv prop ed visits,2026-10-10,quantile,0.25,7.04326099630648e-6
2026-09-26,38,2,wk inc rsv prop ed visits,2026-10-10,quantile,0.3,1.1349688482354944e-5
2026-09-26,38,2,wk inc rsv prop ed visits,2026-10-10,quantile,0.35,1.685982306732013e-5
2026-09-26,38,2,wk inc rsv prop ed visits,2026-10-10,quantile,0.4,2.374668469109762e-5
2026-09-26,38,2,wk inc rsv prop ed visits,2026-10-10,quantile,0.45,2.985013541610498e-5
2026-09-26,38,2,wk inc rsv prop ed visits,2026-10-10,quantile,0.5,3.567801699354689e-5
2026-09-26,38,2,wk inc rsv prop ed visits,2026-10-10,quantile,0.55,4.292390167047144e-5
2026-09-26,38,2,wk inc rsv prop ed visits,2026-10-10,quantile,0.6,5.108908839469642e-5
2026-09-26,38,2,wk inc rsv prop ed visits,2026-10-10,quantile,0.65,5.995148135681008e-5
2026-09-26,38,2,wk inc rsv prop ed visits,2026-10-10,quantile,0.7,8.878685723873406e-5
2026-09-26,38,2,wk inc rsv prop ed visits,2026-10-10,quantile,0.75,1.5593498841354908e-4
2026-09-26,38,2,wk inc rsv prop ed visits,2026-10-10,quantile,0.8,1.7825417643145758e-4
2026-09-26,38,2,wk inc rsv prop ed visits,2026-10-10,quantile,0.85,2.0987933713193424e-4
2026-09-26,38,2,wk inc rsv prop ed visits,2026-10-10,quantile,0.9,3.1970762838932985e-4
2026-09-26,38,2,wk inc rsv prop ed visits,2026-10-10,quantile,0.95,5.354078561516391e-4
2026-09-26,38,2,wk inc rsv prop ed visits,2026-10-10,quantile,0.975,7.855434873765559e-4
2026-09-26,38,2,wk inc rsv prop ed visits,2026-10-10,quantile,0.99,0.0012655733663622817
2026-09-26,39,-1,wk inc rsv prop ed visits,2026-09-19,quantile,0.01,3.7004357804670644e-5
2026-09-26,39,-1,wk inc rsv prop ed visits,2026-09-19,quantile,0.025,4.114001024286523e-5
2026-09-26,39,-1,wk inc rsv prop ed visits,2026-09-19,quantile,0.05,4.46232627956579e-5
2026-09-26,39,-1,wk inc rsv prop ed visits,2026-09-19,quantile,0.1,4.943098750204271e-5
2026-09-26,39,-1,wk inc rsv prop ed visits,2026-09-19,quantile,0.15,5.341457165900508e-5
2026-09-26,39,-1,wk inc rsv prop ed visits,2026-09-19,quantile,0.2,5.607620193990757e-5
2026-09-26,39,-1,wk inc rsv prop ed visits,2026-09-19,quantile,0.25,5.871297922238888e-5
2026-09-26,39,-1,wk inc rsv prop ed visits,2026-09-19,quantile,0.3,6.137389713604358e-5
2026-09-26,39,-1,wk inc rsv prop ed visits,2026-09-19,quantile,0.35,6.384183968020728e-5
2026-09-26,39,-1,wk inc rsv prop ed visits,2026-09-19,quantile,0.4,6.603456145395688e-5
2026-09-26,39,-1,wk inc rsv prop ed visits,2026-09-19,quantile,0.45,6.827739569619442e-5
2026-09-26,39,-1,wk inc rsv prop ed visits,2026-09-19,quantile,0.5,7.052517608364524e-5
2026-09-26,39,-1,wk inc rsv prop ed visits,2026-09-19,quantile,0.55,7.292063161942332e-5
2026-09-26,39,-1,wk inc rsv prop ed visits,2026-09-19,quantile,0.6,7.557119608994625e-5
2026-09-26,39,-1,wk inc rsv prop ed visits,2026-09-19,quantile,0.65,7.854508812376947e-5
2026-09-26,39,-1,wk inc rsv prop ed visits,2026-09-19,quantile,0.7,8.172067324953666e-5
2026-09-26,39,-1,wk inc rsv prop ed visits,2026-09-19,quantile,0.75,8.530337353980611e-5
2026-09-26,39,-1,wk inc rsv prop ed visits,2026-09-19,quantile,0.8,8.927067610396932e-5
2026-09-26,39,-1,wk inc rsv prop ed visits,2026-09-19,quantile,0.85,9.370445636188122e-5
2026-09-26,39,-1,wk inc rsv prop ed visits,2026-09-19,quantile,0.9,9.994547037412068e-5
2026-09-26,39,-1,wk inc rsv prop ed visits,2026-09-19,quantile,0.95,1.1059559882563506e-4
2026-09-26,39,-1,wk inc rsv prop ed visits,2026-09-19,quantile,0.975,1.1833355041696653e-4
2026-09-26,39,-1,wk inc rsv prop ed visits,2026-09-19,quantile,0.99,1.3021107454762264e-4
2026-09-26,39,0,wk inc rsv prop ed visits,2026-09-26,quantile,0.01,2.184917379859333e-5
2026-09-26,39,0,wk inc rsv prop ed visits,2026-09-26,quantile,0.025,2.8612148778899682e-5
2026-09-26,39,0,wk inc rsv prop ed visits,2026-09-26,quantile,0.05,3.113357457280401e-5
2026-09-26,39,0,wk inc rsv prop ed visits,2026-09-26,quantile,0.1,3.832757860431647e-5
2026-09-26,39,0,wk inc rsv prop ed visits,2026-09-26,quantile,0.15,4.504890503968521e-5
2026-09-26,39,0,wk inc rsv prop ed visits,2026-09-26,quantile,0.2,4.725970541967847e-5
2026-09-26,39,0,wk inc rsv prop ed visits,2026-09-26,quantile,0.25,5.288864650194197e-5
2026-09-26,39,0,wk inc rsv prop ed visits,2026-09-26,quantile,0.3,5.487698031264455e-5
2026-09-26,39,0,wk inc rsv prop ed visits,2026-09-26,quantile,0.35,6.0257120315427295e-5
2026-09-26,39,0,wk inc rsv prop ed visits,2026-09-26,quantile,0.4,6.242543206023052e-5
2026-09-26,39,0,wk inc rsv prop ed visits,2026-09-26,quantile,0.45,6.79930428071514e-5
2026-09-26,39,0,wk inc rsv prop ed visits,2026-09-26,quantile,0.5,7.011901594332917e-5
2026-09-26,39,0,wk inc rsv prop ed visits,2026-09-26,quantile,0.55,7.55413213305858e-5
2026-09-26,39,0,wk inc rsv prop ed visits,2026-09-26,quantile,0.6,7.783690402482995e-5
2026-09-26,39,0,wk inc rsv prop ed visits,2026-09-26,quantile,0.65,8.387666402648269e-5
2026-09-26,39,0,wk inc rsv prop ed visits,2026-09-26,quantile,0.7,8.698173015405375e-5
2026-09-26,39,0,wk inc rsv prop ed visits,2026-09-26,quantile,0.75,9.324840300324e-5
2026-09-26,39,0,wk inc rsv prop ed visits,2026-09-26,quantile,0.8,1.0034714263468971e-4
2026-09-26,39,0,wk inc rsv prop ed visits,2026-09-26,quantile,0.85,1.0870787215573925e-4
2026-09-26,39,0,wk inc rsv prop ed visits,2026-09-26,quantile,0.9,1.1966883874870332e-4
2026-09-26,39,0,wk inc rsv prop ed visits,2026-09-26,quantile,0.95,1.3782408531193616e-4
2026-09-26,39,0,wk inc rsv prop ed visits,2026-09-26,quantile,0.975,1.522064293779901e-4
2026-09-26,39,0,wk inc rsv prop ed visits,2026-09-26,quantile,0.99,1.7159934567838203e-4
2026-09-26,39,1,wk inc rsv prop ed visits,2026-10-03,quantile,0.01,2.0051300938062642e-5
2026-09-26,39,1,wk inc rsv prop ed visits,2026-10-03,quantile,0.025,2.3627479954323012e-5
2026-09-26,39,1,wk inc rsv prop ed visits,2026-10-03,quantile,0.05,3.121490081111656e-5
2026-09-26,39,1,wk inc rsv prop ed visits,2026-10-03,quantile,0.1,3.932879702298906e-5
2026-09-26,39,1,wk inc rsv prop ed visits,2026-10-03,quantile,0.15,4.595985327001397e-5
2026-09-26,39,1,wk inc rsv prop ed visits,2026-10-03,quantile,0.2,4.924084060115578e-5
2026-09-26,39,1,wk inc rsv prop ed visits,2026-10-03,quantile,0.25,5.544271999245662e-5
2026-09-26,39,1,wk inc rsv prop ed visits,2026-10-03,quantile,0.3,5.8522857754675494e-5
2026-09-26,39,1,wk inc rsv prop ed visits,2026-10-03,quantile,0.35,6.416387692491333e-5
2026-09-26,39,1,wk inc rsv prop ed visits,2026-10-03,quantile,0.4,6.743284831936059e-5
2026-09-26,39,1,wk inc rsv prop ed visits,2026-10-03,quantile,0.45,7.31898292431782e-5
2026-09-26,39,1,wk inc rsv prop ed visits,2026-10-03,quantile,0.5,7.880658734153462e-5
2026-09-26,39,1,wk inc rsv prop ed visits,2026-10-03,quantile,0.55,8.197476158112928e-5
2026-09-26,39,1,wk inc rsv prop ed visits,2026-10-03,quantile,0.6,8.81846642192844e-5
2026-09-26,39,1,wk inc rsv prop ed visits,2026-10-03,quantile,0.65,9.29173236086297e-5
2026-09-26,39,1,wk inc rsv prop ed visits,2026-10-03,quantile,0.7,9.900949434527018e-5
2026-09-26,39,1,wk inc rsv prop ed visits,2026-10-03,quantile,0.75,1.0692190112991394e-4
2026-09-26,39,1,wk inc rsv prop ed visits,2026-10-03,quantile,0.8,1.1741232944502174e-4
2026-09-26,39,1,wk inc rsv prop ed visits,2026-10-03,quantile,0.85,1.2937479635788737e-4
2026-09-26,39,1,wk inc rsv prop ed visits,2026-10-03,quantile,0.9,1.4459831759618694e-4
2026-09-26,39,1,wk inc rsv prop ed visits,2026-10-03,quantile,0.95,1.697254258781095e-4
2026-09-26,39,1,wk inc rsv prop ed visits,2026-10-03,quantile,0.975,1.9369732352106877e-4
2026-09-26,39,1,wk inc rsv prop ed visits,2026-10-03,quantile,0.99,2.2612750601032025e-4
2026-09-26,39,2,wk inc rsv prop ed visits,2026-10-10,quantile,0.01,1.678036966695625e-5
2026-09-26,39,2,wk inc rsv prop ed visits,2026-10-10,quantile,0.025,2.4448354493498128e-5
2026-09-26,39,2,wk inc rsv prop ed visits,2026-10-10,quantile,0.05,2.794039618876629e-5
2026-09-26,39,2,wk inc rsv prop ed visits,2026-10-10,quantile,0.1,3.698803056030518e-5
2026-09-26,39,2,wk inc rsv prop ed visits,2026-10-10,quantile,0.15,4.44961938924569e-5
2026-09-26,39,2,wk inc rsv prop ed visits,2026-10-10,quantile,0.2,5.175253427849064e-5
2026-09-26,39,2,wk inc rsv prop ed visits,2026-10-10,quantile,0.25,5.5327031470566774e-5
2026-09-26,39,2,wk inc rsv prop ed visits,2026-10-10,quantile,0.3,6.265712715513627e-5
2026-09-26,39,2,wk inc rsv prop ed visits,2026-10-10,quantile,0.35,6.873586450109838e-5
2026-09-26,39,2,wk inc rsv prop ed visits,2026-10-10,quantile,0.4,7.273968560288773e-5
2026-09-26,39,2,wk inc rsv prop ed visits,2026-10-10,quantile,0.45,7.896173701326603e-5
2026-09-26,39,2,wk inc rsv prop ed visits,2026-10-10,quantile,0.5,8.597943071967396e-5
2026-09-26,39,2,wk inc rsv prop ed visits,2026-10-10,quantile,0.55,9.108307010969e-5
2026-09-26,39,2,wk inc rsv prop ed visits,2026-10-10,quantile,0.6,9.741392636808482e-5
2026-09-26,39,2,wk inc rsv prop ed visits,2026-10-10,quantile,0.65,1.0502735897365014e-4
2026-09-26,39,2,wk inc rsv prop ed visits,2026-10-10,quantile,0.7,1.1506577521814826e-4
2026-09-26,39,2,wk inc rsv prop ed visits,2026-10-10,quantile,0.75,1.242635261528364e-4
2026-09-26,39,2,wk inc rsv prop ed visits,2026-10-10,quantile,0.8,1.3638359183666758e-4
2026-09-26,39,2,wk inc rsv prop ed visits,2026-10-10,quantile,0.85,1.520568062930844e-4
2026-09-26,39,2,wk inc rsv prop ed visits,2026-10-10,quantile,0.9,1.7450189290872895e-4
2026-09-26,39,2,wk inc rsv prop ed visits,2026-10-10,quantile,0.95,2.1775069268623195e-4
2026-09-26,39,2,wk inc rsv prop ed visits,2026-10-10,quantile,0.975,2.684513750834929e-4
2026-09-26,39,2,wk inc rsv prop ed visits,2026-10-10,quantile,0.99,3.3453951467605494e-4
2026-09-26,40,-1,wk inc rsv prop ed visits,2026-09-19,quantile,0.01,0
2026-09-26,40,-1,wk inc rsv prop ed visits,2026-09-19,quantile,0.025,3.920418183528483e-6
2026-09-26,40,-1,wk inc rsv prop ed visits,2026-09-19,quantile,0.05,7.901458391678386e-6
2026-09-26,40,-1,wk inc rsv prop ed visits,2026-09-19,quantile,0.1,1.3487195120628156e-5
2026-09-26,40,-1,wk inc rsv prop ed visits,2026-09-19,quantile,0.15,1.8771018095332284e-5
2026-09-26,40,-1,wk inc rsv prop ed visits,2026-09-19,quantile,0.2,5.791272652304986e-5
2026-09-26,40,-1,wk inc rsv prop ed visits,2026-09-19,quantile,0.25,6.301081318059503e-5
2026-09-26,40,-1,wk inc rsv prop ed visits,2026-09-19,quantile,0.3,6.703720866308417e-5
2026-09-26,40,-1,wk inc rsv prop ed visits,2026-09-19,quantile,0.35,7.165550004785109e-5
2026-09-26,40,-1,wk inc rsv prop ed visits,2026-09-19,quantile,0.4,7.73317162964335e-5
2026-09-26,40,-1,wk inc rsv prop ed visits,2026-09-19,quantile,0.45,8.198401086877235e-5
2026-09-26,40,-1,wk inc rsv prop ed visits,2026-09-19,quantile,0.5,1.2016020583008322e-4
2026-09-26,40,-1,wk inc rsv prop ed visits,2026-09-19,quantile,0.55,1.266641039407704e-4
2026-09-26,40,-1,wk inc rsv prop ed visits,2026-09-19,quantile,0.6,1.3422399637438262e-4
2026-09-26,40,-1,wk inc rsv prop ed visits,2026-09-19,quantile,0.65,1.4093752602210933e-4
2026-09-26,40,-1,wk inc rsv prop ed visits,2026-09-19,quantile,0.7,1.7823100100098686e-4
2026-09-26,40,-1,wk inc rsv prop ed visits,2026-09-19,quantile,0.75,1.9179631403128588e-4
2026-09-26,40,-1,wk inc rsv prop ed visits,2026-09-19,quantile,0.8,2.0457743675286608e-4
2026-09-26,40,-1,wk inc rsv prop ed visits,2026-09-19,quantile,0.85,2.487953021864918e-4
2026-09-26,40,-1,wk inc rsv prop ed visits,2026-09-19,quantile,0.9,2.70514561434186e-4
2026-09-26,40,-1,wk inc rsv prop ed visits,2026-09-19,quantile,0.95,3.455324404557155e-4
2026-09-26,40,-1,wk inc rsv prop ed visits,2026-09-19,quantile,0.975,4.2472618489625564e-4
2026-09-26,40,-1,wk inc rsv prop ed visits,2026-09-19,quantile,0.99,5.271809096613406e-4
2026-09-26,40,0,wk inc rsv prop ed visits,2026-09-26,quantile,0.01,0
2026-09-26,40,0,wk inc rsv prop ed visits,2026-09-26,quantile,0.025,3.29269922770203e-6
2026-09-26,40,0,wk inc rsv prop ed visits,2026-09-26,quantile,0.05,7.5962992527672796e-6
2026-09-26,40,0,wk inc rsv prop ed visits,2026-09-26,quantile,0.1,1.4913196508901244e-5
2026-09-26,40,0,wk inc rsv prop ed visits,2026-09-26,quantile,0.15,1.970778263774701e-5
2026-09-26,40,0,wk inc rsv prop ed visits,2026-09-26,quantile,0.2,2.5657413131474877e-5
2026-09-26,40,0,wk inc rsv prop ed visits,2026-09-26,quantile,0.25,6.501077218527779e-5
2026-09-26,40,0,wk inc rsv prop ed visits,2026-09-26,quantile,0.3,6.984631141195503e-5
2026-09-26,40,0,wk inc rsv prop ed visits,2026-09-26,quantile,0.35,7.581986635516178e-5
2026-09-26,40,0,wk inc rsv prop ed visits,2026-09-26,quantile,0.4,8.140428368074711e-5
2026-09-26,40,0,wk inc rsv prop ed visits,2026-09-26,quantile,0.45,8.78921499825455e-5
2026-09-26,40,0,wk inc rsv prop ed visits,2026-09-26,quantile,0.5,1.2662569776636032e-4
2026-09-26,40,0,wk inc rsv prop ed visits,2026-09-26,quantile,0.55,1.3340338153374626e-4
2026-09-26,40,0,wk inc rsv prop ed visits,2026-09-26,quantile,0.6,1.40838012111808e-4
2026-09-26,40,0,wk inc rsv prop ed visits,2026-09-26,quantile,0.65,1.4858263633976576e-4
2026-09-26,40,0,wk inc rsv prop ed visits,2026-09-26,quantile,0.7,1.892086545348256e-4
2026-09-26,40,0,wk inc rsv prop ed visits,2026-09-26,quantile,0.75,2.0114326671492918e-4
2026-09-26,40,0,wk inc rsv prop ed visits,2026-09-26,quantile,0.8,2.1742404626706158e-4
2026-09-26,40,0,wk inc rsv prop ed visits,2026-09-26,quantile,0.85,2.661979851025653e-4
2026-09-26,40,0,wk inc rsv prop ed visits,2026-09-26,quantile,0.9,3.2952758467593476e-4
2026-09-26,40,0,wk inc rsv prop ed visits,2026-09-26,quantile,0.95,4.0257043301943204e-4
2026-09-26,40,0,wk inc rsv prop ed visits,2026-09-26,quantile,0.975,5.296212911994748e-4
2026-09-26,40,0,wk inc rsv prop ed visits,2026-09-26,quantile,0.99,6.762992202064807e-4
2026-09-26,40,1,wk inc rsv prop ed visits,2026-10-03,quantile,0.01,0
2026-09-26,40,1,wk inc rsv prop ed visits,2026-10-03,quantile,0.025,3.7617686492980372e-6
2026-09-26,40,1,wk inc rsv prop ed visits,2026-10-03,quantile,0.05,8.490058334415616e-6
2026-09-26,40,1,wk inc rsv prop ed visits,2026-10-03,quantile,0.1,1.4275599067343905e-5
2026-09-26,40,1,wk inc rsv prop ed visits,2026-10-03,quantile,0.15,2.0193869218832082e-5
2026-09-26,40,1,wk inc rsv prop ed visits,2026-10-03,quantile,0.2,2.584823731731544e-5
2026-09-26,40,1,wk inc rsv prop ed visits,2026-10-03,quantile,0.25,6.604573267314382e-5
2026-09-26,40,1,wk inc rsv prop ed visits,2026-10-03,quantile,0.3,7.116163125129788e-5
2026-09-26,40,1,wk inc rsv prop ed visits,2026-10-03,quantile,0.35,7.68464939191222e-5
2026-09-26,40,1,wk inc rsv prop ed visits,2026-10-03,quantile,0.4,8.469578887368269e-5
2026-09-26,40,1,wk inc rsv prop ed visits,2026-10-03,quantile,0.45,9.084265667392527e-5
2026-09-26,40,1,wk inc rsv prop ed visits,2026-10-03,quantile,0.5,1.3080367513341136e-4
2026-09-26,40,1,wk inc rsv prop ed visits,2026-10-03,quantile,0.55,1.3930078793115372e-4
2026-09-26,40,1,wk inc rsv prop ed visits,2026-10-03,quantile,0.6,1.4734609547922297e-4
2026-09-26,40,1,wk inc rsv prop ed visits,2026-10-03,quantile,0.65,1.856687433966245e-4
2026-09-26,40,1,wk inc rsv prop ed visits,2026-10-03,quantile,0.7,1.9961757487373273e-4
2026-09-26,40,1,wk inc rsv prop ed visits,2026-10-03,quantile,0.75,2.1561975801174358e-4
2026-09-26,40,1,wk inc rsv prop ed visits,2026-10-03,quantile,0.8,2.671959778056902e-4
2026-09-26,40,1,wk inc rsv prop ed visits,2026-10-03,quantile,0.85,3.176275273028327e-4
2026-09-26,40,1,wk inc rsv prop ed visits,2026-10-03,quantile,0.9,3.836274925474042e-4
2026-09-26,40,1,wk inc rsv prop ed visits,2026-10-03,quantile,0.95,5.385564481831318e-4
2026-09-26,40,1,wk inc rsv prop ed visits,2026-10-03,quantile,0.975,7.124468132433742e-4
2026-09-26,40,1,wk inc rsv prop ed visits,2026-10-03,quantile,0.99,9.547944138558788e-4
2026-09-26,40,2,wk inc rsv prop ed visits,2026-10-10,quantile,0.01,0
2026-09-26,40,2,wk inc rsv prop ed visits,2026-10-10,quantile,0.025,2.2036719136866988e-6
2026-09-26,40,2,wk inc rsv prop ed visits,2026-10-10,quantile,0.05,7.520683311440429e-6
2026-09-26,40,2,wk inc rsv prop ed visits,2026-10-10,quantile,0.1,1.5739763352042387e-5
2026-09-26,40,2,wk inc rsv prop ed visits,2026-10-10,quantile,0.15,2.2834064372804418e-5
2026-09-26,40,2,wk inc rsv prop ed visits,2026-10-10,quantile,0.2,2.925318712085295e-5
2026-09-26,40,2,wk inc rsv prop ed visits,2026-10-10,quantile,0.25,7.106353754355034e-5
2026-09-26,40,2,wk inc rsv prop ed visits,2026-10-10,quantile,0.3,7.76647397609709e-5
2026-09-26,40,2,wk inc rsv prop ed visits,2026-10-10,quantile,0.35,8.376785324497576e-5
2026-09-26,40,2,wk inc rsv prop ed visits,2026-10-10,quantile,0.4,8.956444225622672e-5
2026-09-26,40,2,wk inc rsv prop ed visits,2026-10-10,quantile,0.45,9.676375428211033e-5
2026-09-26,40,2,wk inc rsv prop ed visits,2026-10-10,quantile,0.5,1.3814280766842672e-4
2026-09-26,40,2,wk inc rsv prop ed visits,2026-10-10,quantile,0.55,1.4614895097515463e-4
2026-09-26,40,2,wk inc rsv prop ed visits,2026-10-10,quantile,0.6,1.569246307782111e-4
2026-09-26,40,2,wk inc rsv prop ed visits,2026-10-10,quantile,0.65,1.9987104908252153e-4
2026-09-26,40,2,wk inc rsv prop ed visits,2026-10-10,quantile,0.7,2.1333518816826546e-4
2026-09-26,40,2,wk inc rsv prop ed visits,2026-10-10,quantile,0.75,2.591114223751098e-4
2026-09-26,40,2,wk inc rsv prop ed visits,2026-10-10,quantile,0.8,3.121239091663239e-4
2026-09-26,40,2,wk inc rsv prop ed visits,2026-10-10,quantile,0.85,3.695944511027265e-4
2026-09-26,40,2,wk inc rsv prop ed visits,2026-10-10,quantile,0.9,4.789263101859305e-4
2026-09-26,40,2,wk inc rsv prop ed visits,2026-10-10,quantile,0.95,6.91565304949428e-4
2026-09-26,40,2,wk inc rsv prop ed visits,2026-10-10,quantile,0.975,0.0010408639658133116
2026-09-26,40,2,wk inc rsv prop ed visits,2026-10-10,quantile,0.99,0.0015241926571046476
2026-09-26,41,-1,wk inc rsv prop ed visits,2026-09-19,quantile,0.01,1.1597094517002663e-5
2026-09-26,41,-1,wk inc rsv prop ed visits,2026-09-19,quantile,0.025,1.5267847951426615e-5
2026-09-26,41,-1,wk inc rsv prop ed visits,2026-09-19,quantile,0.05,2.1426468859234817e-5
2026-09-26,41,-1,wk inc rsv prop ed visits,2026-09-19,quantile,0.1,3.0401188448216876e-5
2026-09-26,41,-1,wk inc rsv prop ed visits,2026-09-19,quantile,0.15,3.7351152467470055e-5
2026-09-26,41,-1,wk inc rsv prop ed visits,2026-09-19,quantile,0.2,4.420106254827782e-5
2026-09-26,41,-1,wk inc rsv prop ed visits,2026-09-19,quantile,0.25,4.9614452471036844e-5
2026-09-26,41,-1,wk inc rsv prop ed visits,2026-09-19,quantile,0.3,5.506632327532522e-5
2026-09-26,41,-1,wk inc rsv prop ed visits,2026-09-19,quantile,0.35,6.042747596918011e-5
2026-09-26,41,-1,wk inc rsv prop ed visits,2026-09-19,quantile,0.4,6.628510816505086e-5
2026-09-26,41,-1,wk inc rsv prop ed visits,2026-09-19,quantile,0.45,7.085626473087741e-5
2026-09-26,41,-1,wk inc rsv prop ed visits,2026-09-19,quantile,0.5,7.67455216860443e-5
2026-09-26,41,-1,wk inc rsv prop ed visits,2026-09-19,quantile,0.55,8.306137930216145e-5
2026-09-26,41,-1,wk inc rsv prop ed visits,2026-09-19,quantile,0.6,9.067144788276869e-5
2026-09-26,41,-1,wk inc rsv prop ed visits,2026-09-19,quantile,0.65,9.789637919989051e-5
2026-09-26,41,-1,wk inc rsv prop ed visits,2026-09-19,quantile,0.7,1.0877828515463076e-4
2026-09-26,41,-1,wk inc rsv prop ed visits,2026-09-19,quantile,0.75,1.180370400946292e-4
2026-09-26,41,-1,wk inc rsv prop ed visits,2026-09-19,quantile,0.8,1.2997837645827479e-4
2026-09-26,41,-1,wk inc rsv prop ed visits,2026-09-19,quantile,0.85,1.4643097145058926e-4
2026-09-26,41,-1,wk inc rsv prop ed visits,2026-09-19,quantile,0.9,1.6863067809857563e-4
2026-09-26,41,-1,wk inc rsv prop ed visits,2026-09-19,quantile,0.95,2.0634080492435883e-4
2026-09-26,41,-1,wk inc rsv prop ed visits,2026-09-19,quantile,0.975,2.397931584821468e-4
2026-09-26,41,-1,wk inc rsv prop ed visits,2026-09-19,quantile,0.99,2.9694761061165595e-4
2026-09-26,41,0,wk inc rsv prop ed visits,2026-09-26,quantile,0.01,4.939295611585049e-6
2026-09-26,41,0,wk inc rsv prop ed visits,2026-09-26,quantile,0.025,8.636325876331511e-6
2026-09-26,41,0,wk inc rsv prop ed visits,2026-09-26,quantile,0.05,2.5611864934909698e-5
2026-09-26,41,0,wk inc rsv prop ed visits,2026-09-26,quantile,0.1,3.026287906778651e-5
2026-09-26,41,0,wk inc rsv prop ed visits,2026-09-26,quantile,0.15,3.4473158201968026e-5
2026-09-26,41,0,wk inc rsv prop ed visits,2026-09-26,quantile,0.2,5.086486286390732e-5
2026-09-26,41,0,wk inc rsv prop ed visits,2026-09-26,quantile,0.25,5.4673214657178625e-5
2026-09-26,41,0,wk inc rsv prop ed visits,2026-09-26,quantile,0.3,7.062381671659254e-5
2026-09-26,41,0,wk inc rsv prop ed visits,2026-09-26,quantile,0.35,7.414747515580429e-5
2026-09-26,41,0,wk inc rsv prop ed visits,2026-09-26,quantile,0.4,7.76468080600413e-5
2026-09-26,41,0,wk inc rsv prop ed visits,2026-09-26,quantile,0.45,9.252235355934534e-5
2026-09-26,41,0,wk inc rsv prop ed visits,2026-09-26,quantile,0.5,9.813924751616746e-5
2026-09-26,41,0,wk inc rsv prop ed visits,2026-09-26,quantile,0.55,1.0204737833731492e-4
2026-09-26,41,0,wk inc rsv prop ed visits,2026-09-26,quantile,0.6,1.1812192061907737e-4
2026-09-26,41,0,wk inc rsv prop ed visits,2026-09-26,quantile,0.65,1.247077973512029e-4
2026-09-26,41,0,wk inc rsv prop ed visits,2026-09-26,quantile,0.7,1.4057124232638837e-4
2026-09-26,41,0,wk inc rsv prop ed visits,2026-09-26,quantile,0.75,1.5022608746007292e-4
2026-09-26,41,0,wk inc rsv prop ed visits,2026-09-26,quantile,0.8,1.693831315589573e-4
2026-09-26,41,0,wk inc rsv prop ed visits,2026-09-26,quantile,0.85,1.9123603605806507e-4
2026-09-26,41,0,wk inc rsv prop ed visits,2026-09-26,quantile,0.9,2.1771415296132924e-4
2026-09-26,41,0,wk inc rsv prop ed visits,2026-09-26,quantile,0.95,2.5764787922232966e-4
2026-09-26,41,0,wk inc rsv prop ed visits,2026-09-26,quantile,0.975,3.11013672007723e-4
2026-09-26,41,0,wk inc rsv prop ed visits,2026-09-26,quantile,0.99,3.753680486564249e-4
2026-09-26,41,1,wk inc rsv prop ed visits,2026-10-03,quantile,0.01,6.394269004407736e-6
2026-09-26,41,1,wk inc rsv prop ed visits,2026-10-03,quantile,0.025,1.0973039428918128e-5
2026-09-26,41,1,wk inc rsv prop ed visits,2026-10-03,quantile,0.05,2.749797548762495e-5
2026-09-26,41,1,wk inc rsv prop ed visits,2026-10-03,quantile,0.1,3.263682000630429e-5
2026-09-26,41,1,wk inc rsv prop ed visits,2026-10-03,quantile,0.15,3.736418379690165e-5
2026-09-26,41,1,wk inc rsv prop ed visits,2026-10-03,quantile,0.2,5.3584700580723094e-5
2026-09-26,41,1,wk inc rsv prop ed visits,2026-10-03,quantile,0.25,5.710762784053922e-5
2026-09-26,41,1,wk inc rsv prop ed visits,2026-10-03,quantile,0.3,7.329686504675993e-5
2026-09-26,41,1,wk inc rsv prop ed visits,2026-10-03,quantile,0.35,7.708310704500466e-5
2026-09-26,41,1,wk inc rsv prop ed visits,2026-10-03,quantile,0.4,8.197635141585848e-5
2026-09-26,41,1,wk inc rsv prop ed visits,2026-10-03,quantile,0.45,9.79687189968327e-5
2026-09-26,41,1,wk inc rsv prop ed visits,2026-10-03,quantile,0.5,1.0344644709747855e-4
2026-09-26,41,1,wk inc rsv prop ed visits,2026-10-03,quantile,0.55,1.2106905305530279e-4
2026-09-26,41,1,wk inc rsv prop ed visits,2026-10-03,quantile,0.6,1.365232529209368e-4
2026-09-26,41,1,wk inc rsv prop ed visits,2026-10-03,quantile,0.65,1.4606586325626906e-4
2026-09-26,41,1,wk inc rsv prop ed visits,2026-10-03,quantile,0.7,1.630289893700143e-4
2026-09-26,41,1,wk inc rsv prop ed visits,2026-10-03,quantile,0.75,1.839679514189275e-4
2026-09-26,41,1,wk inc rsv prop ed visits,2026-10-03,quantile,0.8,1.9886469581183243e-4
2026-09-26,41,1,wk inc rsv prop ed visits,2026-10-03,quantile,0.85,2.3206337723735243e-4
2026-09-26,41,1,wk inc rsv prop ed visits,2026-10-03,quantile,0.9,2.7513669198144983e-4
2026-09-26,41,1,wk inc rsv prop ed visits,2026-10-03,quantile,0.95,3.4875551342252207e-4
2026-09-26,41,1,wk inc rsv prop ed visits,2026-10-03,quantile,0.975,4.412938442270218e-4
2026-09-26,41,1,wk inc rsv prop ed visits,2026-10-03,quantile,0.99,5.858437108043655e-4
2026-09-26,41,2,wk inc rsv prop ed visits,2026-10-10,quantile,0.01,7.578917231377177e-6
2026-09-26,41,2,wk inc rsv prop ed visits,2026-10-10,quantile,0.025,1.1409702161247013e-5
2026-09-26,41,2,wk inc rsv prop ed visits,2026-10-10,quantile,0.05,1.522753350742305e-5
2026-09-26,41,2,wk inc rsv prop ed visits,2026-10-10,quantile,0.1,3.4476421641796645e-5
2026-09-26,41,2,wk inc rsv prop ed visits,2026-10-10,quantile,0.15,3.969686171422168e-5
2026-09-26,41,2,wk inc rsv prop ed visits,2026-10-10,quantile,0.2,5.69559621039305e-5
2026-09-26,41,2,wk inc rsv prop ed visits,2026-10-10,quantile,0.25,6.120439852745989e-5
2026-09-26,41,2,wk inc rsv prop ed visits,2026-10-10,quantile,0.3,7.749677119672213e-5
2026-09-26,41,2,wk inc rsv prop ed visits,2026-10-10,quantile,0.35,8.20399538370383e-5
2026-09-26,41,2,wk inc rsv prop ed visits,2026-10-10,quantile,0.4,9.894173781929249e-5
2026-09-26,41,2,wk inc rsv prop ed visits,2026-10-10,quantile,0.45,1.0467948438834358e-4
2026-09-26,41,2,wk inc rsv prop ed visits,2026-10-10,quantile,0.5,1.2134464158644666e-4
2026-09-26,41,2,wk inc rsv prop ed visits,2026-10-10,quantile,0.55,1.3825603965088057e-4
2026-09-26,41,2,wk inc rsv prop ed visits,2026-10-10,quantile,0.6,1.5547414930168536e-4
2026-09-26,41,2,wk inc rsv prop ed visits,2026-10-10,quantile,0.65,1.656044258489971e-4
2026-09-26,41,2,wk inc rsv prop ed visits,2026-10-10,quantile,0.7,1.8659448445790573e-4
2026-09-26,41,2,wk inc rsv prop ed visits,2026-10-10,quantile,0.75,2.177436939416183e-4
2026-09-26,41,2,wk inc rsv prop ed visits,2026-10-10,quantile,0.8,2.501088335806579e-4
2026-09-26,41,2,wk inc rsv prop ed visits,2026-10-10,quantile,0.85,2.9381623343749624e-4
2026-09-26,41,2,wk inc rsv prop ed visits,2026-10-10,quantile,0.9,3.644835581228808e-4
2026-09-26,41,2,wk inc rsv prop ed visits,2026-10-10,quantile,0.95,4.921512781470969e-4
2026-09-26,41,2,wk inc rsv prop ed visits,2026-10-10,quantile,0.975,6.627416701390882e-4
2026-09-26,41,2,wk inc rsv prop ed visits,2026-10-10,quantile,0.99,9.974129132492393e-4
2026-09-26,42,-1,wk inc rsv prop ed visits,2026-09-19,quantile,0.01,3.84263303946352e-5
2026-09-26,42,-1,wk inc rsv prop ed visits,2026-09-19,quantile,0.025,4.217921712853657e-5
2026-09-26,42,-1,wk inc rsv prop ed visits,2026-09-19,quantile,0.05,4.673183929394161e-5
2026-09-26,42,-1,wk inc rsv prop ed visits,2026-09-19,quantile,0.1,5.2288623981492335e-5
2026-09-26,42,-1,wk inc rsv prop ed visits,2026-09-19,quantile,0.15,5.517606308561082e-5
2026-09-26,42,-1,wk inc rsv prop ed visits,2026-09-19,quantile,0.2,5.8796005345244013e-5
2026-09-26,42,-1,wk inc rsv prop ed visits,2026-09-19,quantile,0.25,6.15495286058272e-5
2026-09-26,42,-1,wk inc rsv prop ed visits,2026-09-19,quantile,0.3,6.427621922673783e-5
2026-09-26,42,-1,wk inc rsv prop ed visits,2026-09-19,quantile,0.35,6.63410858655773e-5
2026-09-26,42,-1,wk inc rsv prop ed visits,2026-09-19,quantile,0.4,6.850432706734596e-5
2026-09-26,42,-1,wk inc rsv prop ed visits,2026-09-19,quantile,0.45,7.122859635232343e-5
2026-09-26,42,-1,wk inc rsv prop ed visits,2026-09-19,quantile,0.5,7.406460902833175e-5
2026-09-26,42,-1,wk inc rsv prop ed visits,2026-09-19,quantile,0.55,7.70598266260471e-5
2026-09-26,42,-1,wk inc rsv prop ed visits,2026-09-19,quantile,0.6,7.987703764533044e-5
2026-09-26,42,-1,wk inc rsv prop ed visits,2026-09-19,quantile,0.65,8.299249559331932e-5
2026-09-26,42,-1,wk inc rsv prop ed visits,2026-09-19,quantile,0.7,8.655626867757067e-5
2026-09-26,42,-1,wk inc rsv prop ed visits,2026-09-19,quantile,0.75,9.056080241451794e-5
2026-09-26,42,-1,wk inc rsv prop ed visits,2026-09-19,quantile,0.8,9.595172530657881e-5
2026-09-26,42,-1,wk inc rsv prop ed visits,2026-09-19,quantile,0.85,1.0169273361529765e-4
2026-09-26,42,-1,wk inc rsv prop ed visits,2026-09-19,quantile,0.9,1.097080608823404e-4
2026-09-26,42,-1,wk inc rsv prop ed visits,2026-09-19,quantile,0.95,1.2246440920780775e-4
2026-09-26,42,-1,wk inc rsv prop ed visits,2026-09-19,quantile,0.975,1.3422063297434695e-4
2026-09-26,42,-1,wk inc rsv prop ed visits,2026-09-19,quantile,0.99,1.4952779970031792e-4
2026-09-26,42,0,wk inc rsv prop ed visits,2026-09-26,quantile,0.01,2.4762568210772285e-5
2026-09-26,42,0,wk inc rsv prop ed visits,2026-09-26,quantile,0.025,3.2069773639604365e-5
2026-09-26,42,0,wk inc rsv prop ed visits,2026-09-26,quantile,0.05,3.8733362975451647e-5
2026-09-26,42,0,wk inc rsv prop ed visits,2026-09-26,quantile,0.1,4.26521983981222e-5
2026-09-26,42,0,wk inc rsv prop ed visits,2026-09-26,quantile,0.15,4.938535390824918e-5
2026-09-26,42,0,wk inc rsv prop ed visits,2026-09-26,quantile,0.2,5.582211333973638e-5
2026-09-26,42,0,wk inc rsv prop ed visits,2026-09-26,quantile,0.25,5.7962318172071126e-5
2026-09-26,42,0,wk inc rsv prop ed visits,2026-09-26,quantile,0.3,6.387428225640449e-5
2026-09-26,42,0,wk inc rsv prop ed visits,2026-09-26,quantile,0.35,6.59991257734898e-5
2026-09-26,42,0,wk inc rsv prop ed visits,2026-09-26,quantile,0.4,7.181084440686399e-5
2026-09-26,42,0,wk inc rsv prop ed visits,2026-09-26,quantile,0.45,7.395321545290931e-5
2026-09-26,42,0,wk inc rsv prop ed visits,2026-09-26,quantile,0.5,7.958351733858301e-5
2026-09-26,42,0,wk inc rsv prop ed visits,2026-09-26,quantile,0.55,8.19791837280051e-5
2026-09-26,42,0,wk inc rsv prop ed visits,2026-09-26,quantile,0.6,8.758461577598292e-5
2026-09-26,42,0,wk inc rsv prop ed visits,2026-09-26,quantile,0.65,9.06412664453478e-5
2026-09-26,42,0,wk inc rsv prop ed visits,2026-09-26,quantile,0.7,9.686384517945305e-5
2026-09-26,42,0,wk inc rsv prop ed visits,2026-09-26,quantile,0.75,1.032620945525922e-4
2026-09-26,42,0,wk inc rsv prop ed visits,2026-09-26,quantile,0.8,1.0822957417498289e-4
2026-09-26,42,0,wk inc rsv prop ed visits,2026-09-26,quantile,0.85,1.1642550115744624e-4
2026-09-26,42,0,wk inc rsv prop ed visits,2026-09-26,quantile,0.9,1.29587593661843e-4
2026-09-26,42,0,wk inc rsv prop ed visits,2026-09-26,quantile,0.95,1.4846423168618007e-4
2026-09-26,42,0,wk inc rsv prop ed visits,2026-09-26,quantile,0.975,1.657914988048487e-4
2026-09-26,42,0,wk inc rsv prop ed visits,2026-09-26,quantile,0.99,1.89236627375088e-4
2026-09-26,42,1,wk inc rsv prop ed visits,2026-10-03,quantile,0.01,2.596546182709041e-5
2026-09-26,42,1,wk inc rsv prop ed visits,2026-10-03,quantile,0.025,2.9999683934243887e-5
2026-09-26,42,1,wk inc rsv prop ed visits,2026-10-03,quantile,0.05,3.748859369940686e-5
2026-09-26,42,1,wk inc rsv prop ed visits,2026-10-03,quantile,0.1,4.618067991452983e-5
2026-09-26,42,1,wk inc rsv prop ed visits,2026-10-03,quantile,0.15,5.3706014562367456e-5
2026-09-26,42,1,wk inc rsv prop ed visits,2026-10-03,quantile,0.2,6.074535480935787e-5
2026-09-26,42,1,wk inc rsv prop ed visits,2026-10-03,quantile,0.25,6.36032287868491e-5
2026-09-26,42,1,wk inc rsv prop ed visits,2026-10-03,quantile,0.3,6.981821257096929e-5
2026-09-26,42,1,wk inc rsv prop ed visits,2026-10-03,quantile,0.35,7.633481182596065e-5
2026-09-26,42,1,wk inc rsv prop ed visits,2026-10-03,quantile,0.4,7.943207379030028e-5
2026-09-26,42,1,wk inc rsv prop ed visits,2026-10-03,quantile,0.45,8.55770844417554e-5
2026-09-26,42,1,wk inc rsv prop ed visits,2026-10-03,quantile,0.5,8.864823027963638e-5
2026-09-26,42,1,wk inc rsv prop ed visits,2026-10-03,quantile,0.55,9.501912088335173e-5
2026-09-26,42,1,wk inc rsv prop ed visits,2026-10-03,quantile,0.6,1.0239899440479793e-4
2026-09-26,42,1,wk inc rsv prop ed visits,2026-10-03,quantile,0.65,1.0880213833822916e-4
2026-09-26,42,1,wk inc rsv prop ed visits,2026-10-03,quantile,0.7,1.153484160559542e-4
2026-09-26,42,1,wk inc rsv prop ed visits,2026-10-03,quantile,0.75,1.2383403615816446e-4
2026-09-26,42,1,wk inc rsv prop ed visits,2026-10-03,quantile,0.8,1.3319078687016163e-4
2026-09-26,42,1,wk inc rsv prop ed visits,2026-10-03,quantile,0.85,1.4453954141577848e-4
2026-09-26,42,1,wk inc rsv prop ed visits,2026-10-03,quantile,0.9,1.6286504879509903e-4
2026-09-26,42,1,wk inc rsv prop ed visits,2026-10-03,quantile,0.95,1.849464582607942e-4
2026-09-26,42,1,wk inc rsv prop ed visits,2026-10-03,quantile,0.975,2.1716768043871724e-4
2026-09-26,42,1,wk inc rsv prop ed visits,2026-10-03,quantile,0.99,0.00025684469350536956
2026-09-26,42,2,wk inc rsv prop ed visits,2026-10-10,quantile,0.01,2.7905638351073866e-5
2026-09-26,42,2,wk inc rsv prop ed visits,2026-10-10,quantile,0.025,3.134685290976541e-5
2026-09-26,42,2,wk inc rsv prop ed visits,2026-10-10,quantile,0.05,3.994723306872867e-5
2026-09-26,42,2,wk inc rsv prop ed visits,2026-10-10,quantile,0.1,5.040280306298688e-5
2026-09-26,42,2,wk inc rsv prop ed visits,2026-10-10,quantile,0.15,5.82540954393044e-5
2026-09-26,42,2,wk inc rsv prop ed visits,2026-10-10,quantile,0.2,6.590589923069632e-5
2026-09-26,42,2,wk inc rsv prop ed visits,2026-10-10,quantile,0.25,6.90008202465151e-5
2026-09-26,42,2,wk inc rsv prop ed visits,2026-10-10,quantile,0.3,7.548855310278001e-5
2026-09-26,42,2,wk inc rsv prop ed visits,2026-10-10,quantile,0.35,8.218474870380074e-5
2026-09-26,42,2,wk inc rsv prop ed visits,2026-10-10,quantile,0.4,8.604717239167208e-5
2026-09-26,42,2,wk inc rsv prop ed visits,2026-10-10,quantile,0.45,9.28478314498475e-5
2026-09-26,42,2,wk inc rsv prop ed visits,2026-10-10,quantile,0.5,1.0078244807373287e-4
2026-09-26,42,2,wk inc rsv prop ed visits,2026-10-10,quantile,0.55,1.0811169470547358e-4
2026-09-26,42,2,wk inc rsv prop ed visits,2026-10-10,quantile,0.6,1.1608422046950715e-4
2026-09-26,42,2,wk inc rsv prop ed visits,2026-10-10,quantile,0.65,1.2413803564058362e-4
2026-09-26,42,2,wk inc rsv prop ed visits,2026-10-10,quantile,0.7,1.3361141814107846e-4
2026-09-26,42,2,wk inc rsv prop ed visits,2026-10-10,quantile,0.75,1.4514677422829662e-4
2026-09-26,42,2,wk inc rsv prop ed visits,2026-10-10,quantile,0.8,1.5817548240881123e-4
2026-09-26,42,2,wk inc rsv prop ed visits,2026-10-10,quantile,0.85,1.7649810653143984e-4
2026-09-26,42,2,wk inc rsv prop ed visits,2026-10-10,quantile,0.9,2.0239452138396408e-4
2026-09-26,42,2,wk inc rsv prop ed visits,2026-10-10,quantile,0.95,2.469388655138528e-4
2026-09-26,42,2,wk inc rsv prop ed visits,2026-10-10,quantile,0.975,2.9301871833445836e-4
2026-09-26,42,2,wk inc rsv prop ed visits,2026-10-10,quantile,0.99,3.825588094931942e-4
2026-09-26,44,-1,wk inc rsv prop ed visits,2026-09-19,quantile,0.01,6.436652819700401e-6
2026-09-26,44,-1,wk inc rsv prop ed visits,2026-09-19,quantile,0.025,1.660454821343031e-5
2026-09-26,44,-1,wk inc rsv prop ed visits,2026-09-19,quantile,0.05,3.0542486422950374e-5
2026-09-26,44,-1,wk inc rsv prop ed visits,2026-09-19,quantile,0.1,4.737753604938498e-5
2026-09-26,44,-1,wk inc rsv prop ed visits,2026-09-19,quantile,0.15,6.367683467960125e-5
2026-09-26,44,-1,wk inc rsv prop ed visits,2026-09-19,quantile,0.2,7.818164844829055e-5
2026-09-26,44,-1,wk inc rsv prop ed visits,2026-09-19,quantile,0.25,9.112962343514982e-5
2026-09-26,44,-1,wk inc rsv prop ed visits,2026-09-19,quantile,0.3,1.0699016300330731e-4
2026-09-26,44,-1,wk inc rsv prop ed visits,2026-09-19,quantile,0.35,1.2082363462407667e-4
2026-09-26,44,-1,wk inc rsv prop ed visits,2026-09-19,quantile,0.4,1.3522542723259614e-4
2026-09-26,44,-1,wk inc rsv prop ed visits,2026-09-19,quantile,0.45,1.5023395195368032e-4
2026-09-26,44,-1,wk inc rsv prop ed visits,2026-09-19,quantile,0.5,1.694279060372144e-4
2026-09-26,44,-1,wk inc rsv prop ed visits,2026-09-19,quantile,0.55,1.8641595662120846e-4
2026-09-26,44,-1,wk inc rsv prop ed visits,2026-09-19,quantile,0.6,2.080290638145195e-4
2026-09-26,44,-1,wk inc rsv prop ed visits,2026-09-19,quantile,0.65,2.260757565150649e-4
2026-09-26,44,-1,wk inc rsv prop ed visits,2026-09-19,quantile,0.7,2.5585358722505797e-4
2026-09-26,44,-1,wk inc rsv prop ed visits,2026-09-19,quantile,0.75,2.8616264849409226e-4
2026-09-26,44,-1,wk inc rsv prop ed visits,2026-09-19,quantile,0.8,3.27719655712997e-4
2026-09-26,44,-1,wk inc rsv prop ed visits,2026-09-19,quantile,0.85,3.7125070771771684e-4
2026-09-26,44,-1,wk inc rsv prop ed visits,2026-09-19,quantile,0.9,4.348589452508959e-4
2026-09-26,44,-1,wk inc rsv prop ed visits,2026-09-19,quantile,0.95,5.374497477976062e-4
2026-09-26,44,-1,wk inc rsv prop ed visits,2026-09-19,quantile,0.975,6.806280649881419e-4
2026-09-26,44,-1,wk inc rsv prop ed visits,2026-09-19,quantile,0.99,9.364110847918414e-4
2026-09-26,44,0,wk inc rsv prop ed visits,2026-09-26,quantile,0.01,3.116631546243254e-6
2026-09-26,44,0,wk inc rsv prop ed visits,2026-09-26,quantile,0.025,1.0625978706208507e-5
2026-09-26,44,0,wk inc rsv prop ed visits,2026-09-26,quantile,0.05,1.7686304210625647e-5
2026-09-26,44,0,wk inc rsv prop ed visits,2026-09-26,quantile,0.1,2.905731438715941e-5
2026-09-26,44,0,wk inc rsv prop ed visits,2026-09-26,quantile,0.15,3.7430602049728965e-5
2026-09-26,44,0,wk inc rsv prop ed visits,2026-09-26,quantile,0.2,4.652495732279987e-5
2026-09-26,44,0,wk inc rsv prop ed visits,2026-09-26,quantile,0.25,5.515460487021244e-5
2026-09-26,44,0,wk inc rsv prop ed visits,2026-09-26,quantile,0.3,1.1386032558814986e-4
2026-09-26,44,0,wk inc rsv prop ed visits,2026-09-26,quantile,0.35,1.2332521452735067e-4
2026-09-26,44,0,wk inc rsv prop ed visits,2026-09-26,quantile,0.4,1.3260812085782696e-4
2026-09-26,44,0,wk inc rsv prop ed visits,2026-09-26,quantile,0.45,1.4369006827373096e-4
2026-09-26,44,0,wk inc rsv prop ed visits,2026-09-26,quantile,0.5,1.5554669942990682e-4
2026-09-26,44,0,wk inc rsv prop ed visits,2026-09-26,quantile,0.55,1.655679108985423e-4
2026-09-26,44,0,wk inc rsv prop ed visits,2026-09-26,quantile,0.6,2.2359663394991704e-4
2026-09-26,44,0,wk inc rsv prop ed visits,2026-09-26,quantile,0.65,2.383106715913938e-4
2026-09-26,44,0,wk inc rsv prop ed visits,2026-09-26,quantile,0.7,2.5721019902063245e-4
2026-09-26,44,0,wk inc rsv prop ed visits,2026-09-26,quantile,0.75,2.7777200579790466e-4
2026-09-26,44,0,wk inc rsv prop ed visits,2026-09-26,quantile,0.8,3.458949927963059e-4
2026-09-26,44,0,wk inc rsv prop ed visits,2026-09-26,quantile,0.85,3.806823759624257e-4
2026-09-26,44,0,wk inc rsv prop ed visits,2026-09-26,quantile,0.9,4.740404233779179e-4
2026-09-26,44,0,wk inc rsv prop ed visits,2026-09-26,quantile,0.95,0.00062292776007605505
2026-09-26,44,0,wk inc rsv prop ed visits,2026-09-26,quantile,0.975,7.627417486805697e-4
2026-09-26,44,0,wk inc rsv prop ed visits,2026-09-26,quantile,0.99,0.0010033106292867354
2026-09-26,44,1,wk inc rsv prop ed visits,2026-10-03,quantile,0.01,3.836404739452184e-6
2026-09-26,44,1,wk inc rsv prop ed visits,2026-10-03,quantile,0.025,1.2184241985261289e-5
2026-09-26,44,1,wk inc rsv prop ed visits,2026-10-03,quantile,0.05,1.9958311276882465e-5
2026-09-26,44,1,wk inc rsv prop ed visits,2026-10-03,quantile,0.1,3.367036828530478e-5
2026-09-26,44,1,wk inc rsv prop ed visits,2026-10-03,quantile,0.15,4.473830431278031e-5
2026-09-26,44,1,wk inc rsv prop ed visits,2026-10-03,quantile,0.2,5.436113719345422e-5
2026-09-26,44,1,wk inc rsv prop ed visits,2026-10-03,quantile,0.25,6.32754558264468e-5
2026-09-26,44,1,wk inc rsv prop ed visits,2026-10-03,quantile,0.3,1.23601828292705e-4
2026-09-26,44,1,wk inc rsv prop ed visits,2026-10-03,quantile,0.35,1.3416366510027834e-4
2026-09-26,44,1,wk inc rsv prop ed visits,2026-10-03,quantile,0.4,1.4636445376147952e-4
2026-09-26,44,1,wk inc rsv prop ed visits,2026-10-03,quantile,0.45,1.5876272529156905e-4
2026-09-26,44,1,wk inc rsv prop ed visits,2026-10-03,quantile,0.5,1.7471481396991975e-4
2026-09-26,44,1,wk inc rsv prop ed visits,2026-10-03,quantile,0.55,2.3681432592878078e-4
2026-09-26,44,1,wk inc rsv prop ed visits,2026-10-03,quantile,0.6,2.5634871191027904e-4
2026-09-26,44,1,wk inc rsv prop ed visits,2026-10-03,quantile,0.65,2.7700042071440863e-4
2026-09-26,44,1,wk inc rsv prop ed visits,2026-10-03,quantile,0.7,3.0289466229752363e-4
2026-09-26,44,1,wk inc rsv prop ed visits,2026-10-03,quantile,0.75,3.701649269649117e-4
2026-09-26,44,1,wk inc rsv prop ed visits,2026-10-03,quantile,0.8,4.116796868793251e-4
2026-09-26,44,1,wk inc rsv prop ed visits,2026-10-03,quantile,0.85,4.987422058144637e-4
2026-09-26,44,1,wk inc rsv prop ed visits,2026-10-03,quantile,0.9,6.104193486196439e-4
2026-09-26,44,1,wk inc rsv prop ed visits,2026-10-03,quantile,0.95,8.564806170388553e-4
2026-09-26,44,1,wk inc rsv prop ed visits,2026-10-03,quantile,0.975,0.0010780900147158374
2026-09-26,44,1,wk inc rsv prop ed visits,2026-10-03,quantile,0.99,0.001439793160450228
2026-09-26,44,2,wk inc rsv prop ed visits,2026-10-10,quantile,0.01,3.2514881127501106e-6
2026-09-26,44,2,wk inc rsv prop ed visits,2026-10-10,quantile,0.025,1.048548891634522e-5
2026-09-26,44,2,wk inc rsv prop ed visits,2026-10-10,quantile,0.05,2.0770488139015285e-5
2026-09-26,44,2,wk inc rsv prop ed visits,2026-10-10,quantile,0.1,3.654317269023886e-5
2026-09-26,44,2,wk inc rsv prop ed visits,2026-10-10,quantile,0.15,4.9098605792094436e-5
2026-09-26,44,2,wk inc rsv prop ed visits,2026-10-10,quantile,0.2,6.268800425252145e-5
2026-09-26,44,2,wk inc rsv prop ed visits,2026-10-10,quantile,0.25,7.467605359687999e-5
2026-09-26,44,2,wk inc rsv prop ed visits,2026-10-10,quantile,0.3,1.377181106382639e-4
2026-09-26,44,2,wk inc rsv prop ed visits,2026-10-10,quantile,0.35,1.5513886728400265e-4
2026-09-26,44,2,wk inc rsv prop ed visits,2026-10-10,quantile,0.4,1.7216430679455324e-4
2026-09-26,44,2,wk inc rsv prop ed visits,2026-10-10,quantile,0.45,1.8898828746509954e-4
2026-09-26,44,2,wk inc rsv prop ed visits,2026-10-10,quantile,0.5,2.0605458938707924e-4
2026-09-26,44,2,wk inc rsv prop ed visits,2026-10-10,quantile,0.55,2.7325729174843265e-4
2026-09-26,44,2,wk inc rsv prop ed visits,2026-10-10,quantile,0.6,2.9501036565393254e-4
2026-09-26,44,2,wk inc rsv prop ed visits,2026-10-10,quantile,0.65,3.2329844681457684e-4
2026-09-26,44,2,wk inc rsv prop ed visits,2026-10-10,quantile,0.7,3.98325121502308e-4
2026-09-26,44,2,wk inc rsv prop ed visits,2026-10-10,quantile,0.75,4.3879314672530827e-4
2026-09-26,44,2,wk inc rsv prop ed visits,2026-10-10,quantile,0.8,5.311193648368095e-4
2026-09-26,44,2,wk inc rsv prop ed visits,2026-10-10,quantile,0.85,6.485071424162695e-4
2026-09-26,44,2,wk inc rsv prop ed visits,2026-10-10,quantile,0.9,8.406880152418217e-4
2026-09-26,44,2,wk inc rsv prop ed visits,2026-10-10,quantile,0.95,0.001198477366168672
2026-09-26,44,2,wk inc rsv prop ed visits,2026-10-10,quantile,0.975,0.001660074604143582
2026-09-26,44,2,wk inc rsv prop ed visits,2026-10-10,quantile,0.99,0.0024143925715742923
2026-09-26,45,-1,wk inc rsv prop ed visits,2026-09-19,quantile,0.01,1.2565163008844207e-4
2026-09-26,45,-1,wk inc rsv prop ed visits,2026-09-19,quantile,0.025,1.467012917229543e-4
2026-09-26,45,-1,wk inc rsv prop ed visits,2026-09-19,quantile,0.05,1.6466331293663177e-4
2026-09-26,45,-1,wk inc rsv prop ed visits,2026-09-19,quantile,0.1,1.918217357417708e-4
2026-09-26,45,-1,wk inc rsv prop ed visits,2026-09-19,quantile,0.15,2.1021621095293356e-4
2026-09-26,45,-1,wk inc rsv prop ed visits,2026-09-19,quantile,0.2,2.265509261809814e-4
2026-09-26,45,-1,wk inc rsv prop ed visits,2026-09-19,quantile,0.25,2.4338433590796735e-4
2026-09-26,45,-1,wk inc rsv prop ed visits,2026-09-19,quantile,0.3,2.564919266458217e-4
2026-09-26,45,-1,wk inc rsv prop ed visits,2026-09-19,quantile,0.35,2.697399914022775e-4
2026-09-26,45,-1,wk inc rsv prop ed visits,2026-09-19,quantile,0.4,2.835900784478786e-4
2026-09-26,45,-1,wk inc rsv prop ed visits,2026-09-19,quantile,0.45,2.9873363960540084e-4
2026-09-26,45,-1,wk inc rsv prop ed visits,2026-09-19,quantile,0.5,3.140907134631443e-4
2026-09-26,45,-1,wk inc rsv prop ed visits,2026-09-19,quantile,0.55,3.3285416974937487e-4
2026-09-26,45,-1,wk inc rsv prop ed visits,2026-09-19,quantile,0.6,3.4944514089339297e-4
2026-09-26,45,-1,wk inc rsv prop ed visits,2026-09-19,quantile,0.65,3.709968609750266e-4
2026-09-26,45,-1,wk inc rsv prop ed visits,2026-09-19,quantile,0.7,3.9161793663492525e-4
2026-09-26,45,-1,wk inc rsv prop ed visits,2026-09-19,quantile,0.75,4.21210443091769e-4
2026-09-26,45,-1,wk inc rsv prop ed visits,2026-09-19,quantile,0.8,4.490196602970231e-4
2026-09-26,45,-1,wk inc rsv prop ed visits,2026-09-19,quantile,0.85,4.8557505371184847e-4
2026-09-26,45,-1,wk inc rsv prop ed visits,2026-09-19,quantile,0.9,5.33671238841638e-4
2026-09-26,45,-1,wk inc rsv prop ed visits,2026-09-19,quantile,0.95,6.254494843873207e-4
2026-09-26,45,-1,wk inc rsv prop ed visits,2026-09-19,quantile,0.975,6.971518490052206e-4
2026-09-26,45,-1,wk inc rsv prop ed visits,2026-09-19,quantile,0.99,8.109379872131097e-4
2026-09-26,45,0,wk inc rsv prop ed visits,2026-09-26,quantile,0.01,1.4031310086597997e-4
2026-09-26,45,0,wk inc rsv prop ed visits,2026-09-26,quantile,0.025,1.7709233578946373e-4
2026-09-26,45,0,wk inc rsv prop ed visits,2026-09-26,quantile,0.05,2.047594367256378e-4
2026-09-26,45,0,wk inc rsv prop ed visits,2026-09-26,quantile,0.1,2.473794378824243e-4
2026-09-26,45,0,wk inc rsv prop ed visits,2026-09-26,quantile,0.15,2.7545789551273705e-4
2026-09-26,45,0,wk inc rsv prop ed visits,2026-09-26,quantile,0.2,2.9992116575481924e-4
2026-09-26,45,0,wk inc rsv prop ed visits,2026-09-26,quantile,0.25,3.2546459354488037e-4
2026-09-26,45,0,wk inc rsv prop ed visits,2026-09-26,quantile,0.3,3.4536179878582403e-4
2026-09-26,45,0,wk inc rsv prop ed visits,2026-09-26,quantile,0.35,3.6156830348081116e-4
2026-09-26,45,0,wk inc rsv prop ed visits,2026-09-26,quantile,0.4,3.8472786411665027e-4
2026-09-26,45,0,wk inc rsv prop ed visits,2026-09-26,quantile,0.45,4.0846907274543333e-4
2026-09-26,45,0,wk inc rsv prop ed visits,2026-09-26,quantile,0.5,4.3039298046233305e-4
2026-09-26,45,0,wk inc rsv prop ed visits,2026-09-26,quantile,0.55,4.544447493447544e-4
2026-09-26,45,0,wk inc rsv prop ed visits,2026-09-26,quantile,0.6,4.777013803023791e-4
2026-09-26,45,0,wk inc rsv prop ed visits,2026-09-26,quantile,0.65,5.045837018953276e-4
2026-09-26,45,0,wk inc rsv prop ed visits,2026-09-26,quantile,0.7,5.369503595550472e-4
2026-09-26,45,0,wk inc rsv prop ed visits,2026-09-26,quantile,0.75,5.704271434708169e-4
2026-09-26,45,0,wk inc rsv prop ed visits,2026-09-26,quantile,0.8,6.155181891410878e-4
2026-09-26,45,0,wk inc rsv prop ed visits,2026-09-26,quantile,0.85,6.714358881008116e-4
2026-09-26,45,0,wk inc rsv prop ed visits,2026-09-26,quantile,0.9,7.475780708842237e-4
2026-09-26,45,0,wk inc rsv prop ed visits,2026-09-26,quantile,0.95,8.88275783153523e-4
2026-09-26,45,0,wk inc rsv prop ed visits,2026-09-26,quantile,0.975,0.0010183844791928182
2026-09-26,45,0,wk inc rsv prop ed visits,2026-09-26,quantile,0.99,0.0011890892419494665
2026-09-26,45,1,wk inc rsv prop ed visits,2026-10-03,quantile,0.01,1.399802263338302e-4
2026-09-26,45,1,wk inc rsv prop ed visits,2026-10-03,quantile,0.025,1.825845336329458e-4
2026-09-26,45,1,wk inc rsv prop ed visits,2026-10-03,quantile,0.05,2.231395878520841e-4
2026-09-26,45,1,wk inc rsv prop ed visits,2026-10-03,quantile,0.1,2.732468811832047e-4
2026-09-26,45,1,wk inc rsv prop ed visits,2026-10-03,quantile,0.15,3.168023684737212e-4
2026-09-26,45,1,wk inc rsv prop ed visits,2026-10-03,quantile,0.2,3.5125989779974723e-4
2026-09-26,45,1,wk inc rsv prop ed visits,2026-10-03,quantile,0.25,3.8714929188810623e-4
2026-09-26,45,1,wk inc rsv prop ed visits,2026-10-03,quantile,0.3,4.165016162284693e-4
2026-09-26,45,1,wk inc rsv prop ed visits,2026-10-03,quantile,0.35,4.55204968724209e-4
2026-09-26,45,1,wk inc rsv prop ed visits,2026-10-03,quantile,0.4,4.8239756716294245e-4
2026-09-26,45,1,wk inc rsv prop ed visits,2026-10-03,quantile,0.45,5.182661152295916e-4
2026-09-26,45,1,wk inc rsv prop ed visits,2026-10-03,quantile,0.5,5.55094187057624e-4
2026-09-26,45,1,wk inc rsv prop ed visits,2026-10-03,quantile,0.55,5.902583983366203e-4
2026-09-26,45,1,wk inc rsv prop ed visits,2026-10-03,quantile,0.6,6.334583800520436e-4
2026-09-26,45,1,wk inc rsv prop ed visits,2026-10-03,quantile,0.65,6.730644639250175e-4
2026-09-26,45,1,wk inc rsv prop ed visits,2026-10-03,quantile,0.7,7.223823468604151e-4
2026-09-26,45,1,wk inc rsv prop ed visits,2026-10-03,quantile,0.75,7.826714796862065e-4
2026-09-26,45,1,wk inc rsv prop ed visits,2026-10-03,quantile,0.8,8.567423891934773e-4
2026-09-26,45,1,wk inc rsv prop ed visits,2026-10-03,quantile,0.85,9.51462634313339e-4
2026-09-26,45,1,wk inc rsv prop ed visits,2026-10-03,quantile,0.9,0.0010874940240318666
2026-09-26,45,1,wk inc rsv prop ed visits,2026-10-03,quantile,0.95,0.0013259002956570493
2026-09-26,45,1,wk inc rsv prop ed visits,2026-10-03,quantile,0.975,0.0015724935597071182
2026-09-26,45,1,wk inc rsv prop ed visits,2026-10-03,quantile,0.99,0.001885957630028824
2026-09-26,45,2,wk inc rsv prop ed visits,2026-10-10,quantile,0.01,1.480374771646378e-4
2026-09-26,45,2,wk inc rsv prop ed visits,2026-10-10,quantile,0.025,2.0307927619460592e-4
2026-09-26,45,2,wk inc rsv prop ed visits,2026-10-10,quantile,0.05,2.5163630763394253e-4
2026-09-26,45,2,wk inc rsv prop ed visits,2026-10-10,quantile,0.1,3.096888992551335e-4
2026-09-26,45,2,wk inc rsv prop ed visits,2026-10-10,quantile,0.15,3.645662093799089e-4
2026-09-26,45,2,wk inc rsv prop ed visits,2026-10-10,quantile,0.2,4.1138914272042105e-4
2026-09-26,45,2,wk inc rsv prop ed visits,2026-10-10,quantile,0.25,4.618846704172937e-4
2026-09-26,45,2,wk inc rsv prop ed visits,2026-10-10,quantile,0.3,5.085657064371329e-4
2026-09-26,45,2,wk inc rsv prop ed visits,2026-10-10,quantile,0.35,5.546684102259618e-4
2026-09-26,45,2,wk inc rsv prop ed visits,2026-10-10,quantile,0.4,6.065462304752993e-4
2026-09-26,45,2,wk inc rsv prop ed visits,2026-10-10,quantile,0.45,6.594154351983303e-4
2026-09-26,45,2,wk inc rsv prop ed visits,2026-10-10,quantile,0.5,7.120241463895128e-4
2026-09-26,45,2,wk inc rsv prop ed visits,2026-10-10,quantile,0.55,7.712375839492934e-4
2026-09-26,45,2,wk inc rsv prop ed visits,2026-10-10,quantile,0.6,8.39728857445671e-4
2026-09-26,45,2,wk inc rsv prop ed visits,2026-10-10,quantile,0.65,9.15991880145564e-4
2026-09-26,45,2,wk inc rsv prop ed visits,2026-10-10,quantile,0.7,9.994684570068628e-4
2026-09-26,45,2,wk inc rsv prop ed visits,2026-10-10,quantile,0.75,0.0010979432309275922
2026-09-26,45,2,wk inc rsv prop ed visits,2026-10-10,quantile,0.8,0.0012334998639353836
2026-09-26,45,2,wk inc rsv prop ed visits,2026-10-10,quantile,0.85,0.0013795271221906436
2026-09-26,45,2,wk inc rsv prop ed visits,2026-10-10,quantile,0.9,0.0016546406853461112
2026-09-26,45,2,wk inc rsv prop ed visits,2026-10-10,quantile,0.95,0.002098861281786423
2026-09-26,45,2,wk inc rsv prop ed visits,2026-10-10,quantile,0.975,0.0026332463479892335
2026-09-26,45,2,wk inc rsv prop ed visits,2026-10-10,quantile,0.99,0.003598309194407362
2026-09-26,46,-1,wk inc rsv prop ed visits,2026-09-19,quantile,0.01,0
2026-09-26,46,-1,wk inc rsv prop ed visits,2026-09-19,quantile,0.025,0
2026-09-26,46,-1,wk inc rsv prop ed visits,2026-09-19,quantile,0.05,0
2026-09-26,46,-1,wk inc rsv prop ed visits,2026-09-19,quantile,0.1,0
2026-09-26,46,-1,wk inc rsv prop ed visits,2026-09-19,quantile,0.15,0
2026-09-26,46,-1,wk inc rsv prop ed visits,2026-09-19,quantile,0.2,0
2026-09-26,46,-1,wk inc rsv prop ed visits,2026-09-19,quantile,0.25,6.008096725053473e-6
2026-09-26,46,-1,wk inc rsv prop ed visits,2026-09-19,quantile,0.3,1.4708282686162424e-5
2026-09-26,46,-1,wk inc rsv prop ed visits,2026-09-19,quantile,0.35,2.2598622073968397e-5
2026-09-26,46,-1,wk inc rsv prop ed visits,2026-09-19,quantile,0.4,3.0502243173284684e-5
2026-09-26,46,-1,wk inc rsv prop ed visits,2026-09-19,quantile,0.45,4.037236880445734e-5
2026-09-26,46,-1,wk inc rsv prop ed visits,2026-09-19,quantile,0.5,4.86222082707276e-5
2026-09-26,46,-1,wk inc rsv prop ed visits,2026-09-19,quantile,0.55,5.712720203562618e-5
2026-09-26,46,-1,wk inc rsv prop ed visits,2026-09-19,quantile,0.6,6.772625947578992e-5
2026-09-26,46,-1,wk inc rsv prop ed visits,2026-09-19,quantile,0.65,7.736483673637145e-5
2026-09-26,46,-1,wk inc rsv prop ed visits,2026-09-19,quantile,0.7,9.335460144985357e-5
2026-09-26,46,-1,wk inc rsv prop ed visits,2026-09-19,quantile,0.75,1.0982662812690929e-4
2026-09-26,46,-1,wk inc rsv prop ed visits,2026-09-19,quantile,0.8,1.280057694564603e-4
2026-09-26,46,-1,wk inc rsv prop ed visits,2026-09-19,quantile,0.85,1.5731888677755133e-4
2026-09-26,46,-1,wk inc rsv prop ed visits,2026-09-19,quantile,0.9,1.9567152749094905e-4
2026-09-26,46,-1,wk inc rsv prop ed visits,2026-09-19,quantile,0.95,2.564504544658602e-4
2026-09-26,46,-1,wk inc rsv prop ed visits,2026-09-19,quantile,0.975,3.4718388929742323e-4
2026-09-26,46,-1,wk inc rsv prop ed visits,2026-09-19,quantile,0.99,4.939470733709559e-4
2026-09-26,46,0,wk inc rsv prop ed visits,2026-09-26,quantile,0.01,0
2026-09-26,46,0,wk inc rsv prop ed visits,2026-09-26,quantile,0.025,0
2026-09-26,46,0,wk inc rsv prop ed visits,2026-09-26,quantile,0.05,0
2026-09-26,46,0,wk inc rsv prop ed visits,2026-09-26,quantile,0.1,0
2026-09-26,46,0,wk inc rsv prop ed visits,2026-09-26,quantile,0.15,0
2026-09-26,46,0,wk inc rsv prop ed visits,2026-09-26,quantile,0.2,0
2026-09-26,46,0,wk inc rsv prop ed visits,2026-09-26,quantile,0.25,8.701137795157489e-7
2026-09-26,46,0,wk inc rsv prop ed visits,2026-09-26,quantile,0.3,4.762352319075421e-6
2026-09-26,46,0,wk inc rsv prop ed visits,2026-09-26,quantile,0.35,8.634802274965864e-6
2026-09-26,46,0,wk inc rsv prop ed visits,2026-09-26,quantile,0.4,1.2131797154798483e-5
2026-09-26,46,0,wk inc rsv prop ed visits,2026-09-26,quantile,0.45,1.6703396142745647e-5
2026-09-26,46,0,wk inc rsv prop ed visits,2026-09-26,quantile,0.5,2.1221759123297912e-5
2026-09-26,46,0,wk inc rsv prop ed visits,2026-09-26,quantile,0.55,2.6150458676759357e-5
2026-09-26,46,0,wk inc rsv prop ed visits,2026-09-26,quantile,0.6,3.166067452161567e-5
2026-09-26,46,0,wk inc rsv prop ed visits,2026-09-26,quantile,0.65,3.7848512214799026e-5
2026-09-26,46,0,wk inc rsv prop ed visits,2026-09-26,quantile,0.7,4.3656292350527145e-5
2026-09-26,46,0,wk inc rsv prop ed visits,2026-09-26,quantile,0.75,1.3259215800203328e-4
2026-09-26,46,0,wk inc rsv prop ed visits,2026-09-26,quantile,0.8,1.4405743960230034e-4
2026-09-26,46,0,wk inc rsv prop ed visits,2026-09-26,quantile,0.85,1.5748382184520244e-4
2026-09-26,46,0,wk inc rsv prop ed visits,2026-09-26,quantile,0.9,1.744817720755973e-4
2026-09-26,46,0,wk inc rsv prop ed visits,2026-09-26,quantile,0.95,2.9158884343988083e-4
2026-09-26,46,0,wk inc rsv prop ed visits,2026-09-26,quantile,0.975,3.291409892106901e-4
2026-09-26,46,0,wk inc rsv prop ed visits,2026-09-26,quantile,0.99,4.5030447955339786e-4
2026-09-26,46,1,wk inc rsv prop ed visits,2026-10-03,quantile,0.01,0
2026-09-26,46,1,wk inc rsv prop ed visits,2026-10-03,quantile,0.025,0
2026-09-26,46,1,wk inc rsv prop ed visits,2026-10-03,quantile,0.05,0
2026-09-26,46,1,wk inc rsv prop ed visits,2026-10-03,quantile,0.1,0
2026-09-26,46,1,wk inc rsv prop ed visits,2026-10-03,quantile,0.15,0
2026-09-26,46,1,wk inc rsv prop ed visits,2026-10-03,quantile,0.2,0
2026-09-26,46,1,wk inc rsv prop ed visits,2026-10-03,quantile,0.25,9.731552198016931e-7
2026-09-26,46,1,wk inc rsv prop ed visits,2026-10-03,quantile,0.3,5.267876206636837e-6
2026-09-26,46,1,wk inc rsv prop ed visits,2026-10-03,quantile,0.35,9.002451856430122e-6
2026-09-26,46,1,wk inc rsv prop ed visits,2026-10-03,quantile,0.4,1.2408453034552295e-5
2026-09-26,46,1,wk inc rsv prop ed visits,2026-10-03,quantile,0.45,1.6395108211041396e-5
2026-09-26,46,1,wk inc rsv prop ed visits,2026-10-03,quantile,0.5,2.0926219087307923e-5
2026-09-26,46,1,wk inc rsv prop ed visits,2026-10-03,quantile,0.55,2.6114570241016104e-5
2026-09-26,46,1,wk inc rsv prop ed visits,2026-10-03,quantile,0.6,3.1346900749979177e-5
2026-09-26,46,1,wk inc rsv prop ed visits,2026-10-03,quantile,0.65,3.690558629501159e-5
2026-09-26,46,1,wk inc rsv prop ed visits,2026-10-03,quantile,0.7,4.366523253101183e-5
2026-09-26,46,1,wk inc rsv prop ed visits,2026-10-03,quantile,0.75,5.253021112313952e-5
2026-09-26,46,1,wk inc rsv prop ed visits,2026-10-03,quantile,0.8,1.4470740567938507e-4
2026-09-26,46,1,wk inc rsv prop ed visits,2026-10-03,quantile,0.85,1.5960101909340456e-4
2026-09-26,46,1,wk inc rsv prop ed visits,2026-10-03,quantile,0.9,1.8059576992815606e-4
2026-09-26,46,1,wk inc rsv prop ed visits,2026-10-03,quantile,0.95,2.9428875443827094e-4
2026-09-26,46,1,wk inc rsv prop ed visits,2026-10-03,quantile,0.975,3.483753283696383e-4
2026-09-26,46,1,wk inc rsv prop ed visits,2026-10-03,quantile,0.99,5.72760229545527e-4
2026-09-26,46,2,wk inc rsv prop ed visits,2026-10-10,quantile,0.01,0
2026-09-26,46,2,wk inc rsv prop ed visits,2026-10-10,quantile,0.025,0
2026-09-26,46,2,wk inc rsv prop ed visits,2026-10-10,quantile,0.05,0
2026-09-26,46,2,wk inc rsv prop ed visits,2026-10-10,quantile,0.1,0
2026-09-26,46,2,wk inc rsv prop ed visits,2026-10-10,quantile,0.15,0
2026-09-26,46,2,wk inc rsv prop ed visits,2026-10-10,quantile,0.2,0
2026-09-26,46,2,wk inc rsv prop ed visits,2026-10-10,quantile,0.25,9.079584112191438e-7
2026-09-26,46,2,wk inc rsv prop ed visits,2026-10-10,quantile,0.3,4.588343404314633e-6
2026-09-26,46,2,wk inc rsv prop ed visits,2026-10-10,quantile,0.35,8.237079538724695e-6
2026-09-26,46,2,wk inc rsv prop ed visits,2026-10-10,quantile,0.4,1.2236655556399319e-5
2026-09-26,46,2,wk inc rsv prop ed visits,2026-10-10,quantile,0.45,1.593798155677685e-5
2026-09-26,46,2,wk inc rsv prop ed visits,2026-10-10,quantile,0.5,2.0792385810642664e-5
2026-09-26,46,2,wk inc rsv prop ed visits,2026-10-10,quantile,0.55,2.6583917543714214e-5
2026-09-26,46,2,wk inc rsv prop ed visits,2026-10-10,quantile,0.6,3.221891566440897e-5
2026-09-26,46,2,wk inc rsv prop ed visits,2026-10-10,quantile,0.65,3.731301478981136e-5
2026-09-26,46,2,wk inc rsv prop ed visits,2026-10-10,quantile,0.7,4.30756139429833e-5
2026-09-26,46,2,wk inc rsv prop ed visits,2026-10-10,quantile,0.75,5.246973942326629e-5
2026-09-26,46,2,wk inc rsv prop ed visits,2026-10-10,quantile,0.8,1.4680577390982909e-4
2026-09-26,46,2,wk inc rsv prop ed visits,2026-10-10,quantile,0.85,1.6098035051095494e-4
2026-09-26,46,2,wk inc rsv prop ed visits,2026-10-10,quantile,0.9,1.8119227230057298e-4
2026-09-26,46,2,wk inc rsv prop ed visits,2026-10-10,quantile,0.95,2.9809406812530644e-4
2026-09-26,46,2,wk inc rsv prop ed visits,2026-10-10,quantile,0.975,4.143692954530479e-4
2026-09-26,46,2,wk inc rsv prop ed visits,2026-10-10,quantile,0.99,6.704381222029029e-4
2026-09-26,47,-1,wk inc rsv prop ed visits,2026-09-19,quantile,0.01,1.9221688939404782e-4
2026-09-26,47,-1,wk inc rsv prop ed visits,2026-09-19,quantile,0.025,2.1463505570928118e-4
2026-09-26,47,-1,wk inc rsv prop ed visits,2026-09-19,quantile,0.05,2.31980224735943e-4
2026-09-26,47,-1,wk inc rsv prop ed visits,2026-09-19,quantile,0.1,2.5809692133522337e-4
2026-09-26,47,-1,wk inc rsv prop ed visits,2026-09-19,quantile,0.15,2.7787765511101003e-4
2026-09-26,47,-1,wk inc rsv prop ed visits,2026-09-19,quantile,0.2,2.911578719613532e-4
2026-09-26,47,-1,wk inc rsv prop ed visits,2026-09-19,quantile,0.25,3.0624411492084227e-4
2026-09-26,47,-1,wk inc rsv prop ed visits,2026-09-19,quantile,0.3,3.205537075748706e-4
2026-09-26,47,-1,wk inc rsv prop ed visits,2026-09-19,quantile,0.35,3.328775965616666e-4
2026-09-26,47,-1,wk inc rsv prop ed visits,2026-09-19,quantile,0.4,3.444264828991999e-4
2026-09-26,47,-1,wk inc rsv prop ed visits,2026-09-19,quantile,0.45,3.570302568804372e-4
2026-09-26,47,-1,wk inc rsv prop ed visits,2026-09-19,quantile,0.5,3.7087525151911565e-4
2026-09-26,47,-1,wk inc rsv prop ed visits,2026-09-19,quantile,0.55,3.856532319498453e-4
2026-09-26,47,-1,wk inc rsv prop ed visits,2026-09-19,quantile,0.6,3.97453807793443e-4
2026-09-26,47,-1,wk inc rsv prop ed visits,2026-09-19,quantile,0.65,4.096504135807696e-4
2026-09-26,47,-1,wk inc rsv prop ed visits,2026-09-19,quantile,0.7,4.26047648690321e-4
2026-09-26,47,-1,wk inc rsv prop ed visits,2026-09-19,quantile,0.75,4.4504347448119565e-4
2026-09-26,47,-1,wk inc rsv prop ed visits,2026-09-19,quantile,0.8,4.6385210597576457e-4
2026-09-26,47,-1,wk inc rsv prop ed visits,2026-09-19,quantile,0.85,4.887042346163469e-4
2026-09-26,47,-1,wk inc rsv prop ed visits,2026-09-19,quantile,0.9,5.243195198272843e-4
2026-09-26,47,-1,wk inc rsv prop ed visits,2026-09-19,quantile,0.95,5.76880500749978e-4
2026-09-26,47,-1,wk inc rsv prop ed visits,2026-09-19,quantile,0.975,6.479654203393167e-4
2026-09-26,47,-1,wk inc rsv prop ed visits,2026-09-19,quantile,0.99,7.496260217741284e-4
2026-09-26,47,0,wk inc rsv prop ed visits,2026-09-26,quantile,0.01,1.9469891862862747e-4
2026-09-26,47,0,wk inc rsv prop ed visits,2026-09-26,quantile,0.025,2.2494349807264125e-4
2026-09-26,47,0,wk inc rsv prop ed visits,2026-09-26,quantile,0.05,2.5260992121651187e-4
2026-09-26,47,0,wk inc rsv prop ed visits,2026-09-26,quantile,0.1,2.814313296377912e-4
2026-09-26,47,0,wk inc rsv prop ed visits,2026-09-26,quantile,0.15,3.079424676060446e-4
2026-09-26,47,0,wk inc rsv prop ed visits,2026-09-26,quantile,0.2,3.285712773565656e-4
2026-09-26,47,0,wk inc rsv prop ed visits,2026-09-26,quantile,0.25,3.478953769838188e-4
2026-09-26,47,0,wk inc rsv prop ed visits,2026-09-26,quantile,0.3,3.6479807422990553e-4
2026-09-26,47,0,wk inc rsv prop ed visits,2026-09-26,quantile,0.35,3.8194552193268106e-4
2026-09-26,47,0,wk inc rsv prop ed visits,2026-09-26,quantile,0.4,3.9572163940095354e-4
2026-09-26,47,0,wk inc rsv prop ed visits,2026-09-26,quantile,0.45,4.126086484428311e-4
2026-09-26,47,0,wk inc rsv prop ed visits,2026-09-26,quantile,0.5,4.282709884340216e-4
2026-09-26,47,0,wk inc rsv prop ed visits,2026-09-26,quantile,0.55,4.4468087198607593e-4
2026-09-26,47,0,wk inc rsv prop ed visits,2026-09-26,quantile,0.6,4.601584989262601e-4
2026-09-26,47,0,wk inc rsv prop ed visits,2026-09-26,quantile,0.65,4.780390881978597e-4
2026-09-26,47,0,wk inc rsv prop ed visits,2026-09-26,quantile,0.7,5.013505761983358e-4
2026-09-26,47,0,wk inc rsv prop ed visits,2026-09-26,quantile,0.75,5.222928431422934e-4
2026-09-26,47,0,wk inc rsv prop ed visits,2026-09-26,quantile,0.8,5.485512995290311e-4
2026-09-26,47,0,wk inc rsv prop ed visits,2026-09-26,quantile,0.85,5.795450744822801e-4
2026-09-26,47,0,wk inc rsv prop ed visits,2026-09-26,quantile,0.9,6.198372745309545e-4
2026-09-26,47,0,wk inc rsv prop ed visits,2026-09-26,quantile,0.95,6.945419059573042e-4
2026-09-26,47,0,wk inc rsv prop ed visits,2026-09-26,quantile,0.975,7.518425151123738e-4
2026-09-26,47,0,wk inc rsv prop ed visits,2026-09-26,quantile,0.99,8.303310716254386e-4
2026-09-26,47,1,wk inc rsv prop ed visits,2026-10-03,quantile,0.01,1.8112274013747898e-4
2026-09-26,47,1,wk inc rsv prop ed visits,2026-10-03,quantile,0.025,2.183994895140026e-4
2026-09-26,47,1,wk inc rsv prop ed visits,2026-10-03,quantile,0.05,2.5477804963559424e-4
2026-09-26,47,1,wk inc rsv prop ed visits,2026-10-03,quantile,0.1,2.959555299037247e-4
2026-09-26,47,1,wk inc rsv prop ed visits,2026-10-03,quantile,0.15,3.272416352515568e-4
2026-09-26,47,1,wk inc rsv prop ed visits,2026-10-03,quantile,0.2,3.5111382177276053e-4
2026-09-26,47,1,wk inc rsv prop ed visits,2026-10-03,quantile,0.25,3.786299471134723e-4
2026-09-26,47,1,wk inc rsv prop ed visits,2026-10-03,quantile,0.3,4.010206497596924e-4
2026-09-26,47,1,wk inc rsv prop ed visits,2026-10-03,quantile,0.35,4.2045695013597585e-4
2026-09-26,47,1,wk inc rsv prop ed visits,2026-10-03,quantile,0.4,4.43734196562409e-4
2026-09-26,47,1,wk inc rsv prop ed visits,2026-10-03,quantile,0.45,4.667988983124413e-4
2026-09-26,47,1,wk inc rsv prop ed visits,2026-10-03,quantile,0.5,4.9026981442208e-4
2026-09-26,47,1,wk inc rsv prop ed visits,2026-10-03,quantile,0.55,5.124291494550473e-4
2026-09-26,47,1,wk inc rsv prop ed visits,2026-10-03,quantile,0.6,5.366627201742363e-4
2026-09-26,47,1,wk inc rsv prop ed visits,2026-10-03,quantile,0.65,5.604560974220058e-4
2026-09-26,47,1,wk inc rsv prop ed visits,2026-10-03,quantile,0.7,5.916411233437026e-4
2026-09-26,47,1,wk inc rsv prop ed visits,2026-10-03,quantile,0.75,6.220474177124999e-4
2026-09-26,47,1,wk inc rsv prop ed visits,2026-10-03,quantile,0.8,6.610640375602522e-4
2026-09-26,47,1,wk inc rsv prop ed visits,2026-10-03,quantile,0.85,7.057979539150873e-4
2026-09-26,47,1,wk inc rsv prop ed visits,2026-10-03,quantile,0.9,7.665558341297361e-4
2026-09-26,47,1,wk inc rsv prop ed visits,2026-10-03,quantile,0.95,8.752290488784537e-4
2026-09-26,47,1,wk inc rsv prop ed visits,2026-10-03,quantile,0.975,9.9351971786532e-4
2026-09-26,47,1,wk inc rsv prop ed visits,2026-10-03,quantile,0.99,0.001198914438073495
2026-09-26,47,2,wk inc rsv prop ed visits,2026-10-10,quantile,0.01,1.81304780256952e-4
2026-09-26,47,2,wk inc rsv prop ed visits,2026-10-10,quantile,0.025,2.1689965091661631e-4
2026-09-26,47,2,wk inc rsv prop ed visits,2026-10-10,quantile,0.05,2.4878805102542326e-4
2026-09-26,47,2,wk inc rsv prop ed visits,2026-10-10,quantile,0.1,3.0218124527135043e-4
2026-09-26,47,2,wk inc rsv prop ed visits,2026-10-10,quantile,0.15,3.433868336884812e-4
2026-09-26,47,2,wk inc rsv prop ed visits,2026-10-10,quantile,0.2,3.7309192003028425e-4
2026-09-26,47,2,wk inc rsv prop ed visits,2026-10-10,quantile,0.25,4.051482872328892e-4
2026-09-26,47,2,wk inc rsv prop ed visits,2026-10-10,quantile,0.3,4.377935902896391e-4
2026-09-26,47,2,wk inc rsv prop ed visits,2026-10-10,quantile,0.35,4.6642926352010583e-4
2026-09-26,47,2,wk inc rsv prop ed visits,2026-10-10,quantile,0.4,4.935147894256707e-4
2026-09-26,47,2,wk inc rsv prop ed visits,2026-10-10,quantile,0.45,5.206150422588234e-4
2026-09-26,47,2,wk inc rsv prop ed visits,2026-10-10,quantile,0.5,5.510502594247529e-4
2026-09-26,47,2,wk inc rsv prop ed visits,2026-10-10,quantile,0.55,5.834157936967146e-4
2026-09-26,47,2,wk inc rsv prop ed visits,2026-10-10,quantile,0.6,6.184504159119154e-4
2026-09-26,47,2,wk inc rsv prop ed visits,2026-10-10,quantile,0.65,6.548120210241851e-4
2026-09-26,47,2,wk inc rsv prop ed visits,2026-10-10,quantile,0.7,6.908619275524119e-4
2026-09-26,47,2,wk inc rsv prop ed visits,2026-10-10,quantile,0.75,7.436761522946397e-4
2026-09-26,47,2,wk inc rsv prop ed visits,2026-10-10,quantile,0.8,8.025026023469835e-4
2026-09-26,47,2,wk inc rsv prop ed visits,2026-10-10,quantile,0.85,8.655245244293186e-4
2026-09-26,47,2,wk inc rsv prop ed visits,2026-10-10,quantile,0.9,9.695290575992496e-4
2026-09-26,47,2,wk inc rsv prop ed visits,2026-10-10,quantile,0.95,0.001161633184287259
2026-09-26,47,2,wk inc rsv prop ed visits,2026-10-10,quantile,0.975,0.0013629236501783884
2026-09-26,47,2,wk inc rsv prop ed visits,2026-10-10,quantile,0.99,0.001665158742551514
2026-09-26,48,-1,wk inc rsv prop ed visits,2026-09-19,quantile,0.01,3.2458524654990556e-4
2026-09-26,48,-1,wk inc rsv prop ed visits,2026-09-19,quantile,0.025,3.4289706672837873e-4
2026-09-26,48,-1,wk inc rsv prop ed visits,2026-09-19,quantile,0.05,3.636312991406158e-4
2026-09-26,48,-1,wk inc rsv prop ed visits,2026-09-19,quantile,0.1,3.874587477464161e-4
2026-09-26,48,-1,wk inc rsv prop ed visits,2026-09-19,quantile,0.15,4.052481934076705e-4
2026-09-26,48,-1,wk inc rsv prop ed visits,2026-09-19,quantile,0.2,4.1854493345405024e-4
2026-09-26,48,-1,wk inc rsv prop ed visits,2026-09-19,quantile,0.25,4.3046265446234125e-4
2026-09-26,48,-1,wk inc rsv prop ed visits,2026-09-19,quantile,0.3,4.41477156335364e-4
2026-09-26,48,-1,wk inc rsv prop ed visits,2026-09-19,quantile,0.35,4.517451402454684e-4
2026-09-26,48,-1,wk inc rsv prop ed visits,2026-09-19,quantile,0.4,4.6210501596443424e-4
2026-09-26,48,-1,wk inc rsv prop ed visits,2026-09-19,quantile,0.45,4.7177537527540945e-4
2026-09-26,48,-1,wk inc rsv prop ed visits,2026-09-19,quantile,0.5,4.8161226609214254e-4
2026-09-26,48,-1,wk inc rsv prop ed visits,2026-09-19,quantile,0.55,4.923107226220123e-4
2026-09-26,48,-1,wk inc rsv prop ed visits,2026-09-19,quantile,0.6,5.02326134632333e-4
2026-09-26,48,-1,wk inc rsv prop ed visits,2026-09-19,quantile,0.65,5.13216689505799e-4
2026-09-26,48,-1,wk inc rsv prop ed visits,2026-09-19,quantile,0.7,5.250384549632286e-4
2026-09-26,48,-1,wk inc rsv prop ed visits,2026-09-19,quantile,0.75,5.393912885597329e-4
2026-09-26,48,-1,wk inc rsv prop ed visits,2026-09-19,quantile,0.8,5.521492590875042e-4
2026-09-26,48,-1,wk inc rsv prop ed visits,2026-09-19,quantile,0.85,5.699378362357313e-4
2026-09-26,48,-1,wk inc rsv prop ed visits,2026-09-19,quantile,0.9,5.933077865818276e-4
2026-09-26,48,-1,wk inc rsv prop ed visits,2026-09-19,quantile,0.95,6.316560625553749e-4
2026-09-26,48,-1,wk inc rsv prop ed visits,2026-09-19,quantile,0.975,6.63652734257161e-4
2026-09-26,48,-1,wk inc rsv prop ed visits,2026-09-19,quantile,0.99,7.014532312372989e-4
2026-09-26,48,0,wk inc rsv prop ed visits,2026-09-26,quantile,0.01,3.261719769295265e-4
2026-09-26,48,0,wk inc rsv prop ed visits,2026-09-26,quantile,0.025,3.485796008019425e-4
2026-09-26,48,0,wk inc rsv prop ed visits,2026-09-26,quantile,0.05,3.8015341577270244e-4
2026-09-26,48,0,wk inc rsv prop ed visits,2026-09-26,quantile,0.1,4.1345939616289424e-4
2026-09-26,48,0,wk inc rsv prop ed visits,2026-09-26,quantile,0.15,4.358276818034832e-4
2026-09-26,48,0,wk inc rsv prop ed visits,2026-09-26,quantile,0.2,4.54555672687887e-4
2026-09-26,48,0,wk inc rsv prop ed visits,2026-09-26,quantile,0.25,4.711611043592037e-4
2026-09-26,48,0,wk inc rsv prop ed visits,2026-09-26,quantile,0.3,4.859715342389923e-4
2026-09-26,48,0,wk inc rsv prop ed visits,2026-09-26,quantile,0.35,5.001452560122353e-4
2026-09-26,48,0,wk inc rsv prop ed visits,2026-09-26,quantile,0.4,5.146030910427021e-4
2026-09-26,48,0,wk inc rsv prop ed visits,2026-09-26,quantile,0.45,5.292169344795798e-4
2026-09-26,48,0,wk inc rsv prop ed visits,2026-09-26,quantile,0.5,5.436839191102257e-4
2026-09-26,48,0,wk inc rsv prop ed visits,2026-09-26,quantile,0.55,5.586470595805406e-4
2026-09-26,48,0,wk inc rsv prop ed visits,2026-09-26,quantile,0.6,5.745910922467464e-4
2026-09-26,48,0,wk inc rsv prop ed visits,2026-09-26,quantile,0.65,5.91750977955706e-4
2026-09-26,48,0,wk inc rsv prop ed visits,2026-09-26,quantile,0.7,6.095352291680906e-4
2026-09-26,48,0,wk inc rsv prop ed visits,2026-09-26,quantile,0.75,6.300030932971846e-4
2026-09-26,48,0,wk inc rsv prop ed visits,2026-09-26,quantile,0.8,6.524867916225253e-4
2026-09-26,48,0,wk inc rsv prop ed visits,2026-09-26,quantile,0.85,6.844922022527975e-4
2026-09-26,48,0,wk inc rsv prop ed visits,2026-09-26,quantile,0.9,7.308849027300621e-4
2026-09-26,48,0,wk inc rsv prop ed visits,2026-09-26,quantile,0.95,7.930500949142663e-4
2026-09-26,48,0,wk inc rsv prop ed visits,2026-09-26,quantile,0.975,8.543878695228531e-4
2026-09-26,48,0,wk inc rsv prop ed visits,2026-09-26,quantile,0.99,9.299178448750958e-4
2026-09-26,48,1,wk inc rsv prop ed visits,2026-10-03,quantile,0.01,3.0185051982736496e-4
2026-09-26,48,1,wk inc rsv prop ed visits,2026-10-03,quantile,0.025,3.4389358475152016e-4
2026-09-26,48,1,wk inc rsv prop ed visits,2026-10-03,quantile,0.05,3.815334668298823e-4
2026-09-26,48,1,wk inc rsv prop ed visits,2026-10-03,quantile,0.1,4.30108903656187e-4
2026-09-26,48,1,wk inc rsv prop ed visits,2026-10-03,quantile,0.15,4.6002375408483326e-4
2026-09-26,48,1,wk inc rsv prop ed visits,2026-10-03,quantile,0.2,4.859309898492241e-4
2026-09-26,48,1,wk inc rsv prop ed visits,2026-10-03,quantile,0.25,5.092214268425847e-4
2026-09-26,48,1,wk inc rsv prop ed visits,2026-10-03,quantile,0.3,5.306229184254989e-4
2026-09-26,48,1,wk inc rsv prop ed visits,2026-10-03,quantile,0.35,5.515966990519673e-4
2026-09-26,48,1,wk inc rsv prop ed visits,2026-10-03,quantile,0.4,5.720921563711769e-4
2026-09-26,48,1,wk inc rsv prop ed visits,2026-10-03,quantile,0.45,5.939878054227867e-4
2026-09-26,48,1,wk inc rsv prop ed visits,2026-10-03,quantile,0.5,6.14321954539571e-4
2026-09-26,48,1,wk inc rsv prop ed visits,2026-10-03,quantile,0.55,6.37430109293176e-4
2026-09-26,48,1,wk inc rsv prop ed visits,2026-10-03,quantile,0.6,6.636392048414559e-4
2026-09-26,48,1,wk inc rsv prop ed visits,2026-10-03,quantile,0.65,6.893141016164259e-4
2026-09-26,48,1,wk inc rsv prop ed visits,2026-10-03,quantile,0.7,7.1757750719058e-4
2026-09-26,48,1,wk inc rsv prop ed visits,2026-10-03,quantile,0.75,7.541761740710225e-4
2026-09-26,48,1,wk inc rsv prop ed visits,2026-10-03,quantile,0.8,7.984771190779518e-4
2026-09-26,48,1,wk inc rsv prop ed visits,2026-10-03,quantile,0.85,8.496075715297936e-4
2026-09-26,48,1,wk inc rsv prop ed visits,2026-10-03,quantile,0.9,9.22554070858149e-4
2026-09-26,48,1,wk inc rsv prop ed visits,2026-10-03,quantile,0.95,0.0010188974105515218
2026-09-26,48,1,wk inc rsv prop ed visits,2026-10-03,quantile,0.975,0.0011447852440315122
2026-09-26,48,1,wk inc rsv prop ed visits,2026-10-03,quantile,0.99,0.0013463205068858226
2026-09-26,48,2,wk inc rsv prop ed visits,2026-10-10,quantile,0.01,2.857144553656066e-4
2026-09-26,48,2,wk inc rsv prop ed visits,2026-10-10,quantile,0.025,3.3456597244176214e-4
2026-09-26,48,2,wk inc rsv prop ed visits,2026-10-10,quantile,0.05,3.8123767108397716e-4
2026-09-26,48,2,wk inc rsv prop ed visits,2026-10-10,quantile,0.1,4.4004563211573277e-4
2026-09-26,48,2,wk inc rsv prop ed visits,2026-10-10,quantile,0.15,4.840013132732902e-4
2026-09-26,48,2,wk inc rsv prop ed visits,2026-10-10,quantile,0.2,0.00051884973526917805
2026-09-26,48,2,wk inc rsv prop ed visits,2026-10-10,quantile,0.25,5.505218761941799e-4
2026-09-26,48,2,wk inc rsv prop ed visits,2026-10-10,quantile,0.3,5.809461752844195e-4
2026-09-26,48,2,wk inc rsv prop ed visits,2026-10-10,quantile,0.35,6.120557458070184e-4
2026-09-26,48,2,wk inc rsv prop ed visits,2026-10-10,quantile,0.4,6.435609416471076e-4
2026-09-26,48,2,wk inc rsv prop ed visits,2026-10-10,quantile,0.45,6.758625377572946e-4
2026-09-26,48,2,wk inc rsv prop ed visits,2026-10-10,quantile,0.5,7.069788106025753e-4
2026-09-26,48,2,wk inc rsv prop ed visits,2026-10-10,quantile,0.55,7.444978606418169e-4
2026-09-26,48,2,wk inc rsv prop ed visits,2026-10-10,quantile,0.6,7.822961042110325e-4
2026-09-26,48,2,wk inc rsv prop ed visits,2026-10-10,quantile,0.65,8.244172381584254e-4
2026-09-26,48,2,wk inc rsv prop ed visits,2026-10-10,quantile,0.7,8.733761004249014e-4
2026-09-26,48,2,wk inc rsv prop ed visits,2026-10-10,quantile,0.75,9.228058261651362e-4
2026-09-26,48,2,wk inc rsv prop ed visits,2026-10-10,quantile,0.8,9.928552314636759e-4
2026-09-26,48,2,wk inc rsv prop ed visits,2026-10-10,quantile,0.85,0.0010796103227856694
2026-09-26,48,2,wk inc rsv prop ed visits,2026-10-10,quantile,0.9,0.0011925126036176781
2026-09-26,48,2,wk inc rsv prop ed visits,2026-10-10,quantile,0.95,0.0014228752500520607
2026-09-26,48,2,wk inc rsv prop ed visits,2026-10-10,quantile,0.975,0.0017109910411571443
2026-09-26,48,2,wk inc rsv prop ed visits,2026-10-10,quantile,0.99,0.002057174184261645
2026-09-26,49,-1,wk inc rsv prop ed visits,2026-09-19,quantile,0.01,0
2026-09-26,49,-1,wk inc rsv prop ed visits,2026-09-19,quantile,0.025,0
2026-09-26,49,-1,wk inc rsv prop ed visits,2026-09-19,quantile,0.05,4.6826789302868025e-7
2026-09-26,49,-1,wk inc rsv prop ed visits,2026-09-19,quantile,0.1,3.845503155960865e-6
2026-09-26,49,-1,wk inc rsv prop ed visits,2026-09-19,quantile,0.15,6.556638692478787e-6
2026-09-26,49,-1,wk inc rsv prop ed visits,2026-09-19,quantile,0.2,9.490488496961588e-6
2026-09-26,49,-1,wk inc rsv prop ed visits,2026-09-19,quantile,0.25,3.400230939761514e-5
2026-09-26,49,-1,wk inc rsv prop ed visits,2026-09-19,quantile,0.3,3.6395444559126416e-5
2026-09-26,49,-1,wk inc rsv prop ed visits,2026-09-19,quantile,0.35,3.8906995498496425e-5
2026-09-26,49,-1,wk inc rsv prop ed visits,2026-09-19,quantile,0.4,4.171302719681366e-5
2026-09-26,49,-1,wk inc rsv prop ed visits,2026-09-19,quantile,0.45,4.445142093968302e-5
2026-09-26,49,-1,wk inc rsv prop ed visits,2026-09-19,quantile,0.5,4.7607364628530515e-5
2026-09-26,49,-1,wk inc rsv prop ed visits,2026-09-19,quantile,0.55,7.230035114115104e-5
2026-09-26,49,-1,wk inc rsv prop ed visits,2026-09-19,quantile,0.6,7.644815492335524e-5
2026-09-26,49,-1,wk inc rsv prop ed visits,2026-09-19,quantile,0.65,8.085028902733672e-5
2026-09-26,49,-1,wk inc rsv prop ed visits,2026-09-19,quantile,0.7,8.565326452353737e-5
2026-09-26,49,-1,wk inc rsv prop ed visits,2026-09-19,quantile,0.75,1.1290823893470291e-4
2026-09-26,49,-1,wk inc rsv prop ed visits,2026-09-19,quantile,0.8,1.200934285456891e-4
2026-09-26,49,-1,wk inc rsv prop ed visits,2026-09-19,quantile,0.85,1.2965764392289502e-4
2026-09-26,49,-1,wk inc rsv prop ed visits,2026-09-19,quantile,0.9,1.6555571624417238e-4
2026-09-26,49,-1,wk inc rsv prop ed visits,2026-09-19,quantile,0.95,2.0698949465129156e-4
2026-09-26,49,-1,wk inc rsv prop ed visits,2026-09-19,quantile,0.975,2.463750253560812e-4
2026-09-26,49,-1,wk inc rsv prop ed visits,2026-09-19,quantile,0.99,3.168752252435943e-4
2026-09-26,49,0,wk inc rsv prop ed visits,2026-09-26,quantile,0.01,0
2026-09-26,49,0,wk inc rsv prop ed visits,2026-09-26,quantile,0.025,0
2026-09-26,49,0,wk inc rsv prop ed visits,2026-09-26,quantile,0.05,0
2026-09-26,49,0,wk inc rsv prop ed visits,2026-09-26,quantile,0.1,2.3189683575744108e-6
2026-09-26,49,0,wk inc rsv prop ed visits,2026-09-26,quantile,0.15,4.566918348388998e-6
2026-09-26,49,0,wk inc rsv prop ed visits,2026-09-26,quantile,0.2,7.044713243468875e-6
2026-09-26,49,0,wk inc rsv prop ed visits,2026-09-26,quantile,0.25,9.191949925623532e-6
2026-09-26,49,0,wk inc rsv prop ed visits,2026-09-26,quantile,0.3,3.320286052956657e-5
2026-09-26,49,0,wk inc rsv prop ed visits,2026-09-26,quantile,0.35,3.586637555240826e-5
2026-09-26,49,0,wk inc rsv prop ed visits,2026-09-26,quantile,0.4,3.815058802931993e-5
2026-09-26,49,0,wk inc rsv prop ed visits,2026-09-26,quantile,0.45,4.056730564600657e-5
2026-09-26,49,0,wk inc rsv prop ed visits,2026-09-26,quantile,0.5,4.327094976305616e-5
2026-09-26,49,0,wk inc rsv prop ed visits,2026-09-26,quantile,0.55,6.7446990450878e-5
2026-09-26,49,0,wk inc rsv prop ed visits,2026-09-26,quantile,0.6,7.097680762388966e-5
2026-09-26,49,0,wk inc rsv prop ed visits,2026-09-26,quantile,0.65,7.535196925192628e-5
2026-09-26,49,0,wk inc rsv prop ed visits,2026-09-26,quantile,0.7,7.982830955908339e-5
2026-09-26,49,0,wk inc rsv prop ed visits,2026-09-26,quantile,0.75,1.0602294227484231e-4
2026-09-26,49,0,wk inc rsv prop ed visits,2026-09-26,quantile,0.8,1.1385979105725428e-4
2026-09-26,49,0,wk inc rsv prop ed visits,2026-09-26,quantile,0.85,1.4330880549454425e-4
2026-09-26,49,0,wk inc rsv prop ed visits,2026-09-26,quantile,0.9,1.5906186070684694e-4
2026-09-26,49,0,wk inc rsv prop ed visits,2026-09-26,quantile,0.95,2.2645551789043895e-4
2026-09-26,49,0,wk inc rsv prop ed visits,2026-09-26,quantile,0.975,2.767306485469571e-4
2026-09-26,49,0,wk inc rsv prop ed visits,2026-09-26,quantile,0.99,3.640464319484446e-4
2026-09-26,49,1,wk inc rsv prop ed visits,2026-10-03,quantile,0.01,0
2026-09-26,49,1,wk inc rsv prop ed visits,2026-10-03,quantile,0.025,0
2026-09-26,49,1,wk inc rsv prop ed visits,2026-10-03,quantile,0.05,0
2026-09-26,49,1,wk inc rsv prop ed visits,2026-10-03,quantile,0.1,9.670729246693945e-7
2026-09-26,49,1,wk inc rsv prop ed visits,2026-10-03,quantile,0.15,2.727768417686472e-6
2026-09-26,49,1,wk inc rsv prop ed visits,2026-10-03,quantile,0.2,4.55349015704275e-6
2026-09-26,49,1,wk inc rsv prop ed visits,2026-10-03,quantile,0.25,6.638946543176497e-6
2026-09-26,49,1,wk inc rsv prop ed visits,2026-10-03,quantile,0.3,3.034750588370748e-5
2026-09-26,49,1,wk inc rsv prop ed visits,2026-10-03,quantile,0.35,3.2584845828855996e-5
2026-09-26,49,1,wk inc rsv prop ed visits,2026-10-03,quantile,0.4,3.497912770999085e-5
2026-09-26,49,1,wk inc rsv prop ed visits,2026-10-03,quantile,0.45,3.7480350046337226e-5
2026-09-26,49,1,wk inc rsv prop ed visits,2026-10-03,quantile,0.5,4.0071403076436936e-5
2026-09-26,49,1,wk inc rsv prop ed visits,2026-10-03,quantile,0.55,6.386629369205732e-5
2026-09-26,49,1,wk inc rsv prop ed visits,2026-10-03,quantile,0.6,6.729160860694512e-5
2026-09-26,49,1,wk inc rsv prop ed visits,2026-10-03,quantile,0.65,7.144045341783867e-5
2026-09-26,49,1,wk inc rsv prop ed visits,2026-10-03,quantile,0.7,9.61043482693151e-5
2026-09-26,49,1,wk inc rsv prop ed visits,2026-10-03,quantile,0.75,1.0244762580805772e-4
2026-09-26,49,1,wk inc rsv prop ed visits,2026-10-03,quantile,0.8,1.0978043950845466e-4
2026-09-26,49,1,wk inc rsv prop ed visits,2026-10-03,quantile,0.85,1.3872761287583515e-4
2026-09-26,49,1,wk inc rsv prop ed visits,2026-10-03,quantile,0.9,1.774988075009687e-4
2026-09-26,49,1,wk inc rsv prop ed visits,2026-10-03,quantile,0.95,2.4351277928417892e-4
2026-09-26,49,1,wk inc rsv prop ed visits,2026-10-03,quantile,0.975,3.4962431912776765e-4
2026-09-26,49,1,wk inc rsv prop ed visits,2026-10-03,quantile,0.99,4.985360836805243e-4
2026-09-26,49,2,wk inc rsv prop ed visits,2026-10-10,quantile,0.01,0
2026-09-26,49,2,wk inc rsv prop ed visits,2026-10-10,quantile,0.025,0
2026-09-26,49,2,wk inc rsv prop ed visits,2026-10-10,quantile,0.05,0
2026-09-26,49,2,wk inc rsv prop ed visits,2026-10-10,quantile,0.1,0
2026-09-26,49,2,wk inc rsv prop ed visits,2026-10-10,quantile,0.15,1.5978886696863917e-6
2026-09-26,49,2,wk inc rsv prop ed visits,2026-10-10,quantile,0.2,3.5929632117851917e-6
2026-09-26,49,2,wk inc rsv prop ed visits,2026-10-10,quantile,0.25,5.150476007199133e-6
2026-09-26,49,2,wk inc rsv prop ed visits,2026-10-10,quantile,0.3,2.9264592602800147e-5
2026-09-26,49,2,wk inc rsv prop ed visits,2026-10-10,quantile,0.35,3.1248970117104e-5
2026-09-26,49,2,wk inc rsv prop ed visits,2026-10-10,quantile,0.4,3.361874404733571e-5
2026-09-26,49,2,wk inc rsv prop ed visits,2026-10-10,quantile,0.45,3.591732404920121e-5
2026-09-26,49,2,wk inc rsv prop ed visits,2026-10-10,quantile,0.5,3.8393610187350615e-5
2026-09-26,49,2,wk inc rsv prop ed visits,2026-10-10,quantile,0.55,6.231647044412097e-5
2026-09-26,49,2,wk inc rsv prop ed visits,2026-10-10,quantile,0.6,6.61182089268452e-5
2026-09-26,49,2,wk inc rsv prop ed visits,2026-10-10,quantile,0.65,7.049970242073782e-5
2026-09-26,49,2,wk inc rsv prop ed visits,2026-10-10,quantile,0.7,9.456900331381756e-5
2026-09-26,49,2,wk inc rsv prop ed visits,2026-10-10,quantile,0.75,1.0114912736781542e-4
2026-09-26,49,2,wk inc rsv prop ed visits,2026-10-10,quantile,0.8,1.280256861630799e-4
2026-09-26,49,2,wk inc rsv prop ed visits,2026-10-10,quantile,0.85,1.586291535703186e-4
2026-09-26,49,2,wk inc rsv prop ed visits,2026-10-10,quantile,0.9,2.1231423304901586e-4
2026-09-26,49,2,wk inc rsv prop ed visits,2026-10-10,quantile,0.95,3.078302710932529e-4
2026-09-26,49,2,wk inc rsv prop ed visits,2026-10-10,quantile,0.975,4.3479706642804395e-4
2026-09-26,49,2,wk inc rsv prop ed visits,2026-10-10,quantile,0.99,7.32160718274127e-4
2026-09-26,50,-1,wk inc rsv prop ed visits,2026-09-19,quantile,0.01,0
2026-09-26,50,-1,wk inc rsv prop ed visits,2026-09-19,quantile,0.025,0
2026-09-26,50,-1,wk inc rsv prop ed visits,2026-09-19,quantile,0.05,0
2026-09-26,50,-1,wk inc rsv prop ed visits,2026-09-19,quantile,0.1,0
2026-09-26,50,-1,wk inc rsv prop ed visits,2026-09-19,quantile,0.15,0
2026-09-26,50,-1,wk inc rsv prop ed visits,2026-09-19,quantile,0.2,8.912238196457092e-7
2026-09-26,50,-1,wk inc rsv prop ed visits,2026-09-19,quantile,0.25,9.91595323939613e-6
2026-09-26,50,-1,wk inc rsv prop ed visits,2026-09-19,quantile,0.3,2.0499784973783546e-5
2026-09-26,50,-1,wk inc rsv prop ed visits,2026-09-19,quantile,0.35,3.108992110083479e-5
2026-09-26,50,-1,wk inc rsv prop ed visits,2026-09-19,quantile,0.4,4.0935914575525e-5
2026-09-26,50,-1,wk inc rsv prop ed visits,2026-09-19,quantile,0.45,5.1735500607405496e-5
2026-09-26,50,-1,wk inc rsv prop ed visits,2026-09-19,quantile,0.5,6.307381306178523e-5
2026-09-26,50,-1,wk inc rsv prop ed visits,2026-09-19,quantile,0.55,7.431116723075478e-5
2026-09-26,50,-1,wk inc rsv prop ed visits,2026-09-19,quantile,0.6,8.720480290926955e-5
2026-09-26,50,-1,wk inc rsv prop ed visits,2026-09-19,quantile,0.65,1.0438702342283423e-4
2026-09-26,50,-1,wk inc rsv prop ed visits,2026-09-19,quantile,0.7,1.1881497188384626e-4
2026-09-26,50,-1,wk inc rsv prop ed visits,2026-09-19,quantile,0.75,1.3867692693656392e-4
2026-09-26,50,-1,wk inc rsv prop ed visits,2026-09-19,quantile,0.8,1.647821764171346e-4
2026-09-26,50,-1,wk inc rsv prop ed visits,2026-09-19,quantile,0.85,1.9639243262878809e-4
2026-09-26,50,-1,wk inc rsv prop ed visits,2026-09-19,quantile,0.9,2.453636517031823e-4
2026-09-26,50,-1,wk inc rsv prop ed visits,2026-09-19,quantile,0.95,3.2402336117978654e-4
2026-09-26,50,-1,wk inc rsv prop ed visits,2026-09-19,quantile,0.975,4.1098505587201616e-4
2026-09-26,50,-1,wk inc rsv prop ed visits,2026-09-19,quantile,0.99,5.279701347066937e-4
2026-09-26,50,0,wk inc rsv prop ed visits,2026-09-26,quantile,0.01,0
2026-09-26,50,0,wk inc rsv prop ed visits,2026-09-26,quantile,0.025,0
2026-09-26,50,0,wk inc rsv prop ed visits,2026-09-26,quantile,0.05,0
2026-09-26,50,0,wk inc rsv prop ed visits,2026-09-26,quantile,0.1,0
2026-09-26,50,0,wk inc rsv prop ed visits,2026-09-26,quantile,0.15,0
2026-09-26,50,0,wk inc rsv prop ed visits,2026-09-26,quantile,0.2,1.000645553542061e-6
2026-09-26,50,0,wk inc rsv prop ed visits,2026-09-26,quantile,0.25,6.477576109709476e-6
2026-09-26,50,0,wk inc rsv prop ed visits,2026-09-26,quantile,0.3,1.0927833406719506e-5
2026-09-26,50,0,wk inc rsv prop ed visits,2026-09-26,quantile,0.35,1.4719889912255271e-5
2026-09-26,50,0,wk inc rsv prop ed visits,2026-09-26,quantile,0.4,1.932614602511371e-5
2026-09-26,50,0,wk inc rsv prop ed visits,2026-09-26,quantile,0.45,2.4874676159427788e-5
2026-09-26,50,0,wk inc rsv prop ed visits,2026-09-26,quantile,0.5,3.0427617793436958e-5
2026-09-26,50,0,wk inc rsv prop ed visits,2026-09-26,quantile,0.55,3.609459735334635e-5
2026-09-26,50,0,wk inc rsv prop ed visits,2026-09-26,quantile,0.6,1.2505291848350066e-4
2026-09-26,50,0,wk inc rsv prop ed visits,2026-09-26,quantile,0.65,1.3406391615616462e-4
2026-09-26,50,0,wk inc rsv prop ed visits,2026-09-26,quantile,0.7,1.4219760688511757e-4
2026-09-26,50,0,wk inc rsv prop ed visits,2026-09-26,quantile,0.75,1.5412308736542242e-4
2026-09-26,50,0,wk inc rsv prop ed visits,2026-09-26,quantile,0.8,1.6864659869264567e-4
2026-09-26,50,0,wk inc rsv prop ed visits,2026-09-26,quantile,0.85,2.6602628647937065e-4
2026-09-26,50,0,wk inc rsv prop ed visits,2026-09-26,quantile,0.9,2.916874496106174e-4
2026-09-26,50,0,wk inc rsv prop ed visits,2026-09-26,quantile,0.95,4.269942579508459e-4
2026-09-26,50,0,wk inc rsv prop ed visits,2026-09-26,quantile,0.975,5.596422732033273e-4
2026-09-26,50,0,wk inc rsv prop ed visits,2026-09-26,quantile,0.99,7.309204383291862e-4
2026-09-26,50,1,wk inc rsv prop ed visits,2026-10-03,quantile,0.01,0
2026-09-26,50,1,wk inc rsv prop ed visits,2026-10-03,quantile,0.025,0
2026-09-26,50,1,wk inc rsv prop ed visits,2026-10-03,quantile,0.05,0
2026-09-26,50,1,wk inc rsv prop ed visits,2026-10-03,quantile,0.1,0
2026-09-26,50,1,wk inc rsv prop ed visits,2026-10-03,quantile,0.15,0
2026-09-26,50,1,wk inc rsv prop ed visits,2026-10-03,quantile,0.2,0
2026-09-26,50,1,wk inc rsv prop ed visits,2026-10-03,quantile,0.25,4.537465093914907e-6
2026-09-26,50,1,wk inc rsv prop ed visits,2026-10-03,quantile,0.3,9.44847664034957e-6
2026-09-26,50,1,wk inc rsv prop ed visits,2026-10-03,quantile,0.35,1.4881432858370514e-5
2026-09-26,50,1,wk inc rsv prop ed visits,2026-10-03,quantile,0.4,1.9878472383634815e-5
2026-09-26,50,1,wk inc rsv prop ed visits,2026-10-03,quantile,0.45,2.4241576593152266e-5
2026-09-26,50,1,wk inc rsv prop ed visits,2026-10-03,quantile,0.5,3.0193371204349584e-5
2026-09-26,50,1,wk inc rsv prop ed visits,2026-10-03,quantile,0.55,3.7028590420301e-5
2026-09-26,50,1,wk inc rsv prop ed visits,2026-10-03,quantile,0.6,1.2710292220302676e-4
2026-09-26,50,1,wk inc rsv prop ed visits,2026-10-03,quantile,0.65,1.3823401179079934e-4
2026-09-26,50,1,wk inc rsv prop ed visits,2026-10-03,quantile,0.7,1.4729676845256687e-4
2026-09-26,50,1,wk inc rsv prop ed visits,2026-10-03,quantile,0.75,1.5825306593690808e-4
2026-09-26,50,1,wk inc rsv prop ed visits,2026-10-03,quantile,0.8,1.7425708410240395e-4
2026-09-26,50,1,wk inc rsv prop ed visits,2026-10-03,quantile,0.85,2.692465258750924e-4
2026-09-26,50,1,wk inc rsv prop ed visits,2026-10-03,quantile,0.9,3.6738757049376285e-4
2026-09-26,50,1,wk inc rsv prop ed visits,2026-10-03,quantile,0.95,5.100479624978853e-4
2026-09-26,50,1,wk inc rsv prop ed visits,2026-10-03,quantile,0.975,7.261074758334693e-4
2026-09-26,50,1,wk inc rsv prop ed visits,2026-10-03,quantile,0.99,0.0010130030603447675
2026-09-26,50,2,wk inc rsv prop ed visits,2026-10-10,quantile,0.01,0
2026-09-26,50,2,wk inc rsv prop ed visits,2026-10-10,quantile,0.025,0
2026-09-26,50,2,wk inc rsv prop ed visits,2026-10-10,quantile,0.05,0
2026-09-26,50,2,wk inc rsv prop ed visits,2026-10-10,quantile,0.1,0
2026-09-26,50,2,wk inc rsv prop ed visits,2026-10-10,quantile,0.15,0
2026-09-26,50,2,wk inc rsv prop ed visits,2026-10-10,quantile,0.2,2.3344983795521422e-6
2026-09-26,50,2,wk inc rsv prop ed visits,2026-10-10,quantile,0.25,6.360515616349984e-6
2026-09-26,50,2,wk inc rsv prop ed visits,2026-10-10,quantile,0.3,1.0775546628146716e-5
2026-09-26,50,2,wk inc rsv prop ed visits,2026-10-10,quantile,0.35,1.5163131690873183e-5
2026-09-26,50,2,wk inc rsv prop ed visits,2026-10-10,quantile,0.4,1.985597055985826e-5
2026-09-26,50,2,wk inc rsv prop ed visits,2026-10-10,quantile,0.45,2.4842474692823654e-5
2026-09-26,50,2,wk inc rsv prop ed visits,2026-10-10,quantile,0.5,3.0173669813864252e-5
2026-09-26,50,2,wk inc rsv prop ed visits,2026-10-10,quantile,0.55,3.668029838979529e-5
2026-09-26,50,2,wk inc rsv prop ed visits,2026-10-10,quantile,0.6,1.272598051152186e-4
2026-09-26,50,2,wk inc rsv prop ed visits,2026-10-10,quantile,0.65,1.3657684445248403e-4
2026-09-26,50,2,wk inc rsv prop ed visits,2026-10-10,quantile,0.7,1.4674944501524785e-4
2026-09-26,50,2,wk inc rsv prop ed visits,2026-10-10,quantile,0.75,1.6188241062008518e-4
2026-09-26,50,2,wk inc rsv prop ed visits,2026-10-10,quantile,0.8,2.5368695176117945e-4
2026-09-26,50,2,wk inc rsv prop ed visits,2026-10-10,quantile,0.85,3.3893448656819957e-4
2026-09-26,50,2,wk inc rsv prop ed visits,2026-10-10,quantile,0.9,4.6434336756898445e-4
2026-09-26,50,2,wk inc rsv prop ed visits,2026-10-10,quantile,0.95,7.513148904810987e-4
2026-09-26,50,2,wk inc rsv prop ed visits,2026-10-10,quantile,0.975,0.0011804756189226669
2026-09-26,50,2,wk inc rsv prop ed visits,2026-10-10,quantile,0.99,0.00183305921904271
2026-09-26,51,-1,wk inc rsv prop ed visits,2026-09-19,quantile,0.01,1.549788820775573e-4
2026-09-26,51,-1,wk inc rsv prop ed visits,2026-09-19,quantile,0.025,1.6864315233638613e-4
2026-09-26,51,-1,wk inc rsv prop ed visits,2026-09-19,quantile,0.05,1.8083675701277674e-4
2026-09-26,51,-1,wk inc rsv prop ed visits,2026-09-19,quantile,0.1,1.9869818759241892e-4
2026-09-26,51,-1,wk inc rsv prop ed visits,2026-09-19,quantile,0.15,2.1368992868530965e-4
2026-09-26,51,-1,wk inc rsv prop ed visits,2026-09-19,quantile,0.2,2.2539129724629905e-4
2026-09-26,51,-1,wk inc rsv prop ed visits,2026-09-19,quantile,0.25,2.3625203482888606e-4
2026-09-26,51,-1,wk inc rsv prop ed visits,2026-09-19,quantile,0.3,2.4547363778025923e-4
2026-09-26,51,-1,wk inc rsv prop ed visits,2026-09-19,quantile,0.35,2.5393869365129753e-4
2026-09-26,51,-1,wk inc rsv prop ed visits,2026-09-19,quantile,0.4,2.6472874517427525e-4
2026-09-26,51,-1,wk inc rsv prop ed visits,2026-09-19,quantile,0.45,2.735567060188854e-4
2026-09-26,51,-1,wk inc rsv prop ed visits,2026-09-19,quantile,0.5,2.83088260190675e-4
2026-09-26,51,-1,wk inc rsv prop ed visits,2026-09-19,quantile,0.55,2.914248797421319e-4
2026-09-26,51,-1,wk inc rsv prop ed visits,2026-09-19,quantile,0.6,3.004973719186152e-4
2026-09-26,51,-1,wk inc rsv prop ed visits,2026-09-19,quantile,0.65,3.091047616264552e-4
2026-09-26,51,-1,wk inc rsv prop ed visits,2026-09-19,quantile,0.7,3.2229243982626553e-4
2026-09-26,51,-1,wk inc rsv prop ed visits,2026-09-19,quantile,0.75,3.337058606079461e-4
2026-09-26,51,-1,wk inc rsv prop ed visits,2026-09-19,quantile,0.8,3.4892804544583343e-4
2026-09-26,51,-1,wk inc rsv prop ed visits,2026-09-19,quantile,0.85,3.6669079879350636e-4
2026-09-26,51,-1,wk inc rsv prop ed visits,2026-09-19,quantile,0.9,3.908361323751715e-4
2026-09-26,51,-1,wk inc rsv prop ed visits,2026-09-19,quantile,0.95,4.316631262849135e-4
2026-09-26,51,-1,wk inc rsv prop ed visits,2026-09-19,quantile,0.975,4.638271961798188e-4
2026-09-26,51,-1,wk inc rsv prop ed visits,2026-09-19,quantile,0.99,5.100740809913729e-4
2026-09-26,51,0,wk inc rsv prop ed visits,2026-09-26,quantile,0.01,1.2243480957213135e-4
2026-09-26,51,0,wk inc rsv prop ed visits,2026-09-26,quantile,0.025,1.453332670302752e-4
2026-09-26,51,0,wk inc rsv prop ed visits,2026-09-26,quantile,0.05,1.591871537030273e-4
2026-09-26,51,0,wk inc rsv prop ed visits,2026-09-26,quantile,0.1,1.8248446444582217e-4
2026-09-26,51,0,wk inc rsv prop ed visits,2026-09-26,quantile,0.15,1.9773027597731025e-4
2026-09-26,51,0,wk inc rsv prop ed visits,2026-09-26,quantile,0.2,2.103410733439684e-4
2026-09-26,51,0,wk inc rsv prop ed visits,2026-09-26,quantile,0.25,2.2294760199356562e-4
2026-09-26,51,0,wk inc rsv prop ed visits,2026-09-26,quantile,0.3,2.3392247024359663e-4
2026-09-26,51,0,wk inc rsv prop ed visits,2026-09-26,quantile,0.35,2.456629250642257e-4
2026-09-26,51,0,wk inc rsv prop ed visits,2026-09-26,quantile,0.4,2.5639039507801e-4
2026-09-26,51,0,wk inc rsv prop ed visits,2026-09-26,quantile,0.45,2.676680035906531e-4
2026-09-26,51,0,wk inc rsv prop ed visits,2026-09-26,quantile,0.5,2.7798502532634927e-4
2026-09-26,51,0,wk inc rsv prop ed visits,2026-09-26,quantile,0.55,2.8927223038325715e-4
2026-09-26,51,0,wk inc rsv prop ed visits,2026-09-26,quantile,0.6,3.011006088203938e-4
2026-09-26,51,0,wk inc rsv prop ed visits,2026-09-26,quantile,0.65,3.1367702457039406e-4
2026-09-26,51,0,wk inc rsv prop ed visits,2026-09-26,quantile,0.7,3.270534532361294e-4
2026-09-26,51,0,wk inc rsv prop ed visits,2026-09-26,quantile,0.75,3.4278075636950256e-4
2026-09-26,51,0,wk inc rsv prop ed visits,2026-09-26,quantile,0.8,3.605812367029836e-4
2026-09-26,51,0,wk inc rsv prop ed visits,2026-09-26,quantile,0.85,3.8247244894987003e-4
2026-09-26,51,0,wk inc rsv prop ed visits,2026-09-26,quantile,0.9,4.089032360045121e-4
2026-09-26,51,0,wk inc rsv prop ed visits,2026-09-26,quantile,0.95,4.550329095540572e-4
2026-09-26,51,0,wk inc rsv prop ed visits,2026-09-26,quantile,0.975,4.956679729310801e-4
2026-09-26,51,0,wk inc rsv prop ed visits,2026-09-26,quantile,0.99,5.540218663720659e-4
2026-09-26,51,1,wk inc rsv prop ed visits,2026-10-03,quantile,0.01,1.1770869129292609e-4
2026-09-26,51,1,wk inc rsv prop ed visits,2026-10-03,quantile,0.025,1.38293685620732e-4
2026-09-26,51,1,wk inc rsv prop ed visits,2026-10-03,quantile,0.05,1.5968002773983657e-4
2026-09-26,51,1,wk inc rsv prop ed visits,2026-10-03,quantile,0.1,1.8469049982802738e-4
2026-09-26,51,1,wk inc rsv prop ed visits,2026-10-03,quantile,0.15,2.0404782734020167e-4
2026-09-26,51,1,wk inc rsv prop ed visits,2026-10-03,quantile,0.2,2.2277518416610384e-4
2026-09-26,51,1,wk inc rsv prop ed visits,2026-10-03,quantile,0.25,2.3657407566436326e-4
2026-09-26,51,1,wk inc rsv prop ed visits,2026-10-03,quantile,0.3,2.491813063121045e-4
2026-09-26,51,1,wk inc rsv prop ed visits,2026-10-03,quantile,0.35,2.6339581238542036e-4
2026-09-26,51,1,wk inc rsv prop ed visits,2026-10-03,quantile,0.4,2.754059668174354e-4
2026-09-26,51,1,wk inc rsv prop ed visits,2026-10-03,quantile,0.45,2.877804391340573e-4
2026-09-26,51,1,wk inc rsv prop ed visits,2026-10-03,quantile,0.5,3.015807275612886e-4
2026-09-26,51,1,wk inc rsv prop ed visits,2026-10-03,quantile,0.55,3.1702196567160373e-4
2026-09-26,51,1,wk inc rsv prop ed visits,2026-10-03,quantile,0.6,3.313312408670862e-4
2026-09-26,51,1,wk inc rsv prop ed visits,2026-10-03,quantile,0.65,3.463777586667793e-4
2026-09-26,51,1,wk inc rsv prop ed visits,2026-10-03,quantile,0.7,3.640252603762252e-4
2026-09-26,51,1,wk inc rsv prop ed visits,2026-10-03,quantile,0.75,3.834517547566826e-4
2026-09-26,51,1,wk inc rsv prop ed visits,2026-10-03,quantile,0.8,4.0470403597897537e-4
2026-09-26,51,1,wk inc rsv prop ed visits,2026-10-03,quantile,0.85,4.3392836623002003e-4
2026-09-26,51,1,wk inc rsv prop ed visits,2026-10-03,quantile,0.9,4.6779280481150723e-4
2026-09-26,51,1,wk inc rsv prop ed visits,2026-10-03,quantile,0.95,5.318068812150058e-4
2026-09-26,51,1,wk inc rsv prop ed visits,2026-10-03,quantile,0.975,5.943656542606798e-4
2026-09-26,51,1,wk inc rsv prop ed visits,2026-10-03,quantile,0.99,6.876704799506791e-4
2026-09-26,51,2,wk inc rsv prop ed visits,2026-10-10,quantile,0.01,1.1675176503867624e-4
2026-09-26,51,2,wk inc rsv prop ed visits,2026-10-10,quantile,0.025,1.3441793803291508e-4
2026-09-26,51,2,wk inc rsv prop ed visits,2026-10-10,quantile,0.05,1.6276557640303776e-4
2026-09-26,51,2,wk inc rsv prop ed visits,2026-10-10,quantile,0.1,1.9263745973711516e-4
2026-09-26,51,2,wk inc rsv prop ed visits,2026-10-10,quantile,0.15,2.1126625220481532e-4
2026-09-26,51,2,wk inc rsv prop ed visits,2026-10-10,quantile,0.2,2.2917648166450672e-4
2026-09-26,51,2,wk inc rsv prop ed visits,2026-10-10,quantile,0.25,2.486796546317286e-4
2026-09-26,51,2,wk inc rsv prop ed visits,2026-10-10,quantile,0.3,2.660883307106218e-4
2026-09-26,51,2,wk inc rsv prop ed visits,2026-10-10,quantile,0.35,2.810461763090748e-4
2026-09-26,51,2,wk inc rsv prop ed visits,2026-10-10,quantile,0.4,2.97557236347806e-4
2026-09-26,51,2,wk inc rsv prop ed visits,2026-10-10,quantile,0.45,3.1549020298217667e-4
2026-09-26,51,2,wk inc rsv prop ed visits,2026-10-10,quantile,0.5,3.3299290902697994e-4
2026-09-26,51,2,wk inc rsv prop ed visits,2026-10-10,quantile,0.55,3.501173899780781e-4
2026-09-26,51,2,wk inc rsv prop ed visits,2026-10-10,quantile,0.6,3.7252543074431545e-4
2026-09-26,51,2,wk inc rsv prop ed visits,2026-10-10,quantile,0.65,3.9402793092535755e-4
2026-09-26,51,2,wk inc rsv prop ed visits,2026-10-10,quantile,0.7,4.1547593236382065e-4
2026-09-26,51,2,wk inc rsv prop ed visits,2026-10-10,quantile,0.75,4.4106169962945514e-4
2026-09-26,51,2,wk inc rsv prop ed visits,2026-10-10,quantile,0.8,4.720287447404247e-4
2026-09-26,51,2,wk inc rsv prop ed visits,2026-10-10,quantile,0.85,5.135789014457329e-4
2026-09-26,51,2,wk inc rsv prop ed visits,2026-10-10,quantile,0.9,5.688582632755759e-4
2026-09-26,51,2,wk inc rsv prop ed visits,2026-10-10,quantile,0.95,6.715826198809662e-4
2026-09-26,51,2,wk inc rsv prop ed visits,2026-10-10,quantile,0.975,7.675424247390002e-4
2026-09-26,51,2,wk inc rsv prop ed visits,2026-10-10,quantile,0.99,9.466754566600142e-4
2026-09-26,53,-1,wk inc rsv prop ed visits,2026-09-19,quantile,0.01,5.870195567409712e-5
2026-09-26,53,-1,wk inc rsv prop ed visits,2026-09-19,quantile,0.025,7.068456299631937e-5
2026-09-26,53,-1,wk inc rsv prop ed visits,2026-09-19,quantile,0.05,8.111126102176704e-5
2026-09-26,53,-1,wk inc rsv prop ed visits,2026-09-19,quantile,0.1,9.17806841232538e-5
2026-09-26,53,-1,wk inc rsv prop ed visits,2026-09-19,quantile,0.15,1.007906019240248e-4
2026-09-26,53,-1,wk inc rsv prop ed visits,2026-09-19,quantile,0.2,1.0858055770842514e-4
2026-09-26,53,-1,wk inc rsv prop ed visits,2026-09-19,quantile,0.25,1.1626043034856687e-4
2026-09-26,53,-1,wk inc rsv prop ed visits,2026-09-19,quantile,0.3,1.2445283891156483e-4
2026-09-26,53,-1,wk inc rsv prop ed visits,2026-09-19,quantile,0.35,1.3184738210183714e-4
2026-09-26,53,-1,wk inc rsv prop ed visits,2026-09-19,quantile,0.4,1.377751731922416e-4
2026-09-26,53,-1,wk inc rsv prop ed visits,2026-09-19,quantile,0.45,1.456158890878972e-4
2026-09-26,53,-1,wk inc rsv prop ed visits,2026-09-19,quantile,0.5,1.5380500611118724e-4
2026-09-26,53,-1,wk inc rsv prop ed visits,2026-09-19,quantile,0.55,1.616644799739792e-4
2026-09-26,53,-1,wk inc rsv prop ed visits,2026-09-19,quantile,0.6,1.6993074886638117e-4
2026-09-26,53,-1,wk inc rsv prop ed visits,2026-09-19,quantile,0.65,1.7864724183845346e-4
2026-09-26,53,-1,wk inc rsv prop ed visits,2026-09-19,quantile,0.7,1.883088167828325e-4
2026-09-26,53,-1,wk inc rsv prop ed visits,2026-09-19,quantile,0.75,2.0064845717465278e-4
2026-09-26,53,-1,wk inc rsv prop ed visits,2026-09-19,quantile,0.8,2.1401115355220386e-4
2026-09-26,53,-1,wk inc rsv prop ed visits,2026-09-19,quantile,0.85,2.301652979792439e-4
2026-09-26,53,-1,wk inc rsv prop ed visits,2026-09-19,quantile,0.9,2.512813275626012e-4
2026-09-26,53,-1,wk inc rsv prop ed visits,2026-09-19,quantile,0.95,2.8238874240373463e-4
2026-09-26,53,-1,wk inc rsv prop ed visits,2026-09-19,quantile,0.975,3.1558064749960107e-4
2026-09-26,53,-1,wk inc rsv prop ed visits,2026-09-19,quantile,0.99,3.6125598571006397e-4
2026-09-26,53,0,wk inc rsv prop ed visits,2026-09-26,quantile,0.01,3.2437534252637946e-5
2026-09-26,53,0,wk inc rsv prop ed visits,2026-09-26,quantile,0.025,4.6521303895424034e-5
2026-09-26,53,0,wk inc rsv prop ed visits,2026-09-26,quantile,0.05,5.3749463893430806e-5
2026-09-26,53,0,wk inc rsv prop ed visits,2026-09-26,quantile,0.1,7.043567894874259e-5
2026-09-26,53,0,wk inc rsv prop ed visits,2026-09-26,quantile,0.15,7.65825832638105e-5
2026-09-26,53,0,wk inc rsv prop ed visits,2026-09-26,quantile,0.2,8.860191983865343e-5
2026-09-26,53,0,wk inc rsv prop ed visits,2026-09-26,quantile,0.25,9.33679901113932e-5
2026-09-26,53,0,wk inc rsv prop ed visits,2026-09-26,quantile,0.3,1.0464375634329338e-4
2026-09-26,53,0,wk inc rsv prop ed visits,2026-09-26,quantile,0.35,1.090863128068509e-4
2026-09-26,53,0,wk inc rsv prop ed visits,2026-09-26,quantile,0.4,1.1351709362290239e-4
2026-09-26,53,0,wk inc rsv prop ed visits,2026-09-26,quantile,0.45,1.2507479444868083e-4
2026-09-26,53,0,wk inc rsv prop ed visits,2026-09-26,quantile,0.5,1.2975852031980758e-4
2026-09-26,53,0,wk inc rsv prop ed visits,2026-09-26,quantile,0.55,1.3451253149443556e-4
2026-09-26,53,0,wk inc rsv prop ed visits,2026-09-26,quantile,0.6,1.46456227432099e-4
2026-09-26,53,0,wk inc rsv prop ed visits,2026-09-26,quantile,0.65,1.526259246312965e-4
2026-09-26,53,0,wk inc rsv prop ed visits,2026-09-26,quantile,0.7,1.656659179569114e-4
2026-09-26,53,0,wk inc rsv prop ed visits,2026-09-26,quantile,0.75,1.7357672872408449e-4
2026-09-26,53,0,wk inc rsv prop ed visits,2026-09-26,quantile,0.8,1.8900324069820793e-4
2026-09-26,53,0,wk inc rsv prop ed visits,2026-09-26,quantile,0.85,2.0507514776960432e-4
2026-09-26,53,0,wk inc rsv prop ed visits,2026-09-26,quantile,0.9,2.2947335985090938e-4
2026-09-26,53,0,wk inc rsv prop ed visits,2026-09-26,quantile,0.95,2.620856198926619e-4
2026-09-26,53,0,wk inc rsv prop ed visits,2026-09-26,quantile,0.975,3.000199718270255e-4
2026-09-26,53,0,wk inc rsv prop ed visits,2026-09-26,quantile,0.99,3.455290361422614e-4
2026-09-26,53,1,wk inc rsv prop ed visits,2026-10-03,quantile,0.01,3.530461185462006e-5
2026-09-26,53,1,wk inc rsv prop ed visits,2026-10-03,quantile,0.025,4.466199449523501e-5
2026-09-26,53,1,wk inc rsv prop ed visits,2026-10-03,quantile,0.05,5.9965063078498235e-5
2026-09-26,53,1,wk inc rsv prop ed visits,2026-10-03,quantile,0.1,6.93787306131161e-5
2026-09-26,53,1,wk inc rsv prop ed visits,2026-10-03,quantile,0.15,8.370455326583902e-5
2026-09-26,53,1,wk inc rsv prop ed visits,2026-10-03,quantile,0.2,8.936027383375145e-5
2026-09-26,53,1,wk inc rsv prop ed visits,2026-10-03,quantile,0.25,1.0237778351111044e-4
2026-09-26,53,1,wk inc rsv prop ed visits,2026-10-03,quantile,0.3,1.0774269158514671e-4
2026-09-26,53,1,wk inc rsv prop ed visits,2026-10-03,quantile,0.35,1.1337990247988503e-4
2026-09-26,53,1,wk inc rsv prop ed visits,2026-10-03,quantile,0.4,1.2667339076304792e-4
2026-09-26,53,1,wk inc rsv prop ed visits,2026-10-03,quantile,0.45,1.3190866709123492e-4
2026-09-26,53,1,wk inc rsv prop ed visits,2026-10-03,quantile,0.5,1.3747141703713024e-4
2026-09-26,53,1,wk inc rsv prop ed visits,2026-10-03,quantile,0.55,1.5070659424914129e-4
2026-09-26,53,1,wk inc rsv prop ed visits,2026-10-03,quantile,0.6,1.5771628911789658e-4
2026-09-26,53,1,wk inc rsv prop ed visits,2026-10-03,quantile,0.65,1.7104167242828198e-4
2026-09-26,53,1,wk inc rsv prop ed visits,2026-10-03,quantile,0.7,1.7771783405140659e-4
2026-09-26,53,1,wk inc rsv prop ed visits,2026-10-03,quantile,0.75,1.9359242054257965e-4
2026-09-26,53,1,wk inc rsv prop ed visits,2026-10-03,quantile,0.8,2.091098555806776e-4
2026-09-26,53,1,wk inc rsv prop ed visits,2026-10-03,quantile,0.85,2.2974448913156738e-4
2026-09-26,53,1,wk inc rsv prop ed visits,2026-10-03,quantile,0.9,2.550596880932156e-4
2026-09-26,53,1,wk inc rsv prop ed visits,2026-10-03,quantile,0.95,3.011213358737286e-4
2026-09-26,53,1,wk inc rsv prop ed visits,2026-10-03,quantile,0.975,3.555648812022971e-4
2026-09-26,53,1,wk inc rsv prop ed visits,2026-10-03,quantile,0.99,4.1186551329879916e-4
2026-09-26,53,2,wk inc rsv prop ed visits,2026-10-10,quantile,0.01,4.044418653049039e-5
2026-09-26,53,2,wk inc rsv prop ed visits,2026-10-10,quantile,0.025,4.940005903007065e-5
2026-09-26,53,2,wk inc rsv prop ed visits,2026-10-10,quantile,0.05,5.777994724148354e-5
2026-09-26,53,2,wk inc rsv prop ed visits,2026-10-10,quantile,0.1,7.638033602972291e-5
2026-09-26,53,2,wk inc rsv prop ed visits,2026-10-10,quantile,0.15,8.579251119592906e-5
2026-09-26,53,2,wk inc rsv prop ed visits,2026-10-10,quantile,0.2,1.023062318673797e-4
2026-09-26,53,2,wk inc rsv prop ed visits,2026-10-10,quantile,0.25,1.0815495929329586e-4
2026-09-26,53,2,wk inc rsv prop ed visits,2026-10-10,quantile,0.3,1.2109255136794021e-4
2026-09-26,53,2,wk inc rsv prop ed visits,2026-10-10,quantile,0.35,1.2774829013051736e-4
2026-09-26,53,2,wk inc rsv prop ed visits,2026-10-10,quantile,0.4,1.3418121974313594e-4
2026-09-26,53,2,wk inc rsv prop ed visits,2026-10-10,quantile,0.45,1.4839075712238397e-4
2026-09-26,53,2,wk inc rsv prop ed visits,2026-10-10,quantile,0.5,1.549509975679742e-4
2026-09-26,53,2,wk inc rsv prop ed visits,2026-10-10,quantile,0.55,1.6870945955183226e-4
2026-09-26,53,2,wk inc rsv prop ed visits,2026-10-10,quantile,0.6,1.767722389995576e-4
2026-09-26,53,2,wk inc rsv prop ed visits,2026-10-10,quantile,0.65,1.90502625857309e-4
2026-09-26,53,2,wk inc rsv prop ed visits,2026-10-10,quantile,0.7,2.0033141971630781e-4
2026-09-26,53,2,wk inc rsv prop ed visits,2026-10-10,quantile,0.75,2.18514757985316e-4
2026-09-26,53,2,wk inc rsv prop ed visits,2026-10-10,quantile,0.8,2.3752635937716556e-4
2026-09-26,53,2,wk inc rsv prop ed visits,2026-10-10,quantile,0.85,2.5669396518734704e-4
2026-09-26,53,2,wk inc rsv prop ed visits,2026-10-10,quantile,0.9,2.87016870512391e-4
2026-09-26,53,2,wk inc rsv prop ed visits,2026-10-10,quantile,0.95,3.530898266433176e-4
2026-09-26,53,2,wk inc rsv prop ed visits,2026-10-10,quantile,0.975,4.1545675730499717e-4
2026-09-26,53,2,wk inc rsv prop ed visits,2026-10-10,quantile,0.99,5.063396452223282e-4
2026-09-26,54,-1,wk inc rsv prop ed visits,2026-09-19,quantile,0.01,1.549268225025099e-5
2026-09-26,54,-1,wk inc rsv prop ed visits,2026-09-19,quantile,0.025,2.267810980349298e-5
2026-09-26,54,-1,wk inc rsv prop ed visits,2026-09-19,quantile,0.05,5.215484085032137e-5
2026-09-26,54,-1,wk inc rsv prop ed visits,2026-09-19,quantile,0.1,6.217539922897904e-5
2026-09-26,54,-1,wk inc rsv prop ed visits,2026-09-19,quantile,0.15,9.145287316289357e-5
2026-09-26,54,-1,wk inc rsv prop ed visits,2026-09-19,quantile,0.2,9.835643307821967e-5
2026-09-26,54,-1,wk inc rsv prop ed visits,2026-09-19,quantile,0.25,1.0643597414700893e-4
2026-09-26,54,-1,wk inc rsv prop ed visits,2026-09-19,quantile,0.3,1.3272233680568203e-4
2026-09-26,54,-1,wk inc rsv prop ed visits,2026-09-19,quantile,0.35,1.3874241125774283e-4
2026-09-26,54,-1,wk inc rsv prop ed visits,2026-09-19,quantile,0.4,1.454131212737701e-4
2026-09-26,54,-1,wk inc rsv prop ed visits,2026-09-19,quantile,0.45,0.00017203363599308386
2026-09-26,54,-1,wk inc rsv prop ed visits,2026-09-19,quantile,0.5,1.8050540852132025e-4
2026-09-26,54,-1,wk inc rsv prop ed visits,2026-09-19,quantile,0.55,1.887458562259733e-4
2026-09-26,54,-1,wk inc rsv prop ed visits,2026-09-19,quantile,0.6,2.1608011804955684e-4
2026-09-26,54,-1,wk inc rsv prop ed visits,2026-09-19,quantile,0.65,2.2630987830033687e-4
2026-09-26,54,-1,wk inc rsv prop ed visits,2026-09-19,quantile,0.7,2.539606470543743e-4
2026-09-26,54,-1,wk inc rsv prop ed visits,2026-09-19,quantile,0.75,2.688241891848352e-4
2026-09-26,54,-1,wk inc rsv prop ed visits,2026-09-19,quantile,0.8,2.999543813126625e-4
2026-09-26,54,-1,wk inc rsv prop ed visits,2026-09-19,quantile,0.85,3.279675025979708e-4
2026-09-26,54,-1,wk inc rsv prop ed visits,2026-09-19,quantile,0.9,3.7515403637267586e-4
2026-09-26,54,-1,wk inc rsv prop ed visits,2026-09-19,quantile,0.95,4.5749658487240794e-4
2026-09-26,54,-1,wk inc rsv prop ed visits,2026-09-19,quantile,0.975,5.167618868541844e-4
2026-09-26,54,-1,wk inc rsv prop ed visits,2026-09-19,quantile,0.99,6.415978404709479e-4
2026-09-26,54,0,wk inc rsv prop ed visits,2026-09-26,quantile,0.01,1.7272247438682445e-5
2026-09-26,54,0,wk inc rsv prop ed visits,2026-09-26,quantile,0.025,2.378737874906506e-5
2026-09-26,54,0,wk inc rsv prop ed visits,2026-09-26,quantile,0.05,5.3517304372344267e-05
2026-09-26,54,0,wk inc rsv prop ed visits,2026-09-26,quantile,0.1,6.614326699231796e-5
2026-09-26,54,0,wk inc rsv prop ed visits,2026-09-26,quantile,0.15,9.456785978780222e-5
2026-09-26,54,0,wk inc rsv prop ed visits,2026-09-26,quantile,0.2,1.0305232336538765e-4
2026-09-26,54,0,wk inc rsv prop ed visits,2026-09-26,quantile,0.25,1.114456897551507e-4
2026-09-26,54,0,wk inc rsv prop ed visits,2026-09-26,quantile,0.3,1.395313575895975e-4
2026-09-26,54,0,wk inc rsv prop ed visits,2026-09-26,quantile,0.35,1.4842821649895698e-4
2026-09-26,54,0,wk inc rsv prop ed visits,2026-09-26,quantile,0.4,1.764338572875111e-4
2026-09-26,54,0,wk inc rsv prop ed visits,2026-09-26,quantile,0.45,1.8760107884007636e-4
2026-09-26,54,0,wk inc rsv prop ed visits,2026-09-26,quantile,0.5,2.0243626878753537e-4
2026-09-26,54,0,wk inc rsv prop ed visits,2026-09-26,quantile,0.55,2.2596485647322073e-4
2026-09-26,54,0,wk inc rsv prop ed visits,2026-09-26,quantile,0.6,2.4046706900952147e-4
2026-09-26,54,0,wk inc rsv prop ed visits,2026-09-26,quantile,0.65,2.6791519327186376e-4
2026-09-26,54,0,wk inc rsv prop ed visits,2026-09-26,quantile,0.7,2.991175572318401e-4
2026-09-26,54,0,wk inc rsv prop ed visits,2026-09-26,quantile,0.75,3.263636964211375e-4
2026-09-26,54,0,wk inc rsv prop ed visits,2026-09-26,quantile,0.8,3.6282026092809724e-4
2026-09-26,54,0,wk inc rsv prop ed visits,2026-09-26,quantile,0.85,4.087273539712949e-4
2026-09-26,54,0,wk inc rsv prop ed visits,2026-09-26,quantile,0.9,4.879901880015719e-4
2026-09-26,54,0,wk inc rsv prop ed visits,2026-09-26,quantile,0.95,5.946781582859204e-4
2026-09-26,54,0,wk inc rsv prop ed visits,2026-09-26,quantile,0.975,7.374147905594655e-4
2026-09-26,54,0,wk inc rsv prop ed visits,2026-09-26,quantile,0.99,9.569828603842241e-4
2026-09-26,54,1,wk inc rsv prop ed visits,2026-10-03,quantile,0.01,1.5668820691948658e-5
2026-09-26,54,1,wk inc rsv prop ed visits,2026-10-03,quantile,0.025,2.4056094806815242e-5
2026-09-26,54,1,wk inc rsv prop ed visits,2026-10-03,quantile,0.05,5.4163807768531266e-5
2026-09-26,54,1,wk inc rsv prop ed visits,2026-10-03,quantile,0.1,6.704909852867048e-5
2026-09-26,54,1,wk inc rsv prop ed visits,2026-10-03,quantile,0.15,9.867590784025e-5
2026-09-26,54,1,wk inc rsv prop ed visits,2026-10-03,quantile,0.2,1.0984047242589549e-4
2026-09-26,54,1,wk inc rsv prop ed visits,2026-10-03,quantile,0.25,1.3797081213892372e-4
2026-09-26,54,1,wk inc rsv prop ed visits,2026-10-03,quantile,0.3,1.4959391917830156e-4
2026-09-26,54,1,wk inc rsv prop ed visits,2026-10-03,quantile,0.35,1.6204998054143358e-4
2026-09-26,54,1,wk inc rsv prop ed visits,2026-10-03,quantile,0.4,1.9256743574624834e-4
2026-09-26,54,1,wk inc rsv prop ed visits,2026-10-03,quantile,0.45,2.1402599031246486e-4
2026-09-26,54,1,wk inc rsv prop ed visits,2026-10-03,quantile,0.5,2.36911021916915e-4
2026-09-26,54,1,wk inc rsv prop ed visits,2026-10-03,quantile,0.55,2.668300416496696e-4
2026-09-26,54,1,wk inc rsv prop ed visits,2026-10-03,quantile,0.6,2.89286064062196e-4
2026-09-26,54,1,wk inc rsv prop ed visits,2026-10-03,quantile,0.65,3.2446805476981733e-4
2026-09-26,54,1,wk inc rsv prop ed visits,2026-10-03,quantile,0.7,3.6057366491680433e-4
2026-09-26,54,1,wk inc rsv prop ed visits,2026-10-03,quantile,0.75,4.050034933363477e-4
2026-09-26,54,1,wk inc rsv prop ed visits,2026-10-03,quantile,0.8,4.5508166916836295e-4
2026-09-26,54,1,wk inc rsv prop ed visits,2026-10-03,quantile,0.85,5.302417725254597e-4
2026-09-26,54,1,wk inc rsv prop ed visits,2026-10-03,quantile,0.9,6.367106039096397e-4
2026-09-26,54,1,wk inc rsv prop ed visits,2026-10-03,quantile,0.95,8.439855543346303e-4
2026-09-26,54,1,wk inc rsv prop ed visits,2026-10-03,quantile,0.975,0.001046608189063011
2026-09-26,54,1,wk inc rsv prop ed visits,2026-10-03,quantile,0.99,0.0014496502838876437
2026-09-26,54,2,wk inc rsv prop ed visits,2026-10-10,quantile,0.01,1.564967101130478e-5
2026-09-26,54,2,wk inc rsv prop ed visits,2026-10-10,quantile,0.025,2.200076298094331e-5
2026-09-26,54,2,wk inc rsv prop ed visits,2026-10-10,quantile,0.05,3.3772767078664423e-5
2026-09-26,54,2,wk inc rsv prop ed visits,2026-10-10,quantile,0.1,7.013256479357817e-5
2026-09-26,54,2,wk inc rsv prop ed visits,2026-10-10,quantile,0.15,8.384666847674062e-5
2026-09-26,54,2,wk inc rsv prop ed visits,2026-10-10,quantile,0.2,1.1836506651309911e-4
2026-09-26,54,2,wk inc rsv prop ed visits,2026-10-10,quantile,0.25,1.3135146369382534e-4
2026-09-26,54,2,wk inc rsv prop ed visits,2026-10-10,quantile,0.3,1.6382539362357073e-4
2026-09-26,54,2,wk inc rsv prop ed visits,2026-10-10,quantile,0.35,1.9368954016693796e-4
2026-09-26,54,2,wk inc rsv prop ed visits,2026-10-10,quantile,0.4,2.121472183153177e-4
2026-09-26,54,2,wk inc rsv prop ed visits,2026-10-10,quantile,0.45,2.4308768484933285e-4
2026-09-26,54,2,wk inc rsv prop ed visits,2026-10-10,quantile,0.5,2.709160143210147e-4
2026-09-26,54,2,wk inc rsv prop ed visits,2026-10-10,quantile,0.55,3.039081986226023e-4
2026-09-26,54,2,wk inc rsv prop ed visits,2026-10-10,quantile,0.6,3.404757823282548e-4
2026-09-26,54,2,wk inc rsv prop ed visits,2026-10-10,quantile,0.65,3.8083414151187425e-4
2026-09-26,54,2,wk inc rsv prop ed visits,2026-10-10,quantile,0.7,4.3004093709164996e-4
2026-09-26,54,2,wk inc rsv prop ed visits,2026-10-10,quantile,0.75,4.93268501954372e-4
2026-09-26,54,2,wk inc rsv prop ed visits,2026-10-10,quantile,0.8,5.766655218495456e-4
2026-09-26,54,2,wk inc rsv prop ed visits,2026-10-10,quantile,0.85,7.064126542073356e-4
2026-09-26,54,2,wk inc rsv prop ed visits,2026-10-10,quantile,0.9,8.916908332267282e-4
2026-09-26,54,2,wk inc rsv prop ed visits,2026-10-10,quantile,0.95,0.0012205472218480614
2026-09-26,54,2,wk inc rsv prop ed visits,2026-10-10,quantile,0.975,0.0016328168275592028
2026-09-26,54,2,wk inc rsv prop ed visits,2026-10-10,quantile,0.99,0.0025578193969208072
2026-09-26,55,-1,wk inc rsv prop ed visits,2026-09-19,quantile,0.01,3.4135988327619076e-6
2026-09-26,55,-1,wk inc rsv prop ed visits,2026-09-19,quantile,0.025,5.425807529208714e-6
2026-09-26,55,-1,wk inc rsv prop ed visits,2026-09-19,quantile,0.05,7.492481774380627e-6
2026-09-26,55,-1,wk inc rsv prop ed visits,2026-09-19,quantile,0.1,1.001436407737457e-5
2026-09-26,55,-1,wk inc rsv prop ed visits,2026-09-19,quantile,0.15,1.1733817268849443e-5
2026-09-26,55,-1,wk inc rsv prop ed visits,2026-09-19,quantile,0.2,1.3382087817888978e-5
2026-09-26,55,-1,wk inc rsv prop ed visits,2026-09-19,quantile,0.25,1.50662259214109e-5
2026-09-26,55,-1,wk inc rsv prop ed visits,2026-09-19,quantile,0.3,1.64340071703273e-5
2026-09-26,55,-1,wk inc rsv prop ed visits,2026-09-19,quantile,0.35,1.8046538915042423e-5
2026-09-26,55,-1,wk inc rsv prop ed visits,2026-09-19,quantile,0.4,1.9262546313199678e-5
2026-09-26,55,-1,wk inc rsv prop ed visits,2026-09-19,quantile,0.45,2.0711274043777592e-05
2026-09-26,55,-1,wk inc rsv prop ed visits,2026-09-19,quantile,0.5,2.219616799472073e-5
2026-09-26,55,-1,wk inc rsv prop ed visits,2026-09-19,quantile,0.55,2.3868826002817342e-5
2026-09-26,55,-1,wk inc rsv prop ed visits,2026-09-19,quantile,0.6,2.5611406798403003e-5
2026-09-26,55,-1,wk inc rsv prop ed visits,2026-09-19,quantile,0.65,2.7288615627784157e-5
2026-09-26,55,-1,wk inc rsv prop ed visits,2026-09-19,quantile,0.7,2.908933865784309e-5
2026-09-26,55,-1,wk inc rsv prop ed visits,2026-09-19,quantile,0.75,3.13099000191574e-5
2026-09-26,55,-1,wk inc rsv prop ed visits,2026-09-19,quantile,0.8,3.409490086911777e-5
2026-09-26,55,-1,wk inc rsv prop ed visits,2026-09-19,quantile,0.85,3.7367526521844065e-5
2026-09-26,55,-1,wk inc rsv prop ed visits,2026-09-19,quantile,0.9,4.286626315409245e-5
2026-09-26,55,-1,wk inc rsv prop ed visits,2026-09-19,quantile,0.95,4.9924851090710134e-5
2026-09-26,55,-1,wk inc rsv prop ed visits,2026-09-19,quantile,0.975,5.9521696656205476e-5
2026-09-26,55,-1,wk inc rsv prop ed visits,2026-09-19,quantile,0.99,7.603759181994146e-5
2026-09-26,55,0,wk inc rsv prop ed visits,2026-09-26,quantile,0.01,2.0597414034542975e-6
2026-09-26,55,0,wk inc rsv prop ed visits,2026-09-26,quantile,0.025,2.9989757949643013e-6
2026-09-26,55,0,wk inc rsv prop ed visits,2026-09-26,quantile,0.05,4.058223831409805e-6
2026-09-26,55,0,wk inc rsv prop ed visits,2026-09-26,quantile,0.1,5.394163838128905e-6
2026-09-26,55,0,wk inc rsv prop ed visits,2026-09-26,quantile,0.15,6.375364662729454e-6
2026-09-26,55,0,wk inc rsv prop ed visits,2026-09-26,quantile,0.2,7.3537525270073565e-6
2026-09-26,55,0,wk inc rsv prop ed visits,2026-09-26,quantile,0.25,1.7773055808798403e-5
2026-09-26,55,0,wk inc rsv prop ed visits,2026-09-26,quantile,0.3,1.8872649923203923e-5
2026-09-26,55,0,wk inc rsv prop ed visits,2026-09-26,quantile,0.35,1.987184210989124e-5
2026-09-26,55,0,wk inc rsv prop ed visits,2026-09-26,quantile,0.4,2.0797489622838893e-5
2026-09-26,55,0,wk inc rsv prop ed visits,2026-09-26,quantile,0.45,2.190178819314351e-5
2026-09-26,55,0,wk inc rsv prop ed visits,2026-09-26,quantile,0.5,3.154744803993171e-5
2026-09-26,55,0,wk inc rsv prop ed visits,2026-09-26,quantile,0.55,3.296905439863792e-5
2026-09-26,55,0,wk inc rsv prop ed visits,2026-09-26,quantile,0.6,3.424631774545575e-5
2026-09-26,55,0,wk inc rsv prop ed visits,2026-09-26,quantile,0.65,3.561868094035476e-5
2026-09-26,55,0,wk inc rsv prop ed visits,2026-09-26,quantile,0.7,4.5574785381018854e-5
2026-09-26,55,0,wk inc rsv prop ed visits,2026-09-26,quantile,0.75,4.7642968218424925e-5
2026-09-26,55,0,wk inc rsv prop ed visits,2026-09-26,quantile,0.8,5.006913273696344e-5
2026-09-26,55,0,wk inc rsv prop ed visits,2026-09-26,quantile,0.85,6.116007189969189e-5
2026-09-26,55,0,wk inc rsv prop ed visits,2026-09-26,quantile,0.9,7.353567354553943e-5
2026-09-26,55,0,wk inc rsv prop ed visits,2026-09-26,quantile,0.95,9.020994248669012e-5
2026-09-26,55,0,wk inc rsv prop ed visits,2026-09-26,quantile,0.975,1.1262751770690579e-4
2026-09-26,55,0,wk inc rsv prop ed visits,2026-09-26,quantile,0.99,1.403000371075958e-4
2026-09-26,55,1,wk inc rsv prop ed visits,2026-10-03,quantile,0.01,2.23277986378221e-6
2026-09-26,55,1,wk inc rsv prop ed visits,2026-10-03,quantile,0.025,3.332256613387119e-6
2026-09-26,55,1,wk inc rsv prop ed visits,2026-10-03,quantile,0.05,4.5725933726771505e-6
2026-09-26,55,1,wk inc rsv prop ed visits,2026-10-03,quantile,0.1,6.0165237638760555e-6
2026-09-26,55,1,wk inc rsv prop ed visits,2026-10-03,quantile,0.15,7.331971496612251e-6
2026-09-26,55,1,wk inc rsv prop ed visits,2026-10-03,quantile,0.2,8.42191440719401e-6
2026-09-26,55,1,wk inc rsv prop ed visits,2026-10-03,quantile,0.25,1.8705820115046313e-5
2026-09-26,55,1,wk inc rsv prop ed visits,2026-10-03,quantile,0.3,1.9929539474189535e-5
2026-09-26,55,1,wk inc rsv prop ed visits,2026-10-03,quantile,0.35,2.1367796353435635e-5
2026-09-26,55,1,wk inc rsv prop ed visits,2026-10-03,quantile,0.4,2.2579395821189717e-5
2026-09-26,55,1,wk inc rsv prop ed visits,2026-10-03,quantile,0.45,2.3789326397314245e-5
2026-09-26,55,1,wk inc rsv prop ed visits,2026-10-03,quantile,0.5,3.3508232909108624e-5
2026-09-26,55,1,wk inc rsv prop ed visits,2026-10-03,quantile,0.55,3.5435203326776655e-5
2026-09-26,55,1,wk inc rsv prop ed visits,2026-10-03,quantile,0.6,3.691212167803794e-5
2026-09-26,55,1,wk inc rsv prop ed visits,2026-10-03,quantile,0.65,4.6920866815837544e-5
2026-09-26,55,1,wk inc rsv prop ed visits,2026-10-03,quantile,0.7,4.9730881603631934e-5
2026-09-26,55,1,wk inc rsv prop ed visits,2026-10-03,quantile,0.75,5.9727304503695905e-5
2026-09-26,55,1,wk inc rsv prop ed visits,2026-10-03,quantile,0.8,6.411571994714038e-5
2026-09-26,55,1,wk inc rsv prop ed visits,2026-10-03,quantile,0.85,7.609455620361728e-5
2026-09-26,55,1,wk inc rsv prop ed visits,2026-10-03,quantile,0.9,9.744569999689851e-5
2026-09-26,55,1,wk inc rsv prop ed visits,2026-10-03,quantile,0.95,1.2399827413178176e-4
2026-09-26,55,1,wk inc rsv prop ed visits,2026-10-03,quantile,0.975,1.6281614730190603e-4
2026-09-26,55,1,wk inc rsv prop ed visits,2026-10-03,quantile,0.99,2.2425670403044615e-4
2026-09-26,55,2,wk inc rsv prop ed visits,2026-10-10,quantile,0.01,2.2685071585292e-6
2026-09-26,55,2,wk inc rsv prop ed visits,2026-10-10,quantile,0.025,3.40008753861168e-6
2026-09-26,55,2,wk inc rsv prop ed visits,2026-10-10,quantile,0.05,4.926811838197386e-6
2026-09-26,55,2,wk inc rsv prop ed visits,2026-10-10,quantile,0.1,6.797541157609506e-6
2026-09-26,55,2,wk inc rsv prop ed visits,2026-10-10,quantile,0.15,8.928044571777037e-6
2026-09-26,55,2,wk inc rsv prop ed visits,2026-10-10,quantile,0.2,1.0309674712598979e-5
2026-09-26,55,2,wk inc rsv prop ed visits,2026-10-10,quantile,0.25,2.0755674921137038e-5
2026-09-26,55,2,wk inc rsv prop ed visits,2026-10-10,quantile,0.3,2.244107881646026e-5
2026-09-26,55,2,wk inc rsv prop ed visits,2026-10-10,quantile,0.35,2.3853006592735252e-5
2026-09-26,55,2,wk inc rsv prop ed visits,2026-10-10,quantile,0.4,2.534067977801353e-5
2026-09-26,55,2,wk inc rsv prop ed visits,2026-10-10,quantile,0.45,3.5296646310231823e-5
2026-09-26,55,2,wk inc rsv prop ed visits,2026-10-10,quantile,0.5,3.770269494540037e-5
2026-09-26,55,2,wk inc rsv prop ed visits,2026-10-10,quantile,0.55,3.979252435608709e-5
2026-09-26,55,2,wk inc rsv prop ed visits,2026-10-10,quantile,0.6,4.969475060912634e-5
2026-09-26,55,2,wk inc rsv prop ed visits,2026-10-10,quantile,0.65,5.298286632585403e-5
2026-09-26,55,2,wk inc rsv prop ed visits,2026-10-10,quantile,0.7,6.36141922937816e-5
2026-09-26,55,2,wk inc rsv prop ed visits,2026-10-10,quantile,0.75,7.474478297009326e-5
2026-09-26,55,2,wk inc rsv prop ed visits,2026-10-10,quantile,0.8,8.682095180684768e-5
2026-09-26,55,2,wk inc rsv prop ed visits,2026-10-10,quantile,0.85,1.0341143679738733e-4
2026-09-26,55,2,wk inc rsv prop ed visits,2026-10-10,quantile,0.9,1.296375483357609e-4
2026-09-26,55,2,wk inc rsv prop ed visits,2026-10-10,quantile,0.95,1.8909390392402432e-4
2026-09-26,55,2,wk inc rsv prop ed visits,2026-10-10,quantile,0.975,2.739322276874331e-4
2026-09-26,55,2,wk inc rsv prop ed visits,2026-10-10,quantile,0.99,4.1937807042843303e-4
2026-09-26,56,-1,wk inc rsv prop ed visits,2026-09-19,quantile,0.01,0
2026-09-26,56,-1,wk inc rsv prop ed visits,2026-09-19,quantile,0.025,0
2026-09-26,56,-1,wk inc rsv prop ed visits,2026-09-19,quantile,0.05,3.505821789746609e-6
2026-09-26,56,-1,wk inc rsv prop ed visits,2026-09-19,quantile,0.1,5.763779850865383e-5
2026-09-26,56,-1,wk inc rsv prop ed visits,2026-09-19,quantile,0.15,1.036202223208645e-4
2026-09-26,56,-1,wk inc rsv prop ed visits,2026-09-19,quantile,0.2,1.386022898231661e-4
2026-09-26,56,-1,wk inc rsv prop ed visits,2026-09-19,quantile,0.25,1.7847212549928728e-4
2026-09-26,56,-1,wk inc rsv prop ed visits,2026-09-19,quantile,0.3,2.148705440758373e-4
2026-09-26,56,-1,wk inc rsv prop ed visits,2026-09-19,quantile,0.35,2.511226376112021e-4
2026-09-26,56,-1,wk inc rsv prop ed visits,2026-09-19,quantile,0.4,2.9371217342336964e-4
2026-09-26,56,-1,wk inc rsv prop ed visits,2026-09-19,quantile,0.45,3.388247685112689e-4
2026-09-26,56,-1,wk inc rsv prop ed visits,2026-09-19,quantile,0.5,3.830614803262627e-4
2026-09-26,56,-1,wk inc rsv prop ed visits,2026-09-19,quantile,0.55,4.330335923339785e-4
2026-09-26,56,-1,wk inc rsv prop ed visits,2026-09-19,quantile,0.6,4.940217468328608e-4
2026-09-26,56,-1,wk inc rsv prop ed visits,2026-09-19,quantile,0.65,5.611990021847838e-4
2026-09-26,56,-1,wk inc rsv prop ed visits,2026-09-19,quantile,0.7,6.435551893059426e-4
2026-09-26,56,-1,wk inc rsv prop ed visits,2026-09-19,quantile,0.75,7.276342508493245e-4
2026-09-26,56,-1,wk inc rsv prop ed visits,2026-09-19,quantile,0.8,8.514623990315363e-4
2026-09-26,56,-1,wk inc rsv prop ed visits,2026-09-19,quantile,0.85,0.0010304640871792955
2026-09-26,56,-1,wk inc rsv prop ed visits,2026-09-19,quantile,0.9,0.0012424758814110043
2026-09-26,56,-1,wk inc rsv prop ed visits,2026-09-19,quantile,0.95,0.0016032196581314848
2026-09-26,56,-1,wk inc rsv prop ed visits,2026-09-19,quantile,0.975,0.002017946200306679
2026-09-26,56,-1,wk inc rsv prop ed visits,2026-09-19,quantile,0.99,0.0025632048645333086
2026-09-26,56,0,wk inc rsv prop ed visits,2026-09-26,quantile,0.01,0
2026-09-26,56,0,wk inc rsv prop ed visits,2026-09-26,quantile,0.025,0
2026-09-26,56,0,wk inc rsv prop ed visits,2026-09-26,quantile,0.05,4.6437460934103006e-6
2026-09-26,56,0,wk inc rsv prop ed visits,2026-09-26,quantile,0.1,6.137936798656769e-5
2026-09-26,56,0,wk inc rsv prop ed visits,2026-09-26,quantile,0.15,1.071000632825009e-4
2026-09-26,56,0,wk inc rsv prop ed visits,2026-09-26,quantile,0.2,1.5023144324645215e-4
2026-09-26,56,0,wk inc rsv prop ed visits,2026-09-26,quantile,0.25,2.0573846060798374e-4
2026-09-26,56,0,wk inc rsv prop ed visits,2026-09-26,quantile,0.3,2.472723878068589e-4
2026-09-26,56,0,wk inc rsv prop ed visits,2026-09-26,quantile,0.35,2.9064376155998e-4
2026-09-26,56,0,wk inc rsv prop ed visits,2026-09-26,quantile,0.4,3.4692734213170054e-4
2026-09-26,56,0,wk inc rsv prop ed visits,2026-09-26,quantile,0.45,4.048458763720392e-4
2026-09-26,56,0,wk inc rsv prop ed visits,2026-09-26,quantile,0.5,4.620894620026752e-4
2026-09-26,56,0,wk inc rsv prop ed visits,2026-09-26,quantile,0.55,5.390854143564059e-4
2026-09-26,56,0,wk inc rsv prop ed visits,2026-09-26,quantile,0.6,6.120233552642492e-4
2026-09-26,56,0,wk inc rsv prop ed visits,2026-09-26,quantile,0.65,6.879259447995523e-4
2026-09-26,56,0,wk inc rsv prop ed visits,2026-09-26,quantile,0.7,8.04426608891518e-4
2026-09-26,56,0,wk inc rsv prop ed visits,2026-09-26,quantile,0.75,9.259088928286913e-4
2026-09-26,56,0,wk inc rsv prop ed visits,2026-09-26,quantile,0.8,0.0011032529281762744
2026-09-26,56,0,wk inc rsv prop ed visits,2026-09-26,quantile,0.85,0.0013349840551946759
2026-09-26,56,0,wk inc rsv prop ed visits,2026-09-26,quantile,0.9,0.0017077585345873442
2026-09-26,56,0,wk inc rsv prop ed visits,2026-09-26,quantile,0.95,0.0023051278139045507
2026-09-26,56,0,wk inc rsv prop ed visits,2026-09-26,quantile,0.975,0.003409510828051006
2026-09-26,56,0,wk inc rsv prop ed visits,2026-09-26,quantile,0.99,0.004876353710169723
2026-09-26,56,1,wk inc rsv prop ed visits,2026-10-03,quantile,0.01,0
2026-09-26,56,1,wk inc rsv prop ed visits,2026-10-03,quantile,0.025,0
2026-09-26,56,1,wk inc rsv prop ed visits,2026-10-03,quantile,0.05,1.3034945053456097e-6
2026-09-26,56,1,wk inc rsv prop ed visits,2026-10-03,quantile,0.1,6.800984510614784e-5
2026-09-26,56,1,wk inc rsv prop ed visits,2026-10-03,quantile,0.15,1.153768773057471e-4
2026-09-26,56,1,wk inc rsv prop ed visits,2026-10-03,quantile,0.2,1.705992963588539e-4
2026-09-26,56,1,wk inc rsv prop ed visits,2026-10-03,quantile,0.25,2.2368061250818997e-4
2026-09-26,56,1,wk inc rsv prop ed visits,2026-10-03,quantile,0.3,2.923737285604969e-4
2026-09-26,56,1,wk inc rsv prop ed visits,2026-10-03,quantile,0.35,3.4294624724897456e-4
2026-09-26,56,1,wk inc rsv prop ed visits,2026-10-03,quantile,0.4,4.0328874357273823e-4
2026-09-26,56,1,wk inc rsv prop ed visits,2026-10-03,quantile,0.45,4.619731358520085e-4
2026-09-26,56,1,wk inc rsv prop ed visits,2026-10-03,quantile,0.5,5.227401110987429e-4
2026-09-26,56,1,wk inc rsv prop ed visits,2026-10-03,quantile,0.55,6.060197223275309e-4
2026-09-26,56,1,wk inc rsv prop ed visits,2026-10-03,quantile,0.6,7.100069861902549e-4
2026-09-26,56,1,wk inc rsv prop ed visits,2026-10-03,quantile,0.65,8.284554663633543e-4
2026-09-26,56,1,wk inc rsv prop ed visits,2026-10-03,quantile,0.7,9.668891742255117e-4
2026-09-26,56,1,wk inc rsv prop ed visits,2026-10-03,quantile,0.75,0.0011351771026047461
2026-09-26,56,1,wk inc rsv prop ed visits,2026-10-03,quantile,0.8,0.0013398036949344599
2026-09-26,56,1,wk inc rsv prop ed visits,2026-10-03,quantile,0.85,0.0016243041172200893
2026-09-26,56,1,wk inc rsv prop ed visits,2026-10-03,quantile,0.9,0.002072592928052335
2026-09-26,56,1,wk inc rsv prop ed visits,2026-10-03,quantile,0.95,0.002981802820566239
2026-09-26,56,1,wk inc rsv prop ed visits,2026-10-03,quantile,0.975,0.004292717289564412
2026-09-26,56,1,wk inc rsv prop ed visits,2026-10-03,quantile,0.99,0.006535458685963749
2026-09-26,56,2,wk inc rsv prop ed visits,2026-10-10,quantile,0.01,0
2026-09-26,56,2,wk inc rsv prop ed visits,2026-10-10,quantile,0.025,0
2026-09-26,56,2,wk inc rsv prop ed visits,2026-10-10,quantile,0.05,0
2026-09-26,56,2,wk inc rsv prop ed visits,2026-10-10,quantile,0.1,6.0726574848935456e-5
2026-09-26,56,2,wk inc rsv prop ed visits,2026-10-10,quantile,0.15,1.10404586051486e-4
2026-09-26,56,2,wk inc rsv prop ed visits,2026-10-10,quantile,0.2,1.6765929416678283e-4
2026-09-26,56,2,wk inc rsv prop ed visits,2026-10-10,quantile,0.25,2.288786366557614e-4
2026-09-26,56,2,wk inc rsv prop ed visits,2026-10-10,quantile,0.3,2.8919558220304956e-4
2026-09-26,56,2,wk inc rsv prop ed visits,2026-10-10,quantile,0.35,3.434666115691474e-4
2026-09-26,56,2,wk inc rsv prop ed visits,2026-10-10,quantile,0.4,4.2517345939866423e-4
2026-09-26,56,2,wk inc rsv prop ed visits,2026-10-10,quantile,0.45,4.973550273260157e-4
2026-09-26,56,2,wk inc rsv prop ed visits,2026-10-10,quantile,0.5,5.946651864746764e-4
2026-09-26,56,2,wk inc rsv prop ed visits,2026-10-10,quantile,0.55,7.068093156565223e-4
2026-09-26,56,2,wk inc rsv prop ed visits,2026-10-10,quantile,0.6,8.26095392506831e-4
2026-09-26,56,2,wk inc rsv prop ed visits,2026-10-10,quantile,0.65,9.574487880924731e-4
2026-09-26,56,2,wk inc rsv prop ed visits,2026-10-10,quantile,0.7,0.0011366832546355146
2026-09-26,56,2,wk inc rsv prop ed visits,2026-10-10,quantile,0.75,0.0013201385585075206
2026-09-26,56,2,wk inc rsv prop ed visits,2026-10-10,quantile,0.8,0.001657692952922426
2026-09-26,56,2,wk inc rsv prop ed visits,2026-10-10,quantile,0.85,0.00204568546666006
2026-09-26,56,2,wk inc rsv prop ed visits,2026-10-10,quantile,0.9,0.002704924077567851
2026-09-26,56,2,wk inc rsv prop ed visits,2026-10-10,quantile,0.95,0.004305310420474709
2026-09-26,56,2,wk inc rsv prop ed visits,2026-10-10,quantile,0.975,0.005627323824062092
2026-09-26,56,2,wk inc rsv prop ed visits,2026-10-10,quantile,0.99,0.008435297177362681
2026-09-26,US,-1,wk inc rsv prop ed visits,2026-09-19,quantile,0.01,2.8993611681788097e-4
2026-09-26,US,-1,wk inc rsv prop ed visits,2026-09-19,quantile,0.025,2.968229177305925e-4
2026-09-26,US,-1,wk inc rsv prop ed visits,2026-09-19,quantile,0.05,3.045388204743156e-4
2026-09-26,US,-1,wk inc rsv prop ed visits,2026-09-19,quantile,0.1,3.1438176777277317e-4
2026-09-26,US,-1,wk inc rsv prop ed visits,2026-09-19,quantile,0.15,3.202710716595752e-4
2026-09-26,US,-1,wk inc rsv prop ed visits,2026-09-19,quantile,0.2,3.2535899634715824e-4
2026-09-26,US,-1,wk inc rsv prop ed visits,2026-09-19,quantile,0.25,3.29026809957447e-4
2026-09-26,US,-1,wk inc rsv prop ed visits,2026-09-19,quantile,0.3,3.3284275651981134e-4
2026-09-26,US,-1,wk inc rsv prop ed visits,2026-09-19,quantile,0.35,3.365647357541487e-4
2026-09-26,US,-1,wk inc rsv prop ed visits,2026-09-19,quantile,0.4,3.4020614467815635e-4
2026-09-26,US,-1,wk inc rsv prop ed visits,2026-09-19,quantile,0.45,3.433417912284658e-4
2026-09-26,US,-1,wk inc rsv prop ed visits,2026-09-19,quantile,0.5,3.468144951343226e-4
2026-09-26,US,-1,wk inc rsv prop ed visits,2026-09-19,quantile,0.55,3.500799252391882e-4
2026-09-26,US,-1,wk inc rsv prop ed visits,2026-09-19,quantile,0.6,3.5319493404413184e-4
2026-09-26,US,-1,wk inc rsv prop ed visits,2026-09-19,quantile,0.65,3.5699000333553726e-4
2026-09-26,US,-1,wk inc rsv prop ed visits,2026-09-19,quantile,0.7,3.6121853789271763e-4
2026-09-26,US,-1,wk inc rsv prop ed visits,2026-09-19,quantile,0.75,3.6487296769953815e-4
2026-09-26,US,-1,wk inc rsv prop ed visits,2026-09-19,quantile,0.8,3.696919026390182e-4
2026-09-26,US,-1,wk inc rsv prop ed visits,2026-09-19,quantile,0.85,3.752355487944684e-4
2026-09-26,US,-1,wk inc rsv prop ed visits,2026-09-19,quantile,0.9,3.8312280480239206e-4
2026-09-26,US,-1,wk inc rsv prop ed visits,2026-09-19,quantile,0.95,3.9295144751325887e-4
2026-09-26,US,-1,wk inc rsv prop ed visits,2026-09-19,quantile,0.975,4.0120133302845844e-4
2026-09-26,US,-1,wk inc rsv prop ed visits,2026-09-19,quantile,0.99,4.1275070192298244e-4
2026-09-26,US,0,wk inc rsv prop ed visits,2026-09-26,quantile,0.01,2.793003739004773e-4
2026-09-26,US,0,wk inc rsv prop ed visits,2026-09-26,quantile,0.025,2.9312426962558235e-4
2026-09-26,US,0,wk inc rsv prop ed visits,2026-09-26,quantile,0.05,3.0706123191476926e-4
2026-09-26,US,0,wk inc rsv prop ed visits,2026-09-26,quantile,0.1,3.2117949554013e-4
2026-09-26,US,0,wk inc rsv prop ed visits,2026-09-26,quantile,0.15,3.315923333987639e-4
2026-09-26,US,0,wk inc rsv prop ed visits,2026-09-26,quantile,0.2,3.402816621023105e-4
2026-09-26,US,0,wk inc rsv prop ed visits,2026-09-26,quantile,0.25,3.4736025308215203e-4
2026-09-26,US,0,wk inc rsv prop ed visits,2026-09-26,quantile,0.3,3.5429387979410746e-4
2026-09-26,US,0,wk inc rsv prop ed visits,2026-09-26,quantile,0.35,3.6057593421069374e-4
2026-09-26,US,0,wk inc rsv prop ed visits,2026-09-26,quantile,0.4,3.671104533669748e-4
2026-09-26,US,0,wk inc rsv prop ed visits,2026-09-26,quantile,0.45,3.7372373929736607e-4
2026-09-26,US,0,wk inc rsv prop ed visits,2026-09-26,quantile,0.5,3.798586783459918e-4
2026-09-26,US,0,wk inc rsv prop ed visits,2026-09-26,quantile,0.55,3.853271672475593e-4
2026-09-26,US,0,wk inc rsv prop ed visits,2026-09-26,quantile,0.6,3.9194067483756844e-4
2026-09-26,US,0,wk inc rsv prop ed visits,2026-09-26,quantile,0.65,3.9932741913653233e-4
2026-09-26,US,0,wk inc rsv prop ed visits,2026-09-26,quantile,0.7,4.0722289162729755e-4
2026-09-26,US,0,wk inc rsv prop ed visits,2026-09-26,quantile,0.75,4.151549978456934e-4
2026-09-26,US,0,wk inc rsv prop ed visits,2026-09-26,quantile,0.8,4.243941541271968e-4
2026-09-26,US,0,wk inc rsv prop ed visits,2026-09-26,quantile,0.85,4.3558932899977654e-4
2026-09-26,US,0,wk inc rsv prop ed visits,2026-09-26,quantile,0.9,4.4933916293283063e-4
2026-09-26,US,0,wk inc rsv prop ed visits,2026-09-26,quantile,0.95,4.684252946370572e-4
2026-09-26,US,0,wk inc rsv prop ed visits,2026-09-26,quantile,0.975,4.902843046177727e-4
2026-09-26,US,0,wk inc rsv prop ed visits,2026-09-26,quantile,0.99,5.161671238810793e-4
2026-09-26,US,1,wk inc rsv prop ed visits,2026-10-03,quantile,0.01,2.6145281057429433e-4
2026-09-26,US,1,wk inc rsv prop ed visits,2026-10-03,quantile,0.025,2.8300513560841476e-4
2026-09-26,US,1,wk inc rsv prop ed visits,2026-10-03,quantile,0.05,3.012967185079936e-4
2026-09-26,US,1,wk inc rsv prop ed visits,2026-10-03,quantile,0.1,3.2188969783132474e-4
2026-09-26,US,1,wk inc rsv prop ed visits,2026-10-03,quantile,0.15,3.395422731156722e-4
2026-09-26,US,1,wk inc rsv prop ed visits,2026-10-03,quantile,0.2,3.5233061252837127e-4
2026-09-26,US,1,wk inc rsv prop ed visits,2026-10-03,quantile,0.25,3.6297023048273956e-4
2026-09-26,US,1,wk inc rsv prop ed visits,2026-10-03,quantile,0.3,3.7300685317740725e-4
2026-09-26,US,1,wk inc rsv prop ed visits,2026-10-03,quantile,0.35,3.836351423049336e-4
2026-09-26,US,1,wk inc rsv prop ed visits,2026-10-03,quantile,0.4,3.9414081526545634e-4
2026-09-26,US,1,wk inc rsv prop ed visits,2026-10-03,quantile,0.45,4.039766236635441e-4
2026-09-26,US,1,wk inc rsv prop ed visits,2026-10-03,quantile,0.5,4.1451724758425034e-4
2026-09-26,US,1,wk inc rsv prop ed visits,2026-10-03,quantile,0.55,4.244790446306496e-4
2026-09-26,US,1,wk inc rsv prop ed visits,2026-10-03,quantile,0.6,4.364371717996796e-4
2026-09-26,US,1,wk inc rsv prop ed visits,2026-10-03,quantile,0.65,4.481180230874435e-4
2026-09-26,US,1,wk inc rsv prop ed visits,2026-10-03,quantile,0.7,4.5973282935802325e-4
2026-09-26,US,1,wk inc rsv prop ed visits,2026-10-03,quantile,0.75,4.7333647364694776e-4
2026-09-26,US,1,wk inc rsv prop ed visits,2026-10-03,quantile,0.8,4.908904079274041e-4
2026-09-26,US,1,wk inc rsv prop ed visits,2026-10-03,quantile,0.85,5.116694186170334e-4
2026-09-26,US,1,wk inc rsv prop ed visits,2026-10-03,quantile,0.9,5.370637190184266e-4
2026-09-26,US,1,wk inc rsv prop ed visits,2026-10-03,quantile,0.95,5.752803124614379e-4
2026-09-26,US,1,wk inc rsv prop ed visits,2026-10-03,quantile,0.975,6.114133332070981e-4
2026-09-26,US,1,wk inc rsv prop ed visits,2026-10-03,quantile,0.99,6.631628361939326e-4
2026-09-26,US,2,wk inc rsv prop ed visits,2026-10-10,quantile,0.01,2.3679227394515063e-4
2026-09-26,US,2,wk inc rsv prop ed visits,2026-10-10,quantile,0.025,2.6649602606692815e-4
2026-09-26,US,2,wk inc rsv prop ed visits,2026-10-10,quantile,0.05,2.904657910892314e-4
2026-09-26,US,2,wk inc rsv prop ed visits,2026-10-10,quantile,0.1,3.2292050732142085e-4
2026-09-26,US,2,wk inc rsv prop ed visits,2026-10-10,quantile,0.15,3.4612216594881874e-4
2026-09-26,US,2,wk inc rsv prop ed visits,2026-10-10,quantile,0.2,3.6404297395729033e-4
2026-09-26,US,2,wk inc rsv prop ed visits,2026-10-10,quantile,0.25,3.8142138135828594e-4
2026-09-26,US,2,wk inc rsv prop ed visits,2026-10-10,quantile,0.3,3.9651307795659206e-4
2026-09-26,US,2,wk inc rsv prop ed visits,2026-10-10,quantile,0.35,4.117891958000178e-4
2026-09-26,US,2,wk inc rsv prop ed visits,2026-10-10,quantile,0.4,4.278215719567723e-4
2026-09-26,US,2,wk inc rsv prop ed visits,2026-10-10,quantile,0.45,4.4112476306188526e-4
2026-09-26,US,2,wk inc rsv prop ed visits,2026-10-10,quantile,0.5,4.558056177408777e-4
2026-09-26,US,2,wk inc rsv prop ed visits,2026-10-10,quantile,0.55,4.7151051042709747e-4
2026-09-26,US,2,wk inc rsv prop ed visits,2026-10-10,quantile,0.6,4.885773280132351e-4
2026-09-26,US,2,wk inc rsv prop ed visits,2026-10-10,quantile,0.65,5.082956263416308e-4
2026-09-26,US,2,wk inc rsv prop ed visits,2026-10-10,quantile,0.7,5.249739476039317e-4
2026-09-26,US,2,wk inc rsv prop ed visits,2026-10-10,quantile,0.75,5.483952339306662e-4
2026-09-26,US,2,wk inc rsv prop ed visits,2026-10-10,quantile,0.8,5.718656197582256e-4
2026-09-26,US,2,wk inc rsv prop ed visits,2026-10-10,quantile,0.85,6.060821121579833e-4
2026-09-26,US,2,wk inc rsv prop ed visits,2026-10-10,quantile,0.9,6.470260182799724e-4
2026-09-26,US,2,wk inc rsv prop ed visits,2026-10-10,quantile,0.95,7.196039422629704e-4
2026-09-26,US,2,wk inc rsv prop ed visits,2026-10-10,quantile,0.975,7.766205117167731e-4
2026-09-26,US,2,wk inc rsv prop ed visits,2026-10-10,quantile,0.99,8.687628772092613e-4
