reference_date,location,horizon,target,target_end_date,output_type,output_type_id,value
2026-10-10,01,-1,wk inc rsv hosp,2026-10-03,quantile,0.01,2
2026-10-10,01,-1,wk inc rsv hosp,2026-10-03,quantile,0.025,6
2026-10-10,01,-1,wk inc rsv hosp,2026-10-03,quantile,0.05,7
2026-10-10,01,-1,wk inc rsv hosp,2026-10-03,quantile,0.1,9
2026-10-10,01,-1,wk inc rsv hosp,2026-10-03,quantile,0.15,10
2026-10-10,01,-1,wk inc rsv hosp,2026-10-03,quantile,0.2,10
2026-10-10,01,-1,wk inc rsv hosp,2026-10-03,quantile,0.25,11
2026-10-10,01,-1,wk inc rsv hosp,2026-10-03,quantile,0.3,12
2026-10-10,01,-1,wk inc rsv hosp,2026-10-03,quantile,0.35,12
2026-10-10,01,-1,wk inc rsv hosp,2026-10-03,quantile,0.4,12
2026-10-10,01,-1,wk inc rsv hosp,2026-10-03,quantile,0.45,12
2026-10-10,01,-1,wk inc rsv hosp,2026-10-03,quantile,0.5,13
2026-10-10,01,-1,wk inc rsv hosp,2026-10-03,quantile,0.55,13
2026-10-10,01,-1,wk inc rsv hosp,2026-10-03,quantile,0.6,14
2026-10-10,01,-1,wk inc rsv hosp,2026-10-03,quantile,0.65,14
2026-10-10,01,-1,wk inc rsv hosp,2026-10-03,quantile,0.7,15
2026-10-10,01,-1,wk inc rsv hosp,2026-10-03,quantile,0.75,16
2026-10-10,01,-1,wk inc rsv hosp,2026-10-03,quantile,0.8,16
2026-10-10,01,-1,wk inc rsv hosp,2026-10-03,quantile,0.85,17
2026-10-10,01,-1,wk inc rsv hosp,2026-10-03,quantile,0.9,19
2026-10-10,01,-1,wk inc rsv hosp,2026-10-03,quantile,0.95,21
2026-10-10,01,-1,wk inc rsv hosp,2026-10-03,quantile,0.975,23
2026-10-10,01,-1,wk inc rsv hosp,2026-10-03,quantile,0.99,28
2026-10-10,01,0,wk inc rsv hosp,2026-10-10,quantile,0.01,4.999011243376809
2026-10-10,01,0,wk inc rsv hosp,2026-10-10,quantile,0.025,5.811345298929927
2026-10-10,01,0,wk inc rsv hosp,2026-10-10,quantile,0.05,6.6995525950280825
2026-10-10,01,0,wk inc rsv hosp,2026-10-10,quantile,0.1,6.9978424077422225
2026-10-10,01,0,wk inc rsv hosp,2026-10-10,quantile,0.15,8
2026-10-10,01,0,wk inc rsv hosp,2026-10-10,quantile,0.2,10.028673665176434
2026-10-10,01,0,wk inc rsv hosp,2026-10-10,quantile,0.25,10.87902312673859
2026-10-10,01,0,wk inc rsv hosp,2026-10-10,quantile,0.3,11.494363131549077
2026-10-10,01,0,wk inc rsv hosp,2026-10-10,quantile,0.35,12.748117646887664
2026-10-10,01,0,wk inc rsv hosp,2026-10-10,quantile,0.4,12.872353819891671
2026-10-10,01,0,wk inc rsv hosp,2026-10-10,quantile,0.45,13.636948666256666
2026-10-10,01,0,wk inc rsv hosp,2026-10-10,quantile,0.5,14.829768886878579
2026-10-10,01,0,wk inc rsv hosp,2026-10-10,quantile,0.55,15.5
2026-10-10,01,0,wk inc rsv hosp,2026-10-10,quantile,0.6,17
2026-10-10,01,0,wk inc rsv hosp,2026-10-10,quantile,0.65,18.5
2026-10-10,01,0,wk inc rsv hosp,2026-10-10,quantile,0.7,20
2026-10-10,01,0,wk inc rsv hosp,2026-10-10,quantile,0.75,22
2026-10-10,01,0,wk inc rsv hosp,2026-10-10,quantile,0.8,23
2026-10-10,01,0,wk inc rsv hosp,2026-10-10,quantile,0.85,25
2026-10-10,01,0,wk inc rsv hosp,2026-10-10,quantile,0.9,27.929085513008594
2026-10-10,01,0,wk inc rsv hosp,2026-10-10,quantile,0.95,30.5
2026-10-10,01,0,wk inc rsv hosp,2026-10-10,quantile,0.975,32
2026-10-10,01,0,wk inc rsv hosp,2026-10-10,quantile,0.99,34
2026-10-10,01,1,wk inc rsv hosp,2026-10-17,quantile,0.01,5.5
2026-10-10,01,1,wk inc rsv hosp,2026-10-17,quantile,0.025,7
2026-10-10,01,1,wk inc rsv hosp,2026-10-17,quantile,0.05,7.285030180760659
2026-10-10,01,1,wk inc rsv hosp,2026-10-17,quantile,0.1,8.315574571612274
2026-10-10,01,1,wk inc rsv hosp,2026-10-17,quantile,0.15,9.934143666648357
2026-10-10,01,1,wk inc rsv hosp,2026-10-17,quantile,0.2,10.91030202129781
2026-10-10,01,1,wk inc rsv hosp,2026-10-17,quantile,0.25,12.284117179626753
2026-10-10,01,1,wk inc rsv hosp,2026-10-17,quantile,0.3,12.941226080249416
2026-10-10,01,1,wk inc rsv hosp,2026-10-17,quantile,0.35,14.073106032989166
2026-10-10,01,1,wk inc rsv hosp,2026-10-17,quantile,0.4,15.129714878791725
2026-10-10,01,1,wk inc rsv hosp,2026-10-17,quantile,0.45,16.165096023212
2026-10-10,01,1,wk inc rsv hosp,2026-10-17,quantile,0.5,16.81824706357455
2026-10-10,01,1,wk inc rsv hosp,2026-10-17,quantile,0.55,17.935618318443773
2026-10-10,01,1,wk inc rsv hosp,2026-10-17,quantile,0.6,20
2026-10-10,01,1,wk inc rsv hosp,2026-10-17,quantile,0.65,21
2026-10-10,01,1,wk inc rsv hosp,2026-10-17,quantile,0.7,24
2026-10-10,01,1,wk inc rsv hosp,2026-10-17,quantile,0.75,26
2026-10-10,01,1,wk inc rsv hosp,2026-10-17,quantile,0.8,28
2026-10-10,01,1,wk inc rsv hosp,2026-10-17,quantile,0.85,31
2026-10-10,01,1,wk inc rsv hosp,2026-10-17,quantile,0.9,34
2026-10-10,01,1,wk inc rsv hosp,2026-10-17,quantile,0.95,39
2026-10-10,01,1,wk inc rsv hosp,2026-10-17,quantile,0.975,41.5
2026-10-10,01,1,wk inc rsv hosp,2026-10-17,quantile,0.99,45
2026-10-10,01,2,wk inc rsv hosp,2026-10-24,quantile,0.01,5
2026-10-10,01,2,wk inc rsv hosp,2026-10-24,quantile,0.025,6
2026-10-10,01,2,wk inc rsv hosp,2026-10-24,quantile,0.05,7.5
2026-10-10,01,2,wk inc rsv hosp,2026-10-24,quantile,0.1,9
2026-10-10,01,2,wk inc rsv hosp,2026-10-24,quantile,0.15,11
2026-10-10,01,2,wk inc rsv hosp,2026-10-24,quantile,0.2,12.5
2026-10-10,01,2,wk inc rsv hosp,2026-10-24,quantile,0.25,14
2026-10-10,01,2,wk inc rsv hosp,2026-10-24,quantile,0.3,15.5
2026-10-10,01,2,wk inc rsv hosp,2026-10-24,quantile,0.35,17
2026-10-10,01,2,wk inc rsv hosp,2026-10-24,quantile,0.4,18.5
2026-10-10,01,2,wk inc rsv hosp,2026-10-24,quantile,0.45,19.5
2026-10-10,01,2,wk inc rsv hosp,2026-10-24,quantile,0.5,21
2026-10-10,01,2,wk inc rsv hosp,2026-10-24,quantile,0.55,22.17857690115126
2026-10-10,01,2,wk inc rsv hosp,2026-10-24,quantile,0.6,24.372683050814558
2026-10-10,01,2,wk inc rsv hosp,2026-10-24,quantile,0.65,26.772445098579055
2026-10-10,01,2,wk inc rsv hosp,2026-10-24,quantile,0.7,29.916226259219748
2026-10-10,01,2,wk inc rsv hosp,2026-10-24,quantile,0.75,32
2026-10-10,01,2,wk inc rsv hosp,2026-10-24,quantile,0.8,34.5
2026-10-10,01,2,wk inc rsv hosp,2026-10-24,quantile,0.85,39.02264774113686
2026-10-10,01,2,wk inc rsv hosp,2026-10-24,quantile,0.9,43.078866716315616
2026-10-10,01,2,wk inc rsv hosp,2026-10-24,quantile,0.95,50.5
2026-10-10,01,2,wk inc rsv hosp,2026-10-24,quantile,0.975,59.04411359625681
2026-10-10,01,2,wk inc rsv hosp,2026-10-24,quantile,0.99,67.2180376666087
2026-10-10,01,3,wk inc rsv hosp,2026-10-31,quantile,0.01,2
2026-10-10,01,3,wk inc rsv hosp,2026-10-31,quantile,0.025,2
2026-10-10,01,3,wk inc rsv hosp,2026-10-31,quantile,0.05,3
2026-10-10,01,3,wk inc rsv hosp,2026-10-31,quantile,0.1,5
2026-10-10,01,3,wk inc rsv hosp,2026-10-31,quantile,0.15,7
2026-10-10,01,3,wk inc rsv hosp,2026-10-31,quantile,0.2,9
2026-10-10,01,3,wk inc rsv hosp,2026-10-31,quantile,0.25,10
2026-10-10,01,3,wk inc rsv hosp,2026-10-31,quantile,0.3,12
2026-10-10,01,3,wk inc rsv hosp,2026-10-31,quantile,0.35,14
2026-10-10,01,3,wk inc rsv hosp,2026-10-31,quantile,0.4,16
2026-10-10,01,3,wk inc rsv hosp,2026-10-31,quantile,0.45,18
2026-10-10,01,3,wk inc rsv hosp,2026-10-31,quantile,0.5,21
2026-10-10,01,3,wk inc rsv hosp,2026-10-31,quantile,0.55,24
2026-10-10,01,3,wk inc rsv hosp,2026-10-31,quantile,0.6,29
2026-10-10,01,3,wk inc rsv hosp,2026-10-31,quantile,0.65,33
2026-10-10,01,3,wk inc rsv hosp,2026-10-31,quantile,0.7,37
2026-10-10,01,3,wk inc rsv hosp,2026-10-31,quantile,0.75,39.57985627537312
2026-10-10,01,3,wk inc rsv hosp,2026-10-31,quantile,0.8,43
2026-10-10,01,3,wk inc rsv hosp,2026-10-31,quantile,0.85,47
2026-10-10,01,3,wk inc rsv hosp,2026-10-31,quantile,0.9,52
2026-10-10,01,3,wk inc rsv hosp,2026-10-31,quantile,0.95,60
2026-10-10,01,3,wk inc rsv hosp,2026-10-31,quantile,0.975,70
2026-10-10,01,3,wk inc rsv hosp,2026-10-31,quantile,0.99,83
2026-10-10,02,-1,wk inc rsv hosp,2026-10-03,quantile,0.01,0
2026-10-10,02,-1,wk inc rsv hosp,2026-10-03,quantile,0.025,0
2026-10-10,02,-1,wk inc rsv hosp,2026-10-03,quantile,0.05,1
2026-10-10,02,-1,wk inc rsv hosp,2026-10-03,quantile,0.1,2
2026-10-10,02,-1,wk inc rsv hosp,2026-10-03,quantile,0.15,3
2026-10-10,02,-1,wk inc rsv hosp,2026-10-03,quantile,0.2,3
2026-10-10,02,-1,wk inc rsv hosp,2026-10-03,quantile,0.25,3
2026-10-10,02,-1,wk inc rsv hosp,2026-10-03,quantile,0.3,3
2026-10-10,02,-1,wk inc rsv hosp,2026-10-03,quantile,0.35,4
2026-10-10,02,-1,wk inc rsv hosp,2026-10-03,quantile,0.4,4
2026-10-10,02,-1,wk inc rsv hosp,2026-10-03,quantile,0.45,4
2026-10-10,02,-1,wk inc rsv hosp,2026-10-03,quantile,0.5,5
2026-10-10,02,-1,wk inc rsv hosp,2026-10-03,quantile,0.55,5
2026-10-10,02,-1,wk inc rsv hosp,2026-10-03,quantile,0.6,5
2026-10-10,02,-1,wk inc rsv hosp,2026-10-03,quantile,0.65,6
2026-10-10,02,-1,wk inc rsv hosp,2026-10-03,quantile,0.7,6
2026-10-10,02,-1,wk inc rsv hosp,2026-10-03,quantile,0.75,6
2026-10-10,02,-1,wk inc rsv hosp,2026-10-03,quantile,0.8,7
2026-10-10,02,-1,wk inc rsv hosp,2026-10-03,quantile,0.85,8
2026-10-10,02,-1,wk inc rsv hosp,2026-10-03,quantile,0.9,9
2026-10-10,02,-1,wk inc rsv hosp,2026-10-03,quantile,0.95,10
2026-10-10,02,-1,wk inc rsv hosp,2026-10-03,quantile,0.975,12
2026-10-10,02,-1,wk inc rsv hosp,2026-10-03,quantile,0.99,13
2026-10-10,02,0,wk inc rsv hosp,2026-10-10,quantile,0.01,0
2026-10-10,02,0,wk inc rsv hosp,2026-10-10,quantile,0.025,0
2026-10-10,02,0,wk inc rsv hosp,2026-10-10,quantile,0.05,0.4274099976282644
2026-10-10,02,0,wk inc rsv hosp,2026-10-10,quantile,0.1,1
2026-10-10,02,0,wk inc rsv hosp,2026-10-10,quantile,0.15,1.0548915057780919
2026-10-10,02,0,wk inc rsv hosp,2026-10-10,quantile,0.2,1.8308838349383434
2026-10-10,02,0,wk inc rsv hosp,2026-10-10,quantile,0.25,2
2026-10-10,02,0,wk inc rsv hosp,2026-10-10,quantile,0.3,2
2026-10-10,02,0,wk inc rsv hosp,2026-10-10,quantile,0.35,2
2026-10-10,02,0,wk inc rsv hosp,2026-10-10,quantile,0.4,3
2026-10-10,02,0,wk inc rsv hosp,2026-10-10,quantile,0.45,3
2026-10-10,02,0,wk inc rsv hosp,2026-10-10,quantile,0.5,3
2026-10-10,02,0,wk inc rsv hosp,2026-10-10,quantile,0.55,3.7277019043864597
2026-10-10,02,0,wk inc rsv hosp,2026-10-10,quantile,0.6,3.786182882026592
2026-10-10,02,0,wk inc rsv hosp,2026-10-10,quantile,0.65,3.9889857411157243
2026-10-10,02,0,wk inc rsv hosp,2026-10-10,quantile,0.7,4.557136071166602
2026-10-10,02,0,wk inc rsv hosp,2026-10-10,quantile,0.75,4.639957769550584
2026-10-10,02,0,wk inc rsv hosp,2026-10-10,quantile,0.8,4.682037161100869
2026-10-10,02,0,wk inc rsv hosp,2026-10-10,quantile,0.85,5.5087361289567145
2026-10-10,02,0,wk inc rsv hosp,2026-10-10,quantile,0.9,6.154471587469696
2026-10-10,02,0,wk inc rsv hosp,2026-10-10,quantile,0.95,7.8600452008062485
2026-10-10,02,0,wk inc rsv hosp,2026-10-10,quantile,0.975,8.894159817717055
2026-10-10,02,0,wk inc rsv hosp,2026-10-10,quantile,0.99,9.471042258636801
2026-10-10,02,1,wk inc rsv hosp,2026-10-17,quantile,0.01,0
2026-10-10,02,1,wk inc rsv hosp,2026-10-17,quantile,0.025,0
2026-10-10,02,1,wk inc rsv hosp,2026-10-17,quantile,0.05,0.35326979032159933
2026-10-10,02,1,wk inc rsv hosp,2026-10-17,quantile,0.1,1
2026-10-10,02,1,wk inc rsv hosp,2026-10-17,quantile,0.15,1
2026-10-10,02,1,wk inc rsv hosp,2026-10-17,quantile,0.2,1.630124871664378
2026-10-10,02,1,wk inc rsv hosp,2026-10-17,quantile,0.25,2
2026-10-10,02,1,wk inc rsv hosp,2026-10-17,quantile,0.3,2
2026-10-10,02,1,wk inc rsv hosp,2026-10-17,quantile,0.35,2.5
2026-10-10,02,1,wk inc rsv hosp,2026-10-17,quantile,0.4,2.5593767549415665
2026-10-10,02,1,wk inc rsv hosp,2026-10-17,quantile,0.45,2.705847278313548
2026-10-10,02,1,wk inc rsv hosp,2026-10-17,quantile,0.5,3.368577385413019
2026-10-10,02,1,wk inc rsv hosp,2026-10-17,quantile,0.55,3.5
2026-10-10,02,1,wk inc rsv hosp,2026-10-17,quantile,0.6,3.586335286293493
2026-10-10,02,1,wk inc rsv hosp,2026-10-17,quantile,0.65,4.228036888789483
2026-10-10,02,1,wk inc rsv hosp,2026-10-17,quantile,0.7,4.318831966628904
2026-10-10,02,1,wk inc rsv hosp,2026-10-17,quantile,0.75,4.934994926311637
2026-10-10,02,1,wk inc rsv hosp,2026-10-17,quantile,0.8,5
2026-10-10,02,1,wk inc rsv hosp,2026-10-17,quantile,0.85,6.169190197428215
2026-10-10,02,1,wk inc rsv hosp,2026-10-17,quantile,0.9,7
2026-10-10,02,1,wk inc rsv hosp,2026-10-17,quantile,0.95,8.478681607304042
2026-10-10,02,1,wk inc rsv hosp,2026-10-17,quantile,0.975,9.5
2026-10-10,02,1,wk inc rsv hosp,2026-10-17,quantile,0.99,11.5
2026-10-10,02,2,wk inc rsv hosp,2026-10-24,quantile,0.01,0
2026-10-10,02,2,wk inc rsv hosp,2026-10-24,quantile,0.025,0
2026-10-10,02,2,wk inc rsv hosp,2026-10-24,quantile,0.05,0.42355080407071977
2026-10-10,02,2,wk inc rsv hosp,2026-10-24,quantile,0.1,0.9743400152796977
2026-10-10,02,2,wk inc rsv hosp,2026-10-24,quantile,0.15,1
2026-10-10,02,2,wk inc rsv hosp,2026-10-24,quantile,0.2,1.1410916640472526
2026-10-10,02,2,wk inc rsv hosp,2026-10-24,quantile,0.25,1.7074265610029806
2026-10-10,02,2,wk inc rsv hosp,2026-10-24,quantile,0.3,2.253575973210552
2026-10-10,02,2,wk inc rsv hosp,2026-10-24,quantile,0.35,2.5
2026-10-10,02,2,wk inc rsv hosp,2026-10-24,quantile,0.4,2.5
2026-10-10,02,2,wk inc rsv hosp,2026-10-24,quantile,0.45,3.1615370510802907
2026-10-10,02,2,wk inc rsv hosp,2026-10-24,quantile,0.5,3.2852227348174803
2026-10-10,02,2,wk inc rsv hosp,2026-10-24,quantile,0.55,3.3146764057353804
2026-10-10,02,2,wk inc rsv hosp,2026-10-24,quantile,0.6,4.011801890279545
2026-10-10,02,2,wk inc rsv hosp,2026-10-24,quantile,0.65,4.150308981413733
2026-10-10,02,2,wk inc rsv hosp,2026-10-24,quantile,0.7,4.6934906490502115
2026-10-10,02,2,wk inc rsv hosp,2026-10-24,quantile,0.75,5
2026-10-10,02,2,wk inc rsv hosp,2026-10-24,quantile,0.8,5.5
2026-10-10,02,2,wk inc rsv hosp,2026-10-24,quantile,0.85,6
2026-10-10,02,2,wk inc rsv hosp,2026-10-24,quantile,0.9,7.550000000000068
2026-10-10,02,2,wk inc rsv hosp,2026-10-24,quantile,0.95,9.5
2026-10-10,02,2,wk inc rsv hosp,2026-10-24,quantile,0.975,12.5
2026-10-10,02,2,wk inc rsv hosp,2026-10-24,quantile,0.99,16.504999999999995
2026-10-10,02,3,wk inc rsv hosp,2026-10-31,quantile,0.01,0
2026-10-10,02,3,wk inc rsv hosp,2026-10-31,quantile,0.025,0
2026-10-10,02,3,wk inc rsv hosp,2026-10-31,quantile,0.05,0
2026-10-10,02,3,wk inc rsv hosp,2026-10-31,quantile,0.1,1
2026-10-10,02,3,wk inc rsv hosp,2026-10-31,quantile,0.15,1
2026-10-10,02,3,wk inc rsv hosp,2026-10-31,quantile,0.2,1.5829564276438863
2026-10-10,02,3,wk inc rsv hosp,2026-10-31,quantile,0.25,2
2026-10-10,02,3,wk inc rsv hosp,2026-10-31,quantile,0.3,3
2026-10-10,02,3,wk inc rsv hosp,2026-10-31,quantile,0.35,4
2026-10-10,02,3,wk inc rsv hosp,2026-10-31,quantile,0.4,4
2026-10-10,02,3,wk inc rsv hosp,2026-10-31,quantile,0.45,4
2026-10-10,02,3,wk inc rsv hosp,2026-10-31,quantile,0.5,5
2026-10-10,02,3,wk inc rsv hosp,2026-10-31,quantile,0.55,5
2026-10-10,02,3,wk inc rsv hosp,2026-10-31,quantile,0.6,6
2026-10-10,02,3,wk inc rsv hosp,2026-10-31,quantile,0.65,6
2026-10-10,02,3,wk inc rsv hosp,2026-10-31,quantile,0.7,7
2026-10-10,02,3,wk inc rsv hosp,2026-10-31,quantile,0.75,7
2026-10-10,02,3,wk inc rsv hosp,2026-10-31,quantile,0.8,8
2026-10-10,02,3,wk inc rsv hosp,2026-10-31,quantile,0.85,9
2026-10-10,02,3,wk inc rsv hosp,2026-10-31,quantile,0.9,10
2026-10-10,02,3,wk inc rsv hosp,2026-10-31,quantile,0.95,12
2026-10-10,02,3,wk inc rsv hosp,2026-10-31,quantile,0.975,14
2026-10-10,02,3,wk inc rsv hosp,2026-10-31,quantile,0.99,16
2026-10-10,04,-1,wk inc rsv hosp,2026-10-03,quantile,0.01,0
2026-10-10,04,-1,wk inc rsv hosp,2026-10-03,quantile,0.025,0
2026-10-10,04,-1,wk inc rsv hosp,2026-10-03,quantile,0.05,0
2026-10-10,04,-1,wk inc rsv hosp,2026-10-03,quantile,0.1,1
2026-10-10,04,-1,wk inc rsv hosp,2026-10-03,quantile,0.15,1
2026-10-10,04,-1,wk inc rsv hosp,2026-10-03,quantile,0.2,1
2026-10-10,04,-1,wk inc rsv hosp,2026-10-03,quantile,0.25,2
2026-10-10,04,-1,wk inc rsv hosp,2026-10-03,quantile,0.3,2
2026-10-10,04,-1,wk inc rsv hosp,2026-10-03,quantile,0.35,2
2026-10-10,04,-1,wk inc rsv hosp,2026-10-03,quantile,0.4,2
2026-10-10,04,-1,wk inc rsv hosp,2026-10-03,quantile,0.45,2
2026-10-10,04,-1,wk inc rsv hosp,2026-10-03,quantile,0.5,2
2026-10-10,04,-1,wk inc rsv hosp,2026-10-03,quantile,0.55,3
2026-10-10,04,-1,wk inc rsv hosp,2026-10-03,quantile,0.6,3
2026-10-10,04,-1,wk inc rsv hosp,2026-10-03,quantile,0.65,3
2026-10-10,04,-1,wk inc rsv hosp,2026-10-03,quantile,0.7,3
2026-10-10,04,-1,wk inc rsv hosp,2026-10-03,quantile,0.75,4
2026-10-10,04,-1,wk inc rsv hosp,2026-10-03,quantile,0.8,4
2026-10-10,04,-1,wk inc rsv hosp,2026-10-03,quantile,0.85,5
2026-10-10,04,-1,wk inc rsv hosp,2026-10-03,quantile,0.9,5
2026-10-10,04,-1,wk inc rsv hosp,2026-10-03,quantile,0.95,6
2026-10-10,04,-1,wk inc rsv hosp,2026-10-03,quantile,0.975,7
2026-10-10,04,-1,wk inc rsv hosp,2026-10-03,quantile,0.99,9
2026-10-10,04,0,wk inc rsv hosp,2026-10-10,quantile,0.01,0
2026-10-10,04,0,wk inc rsv hosp,2026-10-10,quantile,0.025,0
2026-10-10,04,0,wk inc rsv hosp,2026-10-10,quantile,0.05,0.5
2026-10-10,04,0,wk inc rsv hosp,2026-10-10,quantile,0.1,1
2026-10-10,04,0,wk inc rsv hosp,2026-10-10,quantile,0.15,1.5
2026-10-10,04,0,wk inc rsv hosp,2026-10-10,quantile,0.2,1.5
2026-10-10,04,0,wk inc rsv hosp,2026-10-10,quantile,0.25,2
2026-10-10,04,0,wk inc rsv hosp,2026-10-10,quantile,0.3,2
2026-10-10,04,0,wk inc rsv hosp,2026-10-10,quantile,0.35,2.5
2026-10-10,04,0,wk inc rsv hosp,2026-10-10,quantile,0.4,2.5
2026-10-10,04,0,wk inc rsv hosp,2026-10-10,quantile,0.45,2.5
2026-10-10,04,0,wk inc rsv hosp,2026-10-10,quantile,0.5,3.5
2026-10-10,04,0,wk inc rsv hosp,2026-10-10,quantile,0.55,3.5
2026-10-10,04,0,wk inc rsv hosp,2026-10-10,quantile,0.6,3.5
2026-10-10,04,0,wk inc rsv hosp,2026-10-10,quantile,0.65,4.5
2026-10-10,04,0,wk inc rsv hosp,2026-10-10,quantile,0.7,4.5
2026-10-10,04,0,wk inc rsv hosp,2026-10-10,quantile,0.75,5
2026-10-10,04,0,wk inc rsv hosp,2026-10-10,quantile,0.8,6
2026-10-10,04,0,wk inc rsv hosp,2026-10-10,quantile,0.85,6.5
2026-10-10,04,0,wk inc rsv hosp,2026-10-10,quantile,0.9,7.5
2026-10-10,04,0,wk inc rsv hosp,2026-10-10,quantile,0.95,9
2026-10-10,04,0,wk inc rsv hosp,2026-10-10,quantile,0.975,10
2026-10-10,04,0,wk inc rsv hosp,2026-10-10,quantile,0.99,12.5
2026-10-10,04,1,wk inc rsv hosp,2026-10-17,quantile,0.01,0
2026-10-10,04,1,wk inc rsv hosp,2026-10-17,quantile,0.025,0
2026-10-10,04,1,wk inc rsv hosp,2026-10-17,quantile,0.05,0.5
2026-10-10,04,1,wk inc rsv hosp,2026-10-17,quantile,0.1,1
2026-10-10,04,1,wk inc rsv hosp,2026-10-17,quantile,0.15,1.5
2026-10-10,04,1,wk inc rsv hosp,2026-10-17,quantile,0.2,1.5
2026-10-10,04,1,wk inc rsv hosp,2026-10-17,quantile,0.25,2.5
2026-10-10,04,1,wk inc rsv hosp,2026-10-17,quantile,0.3,2.5
2026-10-10,04,1,wk inc rsv hosp,2026-10-17,quantile,0.35,2.5
2026-10-10,04,1,wk inc rsv hosp,2026-10-17,quantile,0.4,3.5
2026-10-10,04,1,wk inc rsv hosp,2026-10-17,quantile,0.45,3.5
2026-10-10,04,1,wk inc rsv hosp,2026-10-17,quantile,0.5,3.5
2026-10-10,04,1,wk inc rsv hosp,2026-10-17,quantile,0.55,3.5
2026-10-10,04,1,wk inc rsv hosp,2026-10-17,quantile,0.6,4.5
2026-10-10,04,1,wk inc rsv hosp,2026-10-17,quantile,0.65,5
2026-10-10,04,1,wk inc rsv hosp,2026-10-17,quantile,0.7,5.5
2026-10-10,04,1,wk inc rsv hosp,2026-10-17,quantile,0.75,6.5
2026-10-10,04,1,wk inc rsv hosp,2026-10-17,quantile,0.8,7
2026-10-10,04,1,wk inc rsv hosp,2026-10-17,quantile,0.85,8
2026-10-10,04,1,wk inc rsv hosp,2026-10-17,quantile,0.9,9.5
2026-10-10,04,1,wk inc rsv hosp,2026-10-17,quantile,0.95,11
2026-10-10,04,1,wk inc rsv hosp,2026-10-17,quantile,0.975,14
2026-10-10,04,1,wk inc rsv hosp,2026-10-17,quantile,0.99,16
2026-10-10,04,2,wk inc rsv hosp,2026-10-24,quantile,0.01,0
2026-10-10,04,2,wk inc rsv hosp,2026-10-24,quantile,0.025,0
2026-10-10,04,2,wk inc rsv hosp,2026-10-24,quantile,0.05,0.5
2026-10-10,04,2,wk inc rsv hosp,2026-10-24,quantile,0.1,1
2026-10-10,04,2,wk inc rsv hosp,2026-10-24,quantile,0.15,1
2026-10-10,04,2,wk inc rsv hosp,2026-10-24,quantile,0.2,2
2026-10-10,04,2,wk inc rsv hosp,2026-10-24,quantile,0.25,2
2026-10-10,04,2,wk inc rsv hosp,2026-10-24,quantile,0.3,2.5
2026-10-10,04,2,wk inc rsv hosp,2026-10-24,quantile,0.35,2.5
2026-10-10,04,2,wk inc rsv hosp,2026-10-24,quantile,0.4,3.5
2026-10-10,04,2,wk inc rsv hosp,2026-10-24,quantile,0.45,3.5
2026-10-10,04,2,wk inc rsv hosp,2026-10-24,quantile,0.5,4
2026-10-10,04,2,wk inc rsv hosp,2026-10-24,quantile,0.55,4.5
2026-10-10,04,2,wk inc rsv hosp,2026-10-24,quantile,0.6,5
2026-10-10,04,2,wk inc rsv hosp,2026-10-24,quantile,0.65,6
2026-10-10,04,2,wk inc rsv hosp,2026-10-24,quantile,0.7,7
2026-10-10,04,2,wk inc rsv hosp,2026-10-24,quantile,0.75,7.5
2026-10-10,04,2,wk inc rsv hosp,2026-10-24,quantile,0.8,8.5
2026-10-10,04,2,wk inc rsv hosp,2026-10-24,quantile,0.85,10
2026-10-10,04,2,wk inc rsv hosp,2026-10-24,quantile,0.9,11.5
2026-10-10,04,2,wk inc rsv hosp,2026-10-24,quantile,0.95,14.5
2026-10-10,04,2,wk inc rsv hosp,2026-10-24,quantile,0.975,20
2026-10-10,04,2,wk inc rsv hosp,2026-10-24,quantile,0.99,24
2026-10-10,04,3,wk inc rsv hosp,2026-10-31,quantile,0.01,0
2026-10-10,04,3,wk inc rsv hosp,2026-10-31,quantile,0.025,0
2026-10-10,04,3,wk inc rsv hosp,2026-10-31,quantile,0.05,1
2026-10-10,04,3,wk inc rsv hosp,2026-10-31,quantile,0.1,1
2026-10-10,04,3,wk inc rsv hosp,2026-10-31,quantile,0.15,1
2026-10-10,04,3,wk inc rsv hosp,2026-10-31,quantile,0.2,2
2026-10-10,04,3,wk inc rsv hosp,2026-10-31,quantile,0.25,2
2026-10-10,04,3,wk inc rsv hosp,2026-10-31,quantile,0.3,3
2026-10-10,04,3,wk inc rsv hosp,2026-10-31,quantile,0.35,3
2026-10-10,04,3,wk inc rsv hosp,2026-10-31,quantile,0.4,4
2026-10-10,04,3,wk inc rsv hosp,2026-10-31,quantile,0.45,4
2026-10-10,04,3,wk inc rsv hosp,2026-10-31,quantile,0.5,5
2026-10-10,04,3,wk inc rsv hosp,2026-10-31,quantile,0.55,5
2026-10-10,04,3,wk inc rsv hosp,2026-10-31,quantile,0.6,6
2026-10-10,04,3,wk inc rsv hosp,2026-10-31,quantile,0.65,7
2026-10-10,04,3,wk inc rsv hosp,2026-10-31,quantile,0.7,8
2026-10-10,04,3,wk inc rsv hosp,2026-10-31,quantile,0.75,10
2026-10-10,04,3,wk inc rsv hosp,2026-10-31,quantile,0.8,11
2026-10-10,04,3,wk inc rsv hosp,2026-10-31,quantile,0.85,12
2026-10-10,04,3,wk inc rsv hosp,2026-10-31,quantile,0.9,15
2026-10-10,04,3,wk inc rsv hosp,2026-10-31,quantile,0.95,21
2026-10-10,04,3,wk inc rsv hosp,2026-10-31,quantile,0.975,26.024999999999977
2026-10-10,04,3,wk inc rsv hosp,2026-10-31,quantile,0.99,35.01999999999998
2026-10-10,05,-1,wk inc rsv hosp,2026-10-03,quantile,0.01,0
2026-10-10,05,-1,wk inc rsv hosp,2026-10-03,quantile,0.025,0
2026-10-10,05,-1,wk inc rsv hosp,2026-10-03,quantile,0.05,0
2026-10-10,05,-1,wk inc rsv hosp,2026-10-03,quantile,0.1,1
2026-10-10,05,-1,wk inc rsv hosp,2026-10-03,quantile,0.15,1
2026-10-10,05,-1,wk inc rsv hosp,2026-10-03,quantile,0.2,2
2026-10-10,05,-1,wk inc rsv hosp,2026-10-03,quantile,0.25,2
2026-10-10,05,-1,wk inc rsv hosp,2026-10-03,quantile,0.3,2
2026-10-10,05,-1,wk inc rsv hosp,2026-10-03,quantile,0.35,2
2026-10-10,05,-1,wk inc rsv hosp,2026-10-03,quantile,0.4,3
2026-10-10,05,-1,wk inc rsv hosp,2026-10-03,quantile,0.45,3
2026-10-10,05,-1,wk inc rsv hosp,2026-10-03,quantile,0.5,3
2026-10-10,05,-1,wk inc rsv hosp,2026-10-03,quantile,0.55,4
2026-10-10,05,-1,wk inc rsv hosp,2026-10-03,quantile,0.6,4
2026-10-10,05,-1,wk inc rsv hosp,2026-10-03,quantile,0.65,4
2026-10-10,05,-1,wk inc rsv hosp,2026-10-03,quantile,0.7,5
2026-10-10,05,-1,wk inc rsv hosp,2026-10-03,quantile,0.75,5
2026-10-10,05,-1,wk inc rsv hosp,2026-10-03,quantile,0.8,6
2026-10-10,05,-1,wk inc rsv hosp,2026-10-03,quantile,0.85,6
2026-10-10,05,-1,wk inc rsv hosp,2026-10-03,quantile,0.9,7
2026-10-10,05,-1,wk inc rsv hosp,2026-10-03,quantile,0.95,8
2026-10-10,05,-1,wk inc rsv hosp,2026-10-03,quantile,0.975,9
2026-10-10,05,-1,wk inc rsv hosp,2026-10-03,quantile,0.99,11
2026-10-10,05,0,wk inc rsv hosp,2026-10-10,quantile,0.01,0
2026-10-10,05,0,wk inc rsv hosp,2026-10-10,quantile,0.025,0
2026-10-10,05,0,wk inc rsv hosp,2026-10-10,quantile,0.05,1
2026-10-10,05,0,wk inc rsv hosp,2026-10-10,quantile,0.1,1
2026-10-10,05,0,wk inc rsv hosp,2026-10-10,quantile,0.15,1.5
2026-10-10,05,0,wk inc rsv hosp,2026-10-10,quantile,0.2,1.5
2026-10-10,05,0,wk inc rsv hosp,2026-10-10,quantile,0.25,1.5
2026-10-10,05,0,wk inc rsv hosp,2026-10-10,quantile,0.3,2.5
2026-10-10,05,0,wk inc rsv hosp,2026-10-10,quantile,0.35,2.5
2026-10-10,05,0,wk inc rsv hosp,2026-10-10,quantile,0.4,3
2026-10-10,05,0,wk inc rsv hosp,2026-10-10,quantile,0.45,3.912698535141099
2026-10-10,05,0,wk inc rsv hosp,2026-10-10,quantile,0.5,3.9341520001828254
2026-10-10,05,0,wk inc rsv hosp,2026-10-10,quantile,0.55,3.960227780651895
2026-10-10,05,0,wk inc rsv hosp,2026-10-10,quantile,0.6,4.090685878559146
2026-10-10,05,0,wk inc rsv hosp,2026-10-10,quantile,0.65,4.6088930332965035
2026-10-10,05,0,wk inc rsv hosp,2026-10-10,quantile,0.7,4.631668536826831
2026-10-10,05,0,wk inc rsv hosp,2026-10-10,quantile,0.75,5.1617039967811005
2026-10-10,05,0,wk inc rsv hosp,2026-10-10,quantile,0.8,5.248513205315775
2026-10-10,05,0,wk inc rsv hosp,2026-10-10,quantile,0.85,6
2026-10-10,05,0,wk inc rsv hosp,2026-10-10,quantile,0.9,7
2026-10-10,05,0,wk inc rsv hosp,2026-10-10,quantile,0.95,9
2026-10-10,05,0,wk inc rsv hosp,2026-10-10,quantile,0.975,10
2026-10-10,05,0,wk inc rsv hosp,2026-10-10,quantile,0.99,12
2026-10-10,05,1,wk inc rsv hosp,2026-10-17,quantile,0.01,0
2026-10-10,05,1,wk inc rsv hosp,2026-10-17,quantile,0.025,0
2026-10-10,05,1,wk inc rsv hosp,2026-10-17,quantile,0.05,1
2026-10-10,05,1,wk inc rsv hosp,2026-10-17,quantile,0.1,1
2026-10-10,05,1,wk inc rsv hosp,2026-10-17,quantile,0.15,1.5
2026-10-10,05,1,wk inc rsv hosp,2026-10-17,quantile,0.2,1.5
2026-10-10,05,1,wk inc rsv hosp,2026-10-17,quantile,0.25,1.5
2026-10-10,05,1,wk inc rsv hosp,2026-10-17,quantile,0.3,2.5
2026-10-10,05,1,wk inc rsv hosp,2026-10-17,quantile,0.35,3
2026-10-10,05,1,wk inc rsv hosp,2026-10-17,quantile,0.4,3
2026-10-10,05,1,wk inc rsv hosp,2026-10-17,quantile,0.45,4
2026-10-10,05,1,wk inc rsv hosp,2026-10-17,quantile,0.5,4
2026-10-10,05,1,wk inc rsv hosp,2026-10-17,quantile,0.55,5
2026-10-10,05,1,wk inc rsv hosp,2026-10-17,quantile,0.6,5
2026-10-10,05,1,wk inc rsv hosp,2026-10-17,quantile,0.65,5.205771981061761
2026-10-10,05,1,wk inc rsv hosp,2026-10-17,quantile,0.7,5.812793354468561
2026-10-10,05,1,wk inc rsv hosp,2026-10-17,quantile,0.75,5.917582629823644
2026-10-10,05,1,wk inc rsv hosp,2026-10-17,quantile,0.8,6.599514771018724
2026-10-10,05,1,wk inc rsv hosp,2026-10-17,quantile,0.85,8
2026-10-10,05,1,wk inc rsv hosp,2026-10-17,quantile,0.9,9
2026-10-10,05,1,wk inc rsv hosp,2026-10-17,quantile,0.95,11
2026-10-10,05,1,wk inc rsv hosp,2026-10-17,quantile,0.975,12.5
2026-10-10,05,1,wk inc rsv hosp,2026-10-17,quantile,0.99,15
2026-10-10,05,2,wk inc rsv hosp,2026-10-24,quantile,0.01,0
2026-10-10,05,2,wk inc rsv hosp,2026-10-24,quantile,0.025,0
2026-10-10,05,2,wk inc rsv hosp,2026-10-24,quantile,0.05,0.5
2026-10-10,05,2,wk inc rsv hosp,2026-10-24,quantile,0.1,0.5
2026-10-10,05,2,wk inc rsv hosp,2026-10-24,quantile,0.15,1.5
2026-10-10,05,2,wk inc rsv hosp,2026-10-24,quantile,0.2,1.5
2026-10-10,05,2,wk inc rsv hosp,2026-10-24,quantile,0.25,1.5
2026-10-10,05,2,wk inc rsv hosp,2026-10-24,quantile,0.3,2.5
2026-10-10,05,2,wk inc rsv hosp,2026-10-24,quantile,0.35,3
2026-10-10,05,2,wk inc rsv hosp,2026-10-24,quantile,0.4,3.5
2026-10-10,05,2,wk inc rsv hosp,2026-10-24,quantile,0.45,4
2026-10-10,05,2,wk inc rsv hosp,2026-10-24,quantile,0.5,4.5
2026-10-10,05,2,wk inc rsv hosp,2026-10-24,quantile,0.55,5.5
2026-10-10,05,2,wk inc rsv hosp,2026-10-24,quantile,0.6,5.5
2026-10-10,05,2,wk inc rsv hosp,2026-10-24,quantile,0.65,6.5
2026-10-10,05,2,wk inc rsv hosp,2026-10-24,quantile,0.7,6.5
2026-10-10,05,2,wk inc rsv hosp,2026-10-24,quantile,0.75,7.5
2026-10-10,05,2,wk inc rsv hosp,2026-10-24,quantile,0.8,8
2026-10-10,05,2,wk inc rsv hosp,2026-10-24,quantile,0.85,9
2026-10-10,05,2,wk inc rsv hosp,2026-10-24,quantile,0.9,11
2026-10-10,05,2,wk inc rsv hosp,2026-10-24,quantile,0.95,14
2026-10-10,05,2,wk inc rsv hosp,2026-10-24,quantile,0.975,16.5
2026-10-10,05,2,wk inc rsv hosp,2026-10-24,quantile,0.99,20.5
2026-10-10,05,3,wk inc rsv hosp,2026-10-31,quantile,0.01,0
2026-10-10,05,3,wk inc rsv hosp,2026-10-31,quantile,0.025,0
2026-10-10,05,3,wk inc rsv hosp,2026-10-31,quantile,0.05,0
2026-10-10,05,3,wk inc rsv hosp,2026-10-31,quantile,0.1,0
2026-10-10,05,3,wk inc rsv hosp,2026-10-31,quantile,0.15,0
2026-10-10,05,3,wk inc rsv hosp,2026-10-31,quantile,0.2,1
2026-10-10,05,3,wk inc rsv hosp,2026-10-31,quantile,0.25,1
2026-10-10,05,3,wk inc rsv hosp,2026-10-31,quantile,0.3,2
2026-10-10,05,3,wk inc rsv hosp,2026-10-31,quantile,0.35,3
2026-10-10,05,3,wk inc rsv hosp,2026-10-31,quantile,0.4,3
2026-10-10,05,3,wk inc rsv hosp,2026-10-31,quantile,0.45,4
2026-10-10,05,3,wk inc rsv hosp,2026-10-31,quantile,0.5,5
2026-10-10,05,3,wk inc rsv hosp,2026-10-31,quantile,0.55,7
2026-10-10,05,3,wk inc rsv hosp,2026-10-31,quantile,0.6,8
2026-10-10,05,3,wk inc rsv hosp,2026-10-31,quantile,0.65,8
2026-10-10,05,3,wk inc rsv hosp,2026-10-31,quantile,0.7,9
2026-10-10,05,3,wk inc rsv hosp,2026-10-31,quantile,0.75,9
2026-10-10,05,3,wk inc rsv hosp,2026-10-31,quantile,0.8,12
2026-10-10,05,3,wk inc rsv hosp,2026-10-31,quantile,0.85,13.185341361825063
2026-10-10,05,3,wk inc rsv hosp,2026-10-31,quantile,0.9,14.570356585496896
2026-10-10,05,3,wk inc rsv hosp,2026-10-31,quantile,0.95,16.41921088813666
2026-10-10,05,3,wk inc rsv hosp,2026-10-31,quantile,0.975,18
2026-10-10,05,3,wk inc rsv hosp,2026-10-31,quantile,0.99,21
2026-10-10,06,-1,wk inc rsv hosp,2026-10-03,quantile,0.01,19
2026-10-10,06,-1,wk inc rsv hosp,2026-10-03,quantile,0.025,23
2026-10-10,06,-1,wk inc rsv hosp,2026-10-03,quantile,0.05,24
2026-10-10,06,-1,wk inc rsv hosp,2026-10-03,quantile,0.1,26
2026-10-10,06,-1,wk inc rsv hosp,2026-10-03,quantile,0.15,27
2026-10-10,06,-1,wk inc rsv hosp,2026-10-03,quantile,0.2,28
2026-10-10,06,-1,wk inc rsv hosp,2026-10-03,quantile,0.25,29
2026-10-10,06,-1,wk inc rsv hosp,2026-10-03,quantile,0.3,30
2026-10-10,06,-1,wk inc rsv hosp,2026-10-03,quantile,0.35,31
2026-10-10,06,-1,wk inc rsv hosp,2026-10-03,quantile,0.4,32
2026-10-10,06,-1,wk inc rsv hosp,2026-10-03,quantile,0.45,32
2026-10-10,06,-1,wk inc rsv hosp,2026-10-03,quantile,0.5,33
2026-10-10,06,-1,wk inc rsv hosp,2026-10-03,quantile,0.55,34
2026-10-10,06,-1,wk inc rsv hosp,2026-10-03,quantile,0.6,34
2026-10-10,06,-1,wk inc rsv hosp,2026-10-03,quantile,0.65,35
2026-10-10,06,-1,wk inc rsv hosp,2026-10-03,quantile,0.7,36
2026-10-10,06,-1,wk inc rsv hosp,2026-10-03,quantile,0.75,37
2026-10-10,06,-1,wk inc rsv hosp,2026-10-03,quantile,0.8,38
2026-10-10,06,-1,wk inc rsv hosp,2026-10-03,quantile,0.85,39
2026-10-10,06,-1,wk inc rsv hosp,2026-10-03,quantile,0.9,41
2026-10-10,06,-1,wk inc rsv hosp,2026-10-03,quantile,0.95,44
2026-10-10,06,-1,wk inc rsv hosp,2026-10-03,quantile,0.975,46
2026-10-10,06,-1,wk inc rsv hosp,2026-10-03,quantile,0.99,51
2026-10-10,06,0,wk inc rsv hosp,2026-10-10,quantile,0.01,13
2026-10-10,06,0,wk inc rsv hosp,2026-10-10,quantile,0.025,16
2026-10-10,06,0,wk inc rsv hosp,2026-10-10,quantile,0.05,17
2026-10-10,06,0,wk inc rsv hosp,2026-10-10,quantile,0.1,19
2026-10-10,06,0,wk inc rsv hosp,2026-10-10,quantile,0.15,21
2026-10-10,06,0,wk inc rsv hosp,2026-10-10,quantile,0.2,23
2026-10-10,06,0,wk inc rsv hosp,2026-10-10,quantile,0.25,24.588917022046616
2026-10-10,06,0,wk inc rsv hosp,2026-10-10,quantile,0.3,24.611236070197954
2026-10-10,06,0,wk inc rsv hosp,2026-10-10,quantile,0.35,25
2026-10-10,06,0,wk inc rsv hosp,2026-10-10,quantile,0.4,26
2026-10-10,06,0,wk inc rsv hosp,2026-10-10,quantile,0.45,27
2026-10-10,06,0,wk inc rsv hosp,2026-10-10,quantile,0.5,28
2026-10-10,06,0,wk inc rsv hosp,2026-10-10,quantile,0.55,29
2026-10-10,06,0,wk inc rsv hosp,2026-10-10,quantile,0.6,30
2026-10-10,06,0,wk inc rsv hosp,2026-10-10,quantile,0.65,31
2026-10-10,06,0,wk inc rsv hosp,2026-10-10,quantile,0.7,32
2026-10-10,06,0,wk inc rsv hosp,2026-10-10,quantile,0.75,34
2026-10-10,06,0,wk inc rsv hosp,2026-10-10,quantile,0.8,35
2026-10-10,06,0,wk inc rsv hosp,2026-10-10,quantile,0.85,37
2026-10-10,06,0,wk inc rsv hosp,2026-10-10,quantile,0.9,47
2026-10-10,06,0,wk inc rsv hosp,2026-10-10,quantile,0.95,52
2026-10-10,06,0,wk inc rsv hosp,2026-10-10,quantile,0.975,58.92543742584408
2026-10-10,06,0,wk inc rsv hosp,2026-10-10,quantile,0.99,62.43320001078641
2026-10-10,06,1,wk inc rsv hosp,2026-10-17,quantile,0.01,11
2026-10-10,06,1,wk inc rsv hosp,2026-10-17,quantile,0.025,14
2026-10-10,06,1,wk inc rsv hosp,2026-10-17,quantile,0.05,16
2026-10-10,06,1,wk inc rsv hosp,2026-10-17,quantile,0.1,19
2026-10-10,06,1,wk inc rsv hosp,2026-10-17,quantile,0.15,21
2026-10-10,06,1,wk inc rsv hosp,2026-10-17,quantile,0.2,22
2026-10-10,06,1,wk inc rsv hosp,2026-10-17,quantile,0.25,24
2026-10-10,06,1,wk inc rsv hosp,2026-10-17,quantile,0.3,25
2026-10-10,06,1,wk inc rsv hosp,2026-10-17,quantile,0.35,26
2026-10-10,06,1,wk inc rsv hosp,2026-10-17,quantile,0.4,28
2026-10-10,06,1,wk inc rsv hosp,2026-10-17,quantile,0.45,29
2026-10-10,06,1,wk inc rsv hosp,2026-10-17,quantile,0.5,30
2026-10-10,06,1,wk inc rsv hosp,2026-10-17,quantile,0.55,32
2026-10-10,06,1,wk inc rsv hosp,2026-10-17,quantile,0.6,33
2026-10-10,06,1,wk inc rsv hosp,2026-10-17,quantile,0.65,35
2026-10-10,06,1,wk inc rsv hosp,2026-10-17,quantile,0.7,37
2026-10-10,06,1,wk inc rsv hosp,2026-10-17,quantile,0.75,39
2026-10-10,06,1,wk inc rsv hosp,2026-10-17,quantile,0.8,41
2026-10-10,06,1,wk inc rsv hosp,2026-10-17,quantile,0.85,44.149999999999864
2026-10-10,06,1,wk inc rsv hosp,2026-10-17,quantile,0.9,49
2026-10-10,06,1,wk inc rsv hosp,2026-10-17,quantile,0.95,64
2026-10-10,06,1,wk inc rsv hosp,2026-10-17,quantile,0.975,72
2026-10-10,06,1,wk inc rsv hosp,2026-10-17,quantile,0.99,81
2026-10-10,06,2,wk inc rsv hosp,2026-10-24,quantile,0.01,10
2026-10-10,06,2,wk inc rsv hosp,2026-10-24,quantile,0.025,12
2026-10-10,06,2,wk inc rsv hosp,2026-10-24,quantile,0.05,15
2026-10-10,06,2,wk inc rsv hosp,2026-10-24,quantile,0.1,19
2026-10-10,06,2,wk inc rsv hosp,2026-10-24,quantile,0.15,23
2026-10-10,06,2,wk inc rsv hosp,2026-10-24,quantile,0.2,26
2026-10-10,06,2,wk inc rsv hosp,2026-10-24,quantile,0.25,30
2026-10-10,06,2,wk inc rsv hosp,2026-10-24,quantile,0.3,33
2026-10-10,06,2,wk inc rsv hosp,2026-10-24,quantile,0.35,36
2026-10-10,06,2,wk inc rsv hosp,2026-10-24,quantile,0.4,39
2026-10-10,06,2,wk inc rsv hosp,2026-10-24,quantile,0.45,39.30755564801066
2026-10-10,06,2,wk inc rsv hosp,2026-10-24,quantile,0.5,39.50528121064398
2026-10-10,06,2,wk inc rsv hosp,2026-10-24,quantile,0.55,40.03402280044574
2026-10-10,06,2,wk inc rsv hosp,2026-10-24,quantile,0.6,40.280776578795326
2026-10-10,06,2,wk inc rsv hosp,2026-10-24,quantile,0.65,41.55075564164056
2026-10-10,06,2,wk inc rsv hosp,2026-10-24,quantile,0.7,43
2026-10-10,06,2,wk inc rsv hosp,2026-10-24,quantile,0.75,47
2026-10-10,06,2,wk inc rsv hosp,2026-10-24,quantile,0.8,51
2026-10-10,06,2,wk inc rsv hosp,2026-10-24,quantile,0.85,56
2026-10-10,06,2,wk inc rsv hosp,2026-10-24,quantile,0.9,64
2026-10-10,06,2,wk inc rsv hosp,2026-10-24,quantile,0.95,83
2026-10-10,06,2,wk inc rsv hosp,2026-10-24,quantile,0.975,92
2026-10-10,06,2,wk inc rsv hosp,2026-10-24,quantile,0.99,116.01999999999998
2026-10-10,06,3,wk inc rsv hosp,2026-10-31,quantile,0.01,8.5
2026-10-10,06,3,wk inc rsv hosp,2026-10-31,quantile,0.025,11.5
2026-10-10,06,3,wk inc rsv hosp,2026-10-31,quantile,0.05,15.5
2026-10-10,06,3,wk inc rsv hosp,2026-10-31,quantile,0.1,20.5
2026-10-10,06,3,wk inc rsv hosp,2026-10-31,quantile,0.15,23.5
2026-10-10,06,3,wk inc rsv hosp,2026-10-31,quantile,0.2,29
2026-10-10,06,3,wk inc rsv hosp,2026-10-31,quantile,0.25,34
2026-10-10,06,3,wk inc rsv hosp,2026-10-31,quantile,0.3,38
2026-10-10,06,3,wk inc rsv hosp,2026-10-31,quantile,0.35,42.5
2026-10-10,06,3,wk inc rsv hosp,2026-10-31,quantile,0.4,45.5
2026-10-10,06,3,wk inc rsv hosp,2026-10-31,quantile,0.45,49
2026-10-10,06,3,wk inc rsv hosp,2026-10-31,quantile,0.5,51.992297959000766
2026-10-10,06,3,wk inc rsv hosp,2026-10-31,quantile,0.55,56.209242199635575
2026-10-10,06,3,wk inc rsv hosp,2026-10-31,quantile,0.6,58.41609468103944
2026-10-10,06,3,wk inc rsv hosp,2026-10-31,quantile,0.65,62.18685008661364
2026-10-10,06,3,wk inc rsv hosp,2026-10-31,quantile,0.7,65.76644718200234
2026-10-10,06,3,wk inc rsv hosp,2026-10-31,quantile,0.75,70.17583281942355
2026-10-10,06,3,wk inc rsv hosp,2026-10-31,quantile,0.8,74.67115735834591
2026-10-10,06,3,wk inc rsv hosp,2026-10-31,quantile,0.85,79.45903947225608
2026-10-10,06,3,wk inc rsv hosp,2026-10-31,quantile,0.9,90.18676691100949
2026-10-10,06,3,wk inc rsv hosp,2026-10-31,quantile,0.95,132.34376941543076
2026-10-10,06,3,wk inc rsv hosp,2026-10-31,quantile,0.975,150.21854449903475
2026-10-10,06,3,wk inc rsv hosp,2026-10-31,quantile,0.99,177.92671172423826
2026-10-10,08,-1,wk inc rsv hosp,2026-10-03,quantile,0.01,0
2026-10-10,08,-1,wk inc rsv hosp,2026-10-03,quantile,0.025,1
2026-10-10,08,-1,wk inc rsv hosp,2026-10-03,quantile,0.05,2
2026-10-10,08,-1,wk inc rsv hosp,2026-10-03,quantile,0.1,2
2026-10-10,08,-1,wk inc rsv hosp,2026-10-03,quantile,0.15,2
2026-10-10,08,-1,wk inc rsv hosp,2026-10-03,quantile,0.2,2
2026-10-10,08,-1,wk inc rsv hosp,2026-10-03,quantile,0.25,2
2026-10-10,08,-1,wk inc rsv hosp,2026-10-03,quantile,0.3,2
2026-10-10,08,-1,wk inc rsv hosp,2026-10-03,quantile,0.35,2
2026-10-10,08,-1,wk inc rsv hosp,2026-10-03,quantile,0.4,2
2026-10-10,08,-1,wk inc rsv hosp,2026-10-03,quantile,0.45,2
2026-10-10,08,-1,wk inc rsv hosp,2026-10-03,quantile,0.5,2
2026-10-10,08,-1,wk inc rsv hosp,2026-10-03,quantile,0.55,2
2026-10-10,08,-1,wk inc rsv hosp,2026-10-03,quantile,0.6,2
2026-10-10,08,-1,wk inc rsv hosp,2026-10-03,quantile,0.65,2
2026-10-10,08,-1,wk inc rsv hosp,2026-10-03,quantile,0.7,2
2026-10-10,08,-1,wk inc rsv hosp,2026-10-03,quantile,0.75,2
2026-10-10,08,-1,wk inc rsv hosp,2026-10-03,quantile,0.8,3
2026-10-10,08,-1,wk inc rsv hosp,2026-10-03,quantile,0.85,3
2026-10-10,08,-1,wk inc rsv hosp,2026-10-03,quantile,0.9,3
2026-10-10,08,-1,wk inc rsv hosp,2026-10-03,quantile,0.95,4
2026-10-10,08,-1,wk inc rsv hosp,2026-10-03,quantile,0.975,5
2026-10-10,08,-1,wk inc rsv hosp,2026-10-03,quantile,0.99,6
2026-10-10,08,0,wk inc rsv hosp,2026-10-10,quantile,0.01,0
2026-10-10,08,0,wk inc rsv hosp,2026-10-10,quantile,0.025,0
2026-10-10,08,0,wk inc rsv hosp,2026-10-10,quantile,0.05,0
2026-10-10,08,0,wk inc rsv hosp,2026-10-10,quantile,0.1,0
2026-10-10,08,0,wk inc rsv hosp,2026-10-10,quantile,0.15,0
2026-10-10,08,0,wk inc rsv hosp,2026-10-10,quantile,0.2,1
2026-10-10,08,0,wk inc rsv hosp,2026-10-10,quantile,0.25,1
2026-10-10,08,0,wk inc rsv hosp,2026-10-10,quantile,0.3,1
2026-10-10,08,0,wk inc rsv hosp,2026-10-10,quantile,0.35,1
2026-10-10,08,0,wk inc rsv hosp,2026-10-10,quantile,0.4,2
2026-10-10,08,0,wk inc rsv hosp,2026-10-10,quantile,0.45,2
2026-10-10,08,0,wk inc rsv hosp,2026-10-10,quantile,0.5,2
2026-10-10,08,0,wk inc rsv hosp,2026-10-10,quantile,0.55,2
2026-10-10,08,0,wk inc rsv hosp,2026-10-10,quantile,0.6,3
2026-10-10,08,0,wk inc rsv hosp,2026-10-10,quantile,0.65,3
2026-10-10,08,0,wk inc rsv hosp,2026-10-10,quantile,0.7,3
2026-10-10,08,0,wk inc rsv hosp,2026-10-10,quantile,0.75,3
2026-10-10,08,0,wk inc rsv hosp,2026-10-10,quantile,0.8,4
2026-10-10,08,0,wk inc rsv hosp,2026-10-10,quantile,0.85,4
2026-10-10,08,0,wk inc rsv hosp,2026-10-10,quantile,0.9,5
2026-10-10,08,0,wk inc rsv hosp,2026-10-10,quantile,0.95,6
2026-10-10,08,0,wk inc rsv hosp,2026-10-10,quantile,0.975,8
2026-10-10,08,0,wk inc rsv hosp,2026-10-10,quantile,0.99,9
2026-10-10,08,1,wk inc rsv hosp,2026-10-17,quantile,0.01,0
2026-10-10,08,1,wk inc rsv hosp,2026-10-17,quantile,0.025,0
2026-10-10,08,1,wk inc rsv hosp,2026-10-17,quantile,0.05,0
2026-10-10,08,1,wk inc rsv hosp,2026-10-17,quantile,0.1,0
2026-10-10,08,1,wk inc rsv hosp,2026-10-17,quantile,0.15,0
2026-10-10,08,1,wk inc rsv hosp,2026-10-17,quantile,0.2,1
2026-10-10,08,1,wk inc rsv hosp,2026-10-17,quantile,0.25,1
2026-10-10,08,1,wk inc rsv hosp,2026-10-17,quantile,0.3,1
2026-10-10,08,1,wk inc rsv hosp,2026-10-17,quantile,0.35,1
2026-10-10,08,1,wk inc rsv hosp,2026-10-17,quantile,0.4,2
2026-10-10,08,1,wk inc rsv hosp,2026-10-17,quantile,0.45,2
2026-10-10,08,1,wk inc rsv hosp,2026-10-17,quantile,0.5,3
2026-10-10,08,1,wk inc rsv hosp,2026-10-17,quantile,0.55,3
2026-10-10,08,1,wk inc rsv hosp,2026-10-17,quantile,0.6,3
2026-10-10,08,1,wk inc rsv hosp,2026-10-17,quantile,0.65,3
2026-10-10,08,1,wk inc rsv hosp,2026-10-17,quantile,0.7,4
2026-10-10,08,1,wk inc rsv hosp,2026-10-17,quantile,0.75,4
2026-10-10,08,1,wk inc rsv hosp,2026-10-17,quantile,0.8,5
2026-10-10,08,1,wk inc rsv hosp,2026-10-17,quantile,0.85,5
2026-10-10,08,1,wk inc rsv hosp,2026-10-17,quantile,0.9,6
2026-10-10,08,1,wk inc rsv hosp,2026-10-17,quantile,0.95,8
2026-10-10,08,1,wk inc rsv hosp,2026-10-17,quantile,0.975,9
2026-10-10,08,1,wk inc rsv hosp,2026-10-17,quantile,0.99,10
2026-10-10,08,2,wk inc rsv hosp,2026-10-24,quantile,0.01,0
2026-10-10,08,2,wk inc rsv hosp,2026-10-24,quantile,0.025,0
2026-10-10,08,2,wk inc rsv hosp,2026-10-24,quantile,0.05,0
2026-10-10,08,2,wk inc rsv hosp,2026-10-24,quantile,0.1,0
2026-10-10,08,2,wk inc rsv hosp,2026-10-24,quantile,0.15,0
2026-10-10,08,2,wk inc rsv hosp,2026-10-24,quantile,0.2,1
2026-10-10,08,2,wk inc rsv hosp,2026-10-24,quantile,0.25,1
2026-10-10,08,2,wk inc rsv hosp,2026-10-24,quantile,0.3,1
2026-10-10,08,2,wk inc rsv hosp,2026-10-24,quantile,0.35,2
2026-10-10,08,2,wk inc rsv hosp,2026-10-24,quantile,0.4,2
2026-10-10,08,2,wk inc rsv hosp,2026-10-24,quantile,0.45,2
2026-10-10,08,2,wk inc rsv hosp,2026-10-24,quantile,0.5,2
2026-10-10,08,2,wk inc rsv hosp,2026-10-24,quantile,0.55,3
2026-10-10,08,2,wk inc rsv hosp,2026-10-24,quantile,0.6,3
2026-10-10,08,2,wk inc rsv hosp,2026-10-24,quantile,0.65,4
2026-10-10,08,2,wk inc rsv hosp,2026-10-24,quantile,0.7,4
2026-10-10,08,2,wk inc rsv hosp,2026-10-24,quantile,0.75,5
2026-10-10,08,2,wk inc rsv hosp,2026-10-24,quantile,0.8,6
2026-10-10,08,2,wk inc rsv hosp,2026-10-24,quantile,0.85,6
2026-10-10,08,2,wk inc rsv hosp,2026-10-24,quantile,0.9,7
2026-10-10,08,2,wk inc rsv hosp,2026-10-24,quantile,0.95,10
2026-10-10,08,2,wk inc rsv hosp,2026-10-24,quantile,0.975,12
2026-10-10,08,2,wk inc rsv hosp,2026-10-24,quantile,0.99,14
2026-10-10,08,3,wk inc rsv hosp,2026-10-31,quantile,0.01,0
2026-10-10,08,3,wk inc rsv hosp,2026-10-31,quantile,0.025,0
2026-10-10,08,3,wk inc rsv hosp,2026-10-31,quantile,0.05,0
2026-10-10,08,3,wk inc rsv hosp,2026-10-31,quantile,0.1,0.14758770342888594
2026-10-10,08,3,wk inc rsv hosp,2026-10-31,quantile,0.15,0.7894505935216689
2026-10-10,08,3,wk inc rsv hosp,2026-10-31,quantile,0.2,0.8668549158065803
2026-10-10,08,3,wk inc rsv hosp,2026-10-31,quantile,0.25,1
2026-10-10,08,3,wk inc rsv hosp,2026-10-31,quantile,0.3,1.516341329680213
2026-10-10,08,3,wk inc rsv hosp,2026-10-31,quantile,0.35,2
2026-10-10,08,3,wk inc rsv hosp,2026-10-31,quantile,0.4,2
2026-10-10,08,3,wk inc rsv hosp,2026-10-31,quantile,0.45,2.5
2026-10-10,08,3,wk inc rsv hosp,2026-10-31,quantile,0.5,3
2026-10-10,08,3,wk inc rsv hosp,2026-10-31,quantile,0.55,3.5
2026-10-10,08,3,wk inc rsv hosp,2026-10-31,quantile,0.6,4.5
2026-10-10,08,3,wk inc rsv hosp,2026-10-31,quantile,0.65,4.5
2026-10-10,08,3,wk inc rsv hosp,2026-10-31,quantile,0.7,5.5
2026-10-10,08,3,wk inc rsv hosp,2026-10-31,quantile,0.75,6
2026-10-10,08,3,wk inc rsv hosp,2026-10-31,quantile,0.8,6.5
2026-10-10,08,3,wk inc rsv hosp,2026-10-31,quantile,0.85,7.5
2026-10-10,08,3,wk inc rsv hosp,2026-10-31,quantile,0.9,10.5
2026-10-10,08,3,wk inc rsv hosp,2026-10-31,quantile,0.95,20
2026-10-10,08,3,wk inc rsv hosp,2026-10-31,quantile,0.975,25.5
2026-10-10,08,3,wk inc rsv hosp,2026-10-31,quantile,0.99,27.5
2026-10-10,09,-1,wk inc rsv hosp,2026-10-03,quantile,0.01,0
2026-10-10,09,-1,wk inc rsv hosp,2026-10-03,quantile,0.025,0
2026-10-10,09,-1,wk inc rsv hosp,2026-10-03,quantile,0.05,0
2026-10-10,09,-1,wk inc rsv hosp,2026-10-03,quantile,0.1,0
2026-10-10,09,-1,wk inc rsv hosp,2026-10-03,quantile,0.15,1
2026-10-10,09,-1,wk inc rsv hosp,2026-10-03,quantile,0.2,1
2026-10-10,09,-1,wk inc rsv hosp,2026-10-03,quantile,0.25,1
2026-10-10,09,-1,wk inc rsv hosp,2026-10-03,quantile,0.3,1
2026-10-10,09,-1,wk inc rsv hosp,2026-10-03,quantile,0.35,1
2026-10-10,09,-1,wk inc rsv hosp,2026-10-03,quantile,0.4,1
2026-10-10,09,-1,wk inc rsv hosp,2026-10-03,quantile,0.45,1
2026-10-10,09,-1,wk inc rsv hosp,2026-10-03,quantile,0.5,1
2026-10-10,09,-1,wk inc rsv hosp,2026-10-03,quantile,0.55,1
2026-10-10,09,-1,wk inc rsv hosp,2026-10-03,quantile,0.6,1
2026-10-10,09,-1,wk inc rsv hosp,2026-10-03,quantile,0.65,1
2026-10-10,09,-1,wk inc rsv hosp,2026-10-03,quantile,0.7,1
2026-10-10,09,-1,wk inc rsv hosp,2026-10-03,quantile,0.75,2
2026-10-10,09,-1,wk inc rsv hosp,2026-10-03,quantile,0.8,2
2026-10-10,09,-1,wk inc rsv hosp,2026-10-03,quantile,0.85,2
2026-10-10,09,-1,wk inc rsv hosp,2026-10-03,quantile,0.9,2
2026-10-10,09,-1,wk inc rsv hosp,2026-10-03,quantile,0.95,3
2026-10-10,09,-1,wk inc rsv hosp,2026-10-03,quantile,0.975,3
2026-10-10,09,-1,wk inc rsv hosp,2026-10-03,quantile,0.99,4
2026-10-10,09,0,wk inc rsv hosp,2026-10-10,quantile,0.01,0
2026-10-10,09,0,wk inc rsv hosp,2026-10-10,quantile,0.025,0
2026-10-10,09,0,wk inc rsv hosp,2026-10-10,quantile,0.05,0
2026-10-10,09,0,wk inc rsv hosp,2026-10-10,quantile,0.1,0
2026-10-10,09,0,wk inc rsv hosp,2026-10-10,quantile,0.15,0
2026-10-10,09,0,wk inc rsv hosp,2026-10-10,quantile,0.2,0.22003158028723144
2026-10-10,09,0,wk inc rsv hosp,2026-10-10,quantile,0.25,1
2026-10-10,09,0,wk inc rsv hosp,2026-10-10,quantile,0.3,1
2026-10-10,09,0,wk inc rsv hosp,2026-10-10,quantile,0.35,1
2026-10-10,09,0,wk inc rsv hosp,2026-10-10,quantile,0.4,1
2026-10-10,09,0,wk inc rsv hosp,2026-10-10,quantile,0.45,1
2026-10-10,09,0,wk inc rsv hosp,2026-10-10,quantile,0.5,1
2026-10-10,09,0,wk inc rsv hosp,2026-10-10,quantile,0.55,2
2026-10-10,09,0,wk inc rsv hosp,2026-10-10,quantile,0.6,2
2026-10-10,09,0,wk inc rsv hosp,2026-10-10,quantile,0.65,2
2026-10-10,09,0,wk inc rsv hosp,2026-10-10,quantile,0.7,2
2026-10-10,09,0,wk inc rsv hosp,2026-10-10,quantile,0.75,3
2026-10-10,09,0,wk inc rsv hosp,2026-10-10,quantile,0.8,3
2026-10-10,09,0,wk inc rsv hosp,2026-10-10,quantile,0.85,3
2026-10-10,09,0,wk inc rsv hosp,2026-10-10,quantile,0.9,4
2026-10-10,09,0,wk inc rsv hosp,2026-10-10,quantile,0.95,6
2026-10-10,09,0,wk inc rsv hosp,2026-10-10,quantile,0.975,7
2026-10-10,09,0,wk inc rsv hosp,2026-10-10,quantile,0.99,8
2026-10-10,09,1,wk inc rsv hosp,2026-10-17,quantile,0.01,0
2026-10-10,09,1,wk inc rsv hosp,2026-10-17,quantile,0.025,0
2026-10-10,09,1,wk inc rsv hosp,2026-10-17,quantile,0.05,0
2026-10-10,09,1,wk inc rsv hosp,2026-10-17,quantile,0.1,0
2026-10-10,09,1,wk inc rsv hosp,2026-10-17,quantile,0.15,0.7543527867717568
2026-10-10,09,1,wk inc rsv hosp,2026-10-17,quantile,0.2,1
2026-10-10,09,1,wk inc rsv hosp,2026-10-17,quantile,0.25,1
2026-10-10,09,1,wk inc rsv hosp,2026-10-17,quantile,0.3,1
2026-10-10,09,1,wk inc rsv hosp,2026-10-17,quantile,0.35,1
2026-10-10,09,1,wk inc rsv hosp,2026-10-17,quantile,0.4,1.0758805515049537
2026-10-10,09,1,wk inc rsv hosp,2026-10-17,quantile,0.45,2
2026-10-10,09,1,wk inc rsv hosp,2026-10-17,quantile,0.5,2
2026-10-10,09,1,wk inc rsv hosp,2026-10-17,quantile,0.55,2
2026-10-10,09,1,wk inc rsv hosp,2026-10-17,quantile,0.6,2
2026-10-10,09,1,wk inc rsv hosp,2026-10-17,quantile,0.65,2
2026-10-10,09,1,wk inc rsv hosp,2026-10-17,quantile,0.7,3
2026-10-10,09,1,wk inc rsv hosp,2026-10-17,quantile,0.75,3
2026-10-10,09,1,wk inc rsv hosp,2026-10-17,quantile,0.8,4
2026-10-10,09,1,wk inc rsv hosp,2026-10-17,quantile,0.85,4
2026-10-10,09,1,wk inc rsv hosp,2026-10-17,quantile,0.9,5
2026-10-10,09,1,wk inc rsv hosp,2026-10-17,quantile,0.95,7
2026-10-10,09,1,wk inc rsv hosp,2026-10-17,quantile,0.975,8
2026-10-10,09,1,wk inc rsv hosp,2026-10-17,quantile,0.99,11
2026-10-10,09,2,wk inc rsv hosp,2026-10-24,quantile,0.01,0
2026-10-10,09,2,wk inc rsv hosp,2026-10-24,quantile,0.025,0
2026-10-10,09,2,wk inc rsv hosp,2026-10-24,quantile,0.05,0
2026-10-10,09,2,wk inc rsv hosp,2026-10-24,quantile,0.1,0
2026-10-10,09,2,wk inc rsv hosp,2026-10-24,quantile,0.15,1
2026-10-10,09,2,wk inc rsv hosp,2026-10-24,quantile,0.2,1
2026-10-10,09,2,wk inc rsv hosp,2026-10-24,quantile,0.25,1
2026-10-10,09,2,wk inc rsv hosp,2026-10-24,quantile,0.3,2
2026-10-10,09,2,wk inc rsv hosp,2026-10-24,quantile,0.35,2
2026-10-10,09,2,wk inc rsv hosp,2026-10-24,quantile,0.4,2
2026-10-10,09,2,wk inc rsv hosp,2026-10-24,quantile,0.45,2
2026-10-10,09,2,wk inc rsv hosp,2026-10-24,quantile,0.5,3
2026-10-10,09,2,wk inc rsv hosp,2026-10-24,quantile,0.55,3
2026-10-10,09,2,wk inc rsv hosp,2026-10-24,quantile,0.6,3
2026-10-10,09,2,wk inc rsv hosp,2026-10-24,quantile,0.65,3
2026-10-10,09,2,wk inc rsv hosp,2026-10-24,quantile,0.7,4
2026-10-10,09,2,wk inc rsv hosp,2026-10-24,quantile,0.75,5
2026-10-10,09,2,wk inc rsv hosp,2026-10-24,quantile,0.8,5
2026-10-10,09,2,wk inc rsv hosp,2026-10-24,quantile,0.85,6
2026-10-10,09,2,wk inc rsv hosp,2026-10-24,quantile,0.9,8.401864484189382
2026-10-10,09,2,wk inc rsv hosp,2026-10-24,quantile,0.95,10.696124340600928
2026-10-10,09,2,wk inc rsv hosp,2026-10-24,quantile,0.975,13
2026-10-10,09,2,wk inc rsv hosp,2026-10-24,quantile,0.99,23
2026-10-10,09,3,wk inc rsv hosp,2026-10-31,quantile,0.01,0
2026-10-10,09,3,wk inc rsv hosp,2026-10-31,quantile,0.025,0
2026-10-10,09,3,wk inc rsv hosp,2026-10-31,quantile,0.05,0
2026-10-10,09,3,wk inc rsv hosp,2026-10-31,quantile,0.1,0
2026-10-10,09,3,wk inc rsv hosp,2026-10-31,quantile,0.15,0
2026-10-10,09,3,wk inc rsv hosp,2026-10-31,quantile,0.2,1.5
2026-10-10,09,3,wk inc rsv hosp,2026-10-31,quantile,0.25,1.5
2026-10-10,09,3,wk inc rsv hosp,2026-10-31,quantile,0.3,1.5
2026-10-10,09,3,wk inc rsv hosp,2026-10-31,quantile,0.35,1.5
2026-10-10,09,3,wk inc rsv hosp,2026-10-31,quantile,0.4,2.5
2026-10-10,09,3,wk inc rsv hosp,2026-10-31,quantile,0.45,2.5
2026-10-10,09,3,wk inc rsv hosp,2026-10-31,quantile,0.5,2.5
2026-10-10,09,3,wk inc rsv hosp,2026-10-31,quantile,0.55,3.5
2026-10-10,09,3,wk inc rsv hosp,2026-10-31,quantile,0.6,4
2026-10-10,09,3,wk inc rsv hosp,2026-10-31,quantile,0.65,4
2026-10-10,09,3,wk inc rsv hosp,2026-10-31,quantile,0.7,5
2026-10-10,09,3,wk inc rsv hosp,2026-10-31,quantile,0.75,5.5
2026-10-10,09,3,wk inc rsv hosp,2026-10-31,quantile,0.8,6
2026-10-10,09,3,wk inc rsv hosp,2026-10-31,quantile,0.85,8.5
2026-10-10,09,3,wk inc rsv hosp,2026-10-31,quantile,0.9,10.5
2026-10-10,09,3,wk inc rsv hosp,2026-10-31,quantile,0.95,15.915250954496466
2026-10-10,09,3,wk inc rsv hosp,2026-10-31,quantile,0.975,21.194855493107426
2026-10-10,09,3,wk inc rsv hosp,2026-10-31,quantile,0.99,28.66160985824702
2026-10-10,10,-1,wk inc rsv hosp,2026-10-03,quantile,0.01,3
2026-10-10,10,-1,wk inc rsv hosp,2026-10-03,quantile,0.025,4
2026-10-10,10,-1,wk inc rsv hosp,2026-10-03,quantile,0.05,4
2026-10-10,10,-1,wk inc rsv hosp,2026-10-03,quantile,0.1,5
2026-10-10,10,-1,wk inc rsv hosp,2026-10-03,quantile,0.15,5
2026-10-10,10,-1,wk inc rsv hosp,2026-10-03,quantile,0.2,5
2026-10-10,10,-1,wk inc rsv hosp,2026-10-03,quantile,0.25,5
2026-10-10,10,-1,wk inc rsv hosp,2026-10-03,quantile,0.3,5
2026-10-10,10,-1,wk inc rsv hosp,2026-10-03,quantile,0.35,6
2026-10-10,10,-1,wk inc rsv hosp,2026-10-03,quantile,0.4,6
2026-10-10,10,-1,wk inc rsv hosp,2026-10-03,quantile,0.45,6
2026-10-10,10,-1,wk inc rsv hosp,2026-10-03,quantile,0.5,6
2026-10-10,10,-1,wk inc rsv hosp,2026-10-03,quantile,0.55,6
2026-10-10,10,-1,wk inc rsv hosp,2026-10-03,quantile,0.6,6
2026-10-10,10,-1,wk inc rsv hosp,2026-10-03,quantile,0.65,7
2026-10-10,10,-1,wk inc rsv hosp,2026-10-03,quantile,0.7,7
2026-10-10,10,-1,wk inc rsv hosp,2026-10-03,quantile,0.75,7
2026-10-10,10,-1,wk inc rsv hosp,2026-10-03,quantile,0.8,7
2026-10-10,10,-1,wk inc rsv hosp,2026-10-03,quantile,0.85,8
2026-10-10,10,-1,wk inc rsv hosp,2026-10-03,quantile,0.9,8
2026-10-10,10,-1,wk inc rsv hosp,2026-10-03,quantile,0.95,9
2026-10-10,10,-1,wk inc rsv hosp,2026-10-03,quantile,0.975,10
2026-10-10,10,-1,wk inc rsv hosp,2026-10-03,quantile,0.99,11
2026-10-10,10,0,wk inc rsv hosp,2026-10-10,quantile,0.01,1
2026-10-10,10,0,wk inc rsv hosp,2026-10-10,quantile,0.025,1
2026-10-10,10,0,wk inc rsv hosp,2026-10-10,quantile,0.05,2
2026-10-10,10,0,wk inc rsv hosp,2026-10-10,quantile,0.1,3
2026-10-10,10,0,wk inc rsv hosp,2026-10-10,quantile,0.15,3.5
2026-10-10,10,0,wk inc rsv hosp,2026-10-10,quantile,0.2,4.5
2026-10-10,10,0,wk inc rsv hosp,2026-10-10,quantile,0.25,5
2026-10-10,10,0,wk inc rsv hosp,2026-10-10,quantile,0.3,5
2026-10-10,10,0,wk inc rsv hosp,2026-10-10,quantile,0.35,5.5
2026-10-10,10,0,wk inc rsv hosp,2026-10-10,quantile,0.4,6
2026-10-10,10,0,wk inc rsv hosp,2026-10-10,quantile,0.45,6
2026-10-10,10,0,wk inc rsv hosp,2026-10-10,quantile,0.5,7
2026-10-10,10,0,wk inc rsv hosp,2026-10-10,quantile,0.55,7
2026-10-10,10,0,wk inc rsv hosp,2026-10-10,quantile,0.6,7.5
2026-10-10,10,0,wk inc rsv hosp,2026-10-10,quantile,0.65,8.5
2026-10-10,10,0,wk inc rsv hosp,2026-10-10,quantile,0.7,8.5
2026-10-10,10,0,wk inc rsv hosp,2026-10-10,quantile,0.75,9.5
2026-10-10,10,0,wk inc rsv hosp,2026-10-10,quantile,0.8,10
2026-10-10,10,0,wk inc rsv hosp,2026-10-10,quantile,0.85,11.300106088450882
2026-10-10,10,0,wk inc rsv hosp,2026-10-10,quantile,0.9,13
2026-10-10,10,0,wk inc rsv hosp,2026-10-10,quantile,0.95,15.5
2026-10-10,10,0,wk inc rsv hosp,2026-10-10,quantile,0.975,19
2026-10-10,10,0,wk inc rsv hosp,2026-10-10,quantile,0.99,21.504999999999995
2026-10-10,10,1,wk inc rsv hosp,2026-10-17,quantile,0.01,0.5
2026-10-10,10,1,wk inc rsv hosp,2026-10-17,quantile,0.025,1
2026-10-10,10,1,wk inc rsv hosp,2026-10-17,quantile,0.05,2
2026-10-10,10,1,wk inc rsv hosp,2026-10-17,quantile,0.1,3.5
2026-10-10,10,1,wk inc rsv hosp,2026-10-17,quantile,0.15,4
2026-10-10,10,1,wk inc rsv hosp,2026-10-17,quantile,0.2,5
2026-10-10,10,1,wk inc rsv hosp,2026-10-17,quantile,0.25,5.5
2026-10-10,10,1,wk inc rsv hosp,2026-10-17,quantile,0.3,6
2026-10-10,10,1,wk inc rsv hosp,2026-10-17,quantile,0.35,6.5
2026-10-10,10,1,wk inc rsv hosp,2026-10-17,quantile,0.4,7
2026-10-10,10,1,wk inc rsv hosp,2026-10-17,quantile,0.45,8
2026-10-10,10,1,wk inc rsv hosp,2026-10-17,quantile,0.5,8.5
2026-10-10,10,1,wk inc rsv hosp,2026-10-17,quantile,0.55,9.5
2026-10-10,10,1,wk inc rsv hosp,2026-10-17,quantile,0.6,9.779220295462032
2026-10-10,10,1,wk inc rsv hosp,2026-10-17,quantile,0.65,10.628125844340762
2026-10-10,10,1,wk inc rsv hosp,2026-10-17,quantile,0.7,11.600214485440176
2026-10-10,10,1,wk inc rsv hosp,2026-10-17,quantile,0.75,13.058570890774678
2026-10-10,10,1,wk inc rsv hosp,2026-10-17,quantile,0.8,13.982267014346432
2026-10-10,10,1,wk inc rsv hosp,2026-10-17,quantile,0.85,15.613370029432199
2026-10-10,10,1,wk inc rsv hosp,2026-10-17,quantile,0.9,18.326507702094652
2026-10-10,10,1,wk inc rsv hosp,2026-10-17,quantile,0.95,24.5845582393518
2026-10-10,10,1,wk inc rsv hosp,2026-10-17,quantile,0.975,29.837105533378722
2026-10-10,10,1,wk inc rsv hosp,2026-10-17,quantile,0.99,30.965787272019003
2026-10-10,10,2,wk inc rsv hosp,2026-10-24,quantile,0.01,0.5
2026-10-10,10,2,wk inc rsv hosp,2026-10-24,quantile,0.025,1
2026-10-10,10,2,wk inc rsv hosp,2026-10-24,quantile,0.05,2
2026-10-10,10,2,wk inc rsv hosp,2026-10-24,quantile,0.1,3.5
2026-10-10,10,2,wk inc rsv hosp,2026-10-24,quantile,0.15,4
2026-10-10,10,2,wk inc rsv hosp,2026-10-24,quantile,0.2,5
2026-10-10,10,2,wk inc rsv hosp,2026-10-24,quantile,0.25,6
2026-10-10,10,2,wk inc rsv hosp,2026-10-24,quantile,0.3,6.5
2026-10-10,10,2,wk inc rsv hosp,2026-10-24,quantile,0.35,7.5
2026-10-10,10,2,wk inc rsv hosp,2026-10-24,quantile,0.4,8.361253918539411
2026-10-10,10,2,wk inc rsv hosp,2026-10-24,quantile,0.45,9.5
2026-10-10,10,2,wk inc rsv hosp,2026-10-24,quantile,0.5,10.250687578105916
2026-10-10,10,2,wk inc rsv hosp,2026-10-24,quantile,0.55,12.5
2026-10-10,10,2,wk inc rsv hosp,2026-10-24,quantile,0.6,14
2026-10-10,10,2,wk inc rsv hosp,2026-10-24,quantile,0.65,15.675000000000068
2026-10-10,10,2,wk inc rsv hosp,2026-10-24,quantile,0.7,17.132975281717137
2026-10-10,10,2,wk inc rsv hosp,2026-10-24,quantile,0.75,19.0410099490324
2026-10-10,10,2,wk inc rsv hosp,2026-10-24,quantile,0.8,21.88133601531336
2026-10-10,10,2,wk inc rsv hosp,2026-10-24,quantile,0.85,24.84324285214864
2026-10-10,10,2,wk inc rsv hosp,2026-10-24,quantile,0.9,29.091817169171357
2026-10-10,10,2,wk inc rsv hosp,2026-10-24,quantile,0.95,35.758441435726915
2026-10-10,10,2,wk inc rsv hosp,2026-10-24,quantile,0.975,37.30255324519074
2026-10-10,10,2,wk inc rsv hosp,2026-10-24,quantile,0.99,39.000265139850676
2026-10-10,10,3,wk inc rsv hosp,2026-10-31,quantile,0.01,0
2026-10-10,10,3,wk inc rsv hosp,2026-10-31,quantile,0.025,1
2026-10-10,10,3,wk inc rsv hosp,2026-10-31,quantile,0.05,2
2026-10-10,10,3,wk inc rsv hosp,2026-10-31,quantile,0.1,4
2026-10-10,10,3,wk inc rsv hosp,2026-10-31,quantile,0.15,5
2026-10-10,10,3,wk inc rsv hosp,2026-10-31,quantile,0.2,6.800000000000011
2026-10-10,10,3,wk inc rsv hosp,2026-10-31,quantile,0.25,7.661004224668186
2026-10-10,10,3,wk inc rsv hosp,2026-10-31,quantile,0.3,9
2026-10-10,10,3,wk inc rsv hosp,2026-10-31,quantile,0.35,11
2026-10-10,10,3,wk inc rsv hosp,2026-10-31,quantile,0.4,12
2026-10-10,10,3,wk inc rsv hosp,2026-10-31,quantile,0.45,14
2026-10-10,10,3,wk inc rsv hosp,2026-10-31,quantile,0.5,16
2026-10-10,10,3,wk inc rsv hosp,2026-10-31,quantile,0.55,17.903630410197945
2026-10-10,10,3,wk inc rsv hosp,2026-10-31,quantile,0.6,19.09603368524225
2026-10-10,10,3,wk inc rsv hosp,2026-10-31,quantile,0.65,22.369792990996025
2026-10-10,10,3,wk inc rsv hosp,2026-10-31,quantile,0.7,25.545601890891007
2026-10-10,10,3,wk inc rsv hosp,2026-10-31,quantile,0.75,27.78138918359787
2026-10-10,10,3,wk inc rsv hosp,2026-10-31,quantile,0.8,28.49253649213943
2026-10-10,10,3,wk inc rsv hosp,2026-10-31,quantile,0.85,28.53561333364739
2026-10-10,10,3,wk inc rsv hosp,2026-10-31,quantile,0.9,28.63000017276207
2026-10-10,10,3,wk inc rsv hosp,2026-10-31,quantile,0.95,29.063336841603324
2026-10-10,10,3,wk inc rsv hosp,2026-10-31,quantile,0.975,31.503591974801452
2026-10-10,10,3,wk inc rsv hosp,2026-10-31,quantile,0.99,34.00315646237096
2026-10-10,11,-1,wk inc rsv hosp,2026-10-03,quantile,0.01,0
2026-10-10,11,-1,wk inc rsv hosp,2026-10-03,quantile,0.025,0
2026-10-10,11,-1,wk inc rsv hosp,2026-10-03,quantile,0.05,0
2026-10-10,11,-1,wk inc rsv hosp,2026-10-03,quantile,0.1,0
2026-10-10,11,-1,wk inc rsv hosp,2026-10-03,quantile,0.15,0
2026-10-10,11,-1,wk inc rsv hosp,2026-10-03,quantile,0.2,0
2026-10-10,11,-1,wk inc rsv hosp,2026-10-03,quantile,0.25,0
2026-10-10,11,-1,wk inc rsv hosp,2026-10-03,quantile,0.3,0
2026-10-10,11,-1,wk inc rsv hosp,2026-10-03,quantile,0.35,0
2026-10-10,11,-1,wk inc rsv hosp,2026-10-03,quantile,0.4,0
2026-10-10,11,-1,wk inc rsv hosp,2026-10-03,quantile,0.45,0
2026-10-10,11,-1,wk inc rsv hosp,2026-10-03,quantile,0.5,0
2026-10-10,11,-1,wk inc rsv hosp,2026-10-03,quantile,0.55,0
2026-10-10,11,-1,wk inc rsv hosp,2026-10-03,quantile,0.6,0
2026-10-10,11,-1,wk inc rsv hosp,2026-10-03,quantile,0.65,0
2026-10-10,11,-1,wk inc rsv hosp,2026-10-03,quantile,0.7,0
2026-10-10,11,-1,wk inc rsv hosp,2026-10-03,quantile,0.75,0
2026-10-10,11,-1,wk inc rsv hosp,2026-10-03,quantile,0.8,0
2026-10-10,11,-1,wk inc rsv hosp,2026-10-03,quantile,0.85,0
2026-10-10,11,-1,wk inc rsv hosp,2026-10-03,quantile,0.9,0
2026-10-10,11,-1,wk inc rsv hosp,2026-10-03,quantile,0.95,0
2026-10-10,11,-1,wk inc rsv hosp,2026-10-03,quantile,0.975,0
2026-10-10,11,-1,wk inc rsv hosp,2026-10-03,quantile,0.99,1
2026-10-10,11,0,wk inc rsv hosp,2026-10-10,quantile,0.01,0
2026-10-10,11,0,wk inc rsv hosp,2026-10-10,quantile,0.025,0
2026-10-10,11,0,wk inc rsv hosp,2026-10-10,quantile,0.05,0
2026-10-10,11,0,wk inc rsv hosp,2026-10-10,quantile,0.1,0
2026-10-10,11,0,wk inc rsv hosp,2026-10-10,quantile,0.15,0
2026-10-10,11,0,wk inc rsv hosp,2026-10-10,quantile,0.2,0
2026-10-10,11,0,wk inc rsv hosp,2026-10-10,quantile,0.25,0
2026-10-10,11,0,wk inc rsv hosp,2026-10-10,quantile,0.3,0
2026-10-10,11,0,wk inc rsv hosp,2026-10-10,quantile,0.35,0
2026-10-10,11,0,wk inc rsv hosp,2026-10-10,quantile,0.4,0
2026-10-10,11,0,wk inc rsv hosp,2026-10-10,quantile,0.45,0
2026-10-10,11,0,wk inc rsv hosp,2026-10-10,quantile,0.5,0
2026-10-10,11,0,wk inc rsv hosp,2026-10-10,quantile,0.55,0
2026-10-10,11,0,wk inc rsv hosp,2026-10-10,quantile,0.6,0.5767469653286599
2026-10-10,11,0,wk inc rsv hosp,2026-10-10,quantile,0.65,0.6375597131577002
2026-10-10,11,0,wk inc rsv hosp,2026-10-10,quantile,0.7,0.7760388972855132
2026-10-10,11,0,wk inc rsv hosp,2026-10-10,quantile,0.75,0.894275980482436
2026-10-10,11,0,wk inc rsv hosp,2026-10-10,quantile,0.8,1
2026-10-10,11,0,wk inc rsv hosp,2026-10-10,quantile,0.85,1
2026-10-10,11,0,wk inc rsv hosp,2026-10-10,quantile,0.9,1.5682701950798628
2026-10-10,11,0,wk inc rsv hosp,2026-10-10,quantile,0.95,1.7754095107536203
2026-10-10,11,0,wk inc rsv hosp,2026-10-10,quantile,0.975,2.441334686149604
2026-10-10,11,0,wk inc rsv hosp,2026-10-10,quantile,0.99,2.5516636920312252
2026-10-10,11,1,wk inc rsv hosp,2026-10-17,quantile,0.01,0
2026-10-10,11,1,wk inc rsv hosp,2026-10-17,quantile,0.025,0
2026-10-10,11,1,wk inc rsv hosp,2026-10-17,quantile,0.05,0
2026-10-10,11,1,wk inc rsv hosp,2026-10-17,quantile,0.1,0
2026-10-10,11,1,wk inc rsv hosp,2026-10-17,quantile,0.15,0
2026-10-10,11,1,wk inc rsv hosp,2026-10-17,quantile,0.2,0
2026-10-10,11,1,wk inc rsv hosp,2026-10-17,quantile,0.25,0
2026-10-10,11,1,wk inc rsv hosp,2026-10-17,quantile,0.3,0
2026-10-10,11,1,wk inc rsv hosp,2026-10-17,quantile,0.35,0
2026-10-10,11,1,wk inc rsv hosp,2026-10-17,quantile,0.4,0
2026-10-10,11,1,wk inc rsv hosp,2026-10-17,quantile,0.45,0
2026-10-10,11,1,wk inc rsv hosp,2026-10-17,quantile,0.5,0.11860930490439692
2026-10-10,11,1,wk inc rsv hosp,2026-10-17,quantile,0.55,0.7167632009937414
2026-10-10,11,1,wk inc rsv hosp,2026-10-17,quantile,0.6,0.8128495599630626
2026-10-10,11,1,wk inc rsv hosp,2026-10-17,quantile,0.65,0.8811407860243843
2026-10-10,11,1,wk inc rsv hosp,2026-10-17,quantile,0.7,0.9439017044974873
2026-10-10,11,1,wk inc rsv hosp,2026-10-17,quantile,0.75,0.9650635849963883
2026-10-10,11,1,wk inc rsv hosp,2026-10-17,quantile,0.8,1
2026-10-10,11,1,wk inc rsv hosp,2026-10-17,quantile,0.85,1.5386954627368943
2026-10-10,11,1,wk inc rsv hosp,2026-10-17,quantile,0.9,1.6038294150750172
2026-10-10,11,1,wk inc rsv hosp,2026-10-17,quantile,0.95,2.4050993116612585
2026-10-10,11,1,wk inc rsv hosp,2026-10-17,quantile,0.975,2.759783450107347
2026-10-10,11,1,wk inc rsv hosp,2026-10-17,quantile,0.99,3.5383167707837444
2026-10-10,11,2,wk inc rsv hosp,2026-10-24,quantile,0.01,0
2026-10-10,11,2,wk inc rsv hosp,2026-10-24,quantile,0.025,0
2026-10-10,11,2,wk inc rsv hosp,2026-10-24,quantile,0.05,0
2026-10-10,11,2,wk inc rsv hosp,2026-10-24,quantile,0.1,0
2026-10-10,11,2,wk inc rsv hosp,2026-10-24,quantile,0.15,0
2026-10-10,11,2,wk inc rsv hosp,2026-10-24,quantile,0.2,0
2026-10-10,11,2,wk inc rsv hosp,2026-10-24,quantile,0.25,0
2026-10-10,11,2,wk inc rsv hosp,2026-10-24,quantile,0.3,0
2026-10-10,11,2,wk inc rsv hosp,2026-10-24,quantile,0.35,0
2026-10-10,11,2,wk inc rsv hosp,2026-10-24,quantile,0.4,0
2026-10-10,11,2,wk inc rsv hosp,2026-10-24,quantile,0.45,0.2293928265571594
2026-10-10,11,2,wk inc rsv hosp,2026-10-24,quantile,0.5,0.24832813210693422
2026-10-10,11,2,wk inc rsv hosp,2026-10-24,quantile,0.55,0.872270752074419
2026-10-10,11,2,wk inc rsv hosp,2026-10-24,quantile,0.6,0.9181698220643666
2026-10-10,11,2,wk inc rsv hosp,2026-10-24,quantile,0.65,1
2026-10-10,11,2,wk inc rsv hosp,2026-10-24,quantile,0.7,1
2026-10-10,11,2,wk inc rsv hosp,2026-10-24,quantile,0.75,1.1653738679708512
2026-10-10,11,2,wk inc rsv hosp,2026-10-24,quantile,0.8,1.756936286485613
2026-10-10,11,2,wk inc rsv hosp,2026-10-24,quantile,0.85,1.844163373916431
2026-10-10,11,2,wk inc rsv hosp,2026-10-24,quantile,0.9,1.8506153292477352
2026-10-10,11,2,wk inc rsv hosp,2026-10-24,quantile,0.95,3.030186296290084
2026-10-10,11,2,wk inc rsv hosp,2026-10-24,quantile,0.975,3.9322414895773252
2026-10-10,11,2,wk inc rsv hosp,2026-10-24,quantile,0.99,4.543950365779809
2026-10-10,11,3,wk inc rsv hosp,2026-10-31,quantile,0.01,0
2026-10-10,11,3,wk inc rsv hosp,2026-10-31,quantile,0.025,0
2026-10-10,11,3,wk inc rsv hosp,2026-10-31,quantile,0.05,0
2026-10-10,11,3,wk inc rsv hosp,2026-10-31,quantile,0.1,0
2026-10-10,11,3,wk inc rsv hosp,2026-10-31,quantile,0.15,0
2026-10-10,11,3,wk inc rsv hosp,2026-10-31,quantile,0.2,0
2026-10-10,11,3,wk inc rsv hosp,2026-10-31,quantile,0.25,0
2026-10-10,11,3,wk inc rsv hosp,2026-10-31,quantile,0.3,0
2026-10-10,11,3,wk inc rsv hosp,2026-10-31,quantile,0.35,0.29153185877801735
2026-10-10,11,3,wk inc rsv hosp,2026-10-31,quantile,0.4,0.37421791614092476
2026-10-10,11,3,wk inc rsv hosp,2026-10-31,quantile,0.45,0.4030629052313852
2026-10-10,11,3,wk inc rsv hosp,2026-10-31,quantile,0.5,0.4554129482226099
2026-10-10,11,3,wk inc rsv hosp,2026-10-31,quantile,0.55,0.6222697312043112
2026-10-10,11,3,wk inc rsv hosp,2026-10-31,quantile,0.6,1
2026-10-10,11,3,wk inc rsv hosp,2026-10-31,quantile,0.65,1
2026-10-10,11,3,wk inc rsv hosp,2026-10-31,quantile,0.7,1.5180720249162993
2026-10-10,11,3,wk inc rsv hosp,2026-10-31,quantile,0.75,1.7137846888671517
2026-10-10,11,3,wk inc rsv hosp,2026-10-31,quantile,0.8,1.9812857851571763
2026-10-10,11,3,wk inc rsv hosp,2026-10-31,quantile,0.85,2.046673755623686
2026-10-10,11,3,wk inc rsv hosp,2026-10-31,quantile,0.9,2.2447135802992233
2026-10-10,11,3,wk inc rsv hosp,2026-10-31,quantile,0.95,2.651186234129214
2026-10-10,11,3,wk inc rsv hosp,2026-10-31,quantile,0.975,2.9873624163632626
2026-10-10,11,3,wk inc rsv hosp,2026-10-31,quantile,0.99,6
2026-10-10,12,-1,wk inc rsv hosp,2026-10-03,quantile,0.01,124
2026-10-10,12,-1,wk inc rsv hosp,2026-10-03,quantile,0.025,136
2026-10-10,12,-1,wk inc rsv hosp,2026-10-03,quantile,0.05,146
2026-10-10,12,-1,wk inc rsv hosp,2026-10-03,quantile,0.1,155
2026-10-10,12,-1,wk inc rsv hosp,2026-10-03,quantile,0.15,162
2026-10-10,12,-1,wk inc rsv hosp,2026-10-03,quantile,0.2,167
2026-10-10,12,-1,wk inc rsv hosp,2026-10-03,quantile,0.25,172
2026-10-10,12,-1,wk inc rsv hosp,2026-10-03,quantile,0.3,175
2026-10-10,12,-1,wk inc rsv hosp,2026-10-03,quantile,0.35,178
2026-10-10,12,-1,wk inc rsv hosp,2026-10-03,quantile,0.4,181
2026-10-10,12,-1,wk inc rsv hosp,2026-10-03,quantile,0.45,184
2026-10-10,12,-1,wk inc rsv hosp,2026-10-03,quantile,0.5,187
2026-10-10,12,-1,wk inc rsv hosp,2026-10-03,quantile,0.55,190
2026-10-10,12,-1,wk inc rsv hosp,2026-10-03,quantile,0.6,195
2026-10-10,12,-1,wk inc rsv hosp,2026-10-03,quantile,0.65,198
2026-10-10,12,-1,wk inc rsv hosp,2026-10-03,quantile,0.7,202
2026-10-10,12,-1,wk inc rsv hosp,2026-10-03,quantile,0.75,208
2026-10-10,12,-1,wk inc rsv hosp,2026-10-03,quantile,0.8,213
2026-10-10,12,-1,wk inc rsv hosp,2026-10-03,quantile,0.85,220
2026-10-10,12,-1,wk inc rsv hosp,2026-10-03,quantile,0.9,230
2026-10-10,12,-1,wk inc rsv hosp,2026-10-03,quantile,0.95,243
2026-10-10,12,-1,wk inc rsv hosp,2026-10-03,quantile,0.975,257
2026-10-10,12,-1,wk inc rsv hosp,2026-10-03,quantile,0.99,272
2026-10-10,12,0,wk inc rsv hosp,2026-10-10,quantile,0.01,130.18659544840543
2026-10-10,12,0,wk inc rsv hosp,2026-10-10,quantile,0.025,140.88450025540175
2026-10-10,12,0,wk inc rsv hosp,2026-10-10,quantile,0.05,151
2026-10-10,12,0,wk inc rsv hosp,2026-10-10,quantile,0.1,161
2026-10-10,12,0,wk inc rsv hosp,2026-10-10,quantile,0.15,167.5
2026-10-10,12,0,wk inc rsv hosp,2026-10-10,quantile,0.2,175.8223121581148
2026-10-10,12,0,wk inc rsv hosp,2026-10-10,quantile,0.25,183.89913760890235
2026-10-10,12,0,wk inc rsv hosp,2026-10-10,quantile,0.3,190
2026-10-10,12,0,wk inc rsv hosp,2026-10-10,quantile,0.35,196
2026-10-10,12,0,wk inc rsv hosp,2026-10-10,quantile,0.4,203.4700867239722
2026-10-10,12,0,wk inc rsv hosp,2026-10-10,quantile,0.45,207.06463763482066
2026-10-10,12,0,wk inc rsv hosp,2026-10-10,quantile,0.5,213.94980385125103
2026-10-10,12,0,wk inc rsv hosp,2026-10-10,quantile,0.55,220.35722700372065
2026-10-10,12,0,wk inc rsv hosp,2026-10-10,quantile,0.6,224.41666418607699
2026-10-10,12,0,wk inc rsv hosp,2026-10-10,quantile,0.65,228.42499032668576
2026-10-10,12,0,wk inc rsv hosp,2026-10-10,quantile,0.7,232.05015271483768
2026-10-10,12,0,wk inc rsv hosp,2026-10-10,quantile,0.75,238
2026-10-10,12,0,wk inc rsv hosp,2026-10-10,quantile,0.8,248
2026-10-10,12,0,wk inc rsv hosp,2026-10-10,quantile,0.85,260
2026-10-10,12,0,wk inc rsv hosp,2026-10-10,quantile,0.9,271.5
2026-10-10,12,0,wk inc rsv hosp,2026-10-10,quantile,0.95,293.5
2026-10-10,12,0,wk inc rsv hosp,2026-10-10,quantile,0.975,313.03386234823654
2026-10-10,12,0,wk inc rsv hosp,2026-10-10,quantile,0.99,341.6435752061711
2026-10-10,12,1,wk inc rsv hosp,2026-10-17,quantile,0.01,133.5
2026-10-10,12,1,wk inc rsv hosp,2026-10-17,quantile,0.025,144
2026-10-10,12,1,wk inc rsv hosp,2026-10-17,quantile,0.05,155.5
2026-10-10,12,1,wk inc rsv hosp,2026-10-17,quantile,0.1,172.5
2026-10-10,12,1,wk inc rsv hosp,2026-10-17,quantile,0.15,183.7065623880681
2026-10-10,12,1,wk inc rsv hosp,2026-10-17,quantile,0.2,190.14311474773723
2026-10-10,12,1,wk inc rsv hosp,2026-10-17,quantile,0.25,194.8734893707205
2026-10-10,12,1,wk inc rsv hosp,2026-10-17,quantile,0.3,205.56501026574426
2026-10-10,12,1,wk inc rsv hosp,2026-10-17,quantile,0.35,214.7783298926795
2026-10-10,12,1,wk inc rsv hosp,2026-10-17,quantile,0.4,223.33708404377253
2026-10-10,12,1,wk inc rsv hosp,2026-10-17,quantile,0.45,241.92741517840085
2026-10-10,12,1,wk inc rsv hosp,2026-10-17,quantile,0.5,245.9337259118277
2026-10-10,12,1,wk inc rsv hosp,2026-10-17,quantile,0.55,249.60698482284567
2026-10-10,12,1,wk inc rsv hosp,2026-10-17,quantile,0.6,259.45837390924873
2026-10-10,12,1,wk inc rsv hosp,2026-10-17,quantile,0.65,269.6973763947702
2026-10-10,12,1,wk inc rsv hosp,2026-10-17,quantile,0.7,285.6893929077522
2026-10-10,12,1,wk inc rsv hosp,2026-10-17,quantile,0.75,293.13362615299434
2026-10-10,12,1,wk inc rsv hosp,2026-10-17,quantile,0.8,301.8928974838823
2026-10-10,12,1,wk inc rsv hosp,2026-10-17,quantile,0.85,317.09819118571465
2026-10-10,12,1,wk inc rsv hosp,2026-10-17,quantile,0.9,348.11321915279194
2026-10-10,12,1,wk inc rsv hosp,2026-10-17,quantile,0.95,392.8049089716409
2026-10-10,12,1,wk inc rsv hosp,2026-10-17,quantile,0.975,420.33659259359945
2026-10-10,12,1,wk inc rsv hosp,2026-10-17,quantile,0.99,445.10185036011956
2026-10-10,12,2,wk inc rsv hosp,2026-10-24,quantile,0.01,129.495
2026-10-10,12,2,wk inc rsv hosp,2026-10-24,quantile,0.025,144.4875
2026-10-10,12,2,wk inc rsv hosp,2026-10-24,quantile,0.05,157.97500000000002
2026-10-10,12,2,wk inc rsv hosp,2026-10-24,quantile,0.1,180.5
2026-10-10,12,2,wk inc rsv hosp,2026-10-24,quantile,0.15,196.85000000000002
2026-10-10,12,2,wk inc rsv hosp,2026-10-24,quantile,0.2,210.9
2026-10-10,12,2,wk inc rsv hosp,2026-10-24,quantile,0.25,223.24941559859076
2026-10-10,12,2,wk inc rsv hosp,2026-10-24,quantile,0.3,233.6742069288782
2026-10-10,12,2,wk inc rsv hosp,2026-10-24,quantile,0.35,247.26060337672703
2026-10-10,12,2,wk inc rsv hosp,2026-10-24,quantile,0.4,258.7807093080181
2026-10-10,12,2,wk inc rsv hosp,2026-10-24,quantile,0.45,272.4330605983257
2026-10-10,12,2,wk inc rsv hosp,2026-10-24,quantile,0.5,289.588134753379
2026-10-10,12,2,wk inc rsv hosp,2026-10-24,quantile,0.55,303.8741591743799
2026-10-10,12,2,wk inc rsv hosp,2026-10-24,quantile,0.6,317.8560043235623
2026-10-10,12,2,wk inc rsv hosp,2026-10-24,quantile,0.65,331.7008009559739
2026-10-10,12,2,wk inc rsv hosp,2026-10-24,quantile,0.7,343.88049776398447
2026-10-10,12,2,wk inc rsv hosp,2026-10-24,quantile,0.75,358.01689961674924
2026-10-10,12,2,wk inc rsv hosp,2026-10-24,quantile,0.8,386.4785046312405
2026-10-10,12,2,wk inc rsv hosp,2026-10-24,quantile,0.85,406.5703320306683
2026-10-10,12,2,wk inc rsv hosp,2026-10-24,quantile,0.9,432.7585926265881
2026-10-10,12,2,wk inc rsv hosp,2026-10-24,quantile,0.95,494.1147028738004
2026-10-10,12,2,wk inc rsv hosp,2026-10-24,quantile,0.975,534.754355279852
2026-10-10,12,2,wk inc rsv hosp,2026-10-24,quantile,0.99,602.005
2026-10-10,12,3,wk inc rsv hosp,2026-10-31,quantile,0.01,134
2026-10-10,12,3,wk inc rsv hosp,2026-10-31,quantile,0.025,147
2026-10-10,12,3,wk inc rsv hosp,2026-10-31,quantile,0.05,161
2026-10-10,12,3,wk inc rsv hosp,2026-10-31,quantile,0.1,186.8
2026-10-10,12,3,wk inc rsv hosp,2026-10-31,quantile,0.15,212.70000000000005
2026-10-10,12,3,wk inc rsv hosp,2026-10-31,quantile,0.2,233
2026-10-10,12,3,wk inc rsv hosp,2026-10-31,quantile,0.25,254.75
2026-10-10,12,3,wk inc rsv hosp,2026-10-31,quantile,0.3,271
2026-10-10,12,3,wk inc rsv hosp,2026-10-31,quantile,0.35,290
2026-10-10,12,3,wk inc rsv hosp,2026-10-31,quantile,0.4,311.6
2026-10-10,12,3,wk inc rsv hosp,2026-10-31,quantile,0.45,319
2026-10-10,12,3,wk inc rsv hosp,2026-10-31,quantile,0.5,342
2026-10-10,12,3,wk inc rsv hosp,2026-10-31,quantile,0.55,370
2026-10-10,12,3,wk inc rsv hosp,2026-10-31,quantile,0.6,390
2026-10-10,12,3,wk inc rsv hosp,2026-10-31,quantile,0.65,415.35000000000014
2026-10-10,12,3,wk inc rsv hosp,2026-10-31,quantile,0.7,443.60000000000014
2026-10-10,12,3,wk inc rsv hosp,2026-10-31,quantile,0.75,468.2500000000001
2026-10-10,12,3,wk inc rsv hosp,2026-10-31,quantile,0.8,515
2026-10-10,12,3,wk inc rsv hosp,2026-10-31,quantile,0.85,551
2026-10-10,12,3,wk inc rsv hosp,2026-10-31,quantile,0.9,603
2026-10-10,12,3,wk inc rsv hosp,2026-10-31,quantile,0.95,690
2026-10-10,12,3,wk inc rsv hosp,2026-10-31,quantile,0.975,780
2026-10-10,12,3,wk inc rsv hosp,2026-10-31,quantile,0.99,891
2026-10-10,13,-1,wk inc rsv hosp,2026-10-03,quantile,0.01,22
2026-10-10,13,-1,wk inc rsv hosp,2026-10-03,quantile,0.025,24
2026-10-10,13,-1,wk inc rsv hosp,2026-10-03,quantile,0.05,26
2026-10-10,13,-1,wk inc rsv hosp,2026-10-03,quantile,0.1,29
2026-10-10,13,-1,wk inc rsv hosp,2026-10-03,quantile,0.15,30
2026-10-10,13,-1,wk inc rsv hosp,2026-10-03,quantile,0.2,31
2026-10-10,13,-1,wk inc rsv hosp,2026-10-03,quantile,0.25,32
2026-10-10,13,-1,wk inc rsv hosp,2026-10-03,quantile,0.3,33
2026-10-10,13,-1,wk inc rsv hosp,2026-10-03,quantile,0.35,33
2026-10-10,13,-1,wk inc rsv hosp,2026-10-03,quantile,0.4,34
2026-10-10,13,-1,wk inc rsv hosp,2026-10-03,quantile,0.45,35
2026-10-10,13,-1,wk inc rsv hosp,2026-10-03,quantile,0.5,36
2026-10-10,13,-1,wk inc rsv hosp,2026-10-03,quantile,0.55,36
2026-10-10,13,-1,wk inc rsv hosp,2026-10-03,quantile,0.6,37
2026-10-10,13,-1,wk inc rsv hosp,2026-10-03,quantile,0.65,38
2026-10-10,13,-1,wk inc rsv hosp,2026-10-03,quantile,0.7,39
2026-10-10,13,-1,wk inc rsv hosp,2026-10-03,quantile,0.75,40
2026-10-10,13,-1,wk inc rsv hosp,2026-10-03,quantile,0.8,41
2026-10-10,13,-1,wk inc rsv hosp,2026-10-03,quantile,0.85,42
2026-10-10,13,-1,wk inc rsv hosp,2026-10-03,quantile,0.9,45
2026-10-10,13,-1,wk inc rsv hosp,2026-10-03,quantile,0.95,48
2026-10-10,13,-1,wk inc rsv hosp,2026-10-03,quantile,0.975,51
2026-10-10,13,-1,wk inc rsv hosp,2026-10-03,quantile,0.99,54
2026-10-10,13,0,wk inc rsv hosp,2026-10-10,quantile,0.01,15
2026-10-10,13,0,wk inc rsv hosp,2026-10-10,quantile,0.025,17
2026-10-10,13,0,wk inc rsv hosp,2026-10-10,quantile,0.05,19
2026-10-10,13,0,wk inc rsv hosp,2026-10-10,quantile,0.1,22
2026-10-10,13,0,wk inc rsv hosp,2026-10-10,quantile,0.15,24
2026-10-10,13,0,wk inc rsv hosp,2026-10-10,quantile,0.2,25
2026-10-10,13,0,wk inc rsv hosp,2026-10-10,quantile,0.25,27
2026-10-10,13,0,wk inc rsv hosp,2026-10-10,quantile,0.3,28
2026-10-10,13,0,wk inc rsv hosp,2026-10-10,quantile,0.35,29
2026-10-10,13,0,wk inc rsv hosp,2026-10-10,quantile,0.4,31
2026-10-10,13,0,wk inc rsv hosp,2026-10-10,quantile,0.45,32
2026-10-10,13,0,wk inc rsv hosp,2026-10-10,quantile,0.5,34
2026-10-10,13,0,wk inc rsv hosp,2026-10-10,quantile,0.55,35
2026-10-10,13,0,wk inc rsv hosp,2026-10-10,quantile,0.6,36
2026-10-10,13,0,wk inc rsv hosp,2026-10-10,quantile,0.65,38
2026-10-10,13,0,wk inc rsv hosp,2026-10-10,quantile,0.7,39
2026-10-10,13,0,wk inc rsv hosp,2026-10-10,quantile,0.75,41
2026-10-10,13,0,wk inc rsv hosp,2026-10-10,quantile,0.8,43
2026-10-10,13,0,wk inc rsv hosp,2026-10-10,quantile,0.85,46
2026-10-10,13,0,wk inc rsv hosp,2026-10-10,quantile,0.9,49
2026-10-10,13,0,wk inc rsv hosp,2026-10-10,quantile,0.95,54
2026-10-10,13,0,wk inc rsv hosp,2026-10-10,quantile,0.975,64
2026-10-10,13,0,wk inc rsv hosp,2026-10-10,quantile,0.99,70
2026-10-10,13,1,wk inc rsv hosp,2026-10-17,quantile,0.01,12
2026-10-10,13,1,wk inc rsv hosp,2026-10-17,quantile,0.025,17
2026-10-10,13,1,wk inc rsv hosp,2026-10-17,quantile,0.05,22
2026-10-10,13,1,wk inc rsv hosp,2026-10-17,quantile,0.1,25
2026-10-10,13,1,wk inc rsv hosp,2026-10-17,quantile,0.15,28
2026-10-10,13,1,wk inc rsv hosp,2026-10-17,quantile,0.2,30
2026-10-10,13,1,wk inc rsv hosp,2026-10-17,quantile,0.25,32
2026-10-10,13,1,wk inc rsv hosp,2026-10-17,quantile,0.3,34
2026-10-10,13,1,wk inc rsv hosp,2026-10-17,quantile,0.35,36
2026-10-10,13,1,wk inc rsv hosp,2026-10-17,quantile,0.4,38
2026-10-10,13,1,wk inc rsv hosp,2026-10-17,quantile,0.45,39
2026-10-10,13,1,wk inc rsv hosp,2026-10-17,quantile,0.5,41
2026-10-10,13,1,wk inc rsv hosp,2026-10-17,quantile,0.55,43
2026-10-10,13,1,wk inc rsv hosp,2026-10-17,quantile,0.6,45
2026-10-10,13,1,wk inc rsv hosp,2026-10-17,quantile,0.65,47
2026-10-10,13,1,wk inc rsv hosp,2026-10-17,quantile,0.7,49
2026-10-10,13,1,wk inc rsv hosp,2026-10-17,quantile,0.75,52
2026-10-10,13,1,wk inc rsv hosp,2026-10-17,quantile,0.8,56
2026-10-10,13,1,wk inc rsv hosp,2026-10-17,quantile,0.85,61.15000000000009
2026-10-10,13,1,wk inc rsv hosp,2026-10-17,quantile,0.9,66.35341058381876
2026-10-10,13,1,wk inc rsv hosp,2026-10-17,quantile,0.95,73.5578667999751
2026-10-10,13,1,wk inc rsv hosp,2026-10-17,quantile,0.975,98.02499999999998
2026-10-10,13,1,wk inc rsv hosp,2026-10-17,quantile,0.99,101
2026-10-10,13,2,wk inc rsv hosp,2026-10-24,quantile,0.01,11
2026-10-10,13,2,wk inc rsv hosp,2026-10-24,quantile,0.025,16
2026-10-10,13,2,wk inc rsv hosp,2026-10-24,quantile,0.05,21
2026-10-10,13,2,wk inc rsv hosp,2026-10-24,quantile,0.1,29
2026-10-10,13,2,wk inc rsv hosp,2026-10-24,quantile,0.15,32
2026-10-10,13,2,wk inc rsv hosp,2026-10-24,quantile,0.2,35
2026-10-10,13,2,wk inc rsv hosp,2026-10-24,quantile,0.25,38
2026-10-10,13,2,wk inc rsv hosp,2026-10-24,quantile,0.3,40
2026-10-10,13,2,wk inc rsv hosp,2026-10-24,quantile,0.35,43
2026-10-10,13,2,wk inc rsv hosp,2026-10-24,quantile,0.4,45
2026-10-10,13,2,wk inc rsv hosp,2026-10-24,quantile,0.45,47
2026-10-10,13,2,wk inc rsv hosp,2026-10-24,quantile,0.5,50
2026-10-10,13,2,wk inc rsv hosp,2026-10-24,quantile,0.55,52
2026-10-10,13,2,wk inc rsv hosp,2026-10-24,quantile,0.6,55
2026-10-10,13,2,wk inc rsv hosp,2026-10-24,quantile,0.65,58
2026-10-10,13,2,wk inc rsv hosp,2026-10-24,quantile,0.7,61
2026-10-10,13,2,wk inc rsv hosp,2026-10-24,quantile,0.75,65
2026-10-10,13,2,wk inc rsv hosp,2026-10-24,quantile,0.8,69
2026-10-10,13,2,wk inc rsv hosp,2026-10-24,quantile,0.85,77
2026-10-10,13,2,wk inc rsv hosp,2026-10-24,quantile,0.9,85.40179604418346
2026-10-10,13,2,wk inc rsv hosp,2026-10-24,quantile,0.95,105.6407673230746
2026-10-10,13,2,wk inc rsv hosp,2026-10-24,quantile,0.975,123.09999999999991
2026-10-10,13,2,wk inc rsv hosp,2026-10-24,quantile,0.99,151
2026-10-10,13,3,wk inc rsv hosp,2026-10-31,quantile,0.01,10.995000000000001
2026-10-10,13,3,wk inc rsv hosp,2026-10-31,quantile,0.025,14.5
2026-10-10,13,3,wk inc rsv hosp,2026-10-31,quantile,0.05,18.475
2026-10-10,13,3,wk inc rsv hosp,2026-10-31,quantile,0.1,24.5
2026-10-10,13,3,wk inc rsv hosp,2026-10-31,quantile,0.15,30.42500000000001
2026-10-10,13,3,wk inc rsv hosp,2026-10-31,quantile,0.2,35.400000000000006
2026-10-10,13,3,wk inc rsv hosp,2026-10-31,quantile,0.25,38.5
2026-10-10,13,3,wk inc rsv hosp,2026-10-31,quantile,0.3,42
2026-10-10,13,3,wk inc rsv hosp,2026-10-31,quantile,0.35,46
2026-10-10,13,3,wk inc rsv hosp,2026-10-31,quantile,0.4,49
2026-10-10,13,3,wk inc rsv hosp,2026-10-31,quantile,0.45,52
2026-10-10,13,3,wk inc rsv hosp,2026-10-31,quantile,0.5,55.5
2026-10-10,13,3,wk inc rsv hosp,2026-10-31,quantile,0.55,58.994869909599046
2026-10-10,13,3,wk inc rsv hosp,2026-10-31,quantile,0.6,62.84899107824473
2026-10-10,13,3,wk inc rsv hosp,2026-10-31,quantile,0.65,68
2026-10-10,13,3,wk inc rsv hosp,2026-10-31,quantile,0.7,72.5
2026-10-10,13,3,wk inc rsv hosp,2026-10-31,quantile,0.75,78
2026-10-10,13,3,wk inc rsv hosp,2026-10-31,quantile,0.8,86
2026-10-10,13,3,wk inc rsv hosp,2026-10-31,quantile,0.85,95.4139990700123
2026-10-10,13,3,wk inc rsv hosp,2026-10-31,quantile,0.9,104.09759710773749
2026-10-10,13,3,wk inc rsv hosp,2026-10-31,quantile,0.95,132
2026-10-10,13,3,wk inc rsv hosp,2026-10-31,quantile,0.975,151.53749999999997
2026-10-10,13,3,wk inc rsv hosp,2026-10-31,quantile,0.99,180.005
2026-10-10,15,-1,wk inc rsv hosp,2026-10-03,quantile,0.01,2
2026-10-10,15,-1,wk inc rsv hosp,2026-10-03,quantile,0.025,4
2026-10-10,15,-1,wk inc rsv hosp,2026-10-03,quantile,0.05,5
2026-10-10,15,-1,wk inc rsv hosp,2026-10-03,quantile,0.1,6
2026-10-10,15,-1,wk inc rsv hosp,2026-10-03,quantile,0.15,6
2026-10-10,15,-1,wk inc rsv hosp,2026-10-03,quantile,0.2,7
2026-10-10,15,-1,wk inc rsv hosp,2026-10-03,quantile,0.25,7
2026-10-10,15,-1,wk inc rsv hosp,2026-10-03,quantile,0.3,8
2026-10-10,15,-1,wk inc rsv hosp,2026-10-03,quantile,0.35,8
2026-10-10,15,-1,wk inc rsv hosp,2026-10-03,quantile,0.4,8
2026-10-10,15,-1,wk inc rsv hosp,2026-10-03,quantile,0.45,9
2026-10-10,15,-1,wk inc rsv hosp,2026-10-03,quantile,0.5,9
2026-10-10,15,-1,wk inc rsv hosp,2026-10-03,quantile,0.55,9
2026-10-10,15,-1,wk inc rsv hosp,2026-10-03,quantile,0.6,10
2026-10-10,15,-1,wk inc rsv hosp,2026-10-03,quantile,0.65,10
2026-10-10,15,-1,wk inc rsv hosp,2026-10-03,quantile,0.7,10
2026-10-10,15,-1,wk inc rsv hosp,2026-10-03,quantile,0.75,11
2026-10-10,15,-1,wk inc rsv hosp,2026-10-03,quantile,0.8,11
2026-10-10,15,-1,wk inc rsv hosp,2026-10-03,quantile,0.85,12
2026-10-10,15,-1,wk inc rsv hosp,2026-10-03,quantile,0.9,13
2026-10-10,15,-1,wk inc rsv hosp,2026-10-03,quantile,0.95,15
2026-10-10,15,-1,wk inc rsv hosp,2026-10-03,quantile,0.975,16
2026-10-10,15,-1,wk inc rsv hosp,2026-10-03,quantile,0.99,19
2026-10-10,15,0,wk inc rsv hosp,2026-10-10,quantile,0.01,1.8433024374154439
2026-10-10,15,0,wk inc rsv hosp,2026-10-10,quantile,0.025,2
2026-10-10,15,0,wk inc rsv hosp,2026-10-10,quantile,0.05,3
2026-10-10,15,0,wk inc rsv hosp,2026-10-10,quantile,0.1,4
2026-10-10,15,0,wk inc rsv hosp,2026-10-10,quantile,0.15,5
2026-10-10,15,0,wk inc rsv hosp,2026-10-10,quantile,0.2,5
2026-10-10,15,0,wk inc rsv hosp,2026-10-10,quantile,0.25,6
2026-10-10,15,0,wk inc rsv hosp,2026-10-10,quantile,0.3,6.5
2026-10-10,15,0,wk inc rsv hosp,2026-10-10,quantile,0.35,7
2026-10-10,15,0,wk inc rsv hosp,2026-10-10,quantile,0.4,7.300000000000011
2026-10-10,15,0,wk inc rsv hosp,2026-10-10,quantile,0.45,8
2026-10-10,15,0,wk inc rsv hosp,2026-10-10,quantile,0.5,8.5
2026-10-10,15,0,wk inc rsv hosp,2026-10-10,quantile,0.55,8.5
2026-10-10,15,0,wk inc rsv hosp,2026-10-10,quantile,0.6,9.5
2026-10-10,15,0,wk inc rsv hosp,2026-10-10,quantile,0.65,9.5
2026-10-10,15,0,wk inc rsv hosp,2026-10-10,quantile,0.7,10.5
2026-10-10,15,0,wk inc rsv hosp,2026-10-10,quantile,0.75,11.5
2026-10-10,15,0,wk inc rsv hosp,2026-10-10,quantile,0.8,12
2026-10-10,15,0,wk inc rsv hosp,2026-10-10,quantile,0.85,13
2026-10-10,15,0,wk inc rsv hosp,2026-10-10,quantile,0.9,14
2026-10-10,15,0,wk inc rsv hosp,2026-10-10,quantile,0.95,16
2026-10-10,15,0,wk inc rsv hosp,2026-10-10,quantile,0.975,17.64321240446302
2026-10-10,15,0,wk inc rsv hosp,2026-10-10,quantile,0.99,20.004999999999995
2026-10-10,15,1,wk inc rsv hosp,2026-10-17,quantile,0.01,1.9261040007160322
2026-10-10,15,1,wk inc rsv hosp,2026-10-17,quantile,0.025,2
2026-10-10,15,1,wk inc rsv hosp,2026-10-17,quantile,0.05,3
2026-10-10,15,1,wk inc rsv hosp,2026-10-17,quantile,0.1,4
2026-10-10,15,1,wk inc rsv hosp,2026-10-17,quantile,0.15,5
2026-10-10,15,1,wk inc rsv hosp,2026-10-17,quantile,0.2,5
2026-10-10,15,1,wk inc rsv hosp,2026-10-17,quantile,0.25,6
2026-10-10,15,1,wk inc rsv hosp,2026-10-17,quantile,0.3,7
2026-10-10,15,1,wk inc rsv hosp,2026-10-17,quantile,0.35,7.5
2026-10-10,15,1,wk inc rsv hosp,2026-10-17,quantile,0.4,8
2026-10-10,15,1,wk inc rsv hosp,2026-10-17,quantile,0.45,8.519100297327478
2026-10-10,15,1,wk inc rsv hosp,2026-10-17,quantile,0.5,9.5
2026-10-10,15,1,wk inc rsv hosp,2026-10-17,quantile,0.55,9.5
2026-10-10,15,1,wk inc rsv hosp,2026-10-17,quantile,0.6,10.5
2026-10-10,15,1,wk inc rsv hosp,2026-10-17,quantile,0.65,11.087203769148854
2026-10-10,15,1,wk inc rsv hosp,2026-10-17,quantile,0.7,12
2026-10-10,15,1,wk inc rsv hosp,2026-10-17,quantile,0.75,13
2026-10-10,15,1,wk inc rsv hosp,2026-10-17,quantile,0.8,14
2026-10-10,15,1,wk inc rsv hosp,2026-10-17,quantile,0.85,15
2026-10-10,15,1,wk inc rsv hosp,2026-10-17,quantile,0.9,17
2026-10-10,15,1,wk inc rsv hosp,2026-10-17,quantile,0.95,20.265141360548625
2026-10-10,15,1,wk inc rsv hosp,2026-10-17,quantile,0.975,23.49625793088934
2026-10-10,15,1,wk inc rsv hosp,2026-10-17,quantile,0.99,25.517365774163995
2026-10-10,15,2,wk inc rsv hosp,2026-10-24,quantile,0.01,1.025110827436165
2026-10-10,15,2,wk inc rsv hosp,2026-10-24,quantile,0.025,1.9875000000000007
2026-10-10,15,2,wk inc rsv hosp,2026-10-24,quantile,0.05,2.6098717159661584
2026-10-10,15,2,wk inc rsv hosp,2026-10-24,quantile,0.1,4
2026-10-10,15,2,wk inc rsv hosp,2026-10-24,quantile,0.15,4.5
2026-10-10,15,2,wk inc rsv hosp,2026-10-24,quantile,0.2,5.5
2026-10-10,15,2,wk inc rsv hosp,2026-10-24,quantile,0.25,6.5
2026-10-10,15,2,wk inc rsv hosp,2026-10-24,quantile,0.3,7.5
2026-10-10,15,2,wk inc rsv hosp,2026-10-24,quantile,0.35,8
2026-10-10,15,2,wk inc rsv hosp,2026-10-24,quantile,0.4,8.5
2026-10-10,15,2,wk inc rsv hosp,2026-10-24,quantile,0.45,9.3379470042227
2026-10-10,15,2,wk inc rsv hosp,2026-10-24,quantile,0.5,10
2026-10-10,15,2,wk inc rsv hosp,2026-10-24,quantile,0.55,11.5
2026-10-10,15,2,wk inc rsv hosp,2026-10-24,quantile,0.6,12.516042318734756
2026-10-10,15,2,wk inc rsv hosp,2026-10-24,quantile,0.65,13.251202064039322
2026-10-10,15,2,wk inc rsv hosp,2026-10-24,quantile,0.7,14.045836122927774
2026-10-10,15,2,wk inc rsv hosp,2026-10-24,quantile,0.75,15
2026-10-10,15,2,wk inc rsv hosp,2026-10-24,quantile,0.8,16.5
2026-10-10,15,2,wk inc rsv hosp,2026-10-24,quantile,0.85,18.5
2026-10-10,15,2,wk inc rsv hosp,2026-10-24,quantile,0.9,20.5
2026-10-10,15,2,wk inc rsv hosp,2026-10-24,quantile,0.95,24.524999999999977
2026-10-10,15,2,wk inc rsv hosp,2026-10-24,quantile,0.975,28.512499999999932
2026-10-10,15,2,wk inc rsv hosp,2026-10-24,quantile,0.99,34.504999999999995
2026-10-10,15,3,wk inc rsv hosp,2026-10-31,quantile,0.01,1.1188390409046398
2026-10-10,15,3,wk inc rsv hosp,2026-10-31,quantile,0.025,2
2026-10-10,15,3,wk inc rsv hosp,2026-10-31,quantile,0.05,3
2026-10-10,15,3,wk inc rsv hosp,2026-10-31,quantile,0.1,3
2026-10-10,15,3,wk inc rsv hosp,2026-10-31,quantile,0.15,5
2026-10-10,15,3,wk inc rsv hosp,2026-10-31,quantile,0.2,6
2026-10-10,15,3,wk inc rsv hosp,2026-10-31,quantile,0.25,7
2026-10-10,15,3,wk inc rsv hosp,2026-10-31,quantile,0.3,8
2026-10-10,15,3,wk inc rsv hosp,2026-10-31,quantile,0.35,9
2026-10-10,15,3,wk inc rsv hosp,2026-10-31,quantile,0.4,11
2026-10-10,15,3,wk inc rsv hosp,2026-10-31,quantile,0.45,12
2026-10-10,15,3,wk inc rsv hosp,2026-10-31,quantile,0.5,13
2026-10-10,15,3,wk inc rsv hosp,2026-10-31,quantile,0.55,15
2026-10-10,15,3,wk inc rsv hosp,2026-10-31,quantile,0.6,16
2026-10-10,15,3,wk inc rsv hosp,2026-10-31,quantile,0.65,18
2026-10-10,15,3,wk inc rsv hosp,2026-10-31,quantile,0.7,19
2026-10-10,15,3,wk inc rsv hosp,2026-10-31,quantile,0.75,20
2026-10-10,15,3,wk inc rsv hosp,2026-10-31,quantile,0.8,22
2026-10-10,15,3,wk inc rsv hosp,2026-10-31,quantile,0.85,24
2026-10-10,15,3,wk inc rsv hosp,2026-10-31,quantile,0.9,27
2026-10-10,15,3,wk inc rsv hosp,2026-10-31,quantile,0.95,32
2026-10-10,15,3,wk inc rsv hosp,2026-10-31,quantile,0.975,37
2026-10-10,15,3,wk inc rsv hosp,2026-10-31,quantile,0.99,44
2026-10-10,16,-1,wk inc rsv hosp,2026-10-03,quantile,0.01,0
2026-10-10,16,-1,wk inc rsv hosp,2026-10-03,quantile,0.025,0
2026-10-10,16,-1,wk inc rsv hosp,2026-10-03,quantile,0.05,1
2026-10-10,16,-1,wk inc rsv hosp,2026-10-03,quantile,0.1,2
2026-10-10,16,-1,wk inc rsv hosp,2026-10-03,quantile,0.15,3
2026-10-10,16,-1,wk inc rsv hosp,2026-10-03,quantile,0.2,3
2026-10-10,16,-1,wk inc rsv hosp,2026-10-03,quantile,0.25,4
2026-10-10,16,-1,wk inc rsv hosp,2026-10-03,quantile,0.3,4
2026-10-10,16,-1,wk inc rsv hosp,2026-10-03,quantile,0.35,5
2026-10-10,16,-1,wk inc rsv hosp,2026-10-03,quantile,0.4,5
2026-10-10,16,-1,wk inc rsv hosp,2026-10-03,quantile,0.45,6
2026-10-10,16,-1,wk inc rsv hosp,2026-10-03,quantile,0.5,6
2026-10-10,16,-1,wk inc rsv hosp,2026-10-03,quantile,0.55,6
2026-10-10,16,-1,wk inc rsv hosp,2026-10-03,quantile,0.6,7
2026-10-10,16,-1,wk inc rsv hosp,2026-10-03,quantile,0.65,7
2026-10-10,16,-1,wk inc rsv hosp,2026-10-03,quantile,0.7,8
2026-10-10,16,-1,wk inc rsv hosp,2026-10-03,quantile,0.75,8
2026-10-10,16,-1,wk inc rsv hosp,2026-10-03,quantile,0.8,9
2026-10-10,16,-1,wk inc rsv hosp,2026-10-03,quantile,0.85,9
2026-10-10,16,-1,wk inc rsv hosp,2026-10-03,quantile,0.9,10
2026-10-10,16,-1,wk inc rsv hosp,2026-10-03,quantile,0.95,12
2026-10-10,16,-1,wk inc rsv hosp,2026-10-03,quantile,0.975,13
2026-10-10,16,-1,wk inc rsv hosp,2026-10-03,quantile,0.99,15
2026-10-10,16,0,wk inc rsv hosp,2026-10-10,quantile,0.01,0
2026-10-10,16,0,wk inc rsv hosp,2026-10-10,quantile,0.025,0
2026-10-10,16,0,wk inc rsv hosp,2026-10-10,quantile,0.05,0
2026-10-10,16,0,wk inc rsv hosp,2026-10-10,quantile,0.1,0
2026-10-10,16,0,wk inc rsv hosp,2026-10-10,quantile,0.15,0.6379753685651979
2026-10-10,16,0,wk inc rsv hosp,2026-10-10,quantile,0.2,0.7616047377314037
2026-10-10,16,0,wk inc rsv hosp,2026-10-10,quantile,0.25,1.3150843242413948
2026-10-10,16,0,wk inc rsv hosp,2026-10-10,quantile,0.3,1.377642876932383
2026-10-10,16,0,wk inc rsv hosp,2026-10-10,quantile,0.35,1.5052198605271165
2026-10-10,16,0,wk inc rsv hosp,2026-10-10,quantile,0.4,1.5361926555633545
2026-10-10,16,0,wk inc rsv hosp,2026-10-10,quantile,0.45,1.5903764076450186
2026-10-10,16,0,wk inc rsv hosp,2026-10-10,quantile,0.5,2.154627429546033
2026-10-10,16,0,wk inc rsv hosp,2026-10-10,quantile,0.55,2.172680814085302
2026-10-10,16,0,wk inc rsv hosp,2026-10-10,quantile,0.6,2.244425535002442
2026-10-10,16,0,wk inc rsv hosp,2026-10-10,quantile,0.65,2.2931157037638616
2026-10-10,16,0,wk inc rsv hosp,2026-10-10,quantile,0.7,3
2026-10-10,16,0,wk inc rsv hosp,2026-10-10,quantile,0.75,3
2026-10-10,16,0,wk inc rsv hosp,2026-10-10,quantile,0.8,3.7913255344038133
2026-10-10,16,0,wk inc rsv hosp,2026-10-10,quantile,0.85,4.018233933875878
2026-10-10,16,0,wk inc rsv hosp,2026-10-10,quantile,0.9,4.494739730975583
2026-10-10,16,0,wk inc rsv hosp,2026-10-10,quantile,0.95,5.569876804243857
2026-10-10,16,0,wk inc rsv hosp,2026-10-10,quantile,0.975,6.072385311126709
2026-10-10,16,0,wk inc rsv hosp,2026-10-10,quantile,0.99,7.072385311126709
2026-10-10,16,1,wk inc rsv hosp,2026-10-17,quantile,0.01,0
2026-10-10,16,1,wk inc rsv hosp,2026-10-17,quantile,0.025,0
2026-10-10,16,1,wk inc rsv hosp,2026-10-17,quantile,0.05,0
2026-10-10,16,1,wk inc rsv hosp,2026-10-17,quantile,0.1,0.3077695754430554
2026-10-10,16,1,wk inc rsv hosp,2026-10-17,quantile,0.15,0.538463272493215
2026-10-10,16,1,wk inc rsv hosp,2026-10-17,quantile,0.2,1.1203576753827689
2026-10-10,16,1,wk inc rsv hosp,2026-10-17,quantile,0.25,1.1668433461200278
2026-10-10,16,1,wk inc rsv hosp,2026-10-17,quantile,0.3,1.2582405126253642
2026-10-10,16,1,wk inc rsv hosp,2026-10-17,quantile,0.35,1.278064981827221
2026-10-10,16,1,wk inc rsv hosp,2026-10-17,quantile,0.4,1.9032963091801989
2026-10-10,16,1,wk inc rsv hosp,2026-10-17,quantile,0.45,1.9464081141434035
2026-10-10,16,1,wk inc rsv hosp,2026-10-17,quantile,0.5,2
2026-10-10,16,1,wk inc rsv hosp,2026-10-17,quantile,0.55,2.5337586030161403
2026-10-10,16,1,wk inc rsv hosp,2026-10-17,quantile,0.6,3
2026-10-10,16,1,wk inc rsv hosp,2026-10-17,quantile,0.65,3
2026-10-10,16,1,wk inc rsv hosp,2026-10-17,quantile,0.7,4
2026-10-10,16,1,wk inc rsv hosp,2026-10-17,quantile,0.75,4
2026-10-10,16,1,wk inc rsv hosp,2026-10-17,quantile,0.8,4.5
2026-10-10,16,1,wk inc rsv hosp,2026-10-17,quantile,0.85,5
2026-10-10,16,1,wk inc rsv hosp,2026-10-17,quantile,0.9,6.5
2026-10-10,16,1,wk inc rsv hosp,2026-10-17,quantile,0.95,8
2026-10-10,16,1,wk inc rsv hosp,2026-10-17,quantile,0.975,9.512499999999932
2026-10-10,16,1,wk inc rsv hosp,2026-10-17,quantile,0.99,12
2026-10-10,16,2,wk inc rsv hosp,2026-10-24,quantile,0.01,0
2026-10-10,16,2,wk inc rsv hosp,2026-10-24,quantile,0.025,0
2026-10-10,16,2,wk inc rsv hosp,2026-10-24,quantile,0.05,0
2026-10-10,16,2,wk inc rsv hosp,2026-10-24,quantile,0.1,0.5
2026-10-10,16,2,wk inc rsv hosp,2026-10-24,quantile,0.15,1.399449754817777
2026-10-10,16,2,wk inc rsv hosp,2026-10-24,quantile,0.2,1.4908919751226217
2026-10-10,16,2,wk inc rsv hosp,2026-10-24,quantile,0.25,1.5
2026-10-10,16,2,wk inc rsv hosp,2026-10-24,quantile,0.3,2
2026-10-10,16,2,wk inc rsv hosp,2026-10-24,quantile,0.35,2.080307359813114
2026-10-10,16,2,wk inc rsv hosp,2026-10-24,quantile,0.4,2.140189982807663
2026-10-10,16,2,wk inc rsv hosp,2026-10-24,quantile,0.45,2.7339181900024414
2026-10-10,16,2,wk inc rsv hosp,2026-10-24,quantile,0.5,2.7339181900024414
2026-10-10,16,2,wk inc rsv hosp,2026-10-24,quantile,0.55,3
2026-10-10,16,2,wk inc rsv hosp,2026-10-24,quantile,0.6,3.5
2026-10-10,16,2,wk inc rsv hosp,2026-10-24,quantile,0.65,4.5
2026-10-10,16,2,wk inc rsv hosp,2026-10-24,quantile,0.7,5
2026-10-10,16,2,wk inc rsv hosp,2026-10-24,quantile,0.75,5.5
2026-10-10,16,2,wk inc rsv hosp,2026-10-24,quantile,0.8,6.5
2026-10-10,16,2,wk inc rsv hosp,2026-10-24,quantile,0.85,7.5
2026-10-10,16,2,wk inc rsv hosp,2026-10-24,quantile,0.9,10
2026-10-10,16,2,wk inc rsv hosp,2026-10-24,quantile,0.95,13.524999999999977
2026-10-10,16,2,wk inc rsv hosp,2026-10-24,quantile,0.975,17
2026-10-10,16,2,wk inc rsv hosp,2026-10-24,quantile,0.99,18
2026-10-10,16,3,wk inc rsv hosp,2026-10-31,quantile,0.01,0
2026-10-10,16,3,wk inc rsv hosp,2026-10-31,quantile,0.025,0
2026-10-10,16,3,wk inc rsv hosp,2026-10-31,quantile,0.05,0
2026-10-10,16,3,wk inc rsv hosp,2026-10-31,quantile,0.1,1
2026-10-10,16,3,wk inc rsv hosp,2026-10-31,quantile,0.15,1
2026-10-10,16,3,wk inc rsv hosp,2026-10-31,quantile,0.2,1.9281181383050539
2026-10-10,16,3,wk inc rsv hosp,2026-10-31,quantile,0.25,1.9936253087238354
2026-10-10,16,3,wk inc rsv hosp,2026-10-31,quantile,0.3,2
2026-10-10,16,3,wk inc rsv hosp,2026-10-31,quantile,0.35,2
2026-10-10,16,3,wk inc rsv hosp,2026-10-31,quantile,0.4,2.793125187069739
2026-10-10,16,3,wk inc rsv hosp,2026-10-31,quantile,0.45,2.848490918078577
2026-10-10,16,3,wk inc rsv hosp,2026-10-31,quantile,0.5,3
2026-10-10,16,3,wk inc rsv hosp,2026-10-31,quantile,0.55,3
2026-10-10,16,3,wk inc rsv hosp,2026-10-31,quantile,0.6,4
2026-10-10,16,3,wk inc rsv hosp,2026-10-31,quantile,0.65,4
2026-10-10,16,3,wk inc rsv hosp,2026-10-31,quantile,0.7,4
2026-10-10,16,3,wk inc rsv hosp,2026-10-31,quantile,0.75,5
2026-10-10,16,3,wk inc rsv hosp,2026-10-31,quantile,0.8,5
2026-10-10,16,3,wk inc rsv hosp,2026-10-31,quantile,0.85,6
2026-10-10,16,3,wk inc rsv hosp,2026-10-31,quantile,0.9,7
2026-10-10,16,3,wk inc rsv hosp,2026-10-31,quantile,0.95,8
2026-10-10,16,3,wk inc rsv hosp,2026-10-31,quantile,0.975,10
2026-10-10,16,3,wk inc rsv hosp,2026-10-31,quantile,0.99,12
2026-10-10,17,-1,wk inc rsv hosp,2026-10-03,quantile,0.01,2
2026-10-10,17,-1,wk inc rsv hosp,2026-10-03,quantile,0.025,4
2026-10-10,17,-1,wk inc rsv hosp,2026-10-03,quantile,0.05,5
2026-10-10,17,-1,wk inc rsv hosp,2026-10-03,quantile,0.1,6
2026-10-10,17,-1,wk inc rsv hosp,2026-10-03,quantile,0.15,7
2026-10-10,17,-1,wk inc rsv hosp,2026-10-03,quantile,0.2,8
2026-10-10,17,-1,wk inc rsv hosp,2026-10-03,quantile,0.25,8
2026-10-10,17,-1,wk inc rsv hosp,2026-10-03,quantile,0.3,9
2026-10-10,17,-1,wk inc rsv hosp,2026-10-03,quantile,0.35,9
2026-10-10,17,-1,wk inc rsv hosp,2026-10-03,quantile,0.4,9
2026-10-10,17,-1,wk inc rsv hosp,2026-10-03,quantile,0.45,9
2026-10-10,17,-1,wk inc rsv hosp,2026-10-03,quantile,0.5,10
2026-10-10,17,-1,wk inc rsv hosp,2026-10-03,quantile,0.55,10
2026-10-10,17,-1,wk inc rsv hosp,2026-10-03,quantile,0.6,10
2026-10-10,17,-1,wk inc rsv hosp,2026-10-03,quantile,0.65,11
2026-10-10,17,-1,wk inc rsv hosp,2026-10-03,quantile,0.7,11
2026-10-10,17,-1,wk inc rsv hosp,2026-10-03,quantile,0.75,12
2026-10-10,17,-1,wk inc rsv hosp,2026-10-03,quantile,0.8,13
2026-10-10,17,-1,wk inc rsv hosp,2026-10-03,quantile,0.85,14
2026-10-10,17,-1,wk inc rsv hosp,2026-10-03,quantile,0.9,15
2026-10-10,17,-1,wk inc rsv hosp,2026-10-03,quantile,0.95,17
2026-10-10,17,-1,wk inc rsv hosp,2026-10-03,quantile,0.975,18
2026-10-10,17,-1,wk inc rsv hosp,2026-10-03,quantile,0.99,22
2026-10-10,17,0,wk inc rsv hosp,2026-10-10,quantile,0.01,1.5
2026-10-10,17,0,wk inc rsv hosp,2026-10-10,quantile,0.025,2
2026-10-10,17,0,wk inc rsv hosp,2026-10-10,quantile,0.05,3
2026-10-10,17,0,wk inc rsv hosp,2026-10-10,quantile,0.1,4.5
2026-10-10,17,0,wk inc rsv hosp,2026-10-10,quantile,0.15,5.908650640871542
2026-10-10,17,0,wk inc rsv hosp,2026-10-10,quantile,0.2,5.985481172338654
2026-10-10,17,0,wk inc rsv hosp,2026-10-10,quantile,0.25,6.528492040415713
2026-10-10,17,0,wk inc rsv hosp,2026-10-10,quantile,0.3,7.5
2026-10-10,17,0,wk inc rsv hosp,2026-10-10,quantile,0.35,8
2026-10-10,17,0,wk inc rsv hosp,2026-10-10,quantile,0.4,9
2026-10-10,17,0,wk inc rsv hosp,2026-10-10,quantile,0.45,9.275000000000006
2026-10-10,17,0,wk inc rsv hosp,2026-10-10,quantile,0.5,10.5
2026-10-10,17,0,wk inc rsv hosp,2026-10-10,quantile,0.55,11
2026-10-10,17,0,wk inc rsv hosp,2026-10-10,quantile,0.6,12
2026-10-10,17,0,wk inc rsv hosp,2026-10-10,quantile,0.65,13.5
2026-10-10,17,0,wk inc rsv hosp,2026-10-10,quantile,0.7,14
2026-10-10,17,0,wk inc rsv hosp,2026-10-10,quantile,0.75,15.5
2026-10-10,17,0,wk inc rsv hosp,2026-10-10,quantile,0.8,17.353227168313552
2026-10-10,17,0,wk inc rsv hosp,2026-10-10,quantile,0.85,19.406416360487984
2026-10-10,17,0,wk inc rsv hosp,2026-10-10,quantile,0.9,21.497936849195526
2026-10-10,17,0,wk inc rsv hosp,2026-10-10,quantile,0.95,24.015093706029962
2026-10-10,17,0,wk inc rsv hosp,2026-10-10,quantile,0.975,27.350254738448783
2026-10-10,17,0,wk inc rsv hosp,2026-10-10,quantile,0.99,30
2026-10-10,17,1,wk inc rsv hosp,2026-10-17,quantile,0.01,0.5
2026-10-10,17,1,wk inc rsv hosp,2026-10-17,quantile,0.025,1.5
2026-10-10,17,1,wk inc rsv hosp,2026-10-17,quantile,0.05,2
2026-10-10,17,1,wk inc rsv hosp,2026-10-17,quantile,0.1,4.5
2026-10-10,17,1,wk inc rsv hosp,2026-10-17,quantile,0.15,6
2026-10-10,17,1,wk inc rsv hosp,2026-10-17,quantile,0.2,7
2026-10-10,17,1,wk inc rsv hosp,2026-10-17,quantile,0.25,8.145937985816284
2026-10-10,17,1,wk inc rsv hosp,2026-10-17,quantile,0.3,9
2026-10-10,17,1,wk inc rsv hosp,2026-10-17,quantile,0.35,9.40277397630872
2026-10-10,17,1,wk inc rsv hosp,2026-10-17,quantile,0.4,10.042292002580208
2026-10-10,17,1,wk inc rsv hosp,2026-10-17,quantile,0.45,10.880078952213193
2026-10-10,17,1,wk inc rsv hosp,2026-10-17,quantile,0.5,11.648182610441083
2026-10-10,17,1,wk inc rsv hosp,2026-10-17,quantile,0.55,12.526272502105323
2026-10-10,17,1,wk inc rsv hosp,2026-10-17,quantile,0.6,14
2026-10-10,17,1,wk inc rsv hosp,2026-10-17,quantile,0.65,15.5
2026-10-10,17,1,wk inc rsv hosp,2026-10-17,quantile,0.7,17.144102312849547
2026-10-10,17,1,wk inc rsv hosp,2026-10-17,quantile,0.75,17.51562816512597
2026-10-10,17,1,wk inc rsv hosp,2026-10-17,quantile,0.8,20
2026-10-10,17,1,wk inc rsv hosp,2026-10-17,quantile,0.85,21.5
2026-10-10,17,1,wk inc rsv hosp,2026-10-17,quantile,0.9,24.5
2026-10-10,17,1,wk inc rsv hosp,2026-10-17,quantile,0.95,27.58277249080963
2026-10-10,17,1,wk inc rsv hosp,2026-10-17,quantile,0.975,28.5
2026-10-10,17,1,wk inc rsv hosp,2026-10-17,quantile,0.99,30
2026-10-10,17,2,wk inc rsv hosp,2026-10-24,quantile,0.01,0.5
2026-10-10,17,2,wk inc rsv hosp,2026-10-24,quantile,0.025,1
2026-10-10,17,2,wk inc rsv hosp,2026-10-24,quantile,0.05,2
2026-10-10,17,2,wk inc rsv hosp,2026-10-24,quantile,0.1,4.5
2026-10-10,17,2,wk inc rsv hosp,2026-10-24,quantile,0.15,5.5
2026-10-10,17,2,wk inc rsv hosp,2026-10-24,quantile,0.2,7.5
2026-10-10,17,2,wk inc rsv hosp,2026-10-24,quantile,0.25,8
2026-10-10,17,2,wk inc rsv hosp,2026-10-24,quantile,0.3,10
2026-10-10,17,2,wk inc rsv hosp,2026-10-24,quantile,0.35,10
2026-10-10,17,2,wk inc rsv hosp,2026-10-24,quantile,0.4,11.5
2026-10-10,17,2,wk inc rsv hosp,2026-10-24,quantile,0.45,13
2026-10-10,17,2,wk inc rsv hosp,2026-10-24,quantile,0.5,14.5
2026-10-10,17,2,wk inc rsv hosp,2026-10-24,quantile,0.55,16
2026-10-10,17,2,wk inc rsv hosp,2026-10-24,quantile,0.6,17.5
2026-10-10,17,2,wk inc rsv hosp,2026-10-24,quantile,0.65,19.186410750886203
2026-10-10,17,2,wk inc rsv hosp,2026-10-24,quantile,0.7,21.76094960621478
2026-10-10,17,2,wk inc rsv hosp,2026-10-24,quantile,0.75,24.039180352565356
2026-10-10,17,2,wk inc rsv hosp,2026-10-24,quantile,0.8,28.34086201217647
2026-10-10,17,2,wk inc rsv hosp,2026-10-24,quantile,0.85,30.762363592141746
2026-10-10,17,2,wk inc rsv hosp,2026-10-24,quantile,0.9,36.87332896467764
2026-10-10,17,2,wk inc rsv hosp,2026-10-24,quantile,0.95,42
2026-10-10,17,2,wk inc rsv hosp,2026-10-24,quantile,0.975,44.5
2026-10-10,17,2,wk inc rsv hosp,2026-10-24,quantile,0.99,46.5
2026-10-10,17,3,wk inc rsv hosp,2026-10-31,quantile,0.01,0
2026-10-10,17,3,wk inc rsv hosp,2026-10-31,quantile,0.025,0
2026-10-10,17,3,wk inc rsv hosp,2026-10-31,quantile,0.05,1
2026-10-10,17,3,wk inc rsv hosp,2026-10-31,quantile,0.1,4
2026-10-10,17,3,wk inc rsv hosp,2026-10-31,quantile,0.15,6
2026-10-10,17,3,wk inc rsv hosp,2026-10-31,quantile,0.2,8
2026-10-10,17,3,wk inc rsv hosp,2026-10-31,quantile,0.25,10
2026-10-10,17,3,wk inc rsv hosp,2026-10-31,quantile,0.3,12
2026-10-10,17,3,wk inc rsv hosp,2026-10-31,quantile,0.35,13
2026-10-10,17,3,wk inc rsv hosp,2026-10-31,quantile,0.4,15
2026-10-10,17,3,wk inc rsv hosp,2026-10-31,quantile,0.45,16
2026-10-10,17,3,wk inc rsv hosp,2026-10-31,quantile,0.5,17
2026-10-10,17,3,wk inc rsv hosp,2026-10-31,quantile,0.55,20
2026-10-10,17,3,wk inc rsv hosp,2026-10-31,quantile,0.6,24
2026-10-10,17,3,wk inc rsv hosp,2026-10-31,quantile,0.65,28
2026-10-10,17,3,wk inc rsv hosp,2026-10-31,quantile,0.7,34.30000000000007
2026-10-10,17,3,wk inc rsv hosp,2026-10-31,quantile,0.75,41
2026-10-10,17,3,wk inc rsv hosp,2026-10-31,quantile,0.8,51
2026-10-10,17,3,wk inc rsv hosp,2026-10-31,quantile,0.85,59.96904365748077
2026-10-10,17,3,wk inc rsv hosp,2026-10-31,quantile,0.9,67
2026-10-10,17,3,wk inc rsv hosp,2026-10-31,quantile,0.95,67
2026-10-10,17,3,wk inc rsv hosp,2026-10-31,quantile,0.975,67
2026-10-10,17,3,wk inc rsv hosp,2026-10-31,quantile,0.99,68
2026-10-10,18,-1,wk inc rsv hosp,2026-10-03,quantile,0.01,0
2026-10-10,18,-1,wk inc rsv hosp,2026-10-03,quantile,0.025,0
2026-10-10,18,-1,wk inc rsv hosp,2026-10-03,quantile,0.05,0
2026-10-10,18,-1,wk inc rsv hosp,2026-10-03,quantile,0.1,1
2026-10-10,18,-1,wk inc rsv hosp,2026-10-03,quantile,0.15,1
2026-10-10,18,-1,wk inc rsv hosp,2026-10-03,quantile,0.2,1
2026-10-10,18,-1,wk inc rsv hosp,2026-10-03,quantile,0.25,2
2026-10-10,18,-1,wk inc rsv hosp,2026-10-03,quantile,0.3,2
2026-10-10,18,-1,wk inc rsv hosp,2026-10-03,quantile,0.35,2
2026-10-10,18,-1,wk inc rsv hosp,2026-10-03,quantile,0.4,2
2026-10-10,18,-1,wk inc rsv hosp,2026-10-03,quantile,0.45,2
2026-10-10,18,-1,wk inc rsv hosp,2026-10-03,quantile,0.5,2
2026-10-10,18,-1,wk inc rsv hosp,2026-10-03,quantile,0.55,2
2026-10-10,18,-1,wk inc rsv hosp,2026-10-03,quantile,0.6,2
2026-10-10,18,-1,wk inc rsv hosp,2026-10-03,quantile,0.65,3
2026-10-10,18,-1,wk inc rsv hosp,2026-10-03,quantile,0.7,3
2026-10-10,18,-1,wk inc rsv hosp,2026-10-03,quantile,0.75,3
2026-10-10,18,-1,wk inc rsv hosp,2026-10-03,quantile,0.8,3
2026-10-10,18,-1,wk inc rsv hosp,2026-10-03,quantile,0.85,4
2026-10-10,18,-1,wk inc rsv hosp,2026-10-03,quantile,0.9,4
2026-10-10,18,-1,wk inc rsv hosp,2026-10-03,quantile,0.95,5
2026-10-10,18,-1,wk inc rsv hosp,2026-10-03,quantile,0.975,6
2026-10-10,18,-1,wk inc rsv hosp,2026-10-03,quantile,0.99,8
2026-10-10,18,0,wk inc rsv hosp,2026-10-10,quantile,0.01,0
2026-10-10,18,0,wk inc rsv hosp,2026-10-10,quantile,0.025,0
2026-10-10,18,0,wk inc rsv hosp,2026-10-10,quantile,0.05,1
2026-10-10,18,0,wk inc rsv hosp,2026-10-10,quantile,0.1,1
2026-10-10,18,0,wk inc rsv hosp,2026-10-10,quantile,0.15,1.5
2026-10-10,18,0,wk inc rsv hosp,2026-10-10,quantile,0.2,1.5
2026-10-10,18,0,wk inc rsv hosp,2026-10-10,quantile,0.25,1.5
2026-10-10,18,0,wk inc rsv hosp,2026-10-10,quantile,0.3,2
2026-10-10,18,0,wk inc rsv hosp,2026-10-10,quantile,0.35,2.5
2026-10-10,18,0,wk inc rsv hosp,2026-10-10,quantile,0.4,2.5
2026-10-10,18,0,wk inc rsv hosp,2026-10-10,quantile,0.45,2.5
2026-10-10,18,0,wk inc rsv hosp,2026-10-10,quantile,0.5,2.6716295380015684
2026-10-10,18,0,wk inc rsv hosp,2026-10-10,quantile,0.55,3.23470796915111
2026-10-10,18,0,wk inc rsv hosp,2026-10-10,quantile,0.6,3.3019455819472836
2026-10-10,18,0,wk inc rsv hosp,2026-10-10,quantile,0.65,3.4611856730927273
2026-10-10,18,0,wk inc rsv hosp,2026-10-10,quantile,0.7,4.06780911509454
2026-10-10,18,0,wk inc rsv hosp,2026-10-10,quantile,0.75,4.147212121996008
2026-10-10,18,0,wk inc rsv hosp,2026-10-10,quantile,0.8,5
2026-10-10,18,0,wk inc rsv hosp,2026-10-10,quantile,0.85,5.5
2026-10-10,18,0,wk inc rsv hosp,2026-10-10,quantile,0.9,7
2026-10-10,18,0,wk inc rsv hosp,2026-10-10,quantile,0.95,9.5
2026-10-10,18,0,wk inc rsv hosp,2026-10-10,quantile,0.975,11.5
2026-10-10,18,0,wk inc rsv hosp,2026-10-10,quantile,0.99,13.001548088356113
2026-10-10,18,1,wk inc rsv hosp,2026-10-17,quantile,0.01,0
2026-10-10,18,1,wk inc rsv hosp,2026-10-17,quantile,0.025,0.5
2026-10-10,18,1,wk inc rsv hosp,2026-10-17,quantile,0.05,0.5
2026-10-10,18,1,wk inc rsv hosp,2026-10-17,quantile,0.1,1.3963919370242417
2026-10-10,18,1,wk inc rsv hosp,2026-10-17,quantile,0.15,1.5
2026-10-10,18,1,wk inc rsv hosp,2026-10-17,quantile,0.2,1.5
2026-10-10,18,1,wk inc rsv hosp,2026-10-17,quantile,0.25,1.8476963011997742
2026-10-10,18,1,wk inc rsv hosp,2026-10-17,quantile,0.3,2.5
2026-10-10,18,1,wk inc rsv hosp,2026-10-17,quantile,0.35,2.7344177908780165
2026-10-10,18,1,wk inc rsv hosp,2026-10-17,quantile,0.4,2.905856600131205
2026-10-10,18,1,wk inc rsv hosp,2026-10-17,quantile,0.45,3.2194261411762244
2026-10-10,18,1,wk inc rsv hosp,2026-10-17,quantile,0.5,3.477571069965207
2026-10-10,18,1,wk inc rsv hosp,2026-10-17,quantile,0.55,3.541664552567727
2026-10-10,18,1,wk inc rsv hosp,2026-10-17,quantile,0.6,4.336769615677933
2026-10-10,18,1,wk inc rsv hosp,2026-10-17,quantile,0.65,4.456004977385534
2026-10-10,18,1,wk inc rsv hosp,2026-10-17,quantile,0.7,4.9909327315804095
2026-10-10,18,1,wk inc rsv hosp,2026-10-17,quantile,0.75,5.538600426758529
2026-10-10,18,1,wk inc rsv hosp,2026-10-17,quantile,0.8,6.5
2026-10-10,18,1,wk inc rsv hosp,2026-10-17,quantile,0.85,7.5
2026-10-10,18,1,wk inc rsv hosp,2026-10-17,quantile,0.9,9
2026-10-10,18,1,wk inc rsv hosp,2026-10-17,quantile,0.95,12
2026-10-10,18,1,wk inc rsv hosp,2026-10-17,quantile,0.975,14.5
2026-10-10,18,1,wk inc rsv hosp,2026-10-17,quantile,0.99,15.5
2026-10-10,18,2,wk inc rsv hosp,2026-10-24,quantile,0.01,0
2026-10-10,18,2,wk inc rsv hosp,2026-10-24,quantile,0.025,0.5
2026-10-10,18,2,wk inc rsv hosp,2026-10-24,quantile,0.05,0.5
2026-10-10,18,2,wk inc rsv hosp,2026-10-24,quantile,0.1,1
2026-10-10,18,2,wk inc rsv hosp,2026-10-24,quantile,0.15,2
2026-10-10,18,2,wk inc rsv hosp,2026-10-24,quantile,0.2,2
2026-10-10,18,2,wk inc rsv hosp,2026-10-24,quantile,0.25,2.5
2026-10-10,18,2,wk inc rsv hosp,2026-10-24,quantile,0.3,3
2026-10-10,18,2,wk inc rsv hosp,2026-10-24,quantile,0.35,3
2026-10-10,18,2,wk inc rsv hosp,2026-10-24,quantile,0.4,4
2026-10-10,18,2,wk inc rsv hosp,2026-10-24,quantile,0.45,4
2026-10-10,18,2,wk inc rsv hosp,2026-10-24,quantile,0.5,4.5
2026-10-10,18,2,wk inc rsv hosp,2026-10-24,quantile,0.55,5
2026-10-10,18,2,wk inc rsv hosp,2026-10-24,quantile,0.6,6
2026-10-10,18,2,wk inc rsv hosp,2026-10-24,quantile,0.65,6
2026-10-10,18,2,wk inc rsv hosp,2026-10-24,quantile,0.7,7
2026-10-10,18,2,wk inc rsv hosp,2026-10-24,quantile,0.75,7.5
2026-10-10,18,2,wk inc rsv hosp,2026-10-24,quantile,0.8,8.5
2026-10-10,18,2,wk inc rsv hosp,2026-10-24,quantile,0.85,10
2026-10-10,18,2,wk inc rsv hosp,2026-10-24,quantile,0.9,12
2026-10-10,18,2,wk inc rsv hosp,2026-10-24,quantile,0.95,16.70539424106764
2026-10-10,18,2,wk inc rsv hosp,2026-10-24,quantile,0.975,20.88588643592929
2026-10-10,18,2,wk inc rsv hosp,2026-10-24,quantile,0.99,22
2026-10-10,18,3,wk inc rsv hosp,2026-10-31,quantile,0.01,0
2026-10-10,18,3,wk inc rsv hosp,2026-10-31,quantile,0.025,0
2026-10-10,18,3,wk inc rsv hosp,2026-10-31,quantile,0.05,0
2026-10-10,18,3,wk inc rsv hosp,2026-10-31,quantile,0.1,0
2026-10-10,18,3,wk inc rsv hosp,2026-10-31,quantile,0.15,1
2026-10-10,18,3,wk inc rsv hosp,2026-10-31,quantile,0.2,1
2026-10-10,18,3,wk inc rsv hosp,2026-10-31,quantile,0.25,2
2026-10-10,18,3,wk inc rsv hosp,2026-10-31,quantile,0.3,2
2026-10-10,18,3,wk inc rsv hosp,2026-10-31,quantile,0.35,3
2026-10-10,18,3,wk inc rsv hosp,2026-10-31,quantile,0.4,3
2026-10-10,18,3,wk inc rsv hosp,2026-10-31,quantile,0.45,4
2026-10-10,18,3,wk inc rsv hosp,2026-10-31,quantile,0.5,4
2026-10-10,18,3,wk inc rsv hosp,2026-10-31,quantile,0.55,5
2026-10-10,18,3,wk inc rsv hosp,2026-10-31,quantile,0.6,6
2026-10-10,18,3,wk inc rsv hosp,2026-10-31,quantile,0.65,7
2026-10-10,18,3,wk inc rsv hosp,2026-10-31,quantile,0.7,8
2026-10-10,18,3,wk inc rsv hosp,2026-10-31,quantile,0.75,10
2026-10-10,18,3,wk inc rsv hosp,2026-10-31,quantile,0.8,11
2026-10-10,18,3,wk inc rsv hosp,2026-10-31,quantile,0.85,12
2026-10-10,18,3,wk inc rsv hosp,2026-10-31,quantile,0.9,17
2026-10-10,18,3,wk inc rsv hosp,2026-10-31,quantile,0.95,24.742728618845337
2026-10-10,18,3,wk inc rsv hosp,2026-10-31,quantile,0.975,26.065816390201608
2026-10-10,18,3,wk inc rsv hosp,2026-10-31,quantile,0.99,30
2026-10-10,19,-1,wk inc rsv hosp,2026-10-03,quantile,0.01,0
2026-10-10,19,-1,wk inc rsv hosp,2026-10-03,quantile,0.025,0
2026-10-10,19,-1,wk inc rsv hosp,2026-10-03,quantile,0.05,0
2026-10-10,19,-1,wk inc rsv hosp,2026-10-03,quantile,0.1,0
2026-10-10,19,-1,wk inc rsv hosp,2026-10-03,quantile,0.15,0
2026-10-10,19,-1,wk inc rsv hosp,2026-10-03,quantile,0.2,0
2026-10-10,19,-1,wk inc rsv hosp,2026-10-03,quantile,0.25,0
2026-10-10,19,-1,wk inc rsv hosp,2026-10-03,quantile,0.3,0
2026-10-10,19,-1,wk inc rsv hosp,2026-10-03,quantile,0.35,0
2026-10-10,19,-1,wk inc rsv hosp,2026-10-03,quantile,0.4,0
2026-10-10,19,-1,wk inc rsv hosp,2026-10-03,quantile,0.45,0
2026-10-10,19,-1,wk inc rsv hosp,2026-10-03,quantile,0.5,1
2026-10-10,19,-1,wk inc rsv hosp,2026-10-03,quantile,0.55,1
2026-10-10,19,-1,wk inc rsv hosp,2026-10-03,quantile,0.6,1
2026-10-10,19,-1,wk inc rsv hosp,2026-10-03,quantile,0.65,1
2026-10-10,19,-1,wk inc rsv hosp,2026-10-03,quantile,0.7,2
2026-10-10,19,-1,wk inc rsv hosp,2026-10-03,quantile,0.75,2
2026-10-10,19,-1,wk inc rsv hosp,2026-10-03,quantile,0.8,2
2026-10-10,19,-1,wk inc rsv hosp,2026-10-03,quantile,0.85,3
2026-10-10,19,-1,wk inc rsv hosp,2026-10-03,quantile,0.9,4
2026-10-10,19,-1,wk inc rsv hosp,2026-10-03,quantile,0.95,5
2026-10-10,19,-1,wk inc rsv hosp,2026-10-03,quantile,0.975,6
2026-10-10,19,-1,wk inc rsv hosp,2026-10-03,quantile,0.99,8
2026-10-10,19,0,wk inc rsv hosp,2026-10-10,quantile,0.01,0
2026-10-10,19,0,wk inc rsv hosp,2026-10-10,quantile,0.025,0
2026-10-10,19,0,wk inc rsv hosp,2026-10-10,quantile,0.05,0
2026-10-10,19,0,wk inc rsv hosp,2026-10-10,quantile,0.1,0
2026-10-10,19,0,wk inc rsv hosp,2026-10-10,quantile,0.15,0.5721343973244517
2026-10-10,19,0,wk inc rsv hosp,2026-10-10,quantile,0.2,0.6159787278290958
2026-10-10,19,0,wk inc rsv hosp,2026-10-10,quantile,0.25,0.7678103090297743
2026-10-10,19,0,wk inc rsv hosp,2026-10-10,quantile,0.3,0.7913191127380487
2026-10-10,19,0,wk inc rsv hosp,2026-10-10,quantile,0.35,0.9095463155920855
2026-10-10,19,0,wk inc rsv hosp,2026-10-10,quantile,0.4,0.9722115491987027
2026-10-10,19,0,wk inc rsv hosp,2026-10-10,quantile,0.45,1.0473190842110214
2026-10-10,19,0,wk inc rsv hosp,2026-10-10,quantile,0.5,1.1375837640142257
2026-10-10,19,0,wk inc rsv hosp,2026-10-10,quantile,0.55,1.140000807505075
2026-10-10,19,0,wk inc rsv hosp,2026-10-10,quantile,0.6,1.2230781646041822
2026-10-10,19,0,wk inc rsv hosp,2026-10-10,quantile,0.65,1.2316201076514406
2026-10-10,19,0,wk inc rsv hosp,2026-10-10,quantile,0.7,2
2026-10-10,19,0,wk inc rsv hosp,2026-10-10,quantile,0.75,3
2026-10-10,19,0,wk inc rsv hosp,2026-10-10,quantile,0.8,3
2026-10-10,19,0,wk inc rsv hosp,2026-10-10,quantile,0.85,4
2026-10-10,19,0,wk inc rsv hosp,2026-10-10,quantile,0.9,5
2026-10-10,19,0,wk inc rsv hosp,2026-10-10,quantile,0.95,7
2026-10-10,19,0,wk inc rsv hosp,2026-10-10,quantile,0.975,9
2026-10-10,19,0,wk inc rsv hosp,2026-10-10,quantile,0.99,13
2026-10-10,19,1,wk inc rsv hosp,2026-10-17,quantile,0.01,0
2026-10-10,19,1,wk inc rsv hosp,2026-10-17,quantile,0.025,0
2026-10-10,19,1,wk inc rsv hosp,2026-10-17,quantile,0.05,0
2026-10-10,19,1,wk inc rsv hosp,2026-10-17,quantile,0.1,0
2026-10-10,19,1,wk inc rsv hosp,2026-10-17,quantile,0.15,0.7473718862153105
2026-10-10,19,1,wk inc rsv hosp,2026-10-17,quantile,0.2,0.7919734191331345
2026-10-10,19,1,wk inc rsv hosp,2026-10-17,quantile,0.25,0.7996889709670947
2026-10-10,19,1,wk inc rsv hosp,2026-10-17,quantile,0.3,0.8117661412732259
2026-10-10,19,1,wk inc rsv hosp,2026-10-17,quantile,0.35,0.9009428537922872
2026-10-10,19,1,wk inc rsv hosp,2026-10-17,quantile,0.4,1.025698078000658
2026-10-10,19,1,wk inc rsv hosp,2026-10-17,quantile,0.45,1.0994202996672777
2026-10-10,19,1,wk inc rsv hosp,2026-10-17,quantile,0.5,1.1846338716377447
2026-10-10,19,1,wk inc rsv hosp,2026-10-17,quantile,0.55,1.324750702425203
2026-10-10,19,1,wk inc rsv hosp,2026-10-17,quantile,0.6,1.4456358360286858
2026-10-10,19,1,wk inc rsv hosp,2026-10-17,quantile,0.65,2
2026-10-10,19,1,wk inc rsv hosp,2026-10-17,quantile,0.7,2
2026-10-10,19,1,wk inc rsv hosp,2026-10-17,quantile,0.75,3
2026-10-10,19,1,wk inc rsv hosp,2026-10-17,quantile,0.8,4
2026-10-10,19,1,wk inc rsv hosp,2026-10-17,quantile,0.85,5
2026-10-10,19,1,wk inc rsv hosp,2026-10-17,quantile,0.9,7
2026-10-10,19,1,wk inc rsv hosp,2026-10-17,quantile,0.95,12
2026-10-10,19,1,wk inc rsv hosp,2026-10-17,quantile,0.975,17
2026-10-10,19,1,wk inc rsv hosp,2026-10-17,quantile,0.99,17
2026-10-10,19,2,wk inc rsv hosp,2026-10-24,quantile,0.01,0
2026-10-10,19,2,wk inc rsv hosp,2026-10-24,quantile,0.025,0
2026-10-10,19,2,wk inc rsv hosp,2026-10-24,quantile,0.05,0
2026-10-10,19,2,wk inc rsv hosp,2026-10-24,quantile,0.1,0.730649394690104
2026-10-10,19,2,wk inc rsv hosp,2026-10-24,quantile,0.15,1
2026-10-10,19,2,wk inc rsv hosp,2026-10-24,quantile,0.2,1
2026-10-10,19,2,wk inc rsv hosp,2026-10-24,quantile,0.25,2
2026-10-10,19,2,wk inc rsv hosp,2026-10-24,quantile,0.3,2
2026-10-10,19,2,wk inc rsv hosp,2026-10-24,quantile,0.35,2
2026-10-10,19,2,wk inc rsv hosp,2026-10-24,quantile,0.4,2
2026-10-10,19,2,wk inc rsv hosp,2026-10-24,quantile,0.45,3
2026-10-10,19,2,wk inc rsv hosp,2026-10-24,quantile,0.5,3
2026-10-10,19,2,wk inc rsv hosp,2026-10-24,quantile,0.55,3
2026-10-10,19,2,wk inc rsv hosp,2026-10-24,quantile,0.6,4
2026-10-10,19,2,wk inc rsv hosp,2026-10-24,quantile,0.65,4
2026-10-10,19,2,wk inc rsv hosp,2026-10-24,quantile,0.7,4
2026-10-10,19,2,wk inc rsv hosp,2026-10-24,quantile,0.75,5
2026-10-10,19,2,wk inc rsv hosp,2026-10-24,quantile,0.8,5.619212421663084
2026-10-10,19,2,wk inc rsv hosp,2026-10-24,quantile,0.85,6.136908780395196
2026-10-10,19,2,wk inc rsv hosp,2026-10-24,quantile,0.9,9
2026-10-10,19,2,wk inc rsv hosp,2026-10-24,quantile,0.95,17
2026-10-10,19,2,wk inc rsv hosp,2026-10-24,quantile,0.975,19
2026-10-10,19,2,wk inc rsv hosp,2026-10-24,quantile,0.99,23
2026-10-10,19,3,wk inc rsv hosp,2026-10-31,quantile,0.01,0
2026-10-10,19,3,wk inc rsv hosp,2026-10-31,quantile,0.025,0
2026-10-10,19,3,wk inc rsv hosp,2026-10-31,quantile,0.05,0.7240169508437737
2026-10-10,19,3,wk inc rsv hosp,2026-10-31,quantile,0.1,1
2026-10-10,19,3,wk inc rsv hosp,2026-10-31,quantile,0.15,1
2026-10-10,19,3,wk inc rsv hosp,2026-10-31,quantile,0.2,2
2026-10-10,19,3,wk inc rsv hosp,2026-10-31,quantile,0.25,2
2026-10-10,19,3,wk inc rsv hosp,2026-10-31,quantile,0.3,2
2026-10-10,19,3,wk inc rsv hosp,2026-10-31,quantile,0.35,3
2026-10-10,19,3,wk inc rsv hosp,2026-10-31,quantile,0.4,3
2026-10-10,19,3,wk inc rsv hosp,2026-10-31,quantile,0.45,3
2026-10-10,19,3,wk inc rsv hosp,2026-10-31,quantile,0.5,4
2026-10-10,19,3,wk inc rsv hosp,2026-10-31,quantile,0.55,4
2026-10-10,19,3,wk inc rsv hosp,2026-10-31,quantile,0.6,4
2026-10-10,19,3,wk inc rsv hosp,2026-10-31,quantile,0.65,5
2026-10-10,19,3,wk inc rsv hosp,2026-10-31,quantile,0.7,5
2026-10-10,19,3,wk inc rsv hosp,2026-10-31,quantile,0.75,7.250000000000114
2026-10-10,19,3,wk inc rsv hosp,2026-10-31,quantile,0.8,8.817501040993697
2026-10-10,19,3,wk inc rsv hosp,2026-10-31,quantile,0.85,10.180203830171228
2026-10-10,19,3,wk inc rsv hosp,2026-10-31,quantile,0.9,13
2026-10-10,19,3,wk inc rsv hosp,2026-10-31,quantile,0.95,20
2026-10-10,19,3,wk inc rsv hosp,2026-10-31,quantile,0.975,25
2026-10-10,19,3,wk inc rsv hosp,2026-10-31,quantile,0.99,33
2026-10-10,20,-1,wk inc rsv hosp,2026-10-03,quantile,0.01,0
2026-10-10,20,-1,wk inc rsv hosp,2026-10-03,quantile,0.025,0
2026-10-10,20,-1,wk inc rsv hosp,2026-10-03,quantile,0.05,0
2026-10-10,20,-1,wk inc rsv hosp,2026-10-03,quantile,0.1,0
2026-10-10,20,-1,wk inc rsv hosp,2026-10-03,quantile,0.15,0
2026-10-10,20,-1,wk inc rsv hosp,2026-10-03,quantile,0.2,0
2026-10-10,20,-1,wk inc rsv hosp,2026-10-03,quantile,0.25,0
2026-10-10,20,-1,wk inc rsv hosp,2026-10-03,quantile,0.3,0
2026-10-10,20,-1,wk inc rsv hosp,2026-10-03,quantile,0.35,0
2026-10-10,20,-1,wk inc rsv hosp,2026-10-03,quantile,0.4,0
2026-10-10,20,-1,wk inc rsv hosp,2026-10-03,quantile,0.45,1
2026-10-10,20,-1,wk inc rsv hosp,2026-10-03,quantile,0.5,1
2026-10-10,20,-1,wk inc rsv hosp,2026-10-03,quantile,0.55,1
2026-10-10,20,-1,wk inc rsv hosp,2026-10-03,quantile,0.6,1
2026-10-10,20,-1,wk inc rsv hosp,2026-10-03,quantile,0.65,1
2026-10-10,20,-1,wk inc rsv hosp,2026-10-03,quantile,0.7,2
2026-10-10,20,-1,wk inc rsv hosp,2026-10-03,quantile,0.75,2
2026-10-10,20,-1,wk inc rsv hosp,2026-10-03,quantile,0.8,2
2026-10-10,20,-1,wk inc rsv hosp,2026-10-03,quantile,0.85,3
2026-10-10,20,-1,wk inc rsv hosp,2026-10-03,quantile,0.9,3
2026-10-10,20,-1,wk inc rsv hosp,2026-10-03,quantile,0.95,4
2026-10-10,20,-1,wk inc rsv hosp,2026-10-03,quantile,0.975,5
2026-10-10,20,-1,wk inc rsv hosp,2026-10-03,quantile,0.99,6
2026-10-10,20,0,wk inc rsv hosp,2026-10-10,quantile,0.01,0
2026-10-10,20,0,wk inc rsv hosp,2026-10-10,quantile,0.025,0
2026-10-10,20,0,wk inc rsv hosp,2026-10-10,quantile,0.05,0
2026-10-10,20,0,wk inc rsv hosp,2026-10-10,quantile,0.1,0
2026-10-10,20,0,wk inc rsv hosp,2026-10-10,quantile,0.15,0
2026-10-10,20,0,wk inc rsv hosp,2026-10-10,quantile,0.2,0.008796964895458188
2026-10-10,20,0,wk inc rsv hosp,2026-10-10,quantile,0.25,0.5641270152755579
2026-10-10,20,0,wk inc rsv hosp,2026-10-10,quantile,0.3,0.570963794717152
2026-10-10,20,0,wk inc rsv hosp,2026-10-10,quantile,0.35,0.5721521048639863
2026-10-10,20,0,wk inc rsv hosp,2026-10-10,quantile,0.4,1
2026-10-10,20,0,wk inc rsv hosp,2026-10-10,quantile,0.45,1
2026-10-10,20,0,wk inc rsv hosp,2026-10-10,quantile,0.5,1.5
2026-10-10,20,0,wk inc rsv hosp,2026-10-10,quantile,0.55,2
2026-10-10,20,0,wk inc rsv hosp,2026-10-10,quantile,0.6,2
2026-10-10,20,0,wk inc rsv hosp,2026-10-10,quantile,0.65,2
2026-10-10,20,0,wk inc rsv hosp,2026-10-10,quantile,0.7,2.5
2026-10-10,20,0,wk inc rsv hosp,2026-10-10,quantile,0.75,3
2026-10-10,20,0,wk inc rsv hosp,2026-10-10,quantile,0.8,3
2026-10-10,20,0,wk inc rsv hosp,2026-10-10,quantile,0.85,3
2026-10-10,20,0,wk inc rsv hosp,2026-10-10,quantile,0.9,3.5
2026-10-10,20,0,wk inc rsv hosp,2026-10-10,quantile,0.95,4.5
2026-10-10,20,0,wk inc rsv hosp,2026-10-10,quantile,0.975,4.5
2026-10-10,20,0,wk inc rsv hosp,2026-10-10,quantile,0.99,5.5
2026-10-10,20,1,wk inc rsv hosp,2026-10-17,quantile,0.01,0
2026-10-10,20,1,wk inc rsv hosp,2026-10-17,quantile,0.025,0
2026-10-10,20,1,wk inc rsv hosp,2026-10-17,quantile,0.05,0
2026-10-10,20,1,wk inc rsv hosp,2026-10-17,quantile,0.1,0
2026-10-10,20,1,wk inc rsv hosp,2026-10-17,quantile,0.15,0
2026-10-10,20,1,wk inc rsv hosp,2026-10-17,quantile,0.2,0.6565349991457746
2026-10-10,20,1,wk inc rsv hosp,2026-10-17,quantile,0.25,0.6608166694346216
2026-10-10,20,1,wk inc rsv hosp,2026-10-17,quantile,0.3,0.7580292175386012
2026-10-10,20,1,wk inc rsv hosp,2026-10-17,quantile,0.35,0.8680168222596976
2026-10-10,20,1,wk inc rsv hosp,2026-10-17,quantile,0.4,0.8717605132550176
2026-10-10,20,1,wk inc rsv hosp,2026-10-17,quantile,0.45,1.5
2026-10-10,20,1,wk inc rsv hosp,2026-10-17,quantile,0.5,1.5044843489202013
2026-10-10,20,1,wk inc rsv hosp,2026-10-17,quantile,0.55,2
2026-10-10,20,1,wk inc rsv hosp,2026-10-17,quantile,0.6,2
2026-10-10,20,1,wk inc rsv hosp,2026-10-17,quantile,0.65,3
2026-10-10,20,1,wk inc rsv hosp,2026-10-17,quantile,0.7,3
2026-10-10,20,1,wk inc rsv hosp,2026-10-17,quantile,0.75,3
2026-10-10,20,1,wk inc rsv hosp,2026-10-17,quantile,0.8,3
2026-10-10,20,1,wk inc rsv hosp,2026-10-17,quantile,0.85,4
2026-10-10,20,1,wk inc rsv hosp,2026-10-17,quantile,0.9,4.5
2026-10-10,20,1,wk inc rsv hosp,2026-10-17,quantile,0.95,5.5
2026-10-10,20,1,wk inc rsv hosp,2026-10-17,quantile,0.975,6
2026-10-10,20,1,wk inc rsv hosp,2026-10-17,quantile,0.99,8.504999999999995
2026-10-10,20,2,wk inc rsv hosp,2026-10-24,quantile,0.01,0
2026-10-10,20,2,wk inc rsv hosp,2026-10-24,quantile,0.025,0
2026-10-10,20,2,wk inc rsv hosp,2026-10-24,quantile,0.05,0
2026-10-10,20,2,wk inc rsv hosp,2026-10-24,quantile,0.1,0
2026-10-10,20,2,wk inc rsv hosp,2026-10-24,quantile,0.15,0.4335266473384273
2026-10-10,20,2,wk inc rsv hosp,2026-10-24,quantile,0.2,1
2026-10-10,20,2,wk inc rsv hosp,2026-10-24,quantile,0.25,1
2026-10-10,20,2,wk inc rsv hosp,2026-10-24,quantile,0.3,1
2026-10-10,20,2,wk inc rsv hosp,2026-10-24,quantile,0.35,1.5
2026-10-10,20,2,wk inc rsv hosp,2026-10-24,quantile,0.4,2
2026-10-10,20,2,wk inc rsv hosp,2026-10-24,quantile,0.45,2
2026-10-10,20,2,wk inc rsv hosp,2026-10-24,quantile,0.5,2
2026-10-10,20,2,wk inc rsv hosp,2026-10-24,quantile,0.55,2
2026-10-10,20,2,wk inc rsv hosp,2026-10-24,quantile,0.6,2.8716215639840996
2026-10-10,20,2,wk inc rsv hosp,2026-10-24,quantile,0.65,3
2026-10-10,20,2,wk inc rsv hosp,2026-10-24,quantile,0.7,3
2026-10-10,20,2,wk inc rsv hosp,2026-10-24,quantile,0.75,4
2026-10-10,20,2,wk inc rsv hosp,2026-10-24,quantile,0.8,4
2026-10-10,20,2,wk inc rsv hosp,2026-10-24,quantile,0.85,5
2026-10-10,20,2,wk inc rsv hosp,2026-10-24,quantile,0.9,5.5
2026-10-10,20,2,wk inc rsv hosp,2026-10-24,quantile,0.95,7.5
2026-10-10,20,2,wk inc rsv hosp,2026-10-24,quantile,0.975,10.012499999999989
2026-10-10,20,2,wk inc rsv hosp,2026-10-24,quantile,0.99,13.5
2026-10-10,20,3,wk inc rsv hosp,2026-10-31,quantile,0.01,0
2026-10-10,20,3,wk inc rsv hosp,2026-10-31,quantile,0.025,0
2026-10-10,20,3,wk inc rsv hosp,2026-10-31,quantile,0.05,0
2026-10-10,20,3,wk inc rsv hosp,2026-10-31,quantile,0.1,0.9535245918404217
2026-10-10,20,3,wk inc rsv hosp,2026-10-31,quantile,0.15,1
2026-10-10,20,3,wk inc rsv hosp,2026-10-31,quantile,0.2,1
2026-10-10,20,3,wk inc rsv hosp,2026-10-31,quantile,0.25,1
2026-10-10,20,3,wk inc rsv hosp,2026-10-31,quantile,0.3,1
2026-10-10,20,3,wk inc rsv hosp,2026-10-31,quantile,0.35,1
2026-10-10,20,3,wk inc rsv hosp,2026-10-31,quantile,0.4,2
2026-10-10,20,3,wk inc rsv hosp,2026-10-31,quantile,0.45,2
2026-10-10,20,3,wk inc rsv hosp,2026-10-31,quantile,0.5,2
2026-10-10,20,3,wk inc rsv hosp,2026-10-31,quantile,0.55,2
2026-10-10,20,3,wk inc rsv hosp,2026-10-31,quantile,0.6,3
2026-10-10,20,3,wk inc rsv hosp,2026-10-31,quantile,0.65,3.2615630151952395
2026-10-10,20,3,wk inc rsv hosp,2026-10-31,quantile,0.7,4
2026-10-10,20,3,wk inc rsv hosp,2026-10-31,quantile,0.75,4
2026-10-10,20,3,wk inc rsv hosp,2026-10-31,quantile,0.8,5
2026-10-10,20,3,wk inc rsv hosp,2026-10-31,quantile,0.85,6
2026-10-10,20,3,wk inc rsv hosp,2026-10-31,quantile,0.9,7
2026-10-10,20,3,wk inc rsv hosp,2026-10-31,quantile,0.95,10
2026-10-10,20,3,wk inc rsv hosp,2026-10-31,quantile,0.975,13
2026-10-10,20,3,wk inc rsv hosp,2026-10-31,quantile,0.99,17
2026-10-10,21,-1,wk inc rsv hosp,2026-10-03,quantile,0.01,5
2026-10-10,21,-1,wk inc rsv hosp,2026-10-03,quantile,0.025,7
2026-10-10,21,-1,wk inc rsv hosp,2026-10-03,quantile,0.05,7
2026-10-10,21,-1,wk inc rsv hosp,2026-10-03,quantile,0.1,9
2026-10-10,21,-1,wk inc rsv hosp,2026-10-03,quantile,0.15,9
2026-10-10,21,-1,wk inc rsv hosp,2026-10-03,quantile,0.2,10
2026-10-10,21,-1,wk inc rsv hosp,2026-10-03,quantile,0.25,10
2026-10-10,21,-1,wk inc rsv hosp,2026-10-03,quantile,0.3,11
2026-10-10,21,-1,wk inc rsv hosp,2026-10-03,quantile,0.35,11
2026-10-10,21,-1,wk inc rsv hosp,2026-10-03,quantile,0.4,12
2026-10-10,21,-1,wk inc rsv hosp,2026-10-03,quantile,0.45,12
2026-10-10,21,-1,wk inc rsv hosp,2026-10-03,quantile,0.5,13
2026-10-10,21,-1,wk inc rsv hosp,2026-10-03,quantile,0.55,13
2026-10-10,21,-1,wk inc rsv hosp,2026-10-03,quantile,0.6,14
2026-10-10,21,-1,wk inc rsv hosp,2026-10-03,quantile,0.65,14
2026-10-10,21,-1,wk inc rsv hosp,2026-10-03,quantile,0.7,15
2026-10-10,21,-1,wk inc rsv hosp,2026-10-03,quantile,0.75,15
2026-10-10,21,-1,wk inc rsv hosp,2026-10-03,quantile,0.8,16
2026-10-10,21,-1,wk inc rsv hosp,2026-10-03,quantile,0.85,16
2026-10-10,21,-1,wk inc rsv hosp,2026-10-03,quantile,0.9,18
2026-10-10,21,-1,wk inc rsv hosp,2026-10-03,quantile,0.95,19
2026-10-10,21,-1,wk inc rsv hosp,2026-10-03,quantile,0.975,21
2026-10-10,21,-1,wk inc rsv hosp,2026-10-03,quantile,0.99,23
2026-10-10,21,0,wk inc rsv hosp,2026-10-10,quantile,0.01,2
2026-10-10,21,0,wk inc rsv hosp,2026-10-10,quantile,0.025,3.5
2026-10-10,21,0,wk inc rsv hosp,2026-10-10,quantile,0.05,4.5
2026-10-10,21,0,wk inc rsv hosp,2026-10-10,quantile,0.1,5.5
2026-10-10,21,0,wk inc rsv hosp,2026-10-10,quantile,0.15,6.153761248776852
2026-10-10,21,0,wk inc rsv hosp,2026-10-10,quantile,0.2,7.499167106639977
2026-10-10,21,0,wk inc rsv hosp,2026-10-10,quantile,0.25,7.602452577480281
2026-10-10,21,0,wk inc rsv hosp,2026-10-10,quantile,0.3,8.28601760975803
2026-10-10,21,0,wk inc rsv hosp,2026-10-10,quantile,0.35,9.325000000000017
2026-10-10,21,0,wk inc rsv hosp,2026-10-10,quantile,0.4,9.512561901679813
2026-10-10,21,0,wk inc rsv hosp,2026-10-10,quantile,0.45,10.5
2026-10-10,21,0,wk inc rsv hosp,2026-10-10,quantile,0.5,10.75
2026-10-10,21,0,wk inc rsv hosp,2026-10-10,quantile,0.55,11.5
2026-10-10,21,0,wk inc rsv hosp,2026-10-10,quantile,0.6,12
2026-10-10,21,0,wk inc rsv hosp,2026-10-10,quantile,0.65,12.5
2026-10-10,21,0,wk inc rsv hosp,2026-10-10,quantile,0.7,13.5
2026-10-10,21,0,wk inc rsv hosp,2026-10-10,quantile,0.75,14.5
2026-10-10,21,0,wk inc rsv hosp,2026-10-10,quantile,0.8,15.5
2026-10-10,21,0,wk inc rsv hosp,2026-10-10,quantile,0.85,16.5
2026-10-10,21,0,wk inc rsv hosp,2026-10-10,quantile,0.9,17.5
2026-10-10,21,0,wk inc rsv hosp,2026-10-10,quantile,0.95,21
2026-10-10,21,0,wk inc rsv hosp,2026-10-10,quantile,0.975,25.12174683984902
2026-10-10,21,0,wk inc rsv hosp,2026-10-10,quantile,0.99,27.5
2026-10-10,21,1,wk inc rsv hosp,2026-10-17,quantile,0.01,2.5
2026-10-10,21,1,wk inc rsv hosp,2026-10-17,quantile,0.025,3.4583524410149153
2026-10-10,21,1,wk inc rsv hosp,2026-10-17,quantile,0.05,4.720902026603879
2026-10-10,21,1,wk inc rsv hosp,2026-10-17,quantile,0.1,5.850713931499398
2026-10-10,21,1,wk inc rsv hosp,2026-10-17,quantile,0.15,6.7645827626137045
2026-10-10,21,1,wk inc rsv hosp,2026-10-17,quantile,0.2,7.712018535700068
2026-10-10,21,1,wk inc rsv hosp,2026-10-17,quantile,0.25,7.875
2026-10-10,21,1,wk inc rsv hosp,2026-10-17,quantile,0.3,9
2026-10-10,21,1,wk inc rsv hosp,2026-10-17,quantile,0.35,10.5
2026-10-10,21,1,wk inc rsv hosp,2026-10-17,quantile,0.4,11.5
2026-10-10,21,1,wk inc rsv hosp,2026-10-17,quantile,0.45,12.5
2026-10-10,21,1,wk inc rsv hosp,2026-10-17,quantile,0.5,13.5
2026-10-10,21,1,wk inc rsv hosp,2026-10-17,quantile,0.55,14
2026-10-10,21,1,wk inc rsv hosp,2026-10-17,quantile,0.6,15
2026-10-10,21,1,wk inc rsv hosp,2026-10-17,quantile,0.65,16
2026-10-10,21,1,wk inc rsv hosp,2026-10-17,quantile,0.7,17
2026-10-10,21,1,wk inc rsv hosp,2026-10-17,quantile,0.75,18
2026-10-10,21,1,wk inc rsv hosp,2026-10-17,quantile,0.8,19.5
2026-10-10,21,1,wk inc rsv hosp,2026-10-17,quantile,0.85,21.001558918526598
2026-10-10,21,1,wk inc rsv hosp,2026-10-17,quantile,0.9,23.5
2026-10-10,21,1,wk inc rsv hosp,2026-10-17,quantile,0.95,29
2026-10-10,21,1,wk inc rsv hosp,2026-10-17,quantile,0.975,32.5
2026-10-10,21,1,wk inc rsv hosp,2026-10-17,quantile,0.99,34
2026-10-10,21,2,wk inc rsv hosp,2026-10-24,quantile,0.01,2
2026-10-10,21,2,wk inc rsv hosp,2026-10-24,quantile,0.025,3.5
2026-10-10,21,2,wk inc rsv hosp,2026-10-24,quantile,0.05,4.5
2026-10-10,21,2,wk inc rsv hosp,2026-10-24,quantile,0.1,7
2026-10-10,21,2,wk inc rsv hosp,2026-10-24,quantile,0.15,8.365959666762418
2026-10-10,21,2,wk inc rsv hosp,2026-10-24,quantile,0.2,9.629957843122458
2026-10-10,21,2,wk inc rsv hosp,2026-10-24,quantile,0.25,10.434883172867186
2026-10-10,21,2,wk inc rsv hosp,2026-10-24,quantile,0.3,11.3330898839619
2026-10-10,21,2,wk inc rsv hosp,2026-10-24,quantile,0.35,12.645906556856902
2026-10-10,21,2,wk inc rsv hosp,2026-10-24,quantile,0.4,14.5
2026-10-10,21,2,wk inc rsv hosp,2026-10-24,quantile,0.45,16.00213357925029
2026-10-10,21,2,wk inc rsv hosp,2026-10-24,quantile,0.5,17.426435957813204
2026-10-10,21,2,wk inc rsv hosp,2026-10-24,quantile,0.55,19.40208690427346
2026-10-10,21,2,wk inc rsv hosp,2026-10-24,quantile,0.6,20.752250802440827
2026-10-10,21,2,wk inc rsv hosp,2026-10-24,quantile,0.65,22.74022943452424
2026-10-10,21,2,wk inc rsv hosp,2026-10-24,quantile,0.7,24.020708364685106
2026-10-10,21,2,wk inc rsv hosp,2026-10-24,quantile,0.75,25.104603999218405
2026-10-10,21,2,wk inc rsv hosp,2026-10-24,quantile,0.8,28.299284502706094
2026-10-10,21,2,wk inc rsv hosp,2026-10-24,quantile,0.85,30.557227125478867
2026-10-10,21,2,wk inc rsv hosp,2026-10-24,quantile,0.9,34.03405265447208
2026-10-10,21,2,wk inc rsv hosp,2026-10-24,quantile,0.95,42
2026-10-10,21,2,wk inc rsv hosp,2026-10-24,quantile,0.975,51.23623407969062
2026-10-10,21,2,wk inc rsv hosp,2026-10-24,quantile,0.99,64.26156236574045
2026-10-10,21,3,wk inc rsv hosp,2026-10-31,quantile,0.01,2
2026-10-10,21,3,wk inc rsv hosp,2026-10-31,quantile,0.025,3
2026-10-10,21,3,wk inc rsv hosp,2026-10-31,quantile,0.05,4
2026-10-10,21,3,wk inc rsv hosp,2026-10-31,quantile,0.1,7
2026-10-10,21,3,wk inc rsv hosp,2026-10-31,quantile,0.15,9
2026-10-10,21,3,wk inc rsv hosp,2026-10-31,quantile,0.2,10
2026-10-10,21,3,wk inc rsv hosp,2026-10-31,quantile,0.25,11
2026-10-10,21,3,wk inc rsv hosp,2026-10-31,quantile,0.3,12
2026-10-10,21,3,wk inc rsv hosp,2026-10-31,quantile,0.35,13
2026-10-10,21,3,wk inc rsv hosp,2026-10-31,quantile,0.4,15
2026-10-10,21,3,wk inc rsv hosp,2026-10-31,quantile,0.45,17
2026-10-10,21,3,wk inc rsv hosp,2026-10-31,quantile,0.5,21
2026-10-10,21,3,wk inc rsv hosp,2026-10-31,quantile,0.55,24
2026-10-10,21,3,wk inc rsv hosp,2026-10-31,quantile,0.6,25.68386459834047
2026-10-10,21,3,wk inc rsv hosp,2026-10-31,quantile,0.65,26.244704871344233
2026-10-10,21,3,wk inc rsv hosp,2026-10-31,quantile,0.7,27.117269791349454
2026-10-10,21,3,wk inc rsv hosp,2026-10-31,quantile,0.75,28.187064105879585
2026-10-10,21,3,wk inc rsv hosp,2026-10-31,quantile,0.8,29.793983200978765
2026-10-10,21,3,wk inc rsv hosp,2026-10-31,quantile,0.85,32.934475842880495
2026-10-10,21,3,wk inc rsv hosp,2026-10-31,quantile,0.9,37.03081965636404
2026-10-10,21,3,wk inc rsv hosp,2026-10-31,quantile,0.95,39.642848103461084
2026-10-10,21,3,wk inc rsv hosp,2026-10-31,quantile,0.975,44.99371917668913
2026-10-10,21,3,wk inc rsv hosp,2026-10-31,quantile,0.99,52
2026-10-10,22,-1,wk inc rsv hosp,2026-10-03,quantile,0.01,5
2026-10-10,22,-1,wk inc rsv hosp,2026-10-03,quantile,0.025,6
2026-10-10,22,-1,wk inc rsv hosp,2026-10-03,quantile,0.05,7
2026-10-10,22,-1,wk inc rsv hosp,2026-10-03,quantile,0.1,9
2026-10-10,22,-1,wk inc rsv hosp,2026-10-03,quantile,0.15,10
2026-10-10,22,-1,wk inc rsv hosp,2026-10-03,quantile,0.2,10
2026-10-10,22,-1,wk inc rsv hosp,2026-10-03,quantile,0.25,11
2026-10-10,22,-1,wk inc rsv hosp,2026-10-03,quantile,0.3,11
2026-10-10,22,-1,wk inc rsv hosp,2026-10-03,quantile,0.35,12
2026-10-10,22,-1,wk inc rsv hosp,2026-10-03,quantile,0.4,12
2026-10-10,22,-1,wk inc rsv hosp,2026-10-03,quantile,0.45,12
2026-10-10,22,-1,wk inc rsv hosp,2026-10-03,quantile,0.5,13
2026-10-10,22,-1,wk inc rsv hosp,2026-10-03,quantile,0.55,13
2026-10-10,22,-1,wk inc rsv hosp,2026-10-03,quantile,0.6,14
2026-10-10,22,-1,wk inc rsv hosp,2026-10-03,quantile,0.65,14
2026-10-10,22,-1,wk inc rsv hosp,2026-10-03,quantile,0.7,15
2026-10-10,22,-1,wk inc rsv hosp,2026-10-03,quantile,0.75,15
2026-10-10,22,-1,wk inc rsv hosp,2026-10-03,quantile,0.8,16
2026-10-10,22,-1,wk inc rsv hosp,2026-10-03,quantile,0.85,17
2026-10-10,22,-1,wk inc rsv hosp,2026-10-03,quantile,0.9,18
2026-10-10,22,-1,wk inc rsv hosp,2026-10-03,quantile,0.95,19
2026-10-10,22,-1,wk inc rsv hosp,2026-10-03,quantile,0.975,22
2026-10-10,22,-1,wk inc rsv hosp,2026-10-03,quantile,0.99,25
2026-10-10,22,0,wk inc rsv hosp,2026-10-10,quantile,0.01,2.2472067320384475
2026-10-10,22,0,wk inc rsv hosp,2026-10-10,quantile,0.025,3.3223208705998584
2026-10-10,22,0,wk inc rsv hosp,2026-10-10,quantile,0.05,4.136993518724409
2026-10-10,22,0,wk inc rsv hosp,2026-10-10,quantile,0.1,6.1845677829331365
2026-10-10,22,0,wk inc rsv hosp,2026-10-10,quantile,0.15,8
2026-10-10,22,0,wk inc rsv hosp,2026-10-10,quantile,0.2,10
2026-10-10,22,0,wk inc rsv hosp,2026-10-10,quantile,0.25,10.5
2026-10-10,22,0,wk inc rsv hosp,2026-10-10,quantile,0.3,11.5
2026-10-10,22,0,wk inc rsv hosp,2026-10-10,quantile,0.35,12
2026-10-10,22,0,wk inc rsv hosp,2026-10-10,quantile,0.4,13.5
2026-10-10,22,0,wk inc rsv hosp,2026-10-10,quantile,0.45,15
2026-10-10,22,0,wk inc rsv hosp,2026-10-10,quantile,0.5,16.5
2026-10-10,22,0,wk inc rsv hosp,2026-10-10,quantile,0.55,16.5
2026-10-10,22,0,wk inc rsv hosp,2026-10-10,quantile,0.6,17.5
2026-10-10,22,0,wk inc rsv hosp,2026-10-10,quantile,0.65,19
2026-10-10,22,0,wk inc rsv hosp,2026-10-10,quantile,0.7,20
2026-10-10,22,0,wk inc rsv hosp,2026-10-10,quantile,0.75,21
2026-10-10,22,0,wk inc rsv hosp,2026-10-10,quantile,0.8,22.5
2026-10-10,22,0,wk inc rsv hosp,2026-10-10,quantile,0.85,25
2026-10-10,22,0,wk inc rsv hosp,2026-10-10,quantile,0.9,27
2026-10-10,22,0,wk inc rsv hosp,2026-10-10,quantile,0.95,35.506182333349514
2026-10-10,22,0,wk inc rsv hosp,2026-10-10,quantile,0.975,39
2026-10-10,22,0,wk inc rsv hosp,2026-10-10,quantile,0.99,42
2026-10-10,22,1,wk inc rsv hosp,2026-10-17,quantile,0.01,2.2216142103829704
2026-10-10,22,1,wk inc rsv hosp,2026-10-17,quantile,0.025,2.7854482355251884
2026-10-10,22,1,wk inc rsv hosp,2026-10-17,quantile,0.05,3.9566599524447614
2026-10-10,22,1,wk inc rsv hosp,2026-10-17,quantile,0.1,6
2026-10-10,22,1,wk inc rsv hosp,2026-10-17,quantile,0.15,8.5
2026-10-10,22,1,wk inc rsv hosp,2026-10-17,quantile,0.2,10
2026-10-10,22,1,wk inc rsv hosp,2026-10-17,quantile,0.25,11
2026-10-10,22,1,wk inc rsv hosp,2026-10-17,quantile,0.3,11.5
2026-10-10,22,1,wk inc rsv hosp,2026-10-17,quantile,0.35,12.5
2026-10-10,22,1,wk inc rsv hosp,2026-10-17,quantile,0.4,14.5
2026-10-10,22,1,wk inc rsv hosp,2026-10-17,quantile,0.45,16
2026-10-10,22,1,wk inc rsv hosp,2026-10-17,quantile,0.5,18.5
2026-10-10,22,1,wk inc rsv hosp,2026-10-17,quantile,0.55,20.5
2026-10-10,22,1,wk inc rsv hosp,2026-10-17,quantile,0.6,21.5
2026-10-10,22,1,wk inc rsv hosp,2026-10-17,quantile,0.65,24
2026-10-10,22,1,wk inc rsv hosp,2026-10-17,quantile,0.7,25
2026-10-10,22,1,wk inc rsv hosp,2026-10-17,quantile,0.75,27.5
2026-10-10,22,1,wk inc rsv hosp,2026-10-17,quantile,0.8,30
2026-10-10,22,1,wk inc rsv hosp,2026-10-17,quantile,0.85,33.5
2026-10-10,22,1,wk inc rsv hosp,2026-10-17,quantile,0.9,37.98191791836295
2026-10-10,22,1,wk inc rsv hosp,2026-10-17,quantile,0.95,46.36839774235172
2026-10-10,22,1,wk inc rsv hosp,2026-10-17,quantile,0.975,59
2026-10-10,22,1,wk inc rsv hosp,2026-10-17,quantile,0.99,75
2026-10-10,22,2,wk inc rsv hosp,2026-10-24,quantile,0.01,2.5834643838683675
2026-10-10,22,2,wk inc rsv hosp,2026-10-24,quantile,0.025,3.266498325889975
2026-10-10,22,2,wk inc rsv hosp,2026-10-24,quantile,0.05,4.600608062568963
2026-10-10,22,2,wk inc rsv hosp,2026-10-24,quantile,0.1,7.876366822667913
2026-10-10,22,2,wk inc rsv hosp,2026-10-24,quantile,0.15,9.410250881238802
2026-10-10,22,2,wk inc rsv hosp,2026-10-24,quantile,0.2,10.757925574020124
2026-10-10,22,2,wk inc rsv hosp,2026-10-24,quantile,0.25,12.241029098497936
2026-10-10,22,2,wk inc rsv hosp,2026-10-24,quantile,0.3,14.823672039339392
2026-10-10,22,2,wk inc rsv hosp,2026-10-24,quantile,0.35,16.647457565080042
2026-10-10,22,2,wk inc rsv hosp,2026-10-24,quantile,0.4,18.08801710263304
2026-10-10,22,2,wk inc rsv hosp,2026-10-24,quantile,0.45,20.87587736735576
2026-10-10,22,2,wk inc rsv hosp,2026-10-24,quantile,0.5,23.07681546352814
2026-10-10,22,2,wk inc rsv hosp,2026-10-24,quantile,0.55,25
2026-10-10,22,2,wk inc rsv hosp,2026-10-24,quantile,0.6,27
2026-10-10,22,2,wk inc rsv hosp,2026-10-24,quantile,0.65,30
2026-10-10,22,2,wk inc rsv hosp,2026-10-24,quantile,0.7,32.5
2026-10-10,22,2,wk inc rsv hosp,2026-10-24,quantile,0.75,35.5
2026-10-10,22,2,wk inc rsv hosp,2026-10-24,quantile,0.8,40.5
2026-10-10,22,2,wk inc rsv hosp,2026-10-24,quantile,0.85,46.5
2026-10-10,22,2,wk inc rsv hosp,2026-10-24,quantile,0.9,54.5
2026-10-10,22,2,wk inc rsv hosp,2026-10-24,quantile,0.95,62.259033670301804
2026-10-10,22,2,wk inc rsv hosp,2026-10-24,quantile,0.975,75.64673877217706
2026-10-10,22,2,wk inc rsv hosp,2026-10-24,quantile,0.99,93.15057553021288
2026-10-10,22,3,wk inc rsv hosp,2026-10-31,quantile,0.01,4
2026-10-10,22,3,wk inc rsv hosp,2026-10-31,quantile,0.025,5
2026-10-10,22,3,wk inc rsv hosp,2026-10-31,quantile,0.05,6
2026-10-10,22,3,wk inc rsv hosp,2026-10-31,quantile,0.1,7
2026-10-10,22,3,wk inc rsv hosp,2026-10-31,quantile,0.15,9
2026-10-10,22,3,wk inc rsv hosp,2026-10-31,quantile,0.2,10
2026-10-10,22,3,wk inc rsv hosp,2026-10-31,quantile,0.25,12
2026-10-10,22,3,wk inc rsv hosp,2026-10-31,quantile,0.3,14
2026-10-10,22,3,wk inc rsv hosp,2026-10-31,quantile,0.35,16
2026-10-10,22,3,wk inc rsv hosp,2026-10-31,quantile,0.4,19
2026-10-10,22,3,wk inc rsv hosp,2026-10-31,quantile,0.45,22
2026-10-10,22,3,wk inc rsv hosp,2026-10-31,quantile,0.5,26
2026-10-10,22,3,wk inc rsv hosp,2026-10-31,quantile,0.55,29.411694866937022
2026-10-10,22,3,wk inc rsv hosp,2026-10-31,quantile,0.6,33
2026-10-10,22,3,wk inc rsv hosp,2026-10-31,quantile,0.65,36
2026-10-10,22,3,wk inc rsv hosp,2026-10-31,quantile,0.7,38
2026-10-10,22,3,wk inc rsv hosp,2026-10-31,quantile,0.75,40
2026-10-10,22,3,wk inc rsv hosp,2026-10-31,quantile,0.8,44
2026-10-10,22,3,wk inc rsv hosp,2026-10-31,quantile,0.85,47
2026-10-10,22,3,wk inc rsv hosp,2026-10-31,quantile,0.9,53
2026-10-10,22,3,wk inc rsv hosp,2026-10-31,quantile,0.95,80.56786185879724
2026-10-10,22,3,wk inc rsv hosp,2026-10-31,quantile,0.975,105
2026-10-10,22,3,wk inc rsv hosp,2026-10-31,quantile,0.99,105
2026-10-10,23,-1,wk inc rsv hosp,2026-10-03,quantile,0.01,0
2026-10-10,23,-1,wk inc rsv hosp,2026-10-03,quantile,0.025,0
2026-10-10,23,-1,wk inc rsv hosp,2026-10-03,quantile,0.05,0
2026-10-10,23,-1,wk inc rsv hosp,2026-10-03,quantile,0.1,0
2026-10-10,23,-1,wk inc rsv hosp,2026-10-03,quantile,0.15,0
2026-10-10,23,-1,wk inc rsv hosp,2026-10-03,quantile,0.2,0
2026-10-10,23,-1,wk inc rsv hosp,2026-10-03,quantile,0.25,0
2026-10-10,23,-1,wk inc rsv hosp,2026-10-03,quantile,0.3,0
2026-10-10,23,-1,wk inc rsv hosp,2026-10-03,quantile,0.35,0
2026-10-10,23,-1,wk inc rsv hosp,2026-10-03,quantile,0.4,0
2026-10-10,23,-1,wk inc rsv hosp,2026-10-03,quantile,0.45,0
2026-10-10,23,-1,wk inc rsv hosp,2026-10-03,quantile,0.5,0
2026-10-10,23,-1,wk inc rsv hosp,2026-10-03,quantile,0.55,0
2026-10-10,23,-1,wk inc rsv hosp,2026-10-03,quantile,0.6,0
2026-10-10,23,-1,wk inc rsv hosp,2026-10-03,quantile,0.65,0
2026-10-10,23,-1,wk inc rsv hosp,2026-10-03,quantile,0.7,0
2026-10-10,23,-1,wk inc rsv hosp,2026-10-03,quantile,0.75,0
2026-10-10,23,-1,wk inc rsv hosp,2026-10-03,quantile,0.8,0
2026-10-10,23,-1,wk inc rsv hosp,2026-10-03,quantile,0.85,0
2026-10-10,23,-1,wk inc rsv hosp,2026-10-03,quantile,0.9,0
2026-10-10,23,-1,wk inc rsv hosp,2026-10-03,quantile,0.95,0
2026-10-10,23,-1,wk inc rsv hosp,2026-10-03,quantile,0.975,0
2026-10-10,23,-1,wk inc rsv hosp,2026-10-03,quantile,0.99,1
2026-10-10,23,0,wk inc rsv hosp,2026-10-10,quantile,0.01,0
2026-10-10,23,0,wk inc rsv hosp,2026-10-10,quantile,0.025,0
2026-10-10,23,0,wk inc rsv hosp,2026-10-10,quantile,0.05,0
2026-10-10,23,0,wk inc rsv hosp,2026-10-10,quantile,0.1,0
2026-10-10,23,0,wk inc rsv hosp,2026-10-10,quantile,0.15,0
2026-10-10,23,0,wk inc rsv hosp,2026-10-10,quantile,0.2,0
2026-10-10,23,0,wk inc rsv hosp,2026-10-10,quantile,0.25,0
2026-10-10,23,0,wk inc rsv hosp,2026-10-10,quantile,0.3,0
2026-10-10,23,0,wk inc rsv hosp,2026-10-10,quantile,0.35,0
2026-10-10,23,0,wk inc rsv hosp,2026-10-10,quantile,0.4,0
2026-10-10,23,0,wk inc rsv hosp,2026-10-10,quantile,0.45,0
2026-10-10,23,0,wk inc rsv hosp,2026-10-10,quantile,0.5,0
2026-10-10,23,0,wk inc rsv hosp,2026-10-10,quantile,0.55,0
2026-10-10,23,0,wk inc rsv hosp,2026-10-10,quantile,0.6,0.08993285182886325
2026-10-10,23,0,wk inc rsv hosp,2026-10-10,quantile,0.65,0.12558820132710974
2026-10-10,23,0,wk inc rsv hosp,2026-10-10,quantile,0.7,0.1519724488154182
2026-10-10,23,0,wk inc rsv hosp,2026-10-10,quantile,0.75,0.15676220510160907
2026-10-10,23,0,wk inc rsv hosp,2026-10-10,quantile,0.8,0.6598353746683996
2026-10-10,23,0,wk inc rsv hosp,2026-10-10,quantile,0.85,0.8307497001646373
2026-10-10,23,0,wk inc rsv hosp,2026-10-10,quantile,0.9,0.9390900478195191
2026-10-10,23,0,wk inc rsv hosp,2026-10-10,quantile,0.95,1.0682675919705567
2026-10-10,23,0,wk inc rsv hosp,2026-10-10,quantile,0.975,1.1806958520819437
2026-10-10,23,0,wk inc rsv hosp,2026-10-10,quantile,0.99,1.2588798884426504
2026-10-10,23,1,wk inc rsv hosp,2026-10-17,quantile,0.01,0
2026-10-10,23,1,wk inc rsv hosp,2026-10-17,quantile,0.025,0
2026-10-10,23,1,wk inc rsv hosp,2026-10-17,quantile,0.05,0
2026-10-10,23,1,wk inc rsv hosp,2026-10-17,quantile,0.1,0
2026-10-10,23,1,wk inc rsv hosp,2026-10-17,quantile,0.15,0
2026-10-10,23,1,wk inc rsv hosp,2026-10-17,quantile,0.2,0
2026-10-10,23,1,wk inc rsv hosp,2026-10-17,quantile,0.25,0
2026-10-10,23,1,wk inc rsv hosp,2026-10-17,quantile,0.3,0
2026-10-10,23,1,wk inc rsv hosp,2026-10-17,quantile,0.35,0
2026-10-10,23,1,wk inc rsv hosp,2026-10-17,quantile,0.4,0
2026-10-10,23,1,wk inc rsv hosp,2026-10-17,quantile,0.45,0
2026-10-10,23,1,wk inc rsv hosp,2026-10-17,quantile,0.5,0
2026-10-10,23,1,wk inc rsv hosp,2026-10-17,quantile,0.55,0.29260217460229687
2026-10-10,23,1,wk inc rsv hosp,2026-10-17,quantile,0.6,0.3135260227934348
2026-10-10,23,1,wk inc rsv hosp,2026-10-17,quantile,0.65,0.33562330686523756
2026-10-10,23,1,wk inc rsv hosp,2026-10-17,quantile,0.7,0.40617688914753003
2026-10-10,23,1,wk inc rsv hosp,2026-10-17,quantile,0.75,0.43108963694286184
2026-10-10,23,1,wk inc rsv hosp,2026-10-17,quantile,0.8,0.5
2026-10-10,23,1,wk inc rsv hosp,2026-10-17,quantile,0.85,1.0890101891808388
2026-10-10,23,1,wk inc rsv hosp,2026-10-17,quantile,0.9,1.170127703021869
2026-10-10,23,1,wk inc rsv hosp,2026-10-17,quantile,0.95,1.2650951020939865
2026-10-10,23,1,wk inc rsv hosp,2026-10-17,quantile,0.975,1.2934467812915913
2026-10-10,23,1,wk inc rsv hosp,2026-10-17,quantile,0.99,1.8018088755563484
2026-10-10,23,2,wk inc rsv hosp,2026-10-24,quantile,0.01,0
2026-10-10,23,2,wk inc rsv hosp,2026-10-24,quantile,0.025,0
2026-10-10,23,2,wk inc rsv hosp,2026-10-24,quantile,0.05,0
2026-10-10,23,2,wk inc rsv hosp,2026-10-24,quantile,0.1,0
2026-10-10,23,2,wk inc rsv hosp,2026-10-24,quantile,0.15,0
2026-10-10,23,2,wk inc rsv hosp,2026-10-24,quantile,0.2,0
2026-10-10,23,2,wk inc rsv hosp,2026-10-24,quantile,0.25,0
2026-10-10,23,2,wk inc rsv hosp,2026-10-24,quantile,0.3,0
2026-10-10,23,2,wk inc rsv hosp,2026-10-24,quantile,0.35,0
2026-10-10,23,2,wk inc rsv hosp,2026-10-24,quantile,0.4,0
2026-10-10,23,2,wk inc rsv hosp,2026-10-24,quantile,0.45,0
2026-10-10,23,2,wk inc rsv hosp,2026-10-24,quantile,0.5,0.34540988438480824
2026-10-10,23,2,wk inc rsv hosp,2026-10-24,quantile,0.55,0.3794644810614427
2026-10-10,23,2,wk inc rsv hosp,2026-10-24,quantile,0.6,0.3963426376367928
2026-10-10,23,2,wk inc rsv hosp,2026-10-24,quantile,0.65,0.41984394672589
2026-10-10,23,2,wk inc rsv hosp,2026-10-24,quantile,0.7,0.458639914671688
2026-10-10,23,2,wk inc rsv hosp,2026-10-24,quantile,0.75,0.47682620190288016
2026-10-10,23,2,wk inc rsv hosp,2026-10-24,quantile,0.8,1.0934612901158853
2026-10-10,23,2,wk inc rsv hosp,2026-10-24,quantile,0.85,1.102270048792428
2026-10-10,23,2,wk inc rsv hosp,2026-10-24,quantile,0.9,1.1732014519056482
2026-10-10,23,2,wk inc rsv hosp,2026-10-24,quantile,0.95,1.4450471192733767
2026-10-10,23,2,wk inc rsv hosp,2026-10-24,quantile,0.975,1.6030349853322388
2026-10-10,23,2,wk inc rsv hosp,2026-10-24,quantile,0.99,2.6918578115322065
2026-10-10,23,3,wk inc rsv hosp,2026-10-31,quantile,0.01,0
2026-10-10,23,3,wk inc rsv hosp,2026-10-31,quantile,0.025,0
2026-10-10,23,3,wk inc rsv hosp,2026-10-31,quantile,0.05,0
2026-10-10,23,3,wk inc rsv hosp,2026-10-31,quantile,0.1,0
2026-10-10,23,3,wk inc rsv hosp,2026-10-31,quantile,0.15,0
2026-10-10,23,3,wk inc rsv hosp,2026-10-31,quantile,0.2,0
2026-10-10,23,3,wk inc rsv hosp,2026-10-31,quantile,0.25,0
2026-10-10,23,3,wk inc rsv hosp,2026-10-31,quantile,0.3,0
2026-10-10,23,3,wk inc rsv hosp,2026-10-31,quantile,0.35,0
2026-10-10,23,3,wk inc rsv hosp,2026-10-31,quantile,0.4,0
2026-10-10,23,3,wk inc rsv hosp,2026-10-31,quantile,0.45,1
2026-10-10,23,3,wk inc rsv hosp,2026-10-31,quantile,0.5,1
2026-10-10,23,3,wk inc rsv hosp,2026-10-31,quantile,0.55,1
2026-10-10,23,3,wk inc rsv hosp,2026-10-31,quantile,0.6,1
2026-10-10,23,3,wk inc rsv hosp,2026-10-31,quantile,0.65,1
2026-10-10,23,3,wk inc rsv hosp,2026-10-31,quantile,0.7,1
2026-10-10,23,3,wk inc rsv hosp,2026-10-31,quantile,0.75,1.387931413913722
2026-10-10,23,3,wk inc rsv hosp,2026-10-31,quantile,0.8,1.6911730419128181
2026-10-10,23,3,wk inc rsv hosp,2026-10-31,quantile,0.85,1.7985408555399791
2026-10-10,23,3,wk inc rsv hosp,2026-10-31,quantile,0.9,1.9235879363962627
2026-10-10,23,3,wk inc rsv hosp,2026-10-31,quantile,0.95,2.4248714732247225
2026-10-10,23,3,wk inc rsv hosp,2026-10-31,quantile,0.975,2.792776637449891
2026-10-10,23,3,wk inc rsv hosp,2026-10-31,quantile,0.99,3.0369424069962445
2026-10-10,24,-1,wk inc rsv hosp,2026-10-03,quantile,0.01,0
2026-10-10,24,-1,wk inc rsv hosp,2026-10-03,quantile,0.025,0
2026-10-10,24,-1,wk inc rsv hosp,2026-10-03,quantile,0.05,1
2026-10-10,24,-1,wk inc rsv hosp,2026-10-03,quantile,0.1,2
2026-10-10,24,-1,wk inc rsv hosp,2026-10-03,quantile,0.15,2
2026-10-10,24,-1,wk inc rsv hosp,2026-10-03,quantile,0.2,3
2026-10-10,24,-1,wk inc rsv hosp,2026-10-03,quantile,0.25,3
2026-10-10,24,-1,wk inc rsv hosp,2026-10-03,quantile,0.3,3
2026-10-10,24,-1,wk inc rsv hosp,2026-10-03,quantile,0.35,3
2026-10-10,24,-1,wk inc rsv hosp,2026-10-03,quantile,0.4,3
2026-10-10,24,-1,wk inc rsv hosp,2026-10-03,quantile,0.45,3
2026-10-10,24,-1,wk inc rsv hosp,2026-10-03,quantile,0.5,3
2026-10-10,24,-1,wk inc rsv hosp,2026-10-03,quantile,0.55,3
2026-10-10,24,-1,wk inc rsv hosp,2026-10-03,quantile,0.6,3
2026-10-10,24,-1,wk inc rsv hosp,2026-10-03,quantile,0.65,3
2026-10-10,24,-1,wk inc rsv hosp,2026-10-03,quantile,0.7,3
2026-10-10,24,-1,wk inc rsv hosp,2026-10-03,quantile,0.75,3
2026-10-10,24,-1,wk inc rsv hosp,2026-10-03,quantile,0.8,4
2026-10-10,24,-1,wk inc rsv hosp,2026-10-03,quantile,0.85,4
2026-10-10,24,-1,wk inc rsv hosp,2026-10-03,quantile,0.9,5
2026-10-10,24,-1,wk inc rsv hosp,2026-10-03,quantile,0.95,6
2026-10-10,24,-1,wk inc rsv hosp,2026-10-03,quantile,0.975,8
2026-10-10,24,-1,wk inc rsv hosp,2026-10-03,quantile,0.99,10
2026-10-10,24,0,wk inc rsv hosp,2026-10-10,quantile,0.01,0
2026-10-10,24,0,wk inc rsv hosp,2026-10-10,quantile,0.025,0
2026-10-10,24,0,wk inc rsv hosp,2026-10-10,quantile,0.05,0
2026-10-10,24,0,wk inc rsv hosp,2026-10-10,quantile,0.1,0.2588661989000815
2026-10-10,24,0,wk inc rsv hosp,2026-10-10,quantile,0.15,1
2026-10-10,24,0,wk inc rsv hosp,2026-10-10,quantile,0.2,1
2026-10-10,24,0,wk inc rsv hosp,2026-10-10,quantile,0.25,1.0088335452049082
2026-10-10,24,0,wk inc rsv hosp,2026-10-10,quantile,0.3,2
2026-10-10,24,0,wk inc rsv hosp,2026-10-10,quantile,0.35,2
2026-10-10,24,0,wk inc rsv hosp,2026-10-10,quantile,0.4,2
2026-10-10,24,0,wk inc rsv hosp,2026-10-10,quantile,0.45,3
2026-10-10,24,0,wk inc rsv hosp,2026-10-10,quantile,0.5,3
2026-10-10,24,0,wk inc rsv hosp,2026-10-10,quantile,0.55,3
2026-10-10,24,0,wk inc rsv hosp,2026-10-10,quantile,0.6,3
2026-10-10,24,0,wk inc rsv hosp,2026-10-10,quantile,0.65,4
2026-10-10,24,0,wk inc rsv hosp,2026-10-10,quantile,0.7,5
2026-10-10,24,0,wk inc rsv hosp,2026-10-10,quantile,0.75,5
2026-10-10,24,0,wk inc rsv hosp,2026-10-10,quantile,0.8,6
2026-10-10,24,0,wk inc rsv hosp,2026-10-10,quantile,0.85,6
2026-10-10,24,0,wk inc rsv hosp,2026-10-10,quantile,0.9,7
2026-10-10,24,0,wk inc rsv hosp,2026-10-10,quantile,0.95,9
2026-10-10,24,0,wk inc rsv hosp,2026-10-10,quantile,0.975,10
2026-10-10,24,0,wk inc rsv hosp,2026-10-10,quantile,0.99,11
2026-10-10,24,1,wk inc rsv hosp,2026-10-17,quantile,0.01,0
2026-10-10,24,1,wk inc rsv hosp,2026-10-17,quantile,0.025,0
2026-10-10,24,1,wk inc rsv hosp,2026-10-17,quantile,0.05,0
2026-10-10,24,1,wk inc rsv hosp,2026-10-17,quantile,0.1,0.4730027600634693
2026-10-10,24,1,wk inc rsv hosp,2026-10-17,quantile,0.15,1
2026-10-10,24,1,wk inc rsv hosp,2026-10-17,quantile,0.2,1
2026-10-10,24,1,wk inc rsv hosp,2026-10-17,quantile,0.25,2
2026-10-10,24,1,wk inc rsv hosp,2026-10-17,quantile,0.3,2
2026-10-10,24,1,wk inc rsv hosp,2026-10-17,quantile,0.35,3
2026-10-10,24,1,wk inc rsv hosp,2026-10-17,quantile,0.4,3
2026-10-10,24,1,wk inc rsv hosp,2026-10-17,quantile,0.45,3
2026-10-10,24,1,wk inc rsv hosp,2026-10-17,quantile,0.5,4
2026-10-10,24,1,wk inc rsv hosp,2026-10-17,quantile,0.55,4
2026-10-10,24,1,wk inc rsv hosp,2026-10-17,quantile,0.6,5
2026-10-10,24,1,wk inc rsv hosp,2026-10-17,quantile,0.65,5
2026-10-10,24,1,wk inc rsv hosp,2026-10-17,quantile,0.7,6
2026-10-10,24,1,wk inc rsv hosp,2026-10-17,quantile,0.75,6
2026-10-10,24,1,wk inc rsv hosp,2026-10-17,quantile,0.8,7
2026-10-10,24,1,wk inc rsv hosp,2026-10-17,quantile,0.85,8
2026-10-10,24,1,wk inc rsv hosp,2026-10-17,quantile,0.9,9
2026-10-10,24,1,wk inc rsv hosp,2026-10-17,quantile,0.95,12
2026-10-10,24,1,wk inc rsv hosp,2026-10-17,quantile,0.975,14
2026-10-10,24,1,wk inc rsv hosp,2026-10-17,quantile,0.99,16
2026-10-10,24,2,wk inc rsv hosp,2026-10-24,quantile,0.01,0
2026-10-10,24,2,wk inc rsv hosp,2026-10-24,quantile,0.025,0
2026-10-10,24,2,wk inc rsv hosp,2026-10-24,quantile,0.05,0
2026-10-10,24,2,wk inc rsv hosp,2026-10-24,quantile,0.1,1
2026-10-10,24,2,wk inc rsv hosp,2026-10-24,quantile,0.15,1.6347078684511276
2026-10-10,24,2,wk inc rsv hosp,2026-10-24,quantile,0.2,2
2026-10-10,24,2,wk inc rsv hosp,2026-10-24,quantile,0.25,2.9489810732724324
2026-10-10,24,2,wk inc rsv hosp,2026-10-24,quantile,0.3,3
2026-10-10,24,2,wk inc rsv hosp,2026-10-24,quantile,0.35,4
2026-10-10,24,2,wk inc rsv hosp,2026-10-24,quantile,0.4,4
2026-10-10,24,2,wk inc rsv hosp,2026-10-24,quantile,0.45,5
2026-10-10,24,2,wk inc rsv hosp,2026-10-24,quantile,0.5,5
2026-10-10,24,2,wk inc rsv hosp,2026-10-24,quantile,0.55,5
2026-10-10,24,2,wk inc rsv hosp,2026-10-24,quantile,0.6,6
2026-10-10,24,2,wk inc rsv hosp,2026-10-24,quantile,0.65,7
2026-10-10,24,2,wk inc rsv hosp,2026-10-24,quantile,0.7,7
2026-10-10,24,2,wk inc rsv hosp,2026-10-24,quantile,0.75,8
2026-10-10,24,2,wk inc rsv hosp,2026-10-24,quantile,0.8,9
2026-10-10,24,2,wk inc rsv hosp,2026-10-24,quantile,0.85,11
2026-10-10,24,2,wk inc rsv hosp,2026-10-24,quantile,0.9,12.81499885709046
2026-10-10,24,2,wk inc rsv hosp,2026-10-24,quantile,0.95,17
2026-10-10,24,2,wk inc rsv hosp,2026-10-24,quantile,0.975,20
2026-10-10,24,2,wk inc rsv hosp,2026-10-24,quantile,0.99,25
2026-10-10,24,3,wk inc rsv hosp,2026-10-31,quantile,0.01,0.5
2026-10-10,24,3,wk inc rsv hosp,2026-10-31,quantile,0.025,0.5
2026-10-10,24,3,wk inc rsv hosp,2026-10-31,quantile,0.05,0.5
2026-10-10,24,3,wk inc rsv hosp,2026-10-31,quantile,0.1,0.8998510219603495
2026-10-10,24,3,wk inc rsv hosp,2026-10-31,quantile,0.15,1.9249666028309251
2026-10-10,24,3,wk inc rsv hosp,2026-10-31,quantile,0.2,2.064860557640526
2026-10-10,24,3,wk inc rsv hosp,2026-10-31,quantile,0.25,2.8922074770039417
2026-10-10,24,3,wk inc rsv hosp,2026-10-31,quantile,0.3,3.2229390935140008
2026-10-10,24,3,wk inc rsv hosp,2026-10-31,quantile,0.35,4.233042732104462
2026-10-10,24,3,wk inc rsv hosp,2026-10-31,quantile,0.4,4.32051560575384
2026-10-10,24,3,wk inc rsv hosp,2026-10-31,quantile,0.45,5.045554646491836
2026-10-10,24,3,wk inc rsv hosp,2026-10-31,quantile,0.5,5.5
2026-10-10,24,3,wk inc rsv hosp,2026-10-31,quantile,0.55,6.5
2026-10-10,24,3,wk inc rsv hosp,2026-10-31,quantile,0.6,7
2026-10-10,24,3,wk inc rsv hosp,2026-10-31,quantile,0.65,8.425964066987458
2026-10-10,24,3,wk inc rsv hosp,2026-10-31,quantile,0.7,10
2026-10-10,24,3,wk inc rsv hosp,2026-10-31,quantile,0.75,11
2026-10-10,24,3,wk inc rsv hosp,2026-10-31,quantile,0.8,12.5
2026-10-10,24,3,wk inc rsv hosp,2026-10-31,quantile,0.85,14.5
2026-10-10,24,3,wk inc rsv hosp,2026-10-31,quantile,0.9,19.563312883326603
2026-10-10,24,3,wk inc rsv hosp,2026-10-31,quantile,0.95,29.5
2026-10-10,24,3,wk inc rsv hosp,2026-10-31,quantile,0.975,33.5
2026-10-10,24,3,wk inc rsv hosp,2026-10-31,quantile,0.99,38
2026-10-10,25,-1,wk inc rsv hosp,2026-10-03,quantile,0.01,0
2026-10-10,25,-1,wk inc rsv hosp,2026-10-03,quantile,0.025,0
2026-10-10,25,-1,wk inc rsv hosp,2026-10-03,quantile,0.05,0
2026-10-10,25,-1,wk inc rsv hosp,2026-10-03,quantile,0.1,0
2026-10-10,25,-1,wk inc rsv hosp,2026-10-03,quantile,0.15,1
2026-10-10,25,-1,wk inc rsv hosp,2026-10-03,quantile,0.2,1
2026-10-10,25,-1,wk inc rsv hosp,2026-10-03,quantile,0.25,2
2026-10-10,25,-1,wk inc rsv hosp,2026-10-03,quantile,0.3,2
2026-10-10,25,-1,wk inc rsv hosp,2026-10-03,quantile,0.35,2
2026-10-10,25,-1,wk inc rsv hosp,2026-10-03,quantile,0.4,2
2026-10-10,25,-1,wk inc rsv hosp,2026-10-03,quantile,0.45,2
2026-10-10,25,-1,wk inc rsv hosp,2026-10-03,quantile,0.5,2
2026-10-10,25,-1,wk inc rsv hosp,2026-10-03,quantile,0.55,2
2026-10-10,25,-1,wk inc rsv hosp,2026-10-03,quantile,0.6,3
2026-10-10,25,-1,wk inc rsv hosp,2026-10-03,quantile,0.65,3
2026-10-10,25,-1,wk inc rsv hosp,2026-10-03,quantile,0.7,3
2026-10-10,25,-1,wk inc rsv hosp,2026-10-03,quantile,0.75,4
2026-10-10,25,-1,wk inc rsv hosp,2026-10-03,quantile,0.8,4
2026-10-10,25,-1,wk inc rsv hosp,2026-10-03,quantile,0.85,4
2026-10-10,25,-1,wk inc rsv hosp,2026-10-03,quantile,0.9,5
2026-10-10,25,-1,wk inc rsv hosp,2026-10-03,quantile,0.95,6
2026-10-10,25,-1,wk inc rsv hosp,2026-10-03,quantile,0.975,7
2026-10-10,25,-1,wk inc rsv hosp,2026-10-03,quantile,0.99,9
2026-10-10,25,0,wk inc rsv hosp,2026-10-10,quantile,0.01,0
2026-10-10,25,0,wk inc rsv hosp,2026-10-10,quantile,0.025,0.28037778225019444
2026-10-10,25,0,wk inc rsv hosp,2026-10-10,quantile,0.05,1
2026-10-10,25,0,wk inc rsv hosp,2026-10-10,quantile,0.1,1.0389095387515188
2026-10-10,25,0,wk inc rsv hosp,2026-10-10,quantile,0.15,1.6849271728979012
2026-10-10,25,0,wk inc rsv hosp,2026-10-10,quantile,0.2,1.926929872276109
2026-10-10,25,0,wk inc rsv hosp,2026-10-10,quantile,0.25,2.052802777088368
2026-10-10,25,0,wk inc rsv hosp,2026-10-10,quantile,0.3,2.1342368229284743
2026-10-10,25,0,wk inc rsv hosp,2026-10-10,quantile,0.35,2.202552564804063
2026-10-10,25,0,wk inc rsv hosp,2026-10-10,quantile,0.4,2.2497364232766883
2026-10-10,25,0,wk inc rsv hosp,2026-10-10,quantile,0.45,2.85297954552688
2026-10-10,25,0,wk inc rsv hosp,2026-10-10,quantile,0.5,3.000211126210046
2026-10-10,25,0,wk inc rsv hosp,2026-10-10,quantile,0.55,3.046501780908553
2026-10-10,25,0,wk inc rsv hosp,2026-10-10,quantile,0.6,3.597043513875869
2026-10-10,25,0,wk inc rsv hosp,2026-10-10,quantile,0.65,4
2026-10-10,25,0,wk inc rsv hosp,2026-10-10,quantile,0.7,4.5
2026-10-10,25,0,wk inc rsv hosp,2026-10-10,quantile,0.75,5
2026-10-10,25,0,wk inc rsv hosp,2026-10-10,quantile,0.8,5.5
2026-10-10,25,0,wk inc rsv hosp,2026-10-10,quantile,0.85,7.056641466559804
2026-10-10,25,0,wk inc rsv hosp,2026-10-10,quantile,0.9,8.964347485115155
2026-10-10,25,0,wk inc rsv hosp,2026-10-10,quantile,0.95,11.024999999999977
2026-10-10,25,0,wk inc rsv hosp,2026-10-10,quantile,0.975,12.731999320371193
2026-10-10,25,0,wk inc rsv hosp,2026-10-10,quantile,0.99,13.750014084152262
2026-10-10,25,1,wk inc rsv hosp,2026-10-17,quantile,0.01,0.3954703946164801
2026-10-10,25,1,wk inc rsv hosp,2026-10-17,quantile,0.025,0.4415163705694768
2026-10-10,25,1,wk inc rsv hosp,2026-10-17,quantile,0.05,0.6355049836714218
2026-10-10,25,1,wk inc rsv hosp,2026-10-17,quantile,0.1,1.5
2026-10-10,25,1,wk inc rsv hosp,2026-10-17,quantile,0.15,1.8030065901386219
2026-10-10,25,1,wk inc rsv hosp,2026-10-17,quantile,0.2,2.3873929692981744
2026-10-10,25,1,wk inc rsv hosp,2026-10-17,quantile,0.25,2.4208704718435436
2026-10-10,25,1,wk inc rsv hosp,2026-10-17,quantile,0.3,2.4364622521897474
2026-10-10,25,1,wk inc rsv hosp,2026-10-17,quantile,0.35,2.4623791459979696
2026-10-10,25,1,wk inc rsv hosp,2026-10-17,quantile,0.4,2.469618966498981
2026-10-10,25,1,wk inc rsv hosp,2026-10-17,quantile,0.45,3.1465881180955995
2026-10-10,25,1,wk inc rsv hosp,2026-10-17,quantile,0.5,3.206637396076588
2026-10-10,25,1,wk inc rsv hosp,2026-10-17,quantile,0.55,3.313646978010512
2026-10-10,25,1,wk inc rsv hosp,2026-10-17,quantile,0.6,3.978350453334002
2026-10-10,25,1,wk inc rsv hosp,2026-10-17,quantile,0.65,4.177948205339689
2026-10-10,25,1,wk inc rsv hosp,2026-10-17,quantile,0.7,4.339482159487216
2026-10-10,25,1,wk inc rsv hosp,2026-10-17,quantile,0.75,5
2026-10-10,25,1,wk inc rsv hosp,2026-10-17,quantile,0.8,5.591448902525631
2026-10-10,25,1,wk inc rsv hosp,2026-10-17,quantile,0.85,6.5
2026-10-10,25,1,wk inc rsv hosp,2026-10-17,quantile,0.9,8
2026-10-10,25,1,wk inc rsv hosp,2026-10-17,quantile,0.95,11
2026-10-10,25,1,wk inc rsv hosp,2026-10-17,quantile,0.975,13.512499999999989
2026-10-10,25,1,wk inc rsv hosp,2026-10-17,quantile,0.99,18
2026-10-10,25,2,wk inc rsv hosp,2026-10-24,quantile,0.01,0
2026-10-10,25,2,wk inc rsv hosp,2026-10-24,quantile,0.025,0.5
2026-10-10,25,2,wk inc rsv hosp,2026-10-24,quantile,0.05,1
2026-10-10,25,2,wk inc rsv hosp,2026-10-24,quantile,0.1,1.5
2026-10-10,25,2,wk inc rsv hosp,2026-10-24,quantile,0.15,2
2026-10-10,25,2,wk inc rsv hosp,2026-10-24,quantile,0.2,2.5
2026-10-10,25,2,wk inc rsv hosp,2026-10-24,quantile,0.25,3
2026-10-10,25,2,wk inc rsv hosp,2026-10-24,quantile,0.3,3.5
2026-10-10,25,2,wk inc rsv hosp,2026-10-24,quantile,0.35,4
2026-10-10,25,2,wk inc rsv hosp,2026-10-24,quantile,0.4,4.5
2026-10-10,25,2,wk inc rsv hosp,2026-10-24,quantile,0.45,4.5
2026-10-10,25,2,wk inc rsv hosp,2026-10-24,quantile,0.5,5.474258450135007
2026-10-10,25,2,wk inc rsv hosp,2026-10-24,quantile,0.55,5.5
2026-10-10,25,2,wk inc rsv hosp,2026-10-24,quantile,0.6,6.074605918836
2026-10-10,25,2,wk inc rsv hosp,2026-10-24,quantile,0.65,6.142224382500627
2026-10-10,25,2,wk inc rsv hosp,2026-10-24,quantile,0.7,6.516586541879505
2026-10-10,25,2,wk inc rsv hosp,2026-10-24,quantile,0.75,7.039338929204679
2026-10-10,25,2,wk inc rsv hosp,2026-10-24,quantile,0.8,8.13127508420715
2026-10-10,25,2,wk inc rsv hosp,2026-10-24,quantile,0.85,9.835792131072528
2026-10-10,25,2,wk inc rsv hosp,2026-10-24,quantile,0.9,11.457318500362021
2026-10-10,25,2,wk inc rsv hosp,2026-10-24,quantile,0.95,15.63781279976337
2026-10-10,25,2,wk inc rsv hosp,2026-10-24,quantile,0.975,19.5
2026-10-10,25,2,wk inc rsv hosp,2026-10-24,quantile,0.99,23.745086441468416
2026-10-10,25,3,wk inc rsv hosp,2026-10-31,quantile,0.01,0
2026-10-10,25,3,wk inc rsv hosp,2026-10-31,quantile,0.025,0
2026-10-10,25,3,wk inc rsv hosp,2026-10-31,quantile,0.05,0
2026-10-10,25,3,wk inc rsv hosp,2026-10-31,quantile,0.1,1
2026-10-10,25,3,wk inc rsv hosp,2026-10-31,quantile,0.15,1
2026-10-10,25,3,wk inc rsv hosp,2026-10-31,quantile,0.2,2
2026-10-10,25,3,wk inc rsv hosp,2026-10-31,quantile,0.25,2
2026-10-10,25,3,wk inc rsv hosp,2026-10-31,quantile,0.3,3
2026-10-10,25,3,wk inc rsv hosp,2026-10-31,quantile,0.35,3
2026-10-10,25,3,wk inc rsv hosp,2026-10-31,quantile,0.4,4
2026-10-10,25,3,wk inc rsv hosp,2026-10-31,quantile,0.45,4
2026-10-10,25,3,wk inc rsv hosp,2026-10-31,quantile,0.5,5
2026-10-10,25,3,wk inc rsv hosp,2026-10-31,quantile,0.55,5
2026-10-10,25,3,wk inc rsv hosp,2026-10-31,quantile,0.6,6
2026-10-10,25,3,wk inc rsv hosp,2026-10-31,quantile,0.65,7
2026-10-10,25,3,wk inc rsv hosp,2026-10-31,quantile,0.7,7
2026-10-10,25,3,wk inc rsv hosp,2026-10-31,quantile,0.75,8
2026-10-10,25,3,wk inc rsv hosp,2026-10-31,quantile,0.8,9.200000000000045
2026-10-10,25,3,wk inc rsv hosp,2026-10-31,quantile,0.85,11
2026-10-10,25,3,wk inc rsv hosp,2026-10-31,quantile,0.9,15
2026-10-10,25,3,wk inc rsv hosp,2026-10-31,quantile,0.95,18
2026-10-10,25,3,wk inc rsv hosp,2026-10-31,quantile,0.975,24
2026-10-10,25,3,wk inc rsv hosp,2026-10-31,quantile,0.99,30
2026-10-10,26,-1,wk inc rsv hosp,2026-10-03,quantile,0.01,1
2026-10-10,26,-1,wk inc rsv hosp,2026-10-03,quantile,0.025,3
2026-10-10,26,-1,wk inc rsv hosp,2026-10-03,quantile,0.05,4
2026-10-10,26,-1,wk inc rsv hosp,2026-10-03,quantile,0.1,5
2026-10-10,26,-1,wk inc rsv hosp,2026-10-03,quantile,0.15,6
2026-10-10,26,-1,wk inc rsv hosp,2026-10-03,quantile,0.2,6
2026-10-10,26,-1,wk inc rsv hosp,2026-10-03,quantile,0.25,6
2026-10-10,26,-1,wk inc rsv hosp,2026-10-03,quantile,0.3,6
2026-10-10,26,-1,wk inc rsv hosp,2026-10-03,quantile,0.35,6
2026-10-10,26,-1,wk inc rsv hosp,2026-10-03,quantile,0.4,6
2026-10-10,26,-1,wk inc rsv hosp,2026-10-03,quantile,0.45,6
2026-10-10,26,-1,wk inc rsv hosp,2026-10-03,quantile,0.5,6
2026-10-10,26,-1,wk inc rsv hosp,2026-10-03,quantile,0.55,6
2026-10-10,26,-1,wk inc rsv hosp,2026-10-03,quantile,0.6,6
2026-10-10,26,-1,wk inc rsv hosp,2026-10-03,quantile,0.65,6
2026-10-10,26,-1,wk inc rsv hosp,2026-10-03,quantile,0.7,6
2026-10-10,26,-1,wk inc rsv hosp,2026-10-03,quantile,0.75,6
2026-10-10,26,-1,wk inc rsv hosp,2026-10-03,quantile,0.8,7
2026-10-10,26,-1,wk inc rsv hosp,2026-10-03,quantile,0.85,7
2026-10-10,26,-1,wk inc rsv hosp,2026-10-03,quantile,0.9,8
2026-10-10,26,-1,wk inc rsv hosp,2026-10-03,quantile,0.95,9
2026-10-10,26,-1,wk inc rsv hosp,2026-10-03,quantile,0.975,11
2026-10-10,26,-1,wk inc rsv hosp,2026-10-03,quantile,0.99,14
2026-10-10,26,0,wk inc rsv hosp,2026-10-10,quantile,0.01,0
2026-10-10,26,0,wk inc rsv hosp,2026-10-10,quantile,0.025,1
2026-10-10,26,0,wk inc rsv hosp,2026-10-10,quantile,0.05,3
2026-10-10,26,0,wk inc rsv hosp,2026-10-10,quantile,0.1,3
2026-10-10,26,0,wk inc rsv hosp,2026-10-10,quantile,0.15,4
2026-10-10,26,0,wk inc rsv hosp,2026-10-10,quantile,0.2,5
2026-10-10,26,0,wk inc rsv hosp,2026-10-10,quantile,0.25,5
2026-10-10,26,0,wk inc rsv hosp,2026-10-10,quantile,0.3,6
2026-10-10,26,0,wk inc rsv hosp,2026-10-10,quantile,0.35,6
2026-10-10,26,0,wk inc rsv hosp,2026-10-10,quantile,0.4,7
2026-10-10,26,0,wk inc rsv hosp,2026-10-10,quantile,0.45,7
2026-10-10,26,0,wk inc rsv hosp,2026-10-10,quantile,0.5,7
2026-10-10,26,0,wk inc rsv hosp,2026-10-10,quantile,0.55,8
2026-10-10,26,0,wk inc rsv hosp,2026-10-10,quantile,0.6,9
2026-10-10,26,0,wk inc rsv hosp,2026-10-10,quantile,0.65,10
2026-10-10,26,0,wk inc rsv hosp,2026-10-10,quantile,0.7,11.765040878436363
2026-10-10,26,0,wk inc rsv hosp,2026-10-10,quantile,0.75,13
2026-10-10,26,0,wk inc rsv hosp,2026-10-10,quantile,0.8,15
2026-10-10,26,0,wk inc rsv hosp,2026-10-10,quantile,0.85,16
2026-10-10,26,0,wk inc rsv hosp,2026-10-10,quantile,0.9,17
2026-10-10,26,0,wk inc rsv hosp,2026-10-10,quantile,0.95,25
2026-10-10,26,0,wk inc rsv hosp,2026-10-10,quantile,0.975,34
2026-10-10,26,0,wk inc rsv hosp,2026-10-10,quantile,0.99,46
2026-10-10,26,1,wk inc rsv hosp,2026-10-17,quantile,0.01,0
2026-10-10,26,1,wk inc rsv hosp,2026-10-17,quantile,0.025,0
2026-10-10,26,1,wk inc rsv hosp,2026-10-17,quantile,0.05,0.4423460759309712
2026-10-10,26,1,wk inc rsv hosp,2026-10-17,quantile,0.1,1
2026-10-10,26,1,wk inc rsv hosp,2026-10-17,quantile,0.15,2
2026-10-10,26,1,wk inc rsv hosp,2026-10-17,quantile,0.2,2
2026-10-10,26,1,wk inc rsv hosp,2026-10-17,quantile,0.25,3
2026-10-10,26,1,wk inc rsv hosp,2026-10-17,quantile,0.3,4
2026-10-10,26,1,wk inc rsv hosp,2026-10-17,quantile,0.35,5
2026-10-10,26,1,wk inc rsv hosp,2026-10-17,quantile,0.4,6
2026-10-10,26,1,wk inc rsv hosp,2026-10-17,quantile,0.45,7
2026-10-10,26,1,wk inc rsv hosp,2026-10-17,quantile,0.5,8
2026-10-10,26,1,wk inc rsv hosp,2026-10-17,quantile,0.55,9
2026-10-10,26,1,wk inc rsv hosp,2026-10-17,quantile,0.6,10
2026-10-10,26,1,wk inc rsv hosp,2026-10-17,quantile,0.65,11
2026-10-10,26,1,wk inc rsv hosp,2026-10-17,quantile,0.7,12
2026-10-10,26,1,wk inc rsv hosp,2026-10-17,quantile,0.75,13
2026-10-10,26,1,wk inc rsv hosp,2026-10-17,quantile,0.8,15
2026-10-10,26,1,wk inc rsv hosp,2026-10-17,quantile,0.85,17
2026-10-10,26,1,wk inc rsv hosp,2026-10-17,quantile,0.9,21
2026-10-10,26,1,wk inc rsv hosp,2026-10-17,quantile,0.95,22
2026-10-10,26,1,wk inc rsv hosp,2026-10-17,quantile,0.975,25
2026-10-10,26,1,wk inc rsv hosp,2026-10-17,quantile,0.99,32
2026-10-10,26,2,wk inc rsv hosp,2026-10-24,quantile,0.01,0
2026-10-10,26,2,wk inc rsv hosp,2026-10-24,quantile,0.025,0
2026-10-10,26,2,wk inc rsv hosp,2026-10-24,quantile,0.05,2
2026-10-10,26,2,wk inc rsv hosp,2026-10-24,quantile,0.1,3
2026-10-10,26,2,wk inc rsv hosp,2026-10-24,quantile,0.15,3
2026-10-10,26,2,wk inc rsv hosp,2026-10-24,quantile,0.2,5
2026-10-10,26,2,wk inc rsv hosp,2026-10-24,quantile,0.25,5
2026-10-10,26,2,wk inc rsv hosp,2026-10-24,quantile,0.3,6
2026-10-10,26,2,wk inc rsv hosp,2026-10-24,quantile,0.35,7
2026-10-10,26,2,wk inc rsv hosp,2026-10-24,quantile,0.4,8
2026-10-10,26,2,wk inc rsv hosp,2026-10-24,quantile,0.45,8
2026-10-10,26,2,wk inc rsv hosp,2026-10-24,quantile,0.5,10
2026-10-10,26,2,wk inc rsv hosp,2026-10-24,quantile,0.55,12
2026-10-10,26,2,wk inc rsv hosp,2026-10-24,quantile,0.6,12
2026-10-10,26,2,wk inc rsv hosp,2026-10-24,quantile,0.65,13
2026-10-10,26,2,wk inc rsv hosp,2026-10-24,quantile,0.7,14
2026-10-10,26,2,wk inc rsv hosp,2026-10-24,quantile,0.75,15
2026-10-10,26,2,wk inc rsv hosp,2026-10-24,quantile,0.8,17
2026-10-10,26,2,wk inc rsv hosp,2026-10-24,quantile,0.85,24
2026-10-10,26,2,wk inc rsv hosp,2026-10-24,quantile,0.9,31
2026-10-10,26,2,wk inc rsv hosp,2026-10-24,quantile,0.95,39
2026-10-10,26,2,wk inc rsv hosp,2026-10-24,quantile,0.975,54
2026-10-10,26,2,wk inc rsv hosp,2026-10-24,quantile,0.99,85
2026-10-10,26,3,wk inc rsv hosp,2026-10-31,quantile,0.01,0
2026-10-10,26,3,wk inc rsv hosp,2026-10-31,quantile,0.025,1
2026-10-10,26,3,wk inc rsv hosp,2026-10-31,quantile,0.05,2.5
2026-10-10,26,3,wk inc rsv hosp,2026-10-31,quantile,0.1,4
2026-10-10,26,3,wk inc rsv hosp,2026-10-31,quantile,0.15,5
2026-10-10,26,3,wk inc rsv hosp,2026-10-31,quantile,0.2,5.5
2026-10-10,26,3,wk inc rsv hosp,2026-10-31,quantile,0.25,7
2026-10-10,26,3,wk inc rsv hosp,2026-10-31,quantile,0.3,8
2026-10-10,26,3,wk inc rsv hosp,2026-10-31,quantile,0.35,9
2026-10-10,26,3,wk inc rsv hosp,2026-10-31,quantile,0.4,9.5
2026-10-10,26,3,wk inc rsv hosp,2026-10-31,quantile,0.45,10.5
2026-10-10,26,3,wk inc rsv hosp,2026-10-31,quantile,0.5,12
2026-10-10,26,3,wk inc rsv hosp,2026-10-31,quantile,0.55,14
2026-10-10,26,3,wk inc rsv hosp,2026-10-31,quantile,0.6,16
2026-10-10,26,3,wk inc rsv hosp,2026-10-31,quantile,0.65,19
2026-10-10,26,3,wk inc rsv hosp,2026-10-31,quantile,0.7,21.650000000000034
2026-10-10,26,3,wk inc rsv hosp,2026-10-31,quantile,0.75,26.125000000000057
2026-10-10,26,3,wk inc rsv hosp,2026-10-31,quantile,0.8,32
2026-10-10,26,3,wk inc rsv hosp,2026-10-31,quantile,0.85,41.5
2026-10-10,26,3,wk inc rsv hosp,2026-10-31,quantile,0.9,54.5
2026-10-10,26,3,wk inc rsv hosp,2026-10-31,quantile,0.95,73
2026-10-10,26,3,wk inc rsv hosp,2026-10-31,quantile,0.975,96.5
2026-10-10,26,3,wk inc rsv hosp,2026-10-31,quantile,0.99,124
2026-10-10,27,-1,wk inc rsv hosp,2026-10-03,quantile,0.01,0
2026-10-10,27,-1,wk inc rsv hosp,2026-10-03,quantile,0.025,0
2026-10-10,27,-1,wk inc rsv hosp,2026-10-03,quantile,0.05,0
2026-10-10,27,-1,wk inc rsv hosp,2026-10-03,quantile,0.1,0
2026-10-10,27,-1,wk inc rsv hosp,2026-10-03,quantile,0.15,1
2026-10-10,27,-1,wk inc rsv hosp,2026-10-03,quantile,0.2,1
2026-10-10,27,-1,wk inc rsv hosp,2026-10-03,quantile,0.25,1
2026-10-10,27,-1,wk inc rsv hosp,2026-10-03,quantile,0.3,1
2026-10-10,27,-1,wk inc rsv hosp,2026-10-03,quantile,0.35,1
2026-10-10,27,-1,wk inc rsv hosp,2026-10-03,quantile,0.4,1
2026-10-10,27,-1,wk inc rsv hosp,2026-10-03,quantile,0.45,1
2026-10-10,27,-1,wk inc rsv hosp,2026-10-03,quantile,0.5,1
2026-10-10,27,-1,wk inc rsv hosp,2026-10-03,quantile,0.55,1
2026-10-10,27,-1,wk inc rsv hosp,2026-10-03,quantile,0.6,1
2026-10-10,27,-1,wk inc rsv hosp,2026-10-03,quantile,0.65,1
2026-10-10,27,-1,wk inc rsv hosp,2026-10-03,quantile,0.7,1
2026-10-10,27,-1,wk inc rsv hosp,2026-10-03,quantile,0.75,2
2026-10-10,27,-1,wk inc rsv hosp,2026-10-03,quantile,0.8,2
2026-10-10,27,-1,wk inc rsv hosp,2026-10-03,quantile,0.85,2
2026-10-10,27,-1,wk inc rsv hosp,2026-10-03,quantile,0.9,2
2026-10-10,27,-1,wk inc rsv hosp,2026-10-03,quantile,0.95,3
2026-10-10,27,-1,wk inc rsv hosp,2026-10-03,quantile,0.975,3
2026-10-10,27,-1,wk inc rsv hosp,2026-10-03,quantile,0.99,4
2026-10-10,27,0,wk inc rsv hosp,2026-10-10,quantile,0.01,0
2026-10-10,27,0,wk inc rsv hosp,2026-10-10,quantile,0.025,0
2026-10-10,27,0,wk inc rsv hosp,2026-10-10,quantile,0.05,0
2026-10-10,27,0,wk inc rsv hosp,2026-10-10,quantile,0.1,0
2026-10-10,27,0,wk inc rsv hosp,2026-10-10,quantile,0.15,0
2026-10-10,27,0,wk inc rsv hosp,2026-10-10,quantile,0.2,0.2867642766736217
2026-10-10,27,0,wk inc rsv hosp,2026-10-10,quantile,0.25,0.2979862888882273
2026-10-10,27,0,wk inc rsv hosp,2026-10-10,quantile,0.3,1
2026-10-10,27,0,wk inc rsv hosp,2026-10-10,quantile,0.35,1
2026-10-10,27,0,wk inc rsv hosp,2026-10-10,quantile,0.4,1
2026-10-10,27,0,wk inc rsv hosp,2026-10-10,quantile,0.45,1
2026-10-10,27,0,wk inc rsv hosp,2026-10-10,quantile,0.5,1
2026-10-10,27,0,wk inc rsv hosp,2026-10-10,quantile,0.55,2
2026-10-10,27,0,wk inc rsv hosp,2026-10-10,quantile,0.6,2
2026-10-10,27,0,wk inc rsv hosp,2026-10-10,quantile,0.65,2
2026-10-10,27,0,wk inc rsv hosp,2026-10-10,quantile,0.7,2
2026-10-10,27,0,wk inc rsv hosp,2026-10-10,quantile,0.75,2
2026-10-10,27,0,wk inc rsv hosp,2026-10-10,quantile,0.8,3
2026-10-10,27,0,wk inc rsv hosp,2026-10-10,quantile,0.85,3
2026-10-10,27,0,wk inc rsv hosp,2026-10-10,quantile,0.9,3
2026-10-10,27,0,wk inc rsv hosp,2026-10-10,quantile,0.95,4
2026-10-10,27,0,wk inc rsv hosp,2026-10-10,quantile,0.975,6
2026-10-10,27,0,wk inc rsv hosp,2026-10-10,quantile,0.99,7
2026-10-10,27,1,wk inc rsv hosp,2026-10-17,quantile,0.01,0
2026-10-10,27,1,wk inc rsv hosp,2026-10-17,quantile,0.025,0
2026-10-10,27,1,wk inc rsv hosp,2026-10-17,quantile,0.05,0
2026-10-10,27,1,wk inc rsv hosp,2026-10-17,quantile,0.1,0
2026-10-10,27,1,wk inc rsv hosp,2026-10-17,quantile,0.15,0
2026-10-10,27,1,wk inc rsv hosp,2026-10-17,quantile,0.2,0
2026-10-10,27,1,wk inc rsv hosp,2026-10-17,quantile,0.25,0
2026-10-10,27,1,wk inc rsv hosp,2026-10-17,quantile,0.3,1
2026-10-10,27,1,wk inc rsv hosp,2026-10-17,quantile,0.35,1
2026-10-10,27,1,wk inc rsv hosp,2026-10-17,quantile,0.4,1
2026-10-10,27,1,wk inc rsv hosp,2026-10-17,quantile,0.45,2
2026-10-10,27,1,wk inc rsv hosp,2026-10-17,quantile,0.5,2
2026-10-10,27,1,wk inc rsv hosp,2026-10-17,quantile,0.55,2
2026-10-10,27,1,wk inc rsv hosp,2026-10-17,quantile,0.6,2
2026-10-10,27,1,wk inc rsv hosp,2026-10-17,quantile,0.65,2
2026-10-10,27,1,wk inc rsv hosp,2026-10-17,quantile,0.7,3
2026-10-10,27,1,wk inc rsv hosp,2026-10-17,quantile,0.75,3
2026-10-10,27,1,wk inc rsv hosp,2026-10-17,quantile,0.8,3
2026-10-10,27,1,wk inc rsv hosp,2026-10-17,quantile,0.85,4
2026-10-10,27,1,wk inc rsv hosp,2026-10-17,quantile,0.9,5
2026-10-10,27,1,wk inc rsv hosp,2026-10-17,quantile,0.95,7
2026-10-10,27,1,wk inc rsv hosp,2026-10-17,quantile,0.975,8
2026-10-10,27,1,wk inc rsv hosp,2026-10-17,quantile,0.99,9
2026-10-10,27,2,wk inc rsv hosp,2026-10-24,quantile,0.01,0
2026-10-10,27,2,wk inc rsv hosp,2026-10-24,quantile,0.025,0
2026-10-10,27,2,wk inc rsv hosp,2026-10-24,quantile,0.05,0
2026-10-10,27,2,wk inc rsv hosp,2026-10-24,quantile,0.1,0
2026-10-10,27,2,wk inc rsv hosp,2026-10-24,quantile,0.15,0.2616742778302284
2026-10-10,27,2,wk inc rsv hosp,2026-10-24,quantile,0.2,0.4938870376246256
2026-10-10,27,2,wk inc rsv hosp,2026-10-24,quantile,0.25,0.5454650514343066
2026-10-10,27,2,wk inc rsv hosp,2026-10-24,quantile,0.3,1
2026-10-10,27,2,wk inc rsv hosp,2026-10-24,quantile,0.35,1
2026-10-10,27,2,wk inc rsv hosp,2026-10-24,quantile,0.4,2
2026-10-10,27,2,wk inc rsv hosp,2026-10-24,quantile,0.45,2
2026-10-10,27,2,wk inc rsv hosp,2026-10-24,quantile,0.5,2
2026-10-10,27,2,wk inc rsv hosp,2026-10-24,quantile,0.55,2
2026-10-10,27,2,wk inc rsv hosp,2026-10-24,quantile,0.6,3
2026-10-10,27,2,wk inc rsv hosp,2026-10-24,quantile,0.65,3
2026-10-10,27,2,wk inc rsv hosp,2026-10-24,quantile,0.7,4
2026-10-10,27,2,wk inc rsv hosp,2026-10-24,quantile,0.75,4
2026-10-10,27,2,wk inc rsv hosp,2026-10-24,quantile,0.8,4
2026-10-10,27,2,wk inc rsv hosp,2026-10-24,quantile,0.85,5
2026-10-10,27,2,wk inc rsv hosp,2026-10-24,quantile,0.9,7
2026-10-10,27,2,wk inc rsv hosp,2026-10-24,quantile,0.95,8
2026-10-10,27,2,wk inc rsv hosp,2026-10-24,quantile,0.975,10
2026-10-10,27,2,wk inc rsv hosp,2026-10-24,quantile,0.99,15
2026-10-10,27,3,wk inc rsv hosp,2026-10-31,quantile,0.01,0
2026-10-10,27,3,wk inc rsv hosp,2026-10-31,quantile,0.025,0
2026-10-10,27,3,wk inc rsv hosp,2026-10-31,quantile,0.05,0.2544775443646243
2026-10-10,27,3,wk inc rsv hosp,2026-10-31,quantile,0.1,0.5
2026-10-10,27,3,wk inc rsv hosp,2026-10-31,quantile,0.15,1
2026-10-10,27,3,wk inc rsv hosp,2026-10-31,quantile,0.2,1.294387452371154
2026-10-10,27,3,wk inc rsv hosp,2026-10-31,quantile,0.25,1.5
2026-10-10,27,3,wk inc rsv hosp,2026-10-31,quantile,0.3,2
2026-10-10,27,3,wk inc rsv hosp,2026-10-31,quantile,0.35,2.0998529572157096
2026-10-10,27,3,wk inc rsv hosp,2026-10-31,quantile,0.4,2.468958519854132
2026-10-10,27,3,wk inc rsv hosp,2026-10-31,quantile,0.45,3
2026-10-10,27,3,wk inc rsv hosp,2026-10-31,quantile,0.5,3.7240884704190966
2026-10-10,27,3,wk inc rsv hosp,2026-10-31,quantile,0.55,3.937099536299167
2026-10-10,27,3,wk inc rsv hosp,2026-10-31,quantile,0.6,4.856111626214812
2026-10-10,27,3,wk inc rsv hosp,2026-10-31,quantile,0.65,4.919297044699151
2026-10-10,27,3,wk inc rsv hosp,2026-10-31,quantile,0.7,5.001727008491713
2026-10-10,27,3,wk inc rsv hosp,2026-10-31,quantile,0.75,5.5966534188354915
2026-10-10,27,3,wk inc rsv hosp,2026-10-31,quantile,0.8,6.5
2026-10-10,27,3,wk inc rsv hosp,2026-10-31,quantile,0.85,8.137663932708545
2026-10-10,27,3,wk inc rsv hosp,2026-10-31,quantile,0.9,13.103004831391024
2026-10-10,27,3,wk inc rsv hosp,2026-10-31,quantile,0.95,17.086760929468007
2026-10-10,27,3,wk inc rsv hosp,2026-10-31,quantile,0.975,19.6084387486382
2026-10-10,27,3,wk inc rsv hosp,2026-10-31,quantile,0.99,25.5
2026-10-10,28,-1,wk inc rsv hosp,2026-10-03,quantile,0.01,1
2026-10-10,28,-1,wk inc rsv hosp,2026-10-03,quantile,0.025,1
2026-10-10,28,-1,wk inc rsv hosp,2026-10-03,quantile,0.05,2
2026-10-10,28,-1,wk inc rsv hosp,2026-10-03,quantile,0.1,4
2026-10-10,28,-1,wk inc rsv hosp,2026-10-03,quantile,0.15,4
2026-10-10,28,-1,wk inc rsv hosp,2026-10-03,quantile,0.2,5
2026-10-10,28,-1,wk inc rsv hosp,2026-10-03,quantile,0.25,5
2026-10-10,28,-1,wk inc rsv hosp,2026-10-03,quantile,0.3,5
2026-10-10,28,-1,wk inc rsv hosp,2026-10-03,quantile,0.35,5
2026-10-10,28,-1,wk inc rsv hosp,2026-10-03,quantile,0.4,5
2026-10-10,28,-1,wk inc rsv hosp,2026-10-03,quantile,0.45,6
2026-10-10,28,-1,wk inc rsv hosp,2026-10-03,quantile,0.5,6
2026-10-10,28,-1,wk inc rsv hosp,2026-10-03,quantile,0.55,6
2026-10-10,28,-1,wk inc rsv hosp,2026-10-03,quantile,0.6,6
2026-10-10,28,-1,wk inc rsv hosp,2026-10-03,quantile,0.65,7
2026-10-10,28,-1,wk inc rsv hosp,2026-10-03,quantile,0.7,7
2026-10-10,28,-1,wk inc rsv hosp,2026-10-03,quantile,0.75,7
2026-10-10,28,-1,wk inc rsv hosp,2026-10-03,quantile,0.8,8
2026-10-10,28,-1,wk inc rsv hosp,2026-10-03,quantile,0.85,8
2026-10-10,28,-1,wk inc rsv hosp,2026-10-03,quantile,0.9,9
2026-10-10,28,-1,wk inc rsv hosp,2026-10-03,quantile,0.95,11
2026-10-10,28,-1,wk inc rsv hosp,2026-10-03,quantile,0.975,12
2026-10-10,28,-1,wk inc rsv hosp,2026-10-03,quantile,0.99,13
2026-10-10,28,0,wk inc rsv hosp,2026-10-10,quantile,0.01,1.34785508200817
2026-10-10,28,0,wk inc rsv hosp,2026-10-10,quantile,0.025,1.9843040580313343
2026-10-10,28,0,wk inc rsv hosp,2026-10-10,quantile,0.05,2.21160754895265
2026-10-10,28,0,wk inc rsv hosp,2026-10-10,quantile,0.1,3
2026-10-10,28,0,wk inc rsv hosp,2026-10-10,quantile,0.15,3.1577816049537466
2026-10-10,28,0,wk inc rsv hosp,2026-10-10,quantile,0.2,3.6938495436748138
2026-10-10,28,0,wk inc rsv hosp,2026-10-10,quantile,0.25,4
2026-10-10,28,0,wk inc rsv hosp,2026-10-10,quantile,0.3,4
2026-10-10,28,0,wk inc rsv hosp,2026-10-10,quantile,0.35,4.5
2026-10-10,28,0,wk inc rsv hosp,2026-10-10,quantile,0.4,5.5
2026-10-10,28,0,wk inc rsv hosp,2026-10-10,quantile,0.45,5.5
2026-10-10,28,0,wk inc rsv hosp,2026-10-10,quantile,0.5,6
2026-10-10,28,0,wk inc rsv hosp,2026-10-10,quantile,0.55,6
2026-10-10,28,0,wk inc rsv hosp,2026-10-10,quantile,0.6,6
2026-10-10,28,0,wk inc rsv hosp,2026-10-10,quantile,0.65,7
2026-10-10,28,0,wk inc rsv hosp,2026-10-10,quantile,0.7,7
2026-10-10,28,0,wk inc rsv hosp,2026-10-10,quantile,0.75,8
2026-10-10,28,0,wk inc rsv hosp,2026-10-10,quantile,0.8,8.5
2026-10-10,28,0,wk inc rsv hosp,2026-10-10,quantile,0.85,9
2026-10-10,28,0,wk inc rsv hosp,2026-10-10,quantile,0.9,10.5
2026-10-10,28,0,wk inc rsv hosp,2026-10-10,quantile,0.95,14.5
2026-10-10,28,0,wk inc rsv hosp,2026-10-10,quantile,0.975,16.5
2026-10-10,28,0,wk inc rsv hosp,2026-10-10,quantile,0.99,19
2026-10-10,28,1,wk inc rsv hosp,2026-10-17,quantile,0.01,1.254001240919657
2026-10-10,28,1,wk inc rsv hosp,2026-10-17,quantile,0.025,1.7927134215871843
2026-10-10,28,1,wk inc rsv hosp,2026-10-17,quantile,0.05,2.5
2026-10-10,28,1,wk inc rsv hosp,2026-10-17,quantile,0.1,2.7061073786905245
2026-10-10,28,1,wk inc rsv hosp,2026-10-17,quantile,0.15,3
2026-10-10,28,1,wk inc rsv hosp,2026-10-17,quantile,0.2,3.70566989019568
2026-10-10,28,1,wk inc rsv hosp,2026-10-17,quantile,0.25,4
2026-10-10,28,1,wk inc rsv hosp,2026-10-17,quantile,0.3,4.5869048075408125
2026-10-10,28,1,wk inc rsv hosp,2026-10-17,quantile,0.35,4.951119265968332
2026-10-10,28,1,wk inc rsv hosp,2026-10-17,quantile,0.4,5.722748852046836
2026-10-10,28,1,wk inc rsv hosp,2026-10-17,quantile,0.45,6.3985049027660965
2026-10-10,28,1,wk inc rsv hosp,2026-10-17,quantile,0.5,7
2026-10-10,28,1,wk inc rsv hosp,2026-10-17,quantile,0.55,7.015786010254535
2026-10-10,28,1,wk inc rsv hosp,2026-10-17,quantile,0.6,8
2026-10-10,28,1,wk inc rsv hosp,2026-10-17,quantile,0.65,8.5
2026-10-10,28,1,wk inc rsv hosp,2026-10-17,quantile,0.7,9
2026-10-10,28,1,wk inc rsv hosp,2026-10-17,quantile,0.75,10
2026-10-10,28,1,wk inc rsv hosp,2026-10-17,quantile,0.8,11
2026-10-10,28,1,wk inc rsv hosp,2026-10-17,quantile,0.85,12.837439528192771
2026-10-10,28,1,wk inc rsv hosp,2026-10-17,quantile,0.9,14.886956415312564
2026-10-10,28,1,wk inc rsv hosp,2026-10-17,quantile,0.95,18.598828683365884
2026-10-10,28,1,wk inc rsv hosp,2026-10-17,quantile,0.975,20.772738220757944
2026-10-10,28,1,wk inc rsv hosp,2026-10-17,quantile,0.99,23.26380178210401
2026-10-10,28,2,wk inc rsv hosp,2026-10-24,quantile,0.01,1.9371867575670079
2026-10-10,28,2,wk inc rsv hosp,2026-10-24,quantile,0.025,1.967886557586382
2026-10-10,28,2,wk inc rsv hosp,2026-10-24,quantile,0.05,2.0284883351949383
2026-10-10,28,2,wk inc rsv hosp,2026-10-24,quantile,0.1,3
2026-10-10,28,2,wk inc rsv hosp,2026-10-24,quantile,0.15,3.047616884721603
2026-10-10,28,2,wk inc rsv hosp,2026-10-24,quantile,0.2,3.8818601037171883
2026-10-10,28,2,wk inc rsv hosp,2026-10-24,quantile,0.25,4.043572059021663
2026-10-10,28,2,wk inc rsv hosp,2026-10-24,quantile,0.3,5
2026-10-10,28,2,wk inc rsv hosp,2026-10-24,quantile,0.35,5.712427123811377
2026-10-10,28,2,wk inc rsv hosp,2026-10-24,quantile,0.4,6.469034785578823
2026-10-10,28,2,wk inc rsv hosp,2026-10-24,quantile,0.45,7.282118130290301
2026-10-10,28,2,wk inc rsv hosp,2026-10-24,quantile,0.5,7.87715073041188
2026-10-10,28,2,wk inc rsv hosp,2026-10-24,quantile,0.55,8.607170089856163
2026-10-10,28,2,wk inc rsv hosp,2026-10-24,quantile,0.6,9.676714094214756
2026-10-10,28,2,wk inc rsv hosp,2026-10-24,quantile,0.65,10.61207424337718
2026-10-10,28,2,wk inc rsv hosp,2026-10-24,quantile,0.7,11.690485660554996
2026-10-10,28,2,wk inc rsv hosp,2026-10-24,quantile,0.75,12.831754582662168
2026-10-10,28,2,wk inc rsv hosp,2026-10-24,quantile,0.8,13.589932798763508
2026-10-10,28,2,wk inc rsv hosp,2026-10-24,quantile,0.85,15.017553831017443
2026-10-10,28,2,wk inc rsv hosp,2026-10-24,quantile,0.9,17.050000000000068
2026-10-10,28,2,wk inc rsv hosp,2026-10-24,quantile,0.95,21
2026-10-10,28,2,wk inc rsv hosp,2026-10-24,quantile,0.975,25.01249999999999
2026-10-10,28,2,wk inc rsv hosp,2026-10-24,quantile,0.99,27.5
2026-10-10,28,3,wk inc rsv hosp,2026-10-31,quantile,0.01,1
2026-10-10,28,3,wk inc rsv hosp,2026-10-31,quantile,0.025,2
2026-10-10,28,3,wk inc rsv hosp,2026-10-31,quantile,0.05,2
2026-10-10,28,3,wk inc rsv hosp,2026-10-31,quantile,0.1,3
2026-10-10,28,3,wk inc rsv hosp,2026-10-31,quantile,0.15,3
2026-10-10,28,3,wk inc rsv hosp,2026-10-31,quantile,0.2,4
2026-10-10,28,3,wk inc rsv hosp,2026-10-31,quantile,0.25,5
2026-10-10,28,3,wk inc rsv hosp,2026-10-31,quantile,0.3,5
2026-10-10,28,3,wk inc rsv hosp,2026-10-31,quantile,0.35,6
2026-10-10,28,3,wk inc rsv hosp,2026-10-31,quantile,0.4,7
2026-10-10,28,3,wk inc rsv hosp,2026-10-31,quantile,0.45,8
2026-10-10,28,3,wk inc rsv hosp,2026-10-31,quantile,0.5,9
2026-10-10,28,3,wk inc rsv hosp,2026-10-31,quantile,0.55,11
2026-10-10,28,3,wk inc rsv hosp,2026-10-31,quantile,0.6,11.95196148372842
2026-10-10,28,3,wk inc rsv hosp,2026-10-31,quantile,0.65,12.260394757225024
2026-10-10,28,3,wk inc rsv hosp,2026-10-31,quantile,0.7,13.253554631228337
2026-10-10,28,3,wk inc rsv hosp,2026-10-31,quantile,0.75,14.216097781497842
2026-10-10,28,3,wk inc rsv hosp,2026-10-31,quantile,0.8,16.336306505542403
2026-10-10,28,3,wk inc rsv hosp,2026-10-31,quantile,0.85,18
2026-10-10,28,3,wk inc rsv hosp,2026-10-31,quantile,0.9,23
2026-10-10,28,3,wk inc rsv hosp,2026-10-31,quantile,0.95,27
2026-10-10,28,3,wk inc rsv hosp,2026-10-31,quantile,0.975,31
2026-10-10,28,3,wk inc rsv hosp,2026-10-31,quantile,0.99,37
2026-10-10,29,-1,wk inc rsv hosp,2026-10-03,quantile,0.01,5
2026-10-10,29,-1,wk inc rsv hosp,2026-10-03,quantile,0.025,7
2026-10-10,29,-1,wk inc rsv hosp,2026-10-03,quantile,0.05,8
2026-10-10,29,-1,wk inc rsv hosp,2026-10-03,quantile,0.1,8
2026-10-10,29,-1,wk inc rsv hosp,2026-10-03,quantile,0.15,9
2026-10-10,29,-1,wk inc rsv hosp,2026-10-03,quantile,0.2,9
2026-10-10,29,-1,wk inc rsv hosp,2026-10-03,quantile,0.25,9
2026-10-10,29,-1,wk inc rsv hosp,2026-10-03,quantile,0.3,9
2026-10-10,29,-1,wk inc rsv hosp,2026-10-03,quantile,0.35,10
2026-10-10,29,-1,wk inc rsv hosp,2026-10-03,quantile,0.4,10
2026-10-10,29,-1,wk inc rsv hosp,2026-10-03,quantile,0.45,10
2026-10-10,29,-1,wk inc rsv hosp,2026-10-03,quantile,0.5,10
2026-10-10,29,-1,wk inc rsv hosp,2026-10-03,quantile,0.55,11
2026-10-10,29,-1,wk inc rsv hosp,2026-10-03,quantile,0.6,11
2026-10-10,29,-1,wk inc rsv hosp,2026-10-03,quantile,0.65,11
2026-10-10,29,-1,wk inc rsv hosp,2026-10-03,quantile,0.7,11
2026-10-10,29,-1,wk inc rsv hosp,2026-10-03,quantile,0.75,12
2026-10-10,29,-1,wk inc rsv hosp,2026-10-03,quantile,0.8,12
2026-10-10,29,-1,wk inc rsv hosp,2026-10-03,quantile,0.85,13
2026-10-10,29,-1,wk inc rsv hosp,2026-10-03,quantile,0.9,14
2026-10-10,29,-1,wk inc rsv hosp,2026-10-03,quantile,0.95,15
2026-10-10,29,-1,wk inc rsv hosp,2026-10-03,quantile,0.975,16
2026-10-10,29,-1,wk inc rsv hosp,2026-10-03,quantile,0.99,16
2026-10-10,29,0,wk inc rsv hosp,2026-10-10,quantile,0.01,1
2026-10-10,29,0,wk inc rsv hosp,2026-10-10,quantile,0.025,1
2026-10-10,29,0,wk inc rsv hosp,2026-10-10,quantile,0.05,2
2026-10-10,29,0,wk inc rsv hosp,2026-10-10,quantile,0.1,3
2026-10-10,29,0,wk inc rsv hosp,2026-10-10,quantile,0.15,3.3100830085986996
2026-10-10,29,0,wk inc rsv hosp,2026-10-10,quantile,0.2,4.5
2026-10-10,29,0,wk inc rsv hosp,2026-10-10,quantile,0.25,4.945723678046942
2026-10-10,29,0,wk inc rsv hosp,2026-10-10,quantile,0.3,6.19717809868378
2026-10-10,29,0,wk inc rsv hosp,2026-10-10,quantile,0.35,6.2884342025313575
2026-10-10,29,0,wk inc rsv hosp,2026-10-10,quantile,0.4,7.179374465744734
2026-10-10,29,0,wk inc rsv hosp,2026-10-10,quantile,0.45,7.315446239206791
2026-10-10,29,0,wk inc rsv hosp,2026-10-10,quantile,0.5,7.373264892058632
2026-10-10,29,0,wk inc rsv hosp,2026-10-10,quantile,0.55,8.468057976633313
2026-10-10,29,0,wk inc rsv hosp,2026-10-10,quantile,0.6,8.520103431108033
2026-10-10,29,0,wk inc rsv hosp,2026-10-10,quantile,0.65,9.148686529894782
2026-10-10,29,0,wk inc rsv hosp,2026-10-10,quantile,0.7,9.31916323134055
2026-10-10,29,0,wk inc rsv hosp,2026-10-10,quantile,0.75,9.845303323648238
2026-10-10,29,0,wk inc rsv hosp,2026-10-10,quantile,0.8,10.903018477622137
2026-10-10,29,0,wk inc rsv hosp,2026-10-10,quantile,0.85,12.460497013900875
2026-10-10,29,0,wk inc rsv hosp,2026-10-10,quantile,0.9,13.326247845309037
2026-10-10,29,0,wk inc rsv hosp,2026-10-10,quantile,0.95,15.487854475304596
2026-10-10,29,0,wk inc rsv hosp,2026-10-10,quantile,0.975,20.55549786059747
2026-10-10,29,0,wk inc rsv hosp,2026-10-10,quantile,0.99,23
2026-10-10,29,1,wk inc rsv hosp,2026-10-17,quantile,0.01,0.5
2026-10-10,29,1,wk inc rsv hosp,2026-10-17,quantile,0.025,1
2026-10-10,29,1,wk inc rsv hosp,2026-10-17,quantile,0.05,2
2026-10-10,29,1,wk inc rsv hosp,2026-10-17,quantile,0.1,3
2026-10-10,29,1,wk inc rsv hosp,2026-10-17,quantile,0.15,3.5
2026-10-10,29,1,wk inc rsv hosp,2026-10-17,quantile,0.2,4.5
2026-10-10,29,1,wk inc rsv hosp,2026-10-17,quantile,0.25,4.5
2026-10-10,29,1,wk inc rsv hosp,2026-10-17,quantile,0.3,6
2026-10-10,29,1,wk inc rsv hosp,2026-10-17,quantile,0.35,6.255116245535221
2026-10-10,29,1,wk inc rsv hosp,2026-10-17,quantile,0.4,6.404928680038906
2026-10-10,29,1,wk inc rsv hosp,2026-10-17,quantile,0.45,7.046365777209825
2026-10-10,29,1,wk inc rsv hosp,2026-10-17,quantile,0.5,7.093199074831169
2026-10-10,29,1,wk inc rsv hosp,2026-10-17,quantile,0.55,8.159015663578288
2026-10-10,29,1,wk inc rsv hosp,2026-10-17,quantile,0.6,8.5
2026-10-10,29,1,wk inc rsv hosp,2026-10-17,quantile,0.65,9
2026-10-10,29,1,wk inc rsv hosp,2026-10-17,quantile,0.7,10
2026-10-10,29,1,wk inc rsv hosp,2026-10-17,quantile,0.75,10
2026-10-10,29,1,wk inc rsv hosp,2026-10-17,quantile,0.8,11.5
2026-10-10,29,1,wk inc rsv hosp,2026-10-17,quantile,0.85,12.5
2026-10-10,29,1,wk inc rsv hosp,2026-10-17,quantile,0.9,14.5
2026-10-10,29,1,wk inc rsv hosp,2026-10-17,quantile,0.95,16.5
2026-10-10,29,1,wk inc rsv hosp,2026-10-17,quantile,0.975,19.926215134212214
2026-10-10,29,1,wk inc rsv hosp,2026-10-17,quantile,0.99,24.95362155755619
2026-10-10,29,2,wk inc rsv hosp,2026-10-24,quantile,0.01,0.5
2026-10-10,29,2,wk inc rsv hosp,2026-10-24,quantile,0.025,1.5
2026-10-10,29,2,wk inc rsv hosp,2026-10-24,quantile,0.05,2
2026-10-10,29,2,wk inc rsv hosp,2026-10-24,quantile,0.1,2.5
2026-10-10,29,2,wk inc rsv hosp,2026-10-24,quantile,0.15,4
2026-10-10,29,2,wk inc rsv hosp,2026-10-24,quantile,0.2,5
2026-10-10,29,2,wk inc rsv hosp,2026-10-24,quantile,0.25,5.5
2026-10-10,29,2,wk inc rsv hosp,2026-10-24,quantile,0.3,7
2026-10-10,29,2,wk inc rsv hosp,2026-10-24,quantile,0.35,7.472920465054394
2026-10-10,29,2,wk inc rsv hosp,2026-10-24,quantile,0.4,8.113201842812522
2026-10-10,29,2,wk inc rsv hosp,2026-10-24,quantile,0.45,9.134782973377025
2026-10-10,29,2,wk inc rsv hosp,2026-10-24,quantile,0.5,9.452760084518204
2026-10-10,29,2,wk inc rsv hosp,2026-10-24,quantile,0.55,10.207938942566386
2026-10-10,29,2,wk inc rsv hosp,2026-10-24,quantile,0.6,11.134104679331816
2026-10-10,29,2,wk inc rsv hosp,2026-10-24,quantile,0.65,11.204165920713354
2026-10-10,29,2,wk inc rsv hosp,2026-10-24,quantile,0.7,11.860800064294107
2026-10-10,29,2,wk inc rsv hosp,2026-10-24,quantile,0.75,13.105360618463166
2026-10-10,29,2,wk inc rsv hosp,2026-10-24,quantile,0.8,14.857118729254768
2026-10-10,29,2,wk inc rsv hosp,2026-10-24,quantile,0.85,15.783776590956299
2026-10-10,29,2,wk inc rsv hosp,2026-10-24,quantile,0.9,17.99948147942481
2026-10-10,29,2,wk inc rsv hosp,2026-10-24,quantile,0.95,26.25210539771282
2026-10-10,29,2,wk inc rsv hosp,2026-10-24,quantile,0.975,31.680122370039648
2026-10-10,29,2,wk inc rsv hosp,2026-10-24,quantile,0.99,36.65185393414605
2026-10-10,29,3,wk inc rsv hosp,2026-10-31,quantile,0.01,2
2026-10-10,29,3,wk inc rsv hosp,2026-10-31,quantile,0.025,2
2026-10-10,29,3,wk inc rsv hosp,2026-10-31,quantile,0.05,3
2026-10-10,29,3,wk inc rsv hosp,2026-10-31,quantile,0.1,4
2026-10-10,29,3,wk inc rsv hosp,2026-10-31,quantile,0.15,5
2026-10-10,29,3,wk inc rsv hosp,2026-10-31,quantile,0.2,6
2026-10-10,29,3,wk inc rsv hosp,2026-10-31,quantile,0.25,7
2026-10-10,29,3,wk inc rsv hosp,2026-10-31,quantile,0.3,8
2026-10-10,29,3,wk inc rsv hosp,2026-10-31,quantile,0.35,10
2026-10-10,29,3,wk inc rsv hosp,2026-10-31,quantile,0.4,11
2026-10-10,29,3,wk inc rsv hosp,2026-10-31,quantile,0.45,11.606868112244909
2026-10-10,29,3,wk inc rsv hosp,2026-10-31,quantile,0.5,11.991447501220502
2026-10-10,29,3,wk inc rsv hosp,2026-10-31,quantile,0.55,12.37958390917878
2026-10-10,29,3,wk inc rsv hosp,2026-10-31,quantile,0.6,12.886779785156252
2026-10-10,29,3,wk inc rsv hosp,2026-10-31,quantile,0.65,14.15183023592096
2026-10-10,29,3,wk inc rsv hosp,2026-10-31,quantile,0.7,14.41835854717313
2026-10-10,29,3,wk inc rsv hosp,2026-10-31,quantile,0.75,14.682319289313892
2026-10-10,29,3,wk inc rsv hosp,2026-10-31,quantile,0.8,16
2026-10-10,29,3,wk inc rsv hosp,2026-10-31,quantile,0.85,20.239481571159594
2026-10-10,29,3,wk inc rsv hosp,2026-10-31,quantile,0.9,27.512266932717484
2026-10-10,29,3,wk inc rsv hosp,2026-10-31,quantile,0.95,38.357458879656726
2026-10-10,29,3,wk inc rsv hosp,2026-10-31,quantile,0.975,41.068898634825516
2026-10-10,29,3,wk inc rsv hosp,2026-10-31,quantile,0.99,42
2026-10-10,30,-1,wk inc rsv hosp,2026-10-03,quantile,0.01,0
2026-10-10,30,-1,wk inc rsv hosp,2026-10-03,quantile,0.025,0
2026-10-10,30,-1,wk inc rsv hosp,2026-10-03,quantile,0.05,0
2026-10-10,30,-1,wk inc rsv hosp,2026-10-03,quantile,0.1,0
2026-10-10,30,-1,wk inc rsv hosp,2026-10-03,quantile,0.15,0
2026-10-10,30,-1,wk inc rsv hosp,2026-10-03,quantile,0.2,0
2026-10-10,30,-1,wk inc rsv hosp,2026-10-03,quantile,0.25,0
2026-10-10,30,-1,wk inc rsv hosp,2026-10-03,quantile,0.3,0
2026-10-10,30,-1,wk inc rsv hosp,2026-10-03,quantile,0.35,0
2026-10-10,30,-1,wk inc rsv hosp,2026-10-03,quantile,0.4,0
2026-10-10,30,-1,wk inc rsv hosp,2026-10-03,quantile,0.45,0
2026-10-10,30,-1,wk inc rsv hosp,2026-10-03,quantile,0.5,0
2026-10-10,30,-1,wk inc rsv hosp,2026-10-03,quantile,0.55,0
2026-10-10,30,-1,wk inc rsv hosp,2026-10-03,quantile,0.6,0
2026-10-10,30,-1,wk inc rsv hosp,2026-10-03,quantile,0.65,0
2026-10-10,30,-1,wk inc rsv hosp,2026-10-03,quantile,0.7,0
2026-10-10,30,-1,wk inc rsv hosp,2026-10-03,quantile,0.75,0
2026-10-10,30,-1,wk inc rsv hosp,2026-10-03,quantile,0.8,0
2026-10-10,30,-1,wk inc rsv hosp,2026-10-03,quantile,0.85,0
2026-10-10,30,-1,wk inc rsv hosp,2026-10-03,quantile,0.9,1
2026-10-10,30,-1,wk inc rsv hosp,2026-10-03,quantile,0.95,1
2026-10-10,30,-1,wk inc rsv hosp,2026-10-03,quantile,0.975,2
2026-10-10,30,-1,wk inc rsv hosp,2026-10-03,quantile,0.99,3
2026-10-10,30,0,wk inc rsv hosp,2026-10-10,quantile,0.01,0
2026-10-10,30,0,wk inc rsv hosp,2026-10-10,quantile,0.025,0
2026-10-10,30,0,wk inc rsv hosp,2026-10-10,quantile,0.05,0
2026-10-10,30,0,wk inc rsv hosp,2026-10-10,quantile,0.1,0
2026-10-10,30,0,wk inc rsv hosp,2026-10-10,quantile,0.15,0
2026-10-10,30,0,wk inc rsv hosp,2026-10-10,quantile,0.2,0
2026-10-10,30,0,wk inc rsv hosp,2026-10-10,quantile,0.25,0
2026-10-10,30,0,wk inc rsv hosp,2026-10-10,quantile,0.3,0
2026-10-10,30,0,wk inc rsv hosp,2026-10-10,quantile,0.35,0
2026-10-10,30,0,wk inc rsv hosp,2026-10-10,quantile,0.4,0
2026-10-10,30,0,wk inc rsv hosp,2026-10-10,quantile,0.45,0
2026-10-10,30,0,wk inc rsv hosp,2026-10-10,quantile,0.5,0
2026-10-10,30,0,wk inc rsv hosp,2026-10-10,quantile,0.55,0
2026-10-10,30,0,wk inc rsv hosp,2026-10-10,quantile,0.6,0
2026-10-10,30,0,wk inc rsv hosp,2026-10-10,quantile,0.65,0.1384731190625766
2026-10-10,30,0,wk inc rsv hosp,2026-10-10,quantile,0.7,0.20597633026731202
2026-10-10,30,0,wk inc rsv hosp,2026-10-10,quantile,0.75,0.7611770218909812
2026-10-10,30,0,wk inc rsv hosp,2026-10-10,quantile,0.8,1
2026-10-10,30,0,wk inc rsv hosp,2026-10-10,quantile,0.85,1
2026-10-10,30,0,wk inc rsv hosp,2026-10-10,quantile,0.9,1
2026-10-10,30,0,wk inc rsv hosp,2026-10-10,quantile,0.95,2
2026-10-10,30,0,wk inc rsv hosp,2026-10-10,quantile,0.975,2.5
2026-10-10,30,0,wk inc rsv hosp,2026-10-10,quantile,0.99,3.5
2026-10-10,30,1,wk inc rsv hosp,2026-10-17,quantile,0.01,0
2026-10-10,30,1,wk inc rsv hosp,2026-10-17,quantile,0.025,0
2026-10-10,30,1,wk inc rsv hosp,2026-10-17,quantile,0.05,0
2026-10-10,30,1,wk inc rsv hosp,2026-10-17,quantile,0.1,0
2026-10-10,30,1,wk inc rsv hosp,2026-10-17,quantile,0.15,0
2026-10-10,30,1,wk inc rsv hosp,2026-10-17,quantile,0.2,0
2026-10-10,30,1,wk inc rsv hosp,2026-10-17,quantile,0.25,0
2026-10-10,30,1,wk inc rsv hosp,2026-10-17,quantile,0.3,0
2026-10-10,30,1,wk inc rsv hosp,2026-10-17,quantile,0.35,0
2026-10-10,30,1,wk inc rsv hosp,2026-10-17,quantile,0.4,0
2026-10-10,30,1,wk inc rsv hosp,2026-10-17,quantile,0.45,0
2026-10-10,30,1,wk inc rsv hosp,2026-10-17,quantile,0.5,0
2026-10-10,30,1,wk inc rsv hosp,2026-10-17,quantile,0.55,0
2026-10-10,30,1,wk inc rsv hosp,2026-10-17,quantile,0.6,0.106797678823253
2026-10-10,30,1,wk inc rsv hosp,2026-10-17,quantile,0.65,0.6224378005778163
2026-10-10,30,1,wk inc rsv hosp,2026-10-17,quantile,0.7,0.684794679967131
2026-10-10,30,1,wk inc rsv hosp,2026-10-17,quantile,0.75,0.7884232674229654
2026-10-10,30,1,wk inc rsv hosp,2026-10-17,quantile,0.8,1
2026-10-10,30,1,wk inc rsv hosp,2026-10-17,quantile,0.85,1
2026-10-10,30,1,wk inc rsv hosp,2026-10-17,quantile,0.9,2
2026-10-10,30,1,wk inc rsv hosp,2026-10-17,quantile,0.95,2.5
2026-10-10,30,1,wk inc rsv hosp,2026-10-17,quantile,0.975,3.5
2026-10-10,30,1,wk inc rsv hosp,2026-10-17,quantile,0.99,4
2026-10-10,30,2,wk inc rsv hosp,2026-10-24,quantile,0.01,0
2026-10-10,30,2,wk inc rsv hosp,2026-10-24,quantile,0.025,0
2026-10-10,30,2,wk inc rsv hosp,2026-10-24,quantile,0.05,0
2026-10-10,30,2,wk inc rsv hosp,2026-10-24,quantile,0.1,0
2026-10-10,30,2,wk inc rsv hosp,2026-10-24,quantile,0.15,0
2026-10-10,30,2,wk inc rsv hosp,2026-10-24,quantile,0.2,0
2026-10-10,30,2,wk inc rsv hosp,2026-10-24,quantile,0.25,0
2026-10-10,30,2,wk inc rsv hosp,2026-10-24,quantile,0.3,0
2026-10-10,30,2,wk inc rsv hosp,2026-10-24,quantile,0.35,0
2026-10-10,30,2,wk inc rsv hosp,2026-10-24,quantile,0.4,0
2026-10-10,30,2,wk inc rsv hosp,2026-10-24,quantile,0.45,0
2026-10-10,30,2,wk inc rsv hosp,2026-10-24,quantile,0.5,0.08742271630777892
2026-10-10,30,2,wk inc rsv hosp,2026-10-24,quantile,0.55,0.1916059429272926
2026-10-10,30,2,wk inc rsv hosp,2026-10-24,quantile,0.6,0.2778674095118313
2026-10-10,30,2,wk inc rsv hosp,2026-10-24,quantile,0.65,0.8135276515579547
2026-10-10,30,2,wk inc rsv hosp,2026-10-24,quantile,0.7,0.9748284944242915
2026-10-10,30,2,wk inc rsv hosp,2026-10-24,quantile,0.75,1.083833215165558
2026-10-10,30,2,wk inc rsv hosp,2026-10-24,quantile,0.8,1.099949836730957
2026-10-10,30,2,wk inc rsv hosp,2026-10-24,quantile,0.85,1.137208650416106
2026-10-10,30,2,wk inc rsv hosp,2026-10-24,quantile,0.9,2.5
2026-10-10,30,2,wk inc rsv hosp,2026-10-24,quantile,0.95,3.5
2026-10-10,30,2,wk inc rsv hosp,2026-10-24,quantile,0.975,4
2026-10-10,30,2,wk inc rsv hosp,2026-10-24,quantile,0.99,4.5
2026-10-10,30,3,wk inc rsv hosp,2026-10-31,quantile,0.01,0
2026-10-10,30,3,wk inc rsv hosp,2026-10-31,quantile,0.025,0
2026-10-10,30,3,wk inc rsv hosp,2026-10-31,quantile,0.05,0
2026-10-10,30,3,wk inc rsv hosp,2026-10-31,quantile,0.1,0
2026-10-10,30,3,wk inc rsv hosp,2026-10-31,quantile,0.15,0
2026-10-10,30,3,wk inc rsv hosp,2026-10-31,quantile,0.2,0
2026-10-10,30,3,wk inc rsv hosp,2026-10-31,quantile,0.25,0
2026-10-10,30,3,wk inc rsv hosp,2026-10-31,quantile,0.3,0
2026-10-10,30,3,wk inc rsv hosp,2026-10-31,quantile,0.35,0
2026-10-10,30,3,wk inc rsv hosp,2026-10-31,quantile,0.4,0
2026-10-10,30,3,wk inc rsv hosp,2026-10-31,quantile,0.45,0.38696859104213854
2026-10-10,30,3,wk inc rsv hosp,2026-10-31,quantile,0.5,0.5264416249732496
2026-10-10,30,3,wk inc rsv hosp,2026-10-31,quantile,0.55,0.6045148304509789
2026-10-10,30,3,wk inc rsv hosp,2026-10-31,quantile,0.6,1
2026-10-10,30,3,wk inc rsv hosp,2026-10-31,quantile,0.65,1
2026-10-10,30,3,wk inc rsv hosp,2026-10-31,quantile,0.7,1
2026-10-10,30,3,wk inc rsv hosp,2026-10-31,quantile,0.75,1.0726428781155752
2026-10-10,30,3,wk inc rsv hosp,2026-10-31,quantile,0.8,1.5201787948608398
2026-10-10,30,3,wk inc rsv hosp,2026-10-31,quantile,0.85,2.3843071620359106
2026-10-10,30,3,wk inc rsv hosp,2026-10-31,quantile,0.9,4
2026-10-10,30,3,wk inc rsv hosp,2026-10-31,quantile,0.95,6
2026-10-10,30,3,wk inc rsv hosp,2026-10-31,quantile,0.975,7
2026-10-10,30,3,wk inc rsv hosp,2026-10-31,quantile,0.99,8
2026-10-10,31,-1,wk inc rsv hosp,2026-10-03,quantile,0.01,0
2026-10-10,31,-1,wk inc rsv hosp,2026-10-03,quantile,0.025,0
2026-10-10,31,-1,wk inc rsv hosp,2026-10-03,quantile,0.05,0
2026-10-10,31,-1,wk inc rsv hosp,2026-10-03,quantile,0.1,0
2026-10-10,31,-1,wk inc rsv hosp,2026-10-03,quantile,0.15,0
2026-10-10,31,-1,wk inc rsv hosp,2026-10-03,quantile,0.2,0
2026-10-10,31,-1,wk inc rsv hosp,2026-10-03,quantile,0.25,0
2026-10-10,31,-1,wk inc rsv hosp,2026-10-03,quantile,0.3,0
2026-10-10,31,-1,wk inc rsv hosp,2026-10-03,quantile,0.35,0
2026-10-10,31,-1,wk inc rsv hosp,2026-10-03,quantile,0.4,0
2026-10-10,31,-1,wk inc rsv hosp,2026-10-03,quantile,0.45,0
2026-10-10,31,-1,wk inc rsv hosp,2026-10-03,quantile,0.5,0
2026-10-10,31,-1,wk inc rsv hosp,2026-10-03,quantile,0.55,1
2026-10-10,31,-1,wk inc rsv hosp,2026-10-03,quantile,0.6,1
2026-10-10,31,-1,wk inc rsv hosp,2026-10-03,quantile,0.65,1
2026-10-10,31,-1,wk inc rsv hosp,2026-10-03,quantile,0.7,1
2026-10-10,31,-1,wk inc rsv hosp,2026-10-03,quantile,0.75,1
2026-10-10,31,-1,wk inc rsv hosp,2026-10-03,quantile,0.8,2
2026-10-10,31,-1,wk inc rsv hosp,2026-10-03,quantile,0.85,2
2026-10-10,31,-1,wk inc rsv hosp,2026-10-03,quantile,0.9,3
2026-10-10,31,-1,wk inc rsv hosp,2026-10-03,quantile,0.95,4
2026-10-10,31,-1,wk inc rsv hosp,2026-10-03,quantile,0.975,5
2026-10-10,31,-1,wk inc rsv hosp,2026-10-03,quantile,0.99,6
2026-10-10,31,0,wk inc rsv hosp,2026-10-10,quantile,0.01,0
2026-10-10,31,0,wk inc rsv hosp,2026-10-10,quantile,0.025,0
2026-10-10,31,0,wk inc rsv hosp,2026-10-10,quantile,0.05,0
2026-10-10,31,0,wk inc rsv hosp,2026-10-10,quantile,0.1,0
2026-10-10,31,0,wk inc rsv hosp,2026-10-10,quantile,0.15,0
2026-10-10,31,0,wk inc rsv hosp,2026-10-10,quantile,0.2,0
2026-10-10,31,0,wk inc rsv hosp,2026-10-10,quantile,0.25,0
2026-10-10,31,0,wk inc rsv hosp,2026-10-10,quantile,0.3,0.0771876692828793
2026-10-10,31,0,wk inc rsv hosp,2026-10-10,quantile,0.35,0.6192704343965133
2026-10-10,31,0,wk inc rsv hosp,2026-10-10,quantile,0.4,0.6883148019837777
2026-10-10,31,0,wk inc rsv hosp,2026-10-10,quantile,0.45,0.7304851891441216
2026-10-10,31,0,wk inc rsv hosp,2026-10-10,quantile,0.5,0.7526636194243789
2026-10-10,31,0,wk inc rsv hosp,2026-10-10,quantile,0.55,1
2026-10-10,31,0,wk inc rsv hosp,2026-10-10,quantile,0.6,1
2026-10-10,31,0,wk inc rsv hosp,2026-10-10,quantile,0.65,1.5
2026-10-10,31,0,wk inc rsv hosp,2026-10-10,quantile,0.7,2
2026-10-10,31,0,wk inc rsv hosp,2026-10-10,quantile,0.75,2
2026-10-10,31,0,wk inc rsv hosp,2026-10-10,quantile,0.8,2
2026-10-10,31,0,wk inc rsv hosp,2026-10-10,quantile,0.85,3
2026-10-10,31,0,wk inc rsv hosp,2026-10-10,quantile,0.9,3
2026-10-10,31,0,wk inc rsv hosp,2026-10-10,quantile,0.95,4
2026-10-10,31,0,wk inc rsv hosp,2026-10-10,quantile,0.975,5
2026-10-10,31,0,wk inc rsv hosp,2026-10-10,quantile,0.99,6
2026-10-10,31,1,wk inc rsv hosp,2026-10-17,quantile,0.01,0
2026-10-10,31,1,wk inc rsv hosp,2026-10-17,quantile,0.025,0
2026-10-10,31,1,wk inc rsv hosp,2026-10-17,quantile,0.05,0
2026-10-10,31,1,wk inc rsv hosp,2026-10-17,quantile,0.1,0
2026-10-10,31,1,wk inc rsv hosp,2026-10-17,quantile,0.15,0
2026-10-10,31,1,wk inc rsv hosp,2026-10-17,quantile,0.2,0
2026-10-10,31,1,wk inc rsv hosp,2026-10-17,quantile,0.25,0.22119172109529156
2026-10-10,31,1,wk inc rsv hosp,2026-10-17,quantile,0.3,0.7283391574787204
2026-10-10,31,1,wk inc rsv hosp,2026-10-17,quantile,0.35,0.8800038282046303
2026-10-10,31,1,wk inc rsv hosp,2026-10-17,quantile,0.4,1
2026-10-10,31,1,wk inc rsv hosp,2026-10-17,quantile,0.45,1
2026-10-10,31,1,wk inc rsv hosp,2026-10-17,quantile,0.5,1
2026-10-10,31,1,wk inc rsv hosp,2026-10-17,quantile,0.55,1.0720855043782471
2026-10-10,31,1,wk inc rsv hosp,2026-10-17,quantile,0.6,1.615134311598142
2026-10-10,31,1,wk inc rsv hosp,2026-10-17,quantile,0.65,1.6366188122928416
2026-10-10,31,1,wk inc rsv hosp,2026-10-17,quantile,0.7,2
2026-10-10,31,1,wk inc rsv hosp,2026-10-17,quantile,0.75,2
2026-10-10,31,1,wk inc rsv hosp,2026-10-17,quantile,0.8,3
2026-10-10,31,1,wk inc rsv hosp,2026-10-17,quantile,0.85,3.5
2026-10-10,31,1,wk inc rsv hosp,2026-10-17,quantile,0.9,4
2026-10-10,31,1,wk inc rsv hosp,2026-10-17,quantile,0.95,5.5
2026-10-10,31,1,wk inc rsv hosp,2026-10-17,quantile,0.975,8
2026-10-10,31,1,wk inc rsv hosp,2026-10-17,quantile,0.99,9
2026-10-10,31,2,wk inc rsv hosp,2026-10-24,quantile,0.01,0
2026-10-10,31,2,wk inc rsv hosp,2026-10-24,quantile,0.025,0
2026-10-10,31,2,wk inc rsv hosp,2026-10-24,quantile,0.05,0
2026-10-10,31,2,wk inc rsv hosp,2026-10-24,quantile,0.1,0
2026-10-10,31,2,wk inc rsv hosp,2026-10-24,quantile,0.15,0
2026-10-10,31,2,wk inc rsv hosp,2026-10-24,quantile,0.2,0.5
2026-10-10,31,2,wk inc rsv hosp,2026-10-24,quantile,0.25,0.5
2026-10-10,31,2,wk inc rsv hosp,2026-10-24,quantile,0.3,1
2026-10-10,31,2,wk inc rsv hosp,2026-10-24,quantile,0.35,1
2026-10-10,31,2,wk inc rsv hosp,2026-10-24,quantile,0.4,1
2026-10-10,31,2,wk inc rsv hosp,2026-10-24,quantile,0.45,1.4924186413496727
2026-10-10,31,2,wk inc rsv hosp,2026-10-24,quantile,0.5,2
2026-10-10,31,2,wk inc rsv hosp,2026-10-24,quantile,0.55,2
2026-10-10,31,2,wk inc rsv hosp,2026-10-24,quantile,0.6,2
2026-10-10,31,2,wk inc rsv hosp,2026-10-24,quantile,0.65,2
2026-10-10,31,2,wk inc rsv hosp,2026-10-24,quantile,0.7,3
2026-10-10,31,2,wk inc rsv hosp,2026-10-24,quantile,0.75,3
2026-10-10,31,2,wk inc rsv hosp,2026-10-24,quantile,0.8,3.832563396934965
2026-10-10,31,2,wk inc rsv hosp,2026-10-24,quantile,0.85,4.5
2026-10-10,31,2,wk inc rsv hosp,2026-10-24,quantile,0.9,6
2026-10-10,31,2,wk inc rsv hosp,2026-10-24,quantile,0.95,9
2026-10-10,31,2,wk inc rsv hosp,2026-10-24,quantile,0.975,12
2026-10-10,31,2,wk inc rsv hosp,2026-10-24,quantile,0.99,15.004999999999995
2026-10-10,31,3,wk inc rsv hosp,2026-10-31,quantile,0.01,0
2026-10-10,31,3,wk inc rsv hosp,2026-10-31,quantile,0.025,0
2026-10-10,31,3,wk inc rsv hosp,2026-10-31,quantile,0.05,0
2026-10-10,31,3,wk inc rsv hosp,2026-10-31,quantile,0.1,0
2026-10-10,31,3,wk inc rsv hosp,2026-10-31,quantile,0.15,0.9149251253165969
2026-10-10,31,3,wk inc rsv hosp,2026-10-31,quantile,0.2,1
2026-10-10,31,3,wk inc rsv hosp,2026-10-31,quantile,0.25,1
2026-10-10,31,3,wk inc rsv hosp,2026-10-31,quantile,0.3,1
2026-10-10,31,3,wk inc rsv hosp,2026-10-31,quantile,0.35,1.757924168472512
2026-10-10,31,3,wk inc rsv hosp,2026-10-31,quantile,0.4,1.8824122505932035
2026-10-10,31,3,wk inc rsv hosp,2026-10-31,quantile,0.45,2
2026-10-10,31,3,wk inc rsv hosp,2026-10-31,quantile,0.5,2
2026-10-10,31,3,wk inc rsv hosp,2026-10-31,quantile,0.55,2
2026-10-10,31,3,wk inc rsv hosp,2026-10-31,quantile,0.6,2.769941723578494
2026-10-10,31,3,wk inc rsv hosp,2026-10-31,quantile,0.65,3
2026-10-10,31,3,wk inc rsv hosp,2026-10-31,quantile,0.7,3
2026-10-10,31,3,wk inc rsv hosp,2026-10-31,quantile,0.75,4
2026-10-10,31,3,wk inc rsv hosp,2026-10-31,quantile,0.8,5
2026-10-10,31,3,wk inc rsv hosp,2026-10-31,quantile,0.85,7
2026-10-10,31,3,wk inc rsv hosp,2026-10-31,quantile,0.9,8
2026-10-10,31,3,wk inc rsv hosp,2026-10-31,quantile,0.95,12
2026-10-10,31,3,wk inc rsv hosp,2026-10-31,quantile,0.975,14
2026-10-10,31,3,wk inc rsv hosp,2026-10-31,quantile,0.99,18
2026-10-10,32,-1,wk inc rsv hosp,2026-10-03,quantile,0.01,0
2026-10-10,32,-1,wk inc rsv hosp,2026-10-03,quantile,0.025,0
2026-10-10,32,-1,wk inc rsv hosp,2026-10-03,quantile,0.05,0
2026-10-10,32,-1,wk inc rsv hosp,2026-10-03,quantile,0.1,0
2026-10-10,32,-1,wk inc rsv hosp,2026-10-03,quantile,0.15,0
2026-10-10,32,-1,wk inc rsv hosp,2026-10-03,quantile,0.2,0
2026-10-10,32,-1,wk inc rsv hosp,2026-10-03,quantile,0.25,0
2026-10-10,32,-1,wk inc rsv hosp,2026-10-03,quantile,0.3,0
2026-10-10,32,-1,wk inc rsv hosp,2026-10-03,quantile,0.35,0
2026-10-10,32,-1,wk inc rsv hosp,2026-10-03,quantile,0.4,0
2026-10-10,32,-1,wk inc rsv hosp,2026-10-03,quantile,0.45,1
2026-10-10,32,-1,wk inc rsv hosp,2026-10-03,quantile,0.5,1
2026-10-10,32,-1,wk inc rsv hosp,2026-10-03,quantile,0.55,1
2026-10-10,32,-1,wk inc rsv hosp,2026-10-03,quantile,0.6,1
2026-10-10,32,-1,wk inc rsv hosp,2026-10-03,quantile,0.65,1
2026-10-10,32,-1,wk inc rsv hosp,2026-10-03,quantile,0.7,2
2026-10-10,32,-1,wk inc rsv hosp,2026-10-03,quantile,0.75,2
2026-10-10,32,-1,wk inc rsv hosp,2026-10-03,quantile,0.8,2
2026-10-10,32,-1,wk inc rsv hosp,2026-10-03,quantile,0.85,3
2026-10-10,32,-1,wk inc rsv hosp,2026-10-03,quantile,0.9,3
2026-10-10,32,-1,wk inc rsv hosp,2026-10-03,quantile,0.95,4
2026-10-10,32,-1,wk inc rsv hosp,2026-10-03,quantile,0.975,5
2026-10-10,32,-1,wk inc rsv hosp,2026-10-03,quantile,0.99,6
2026-10-10,32,0,wk inc rsv hosp,2026-10-10,quantile,0.01,0
2026-10-10,32,0,wk inc rsv hosp,2026-10-10,quantile,0.025,0
2026-10-10,32,0,wk inc rsv hosp,2026-10-10,quantile,0.05,0
2026-10-10,32,0,wk inc rsv hosp,2026-10-10,quantile,0.1,0
2026-10-10,32,0,wk inc rsv hosp,2026-10-10,quantile,0.15,0
2026-10-10,32,0,wk inc rsv hosp,2026-10-10,quantile,0.2,0.03241726425974642
2026-10-10,32,0,wk inc rsv hosp,2026-10-10,quantile,0.25,0.5827690334405426
2026-10-10,32,0,wk inc rsv hosp,2026-10-10,quantile,0.3,0.6140063866083516
2026-10-10,32,0,wk inc rsv hosp,2026-10-10,quantile,0.35,0.6481811028367597
2026-10-10,32,0,wk inc rsv hosp,2026-10-10,quantile,0.4,1
2026-10-10,32,0,wk inc rsv hosp,2026-10-10,quantile,0.45,1
2026-10-10,32,0,wk inc rsv hosp,2026-10-10,quantile,0.5,1
2026-10-10,32,0,wk inc rsv hosp,2026-10-10,quantile,0.55,1.5
2026-10-10,32,0,wk inc rsv hosp,2026-10-10,quantile,0.6,2
2026-10-10,32,0,wk inc rsv hosp,2026-10-10,quantile,0.65,2
2026-10-10,32,0,wk inc rsv hosp,2026-10-10,quantile,0.7,2.5
2026-10-10,32,0,wk inc rsv hosp,2026-10-10,quantile,0.75,2.5
2026-10-10,32,0,wk inc rsv hosp,2026-10-10,quantile,0.8,3
2026-10-10,32,0,wk inc rsv hosp,2026-10-10,quantile,0.85,3.5
2026-10-10,32,0,wk inc rsv hosp,2026-10-10,quantile,0.9,4
2026-10-10,32,0,wk inc rsv hosp,2026-10-10,quantile,0.95,4
2026-10-10,32,0,wk inc rsv hosp,2026-10-10,quantile,0.975,5.5
2026-10-10,32,0,wk inc rsv hosp,2026-10-10,quantile,0.99,6.5
2026-10-10,32,1,wk inc rsv hosp,2026-10-17,quantile,0.01,0
2026-10-10,32,1,wk inc rsv hosp,2026-10-17,quantile,0.025,0
2026-10-10,32,1,wk inc rsv hosp,2026-10-17,quantile,0.05,0
2026-10-10,32,1,wk inc rsv hosp,2026-10-17,quantile,0.1,0
2026-10-10,32,1,wk inc rsv hosp,2026-10-17,quantile,0.15,0
2026-10-10,32,1,wk inc rsv hosp,2026-10-17,quantile,0.2,0.789140867411384
2026-10-10,32,1,wk inc rsv hosp,2026-10-17,quantile,0.25,0.8313901952622018
2026-10-10,32,1,wk inc rsv hosp,2026-10-17,quantile,0.3,0.9497270014959607
2026-10-10,32,1,wk inc rsv hosp,2026-10-17,quantile,0.35,1
2026-10-10,32,1,wk inc rsv hosp,2026-10-17,quantile,0.4,1
2026-10-10,32,1,wk inc rsv hosp,2026-10-17,quantile,0.45,1.5873580918693413
2026-10-10,32,1,wk inc rsv hosp,2026-10-17,quantile,0.5,1.6137047624003245
2026-10-10,32,1,wk inc rsv hosp,2026-10-17,quantile,0.55,2
2026-10-10,32,1,wk inc rsv hosp,2026-10-17,quantile,0.6,2
2026-10-10,32,1,wk inc rsv hosp,2026-10-17,quantile,0.65,2
2026-10-10,32,1,wk inc rsv hosp,2026-10-17,quantile,0.7,3
2026-10-10,32,1,wk inc rsv hosp,2026-10-17,quantile,0.75,3
2026-10-10,32,1,wk inc rsv hosp,2026-10-17,quantile,0.8,3.5
2026-10-10,32,1,wk inc rsv hosp,2026-10-17,quantile,0.85,4
2026-10-10,32,1,wk inc rsv hosp,2026-10-17,quantile,0.9,4.5
2026-10-10,32,1,wk inc rsv hosp,2026-10-17,quantile,0.95,6
2026-10-10,32,1,wk inc rsv hosp,2026-10-17,quantile,0.975,7.012499999999932
2026-10-10,32,1,wk inc rsv hosp,2026-10-17,quantile,0.99,8.795027500560996
2026-10-10,32,2,wk inc rsv hosp,2026-10-24,quantile,0.01,0
2026-10-10,32,2,wk inc rsv hosp,2026-10-24,quantile,0.025,0
2026-10-10,32,2,wk inc rsv hosp,2026-10-24,quantile,0.05,0
2026-10-10,32,2,wk inc rsv hosp,2026-10-24,quantile,0.1,0
2026-10-10,32,2,wk inc rsv hosp,2026-10-24,quantile,0.15,0.02658934906948834
2026-10-10,32,2,wk inc rsv hosp,2026-10-24,quantile,0.2,0.5657875743691867
2026-10-10,32,2,wk inc rsv hosp,2026-10-24,quantile,0.25,0.9399812396014342
2026-10-10,32,2,wk inc rsv hosp,2026-10-24,quantile,0.3,1
2026-10-10,32,2,wk inc rsv hosp,2026-10-24,quantile,0.35,1
2026-10-10,32,2,wk inc rsv hosp,2026-10-24,quantile,0.4,2
2026-10-10,32,2,wk inc rsv hosp,2026-10-24,quantile,0.45,2
2026-10-10,32,2,wk inc rsv hosp,2026-10-24,quantile,0.5,2
2026-10-10,32,2,wk inc rsv hosp,2026-10-24,quantile,0.55,2.3422090923605547
2026-10-10,32,2,wk inc rsv hosp,2026-10-24,quantile,0.6,2.3770989548652315
2026-10-10,32,2,wk inc rsv hosp,2026-10-24,quantile,0.65,3
2026-10-10,32,2,wk inc rsv hosp,2026-10-24,quantile,0.7,3
2026-10-10,32,2,wk inc rsv hosp,2026-10-24,quantile,0.75,3.2577947913894385
2026-10-10,32,2,wk inc rsv hosp,2026-10-24,quantile,0.8,4
2026-10-10,32,2,wk inc rsv hosp,2026-10-24,quantile,0.85,4.6629713603638425
2026-10-10,32,2,wk inc rsv hosp,2026-10-24,quantile,0.9,6.378109615664215
2026-10-10,32,2,wk inc rsv hosp,2026-10-24,quantile,0.95,10.295875473377011
2026-10-10,32,2,wk inc rsv hosp,2026-10-24,quantile,0.975,12.992258398017904
2026-10-10,32,2,wk inc rsv hosp,2026-10-24,quantile,0.99,16.330589561432554
2026-10-10,32,3,wk inc rsv hosp,2026-10-31,quantile,0.01,0
2026-10-10,32,3,wk inc rsv hosp,2026-10-31,quantile,0.025,0
2026-10-10,32,3,wk inc rsv hosp,2026-10-31,quantile,0.05,0
2026-10-10,32,3,wk inc rsv hosp,2026-10-31,quantile,0.1,0
2026-10-10,32,3,wk inc rsv hosp,2026-10-31,quantile,0.15,0.5555557904810092
2026-10-10,32,3,wk inc rsv hosp,2026-10-31,quantile,0.2,0.6252530490101637
2026-10-10,32,3,wk inc rsv hosp,2026-10-31,quantile,0.25,0.9247678214974155
2026-10-10,32,3,wk inc rsv hosp,2026-10-31,quantile,0.3,1.7639630378778501
2026-10-10,32,3,wk inc rsv hosp,2026-10-31,quantile,0.35,2
2026-10-10,32,3,wk inc rsv hosp,2026-10-31,quantile,0.4,2
2026-10-10,32,3,wk inc rsv hosp,2026-10-31,quantile,0.45,2
2026-10-10,32,3,wk inc rsv hosp,2026-10-31,quantile,0.5,2
2026-10-10,32,3,wk inc rsv hosp,2026-10-31,quantile,0.55,2
2026-10-10,32,3,wk inc rsv hosp,2026-10-31,quantile,0.6,3
2026-10-10,32,3,wk inc rsv hosp,2026-10-31,quantile,0.65,3
2026-10-10,32,3,wk inc rsv hosp,2026-10-31,quantile,0.7,4
2026-10-10,32,3,wk inc rsv hosp,2026-10-31,quantile,0.75,4
2026-10-10,32,3,wk inc rsv hosp,2026-10-31,quantile,0.8,5
2026-10-10,32,3,wk inc rsv hosp,2026-10-31,quantile,0.85,6.68197754934112
2026-10-10,32,3,wk inc rsv hosp,2026-10-31,quantile,0.9,9.600773711185862
2026-10-10,32,3,wk inc rsv hosp,2026-10-31,quantile,0.95,14.960907881149248
2026-10-10,32,3,wk inc rsv hosp,2026-10-31,quantile,0.975,18.59383042315433
2026-10-10,32,3,wk inc rsv hosp,2026-10-31,quantile,0.99,22.014773231196322
2026-10-10,33,-1,wk inc rsv hosp,2026-10-03,quantile,0.01,0
2026-10-10,33,-1,wk inc rsv hosp,2026-10-03,quantile,0.025,0
2026-10-10,33,-1,wk inc rsv hosp,2026-10-03,quantile,0.05,0
2026-10-10,33,-1,wk inc rsv hosp,2026-10-03,quantile,0.1,1
2026-10-10,33,-1,wk inc rsv hosp,2026-10-03,quantile,0.15,1
2026-10-10,33,-1,wk inc rsv hosp,2026-10-03,quantile,0.2,1
2026-10-10,33,-1,wk inc rsv hosp,2026-10-03,quantile,0.25,1
2026-10-10,33,-1,wk inc rsv hosp,2026-10-03,quantile,0.3,1
2026-10-10,33,-1,wk inc rsv hosp,2026-10-03,quantile,0.35,1
2026-10-10,33,-1,wk inc rsv hosp,2026-10-03,quantile,0.4,1
2026-10-10,33,-1,wk inc rsv hosp,2026-10-03,quantile,0.45,1
2026-10-10,33,-1,wk inc rsv hosp,2026-10-03,quantile,0.5,1
2026-10-10,33,-1,wk inc rsv hosp,2026-10-03,quantile,0.55,1
2026-10-10,33,-1,wk inc rsv hosp,2026-10-03,quantile,0.6,1
2026-10-10,33,-1,wk inc rsv hosp,2026-10-03,quantile,0.65,1
2026-10-10,33,-1,wk inc rsv hosp,2026-10-03,quantile,0.7,1
2026-10-10,33,-1,wk inc rsv hosp,2026-10-03,quantile,0.75,1
2026-10-10,33,-1,wk inc rsv hosp,2026-10-03,quantile,0.8,1
2026-10-10,33,-1,wk inc rsv hosp,2026-10-03,quantile,0.85,2
2026-10-10,33,-1,wk inc rsv hosp,2026-10-03,quantile,0.9,2
2026-10-10,33,-1,wk inc rsv hosp,2026-10-03,quantile,0.95,3
2026-10-10,33,-1,wk inc rsv hosp,2026-10-03,quantile,0.975,3
2026-10-10,33,-1,wk inc rsv hosp,2026-10-03,quantile,0.99,4
2026-10-10,33,0,wk inc rsv hosp,2026-10-10,quantile,0.01,0
2026-10-10,33,0,wk inc rsv hosp,2026-10-10,quantile,0.025,0
2026-10-10,33,0,wk inc rsv hosp,2026-10-10,quantile,0.05,0
2026-10-10,33,0,wk inc rsv hosp,2026-10-10,quantile,0.1,0
2026-10-10,33,0,wk inc rsv hosp,2026-10-10,quantile,0.15,0
2026-10-10,33,0,wk inc rsv hosp,2026-10-10,quantile,0.2,0
2026-10-10,33,0,wk inc rsv hosp,2026-10-10,quantile,0.25,0
2026-10-10,33,0,wk inc rsv hosp,2026-10-10,quantile,0.3,0
2026-10-10,33,0,wk inc rsv hosp,2026-10-10,quantile,0.35,0.5
2026-10-10,33,0,wk inc rsv hosp,2026-10-10,quantile,0.4,1
2026-10-10,33,0,wk inc rsv hosp,2026-10-10,quantile,0.45,1
2026-10-10,33,0,wk inc rsv hosp,2026-10-10,quantile,0.5,1
2026-10-10,33,0,wk inc rsv hosp,2026-10-10,quantile,0.55,1
2026-10-10,33,0,wk inc rsv hosp,2026-10-10,quantile,0.6,1
2026-10-10,33,0,wk inc rsv hosp,2026-10-10,quantile,0.65,1
2026-10-10,33,0,wk inc rsv hosp,2026-10-10,quantile,0.7,2
2026-10-10,33,0,wk inc rsv hosp,2026-10-10,quantile,0.75,2
2026-10-10,33,0,wk inc rsv hosp,2026-10-10,quantile,0.8,2
2026-10-10,33,0,wk inc rsv hosp,2026-10-10,quantile,0.85,2.399922657496705
2026-10-10,33,0,wk inc rsv hosp,2026-10-10,quantile,0.9,2.593429149322924
2026-10-10,33,0,wk inc rsv hosp,2026-10-10,quantile,0.95,3.266661458278987
2026-10-10,33,0,wk inc rsv hosp,2026-10-10,quantile,0.975,4.113754437398654
2026-10-10,33,0,wk inc rsv hosp,2026-10-10,quantile,0.99,4.5086667715210815
2026-10-10,33,1,wk inc rsv hosp,2026-10-17,quantile,0.01,0
2026-10-10,33,1,wk inc rsv hosp,2026-10-17,quantile,0.025,0
2026-10-10,33,1,wk inc rsv hosp,2026-10-17,quantile,0.05,0
2026-10-10,33,1,wk inc rsv hosp,2026-10-17,quantile,0.1,0
2026-10-10,33,1,wk inc rsv hosp,2026-10-17,quantile,0.15,0
2026-10-10,33,1,wk inc rsv hosp,2026-10-17,quantile,0.2,0
2026-10-10,33,1,wk inc rsv hosp,2026-10-17,quantile,0.25,0
2026-10-10,33,1,wk inc rsv hosp,2026-10-17,quantile,0.3,0.5
2026-10-10,33,1,wk inc rsv hosp,2026-10-17,quantile,0.35,0.5
2026-10-10,33,1,wk inc rsv hosp,2026-10-17,quantile,0.4,1
2026-10-10,33,1,wk inc rsv hosp,2026-10-17,quantile,0.45,1
2026-10-10,33,1,wk inc rsv hosp,2026-10-17,quantile,0.5,1
2026-10-10,33,1,wk inc rsv hosp,2026-10-17,quantile,0.55,1
2026-10-10,33,1,wk inc rsv hosp,2026-10-17,quantile,0.6,1
2026-10-10,33,1,wk inc rsv hosp,2026-10-17,quantile,0.65,2
2026-10-10,33,1,wk inc rsv hosp,2026-10-17,quantile,0.7,2
2026-10-10,33,1,wk inc rsv hosp,2026-10-17,quantile,0.75,2
2026-10-10,33,1,wk inc rsv hosp,2026-10-17,quantile,0.8,2.5
2026-10-10,33,1,wk inc rsv hosp,2026-10-17,quantile,0.85,2.5
2026-10-10,33,1,wk inc rsv hosp,2026-10-17,quantile,0.9,3.554902263599807
2026-10-10,33,1,wk inc rsv hosp,2026-10-17,quantile,0.95,3.5927745258227035
2026-10-10,33,1,wk inc rsv hosp,2026-10-17,quantile,0.975,4.774001074911448
2026-10-10,33,1,wk inc rsv hosp,2026-10-17,quantile,0.99,6.631776661141004
2026-10-10,33,2,wk inc rsv hosp,2026-10-24,quantile,0.01,0
2026-10-10,33,2,wk inc rsv hosp,2026-10-24,quantile,0.025,0
2026-10-10,33,2,wk inc rsv hosp,2026-10-24,quantile,0.05,0
2026-10-10,33,2,wk inc rsv hosp,2026-10-24,quantile,0.1,0
2026-10-10,33,2,wk inc rsv hosp,2026-10-24,quantile,0.15,0
2026-10-10,33,2,wk inc rsv hosp,2026-10-24,quantile,0.2,0
2026-10-10,33,2,wk inc rsv hosp,2026-10-24,quantile,0.25,0
2026-10-10,33,2,wk inc rsv hosp,2026-10-24,quantile,0.3,0.5
2026-10-10,33,2,wk inc rsv hosp,2026-10-24,quantile,0.35,1
2026-10-10,33,2,wk inc rsv hosp,2026-10-24,quantile,0.4,1
2026-10-10,33,2,wk inc rsv hosp,2026-10-24,quantile,0.45,1
2026-10-10,33,2,wk inc rsv hosp,2026-10-24,quantile,0.5,1
2026-10-10,33,2,wk inc rsv hosp,2026-10-24,quantile,0.55,1
2026-10-10,33,2,wk inc rsv hosp,2026-10-24,quantile,0.6,1.5
2026-10-10,33,2,wk inc rsv hosp,2026-10-24,quantile,0.65,2
2026-10-10,33,2,wk inc rsv hosp,2026-10-24,quantile,0.7,2
2026-10-10,33,2,wk inc rsv hosp,2026-10-24,quantile,0.75,2.5
2026-10-10,33,2,wk inc rsv hosp,2026-10-24,quantile,0.8,3
2026-10-10,33,2,wk inc rsv hosp,2026-10-24,quantile,0.85,4
2026-10-10,33,2,wk inc rsv hosp,2026-10-24,quantile,0.9,4.307623913439006
2026-10-10,33,2,wk inc rsv hosp,2026-10-24,quantile,0.95,5.445057172777277
2026-10-10,33,2,wk inc rsv hosp,2026-10-24,quantile,0.975,7.768699185200818
2026-10-10,33,2,wk inc rsv hosp,2026-10-24,quantile,0.99,10.997918602819391
2026-10-10,33,3,wk inc rsv hosp,2026-10-31,quantile,0.01,0
2026-10-10,33,3,wk inc rsv hosp,2026-10-31,quantile,0.025,0
2026-10-10,33,3,wk inc rsv hosp,2026-10-31,quantile,0.05,0
2026-10-10,33,3,wk inc rsv hosp,2026-10-31,quantile,0.1,0
2026-10-10,33,3,wk inc rsv hosp,2026-10-31,quantile,0.15,0
2026-10-10,33,3,wk inc rsv hosp,2026-10-31,quantile,0.2,0
2026-10-10,33,3,wk inc rsv hosp,2026-10-31,quantile,0.25,1
2026-10-10,33,3,wk inc rsv hosp,2026-10-31,quantile,0.3,1
2026-10-10,33,3,wk inc rsv hosp,2026-10-31,quantile,0.35,1
2026-10-10,33,3,wk inc rsv hosp,2026-10-31,quantile,0.4,1
2026-10-10,33,3,wk inc rsv hosp,2026-10-31,quantile,0.45,1
2026-10-10,33,3,wk inc rsv hosp,2026-10-31,quantile,0.5,1
2026-10-10,33,3,wk inc rsv hosp,2026-10-31,quantile,0.55,2
2026-10-10,33,3,wk inc rsv hosp,2026-10-31,quantile,0.6,2
2026-10-10,33,3,wk inc rsv hosp,2026-10-31,quantile,0.65,2
2026-10-10,33,3,wk inc rsv hosp,2026-10-31,quantile,0.7,3
2026-10-10,33,3,wk inc rsv hosp,2026-10-31,quantile,0.75,4
2026-10-10,33,3,wk inc rsv hosp,2026-10-31,quantile,0.8,5
2026-10-10,33,3,wk inc rsv hosp,2026-10-31,quantile,0.85,6
2026-10-10,33,3,wk inc rsv hosp,2026-10-31,quantile,0.9,7.873576605370598
2026-10-10,33,3,wk inc rsv hosp,2026-10-31,quantile,0.95,8.040171001950412
2026-10-10,33,3,wk inc rsv hosp,2026-10-31,quantile,0.975,8.707627511264652
2026-10-10,33,3,wk inc rsv hosp,2026-10-31,quantile,0.99,9.375101884751958
2026-10-10,34,-1,wk inc rsv hosp,2026-10-03,quantile,0.01,5
2026-10-10,34,-1,wk inc rsv hosp,2026-10-03,quantile,0.025,6
2026-10-10,34,-1,wk inc rsv hosp,2026-10-03,quantile,0.05,8
2026-10-10,34,-1,wk inc rsv hosp,2026-10-03,quantile,0.1,9
2026-10-10,34,-1,wk inc rsv hosp,2026-10-03,quantile,0.15,10
2026-10-10,34,-1,wk inc rsv hosp,2026-10-03,quantile,0.2,10
2026-10-10,34,-1,wk inc rsv hosp,2026-10-03,quantile,0.25,11
2026-10-10,34,-1,wk inc rsv hosp,2026-10-03,quantile,0.3,11
2026-10-10,34,-1,wk inc rsv hosp,2026-10-03,quantile,0.35,11
2026-10-10,34,-1,wk inc rsv hosp,2026-10-03,quantile,0.4,12
2026-10-10,34,-1,wk inc rsv hosp,2026-10-03,quantile,0.45,12
2026-10-10,34,-1,wk inc rsv hosp,2026-10-03,quantile,0.5,13
2026-10-10,34,-1,wk inc rsv hosp,2026-10-03,quantile,0.55,13
2026-10-10,34,-1,wk inc rsv hosp,2026-10-03,quantile,0.6,13
2026-10-10,34,-1,wk inc rsv hosp,2026-10-03,quantile,0.65,14
2026-10-10,34,-1,wk inc rsv hosp,2026-10-03,quantile,0.7,14
2026-10-10,34,-1,wk inc rsv hosp,2026-10-03,quantile,0.75,15
2026-10-10,34,-1,wk inc rsv hosp,2026-10-03,quantile,0.8,16
2026-10-10,34,-1,wk inc rsv hosp,2026-10-03,quantile,0.85,16
2026-10-10,34,-1,wk inc rsv hosp,2026-10-03,quantile,0.9,18
2026-10-10,34,-1,wk inc rsv hosp,2026-10-03,quantile,0.95,19
2026-10-10,34,-1,wk inc rsv hosp,2026-10-03,quantile,0.975,21
2026-10-10,34,-1,wk inc rsv hosp,2026-10-03,quantile,0.99,24
2026-10-10,34,0,wk inc rsv hosp,2026-10-10,quantile,0.01,3.5
2026-10-10,34,0,wk inc rsv hosp,2026-10-10,quantile,0.025,4.5
2026-10-10,34,0,wk inc rsv hosp,2026-10-10,quantile,0.05,6
2026-10-10,34,0,wk inc rsv hosp,2026-10-10,quantile,0.1,7.5
2026-10-10,34,0,wk inc rsv hosp,2026-10-10,quantile,0.15,9
2026-10-10,34,0,wk inc rsv hosp,2026-10-10,quantile,0.2,10
2026-10-10,34,0,wk inc rsv hosp,2026-10-10,quantile,0.25,11.5
2026-10-10,34,0,wk inc rsv hosp,2026-10-10,quantile,0.3,12
2026-10-10,34,0,wk inc rsv hosp,2026-10-10,quantile,0.35,13
2026-10-10,34,0,wk inc rsv hosp,2026-10-10,quantile,0.4,14
2026-10-10,34,0,wk inc rsv hosp,2026-10-10,quantile,0.45,15
2026-10-10,34,0,wk inc rsv hosp,2026-10-10,quantile,0.5,15.5
2026-10-10,34,0,wk inc rsv hosp,2026-10-10,quantile,0.55,16.49673012394242
2026-10-10,34,0,wk inc rsv hosp,2026-10-10,quantile,0.6,17.432569643394423
2026-10-10,34,0,wk inc rsv hosp,2026-10-10,quantile,0.65,18.163747014809736
2026-10-10,34,0,wk inc rsv hosp,2026-10-10,quantile,0.7,19.35847219493065
2026-10-10,34,0,wk inc rsv hosp,2026-10-10,quantile,0.75,20.220555214602996
2026-10-10,34,0,wk inc rsv hosp,2026-10-10,quantile,0.8,21
2026-10-10,34,0,wk inc rsv hosp,2026-10-10,quantile,0.85,23.138267353164025
2026-10-10,34,0,wk inc rsv hosp,2026-10-10,quantile,0.9,27
2026-10-10,34,0,wk inc rsv hosp,2026-10-10,quantile,0.95,31
2026-10-10,34,0,wk inc rsv hosp,2026-10-10,quantile,0.975,33.5
2026-10-10,34,0,wk inc rsv hosp,2026-10-10,quantile,0.99,35
2026-10-10,34,1,wk inc rsv hosp,2026-10-17,quantile,0.01,3.4837564918453867
2026-10-10,34,1,wk inc rsv hosp,2026-10-17,quantile,0.025,4.513824868273669
2026-10-10,34,1,wk inc rsv hosp,2026-10-17,quantile,0.05,5.727288219732129
2026-10-10,34,1,wk inc rsv hosp,2026-10-17,quantile,0.1,7.934198553284586
2026-10-10,34,1,wk inc rsv hosp,2026-10-17,quantile,0.15,9.5
2026-10-10,34,1,wk inc rsv hosp,2026-10-17,quantile,0.2,11
2026-10-10,34,1,wk inc rsv hosp,2026-10-17,quantile,0.25,12
2026-10-10,34,1,wk inc rsv hosp,2026-10-17,quantile,0.3,13.5
2026-10-10,34,1,wk inc rsv hosp,2026-10-17,quantile,0.35,14.5
2026-10-10,34,1,wk inc rsv hosp,2026-10-17,quantile,0.4,16
2026-10-10,34,1,wk inc rsv hosp,2026-10-17,quantile,0.45,17
2026-10-10,34,1,wk inc rsv hosp,2026-10-17,quantile,0.5,18
2026-10-10,34,1,wk inc rsv hosp,2026-10-17,quantile,0.55,19
2026-10-10,34,1,wk inc rsv hosp,2026-10-17,quantile,0.6,20.5
2026-10-10,34,1,wk inc rsv hosp,2026-10-17,quantile,0.65,21.943846169222276
2026-10-10,34,1,wk inc rsv hosp,2026-10-17,quantile,0.7,22.65281146829401
2026-10-10,34,1,wk inc rsv hosp,2026-10-17,quantile,0.75,23.426750311526945
2026-10-10,34,1,wk inc rsv hosp,2026-10-17,quantile,0.8,25
2026-10-10,34,1,wk inc rsv hosp,2026-10-17,quantile,0.85,27
2026-10-10,34,1,wk inc rsv hosp,2026-10-17,quantile,0.9,29
2026-10-10,34,1,wk inc rsv hosp,2026-10-17,quantile,0.95,33.5
2026-10-10,34,1,wk inc rsv hosp,2026-10-17,quantile,0.975,38.890755508606354
2026-10-10,34,1,wk inc rsv hosp,2026-10-17,quantile,0.99,46.004999999999995
2026-10-10,34,2,wk inc rsv hosp,2026-10-24,quantile,0.01,3.5
2026-10-10,34,2,wk inc rsv hosp,2026-10-24,quantile,0.025,4.5
2026-10-10,34,2,wk inc rsv hosp,2026-10-24,quantile,0.05,6
2026-10-10,34,2,wk inc rsv hosp,2026-10-24,quantile,0.1,7.5
2026-10-10,34,2,wk inc rsv hosp,2026-10-24,quantile,0.15,9.5
2026-10-10,34,2,wk inc rsv hosp,2026-10-24,quantile,0.2,11.5
2026-10-10,34,2,wk inc rsv hosp,2026-10-24,quantile,0.25,13
2026-10-10,34,2,wk inc rsv hosp,2026-10-24,quantile,0.3,14
2026-10-10,34,2,wk inc rsv hosp,2026-10-24,quantile,0.35,15.5
2026-10-10,34,2,wk inc rsv hosp,2026-10-24,quantile,0.4,17
2026-10-10,34,2,wk inc rsv hosp,2026-10-24,quantile,0.45,19.275000000000006
2026-10-10,34,2,wk inc rsv hosp,2026-10-24,quantile,0.5,21
2026-10-10,34,2,wk inc rsv hosp,2026-10-24,quantile,0.55,23
2026-10-10,34,2,wk inc rsv hosp,2026-10-24,quantile,0.6,24.21600240166505
2026-10-10,34,2,wk inc rsv hosp,2026-10-24,quantile,0.65,25.470377679404628
2026-10-10,34,2,wk inc rsv hosp,2026-10-24,quantile,0.7,26.588242004211978
2026-10-10,34,2,wk inc rsv hosp,2026-10-24,quantile,0.75,28.79216750595092
2026-10-10,34,2,wk inc rsv hosp,2026-10-24,quantile,0.8,31.41271419054882
2026-10-10,34,2,wk inc rsv hosp,2026-10-24,quantile,0.85,34.78136966731177
2026-10-10,34,2,wk inc rsv hosp,2026-10-24,quantile,0.9,40.67343520117842
2026-10-10,34,2,wk inc rsv hosp,2026-10-24,quantile,0.95,47.250635567594
2026-10-10,34,2,wk inc rsv hosp,2026-10-24,quantile,0.975,56.942020037847456
2026-10-10,34,2,wk inc rsv hosp,2026-10-24,quantile,0.99,67.64095640753791
2026-10-10,34,3,wk inc rsv hosp,2026-10-31,quantile,0.01,2
2026-10-10,34,3,wk inc rsv hosp,2026-10-31,quantile,0.025,2
2026-10-10,34,3,wk inc rsv hosp,2026-10-31,quantile,0.05,4
2026-10-10,34,3,wk inc rsv hosp,2026-10-31,quantile,0.1,6
2026-10-10,34,3,wk inc rsv hosp,2026-10-31,quantile,0.15,8
2026-10-10,34,3,wk inc rsv hosp,2026-10-31,quantile,0.2,10
2026-10-10,34,3,wk inc rsv hosp,2026-10-31,quantile,0.25,13
2026-10-10,34,3,wk inc rsv hosp,2026-10-31,quantile,0.3,15
2026-10-10,34,3,wk inc rsv hosp,2026-10-31,quantile,0.35,18
2026-10-10,34,3,wk inc rsv hosp,2026-10-31,quantile,0.4,20
2026-10-10,34,3,wk inc rsv hosp,2026-10-31,quantile,0.45,23
2026-10-10,34,3,wk inc rsv hosp,2026-10-31,quantile,0.5,26
2026-10-10,34,3,wk inc rsv hosp,2026-10-31,quantile,0.55,28
2026-10-10,34,3,wk inc rsv hosp,2026-10-31,quantile,0.6,33
2026-10-10,34,3,wk inc rsv hosp,2026-10-31,quantile,0.65,39
2026-10-10,34,3,wk inc rsv hosp,2026-10-31,quantile,0.7,45
2026-10-10,34,3,wk inc rsv hosp,2026-10-31,quantile,0.75,51
2026-10-10,34,3,wk inc rsv hosp,2026-10-31,quantile,0.8,59
2026-10-10,34,3,wk inc rsv hosp,2026-10-31,quantile,0.85,70
2026-10-10,34,3,wk inc rsv hosp,2026-10-31,quantile,0.9,92
2026-10-10,34,3,wk inc rsv hosp,2026-10-31,quantile,0.95,105
2026-10-10,34,3,wk inc rsv hosp,2026-10-31,quantile,0.975,105
2026-10-10,34,3,wk inc rsv hosp,2026-10-31,quantile,0.99,105
2026-10-10,35,-1,wk inc rsv hosp,2026-10-03,quantile,0.01,0
2026-10-10,35,-1,wk inc rsv hosp,2026-10-03,quantile,0.025,0
2026-10-10,35,-1,wk inc rsv hosp,2026-10-03,quantile,0.05,1
2026-10-10,35,-1,wk inc rsv hosp,2026-10-03,quantile,0.1,1
2026-10-10,35,-1,wk inc rsv hosp,2026-10-03,quantile,0.15,1
2026-10-10,35,-1,wk inc rsv hosp,2026-10-03,quantile,0.2,1
2026-10-10,35,-1,wk inc rsv hosp,2026-10-03,quantile,0.25,1
2026-10-10,35,-1,wk inc rsv hosp,2026-10-03,quantile,0.3,1
2026-10-10,35,-1,wk inc rsv hosp,2026-10-03,quantile,0.35,1
2026-10-10,35,-1,wk inc rsv hosp,2026-10-03,quantile,0.4,1
2026-10-10,35,-1,wk inc rsv hosp,2026-10-03,quantile,0.45,1
2026-10-10,35,-1,wk inc rsv hosp,2026-10-03,quantile,0.5,1
2026-10-10,35,-1,wk inc rsv hosp,2026-10-03,quantile,0.55,1
2026-10-10,35,-1,wk inc rsv hosp,2026-10-03,quantile,0.6,2
2026-10-10,35,-1,wk inc rsv hosp,2026-10-03,quantile,0.65,2
2026-10-10,35,-1,wk inc rsv hosp,2026-10-03,quantile,0.7,2
2026-10-10,35,-1,wk inc rsv hosp,2026-10-03,quantile,0.75,2
2026-10-10,35,-1,wk inc rsv hosp,2026-10-03,quantile,0.8,2
2026-10-10,35,-1,wk inc rsv hosp,2026-10-03,quantile,0.85,2
2026-10-10,35,-1,wk inc rsv hosp,2026-10-03,quantile,0.9,2
2026-10-10,35,-1,wk inc rsv hosp,2026-10-03,quantile,0.95,3
2026-10-10,35,-1,wk inc rsv hosp,2026-10-03,quantile,0.975,3
2026-10-10,35,-1,wk inc rsv hosp,2026-10-03,quantile,0.99,4
2026-10-10,35,0,wk inc rsv hosp,2026-10-10,quantile,0.01,0
2026-10-10,35,0,wk inc rsv hosp,2026-10-10,quantile,0.025,0
2026-10-10,35,0,wk inc rsv hosp,2026-10-10,quantile,0.05,0
2026-10-10,35,0,wk inc rsv hosp,2026-10-10,quantile,0.1,0
2026-10-10,35,0,wk inc rsv hosp,2026-10-10,quantile,0.15,0
2026-10-10,35,0,wk inc rsv hosp,2026-10-10,quantile,0.2,1
2026-10-10,35,0,wk inc rsv hosp,2026-10-10,quantile,0.25,1
2026-10-10,35,0,wk inc rsv hosp,2026-10-10,quantile,0.3,1
2026-10-10,35,0,wk inc rsv hosp,2026-10-10,quantile,0.35,1
2026-10-10,35,0,wk inc rsv hosp,2026-10-10,quantile,0.4,1
2026-10-10,35,0,wk inc rsv hosp,2026-10-10,quantile,0.45,1.5045274189460638
2026-10-10,35,0,wk inc rsv hosp,2026-10-10,quantile,0.5,1.647732618985755
2026-10-10,35,0,wk inc rsv hosp,2026-10-10,quantile,0.55,2
2026-10-10,35,0,wk inc rsv hosp,2026-10-10,quantile,0.6,2
2026-10-10,35,0,wk inc rsv hosp,2026-10-10,quantile,0.65,2.0246208396415115
2026-10-10,35,0,wk inc rsv hosp,2026-10-10,quantile,0.7,2.134173828827576
2026-10-10,35,0,wk inc rsv hosp,2026-10-10,quantile,0.75,3
2026-10-10,35,0,wk inc rsv hosp,2026-10-10,quantile,0.8,3
2026-10-10,35,0,wk inc rsv hosp,2026-10-10,quantile,0.85,4
2026-10-10,35,0,wk inc rsv hosp,2026-10-10,quantile,0.9,5
2026-10-10,35,0,wk inc rsv hosp,2026-10-10,quantile,0.95,6
2026-10-10,35,0,wk inc rsv hosp,2026-10-10,quantile,0.975,7
2026-10-10,35,0,wk inc rsv hosp,2026-10-10,quantile,0.99,9
2026-10-10,35,1,wk inc rsv hosp,2026-10-17,quantile,0.01,0
2026-10-10,35,1,wk inc rsv hosp,2026-10-17,quantile,0.025,0
2026-10-10,35,1,wk inc rsv hosp,2026-10-17,quantile,0.05,0
2026-10-10,35,1,wk inc rsv hosp,2026-10-17,quantile,0.1,0
2026-10-10,35,1,wk inc rsv hosp,2026-10-17,quantile,0.15,0.43659879171818167
2026-10-10,35,1,wk inc rsv hosp,2026-10-17,quantile,0.2,0.5298995307570911
2026-10-10,35,1,wk inc rsv hosp,2026-10-17,quantile,0.25,1
2026-10-10,35,1,wk inc rsv hosp,2026-10-17,quantile,0.3,1
2026-10-10,35,1,wk inc rsv hosp,2026-10-17,quantile,0.35,1
2026-10-10,35,1,wk inc rsv hosp,2026-10-17,quantile,0.4,2
2026-10-10,35,1,wk inc rsv hosp,2026-10-17,quantile,0.45,2
2026-10-10,35,1,wk inc rsv hosp,2026-10-17,quantile,0.5,2
2026-10-10,35,1,wk inc rsv hosp,2026-10-17,quantile,0.55,3
2026-10-10,35,1,wk inc rsv hosp,2026-10-17,quantile,0.6,3
2026-10-10,35,1,wk inc rsv hosp,2026-10-17,quantile,0.65,3
2026-10-10,35,1,wk inc rsv hosp,2026-10-17,quantile,0.7,4
2026-10-10,35,1,wk inc rsv hosp,2026-10-17,quantile,0.75,4
2026-10-10,35,1,wk inc rsv hosp,2026-10-17,quantile,0.8,5
2026-10-10,35,1,wk inc rsv hosp,2026-10-17,quantile,0.85,6
2026-10-10,35,1,wk inc rsv hosp,2026-10-17,quantile,0.9,7
2026-10-10,35,1,wk inc rsv hosp,2026-10-17,quantile,0.95,8
2026-10-10,35,1,wk inc rsv hosp,2026-10-17,quantile,0.975,10
2026-10-10,35,1,wk inc rsv hosp,2026-10-17,quantile,0.99,11
2026-10-10,35,2,wk inc rsv hosp,2026-10-24,quantile,0.01,0
2026-10-10,35,2,wk inc rsv hosp,2026-10-24,quantile,0.025,0
2026-10-10,35,2,wk inc rsv hosp,2026-10-24,quantile,0.05,0
2026-10-10,35,2,wk inc rsv hosp,2026-10-24,quantile,0.1,0.9000000000000057
2026-10-10,35,2,wk inc rsv hosp,2026-10-24,quantile,0.15,1
2026-10-10,35,2,wk inc rsv hosp,2026-10-24,quantile,0.2,1
2026-10-10,35,2,wk inc rsv hosp,2026-10-24,quantile,0.25,2
2026-10-10,35,2,wk inc rsv hosp,2026-10-24,quantile,0.3,2
2026-10-10,35,2,wk inc rsv hosp,2026-10-24,quantile,0.35,2
2026-10-10,35,2,wk inc rsv hosp,2026-10-24,quantile,0.4,2.831011631783915
2026-10-10,35,2,wk inc rsv hosp,2026-10-24,quantile,0.45,3
2026-10-10,35,2,wk inc rsv hosp,2026-10-24,quantile,0.5,3
2026-10-10,35,2,wk inc rsv hosp,2026-10-24,quantile,0.55,3.2069634261323254
2026-10-10,35,2,wk inc rsv hosp,2026-10-24,quantile,0.6,4
2026-10-10,35,2,wk inc rsv hosp,2026-10-24,quantile,0.65,5
2026-10-10,35,2,wk inc rsv hosp,2026-10-24,quantile,0.7,5
2026-10-10,35,2,wk inc rsv hosp,2026-10-24,quantile,0.75,6
2026-10-10,35,2,wk inc rsv hosp,2026-10-24,quantile,0.8,6
2026-10-10,35,2,wk inc rsv hosp,2026-10-24,quantile,0.85,7
2026-10-10,35,2,wk inc rsv hosp,2026-10-24,quantile,0.9,8
2026-10-10,35,2,wk inc rsv hosp,2026-10-24,quantile,0.95,10
2026-10-10,35,2,wk inc rsv hosp,2026-10-24,quantile,0.975,11
2026-10-10,35,2,wk inc rsv hosp,2026-10-24,quantile,0.99,14
2026-10-10,35,3,wk inc rsv hosp,2026-10-31,quantile,0.01,0
2026-10-10,35,3,wk inc rsv hosp,2026-10-31,quantile,0.025,0
2026-10-10,35,3,wk inc rsv hosp,2026-10-31,quantile,0.05,0
2026-10-10,35,3,wk inc rsv hosp,2026-10-31,quantile,0.1,0.5
2026-10-10,35,3,wk inc rsv hosp,2026-10-31,quantile,0.15,0.5
2026-10-10,35,3,wk inc rsv hosp,2026-10-31,quantile,0.2,1.5
2026-10-10,35,3,wk inc rsv hosp,2026-10-31,quantile,0.25,1.5
2026-10-10,35,3,wk inc rsv hosp,2026-10-31,quantile,0.3,2
2026-10-10,35,3,wk inc rsv hosp,2026-10-31,quantile,0.35,2
2026-10-10,35,3,wk inc rsv hosp,2026-10-31,quantile,0.4,3
2026-10-10,35,3,wk inc rsv hosp,2026-10-31,quantile,0.45,3
2026-10-10,35,3,wk inc rsv hosp,2026-10-31,quantile,0.5,3.8039264534253476
2026-10-10,35,3,wk inc rsv hosp,2026-10-31,quantile,0.55,3.8481218247357414
2026-10-10,35,3,wk inc rsv hosp,2026-10-31,quantile,0.6,3.869336714225569
2026-10-10,35,3,wk inc rsv hosp,2026-10-31,quantile,0.65,4.523589525032756
2026-10-10,35,3,wk inc rsv hosp,2026-10-31,quantile,0.7,4.807603511074169
2026-10-10,35,3,wk inc rsv hosp,2026-10-31,quantile,0.75,5.328634832782744
2026-10-10,35,3,wk inc rsv hosp,2026-10-31,quantile,0.8,5.989000019521285
2026-10-10,35,3,wk inc rsv hosp,2026-10-31,quantile,0.85,6.891746249711968
2026-10-10,35,3,wk inc rsv hosp,2026-10-31,quantile,0.9,9.006393704930892
2026-10-10,35,3,wk inc rsv hosp,2026-10-31,quantile,0.95,11.704354710188689
2026-10-10,35,3,wk inc rsv hosp,2026-10-31,quantile,0.975,13.0528570218925
2026-10-10,35,3,wk inc rsv hosp,2026-10-31,quantile,0.99,18.5
2026-10-10,36,-1,wk inc rsv hosp,2026-10-03,quantile,0.01,20
2026-10-10,36,-1,wk inc rsv hosp,2026-10-03,quantile,0.025,25
2026-10-10,36,-1,wk inc rsv hosp,2026-10-03,quantile,0.05,27
2026-10-10,36,-1,wk inc rsv hosp,2026-10-03,quantile,0.1,30
2026-10-10,36,-1,wk inc rsv hosp,2026-10-03,quantile,0.15,32
2026-10-10,36,-1,wk inc rsv hosp,2026-10-03,quantile,0.2,33
2026-10-10,36,-1,wk inc rsv hosp,2026-10-03,quantile,0.25,34
2026-10-10,36,-1,wk inc rsv hosp,2026-10-03,quantile,0.3,35
2026-10-10,36,-1,wk inc rsv hosp,2026-10-03,quantile,0.35,35
2026-10-10,36,-1,wk inc rsv hosp,2026-10-03,quantile,0.4,35
2026-10-10,36,-1,wk inc rsv hosp,2026-10-03,quantile,0.45,36
2026-10-10,36,-1,wk inc rsv hosp,2026-10-03,quantile,0.5,36
2026-10-10,36,-1,wk inc rsv hosp,2026-10-03,quantile,0.55,37
2026-10-10,36,-1,wk inc rsv hosp,2026-10-03,quantile,0.6,38
2026-10-10,36,-1,wk inc rsv hosp,2026-10-03,quantile,0.65,39
2026-10-10,36,-1,wk inc rsv hosp,2026-10-03,quantile,0.7,40
2026-10-10,36,-1,wk inc rsv hosp,2026-10-03,quantile,0.75,41
2026-10-10,36,-1,wk inc rsv hosp,2026-10-03,quantile,0.8,42
2026-10-10,36,-1,wk inc rsv hosp,2026-10-03,quantile,0.85,43
2026-10-10,36,-1,wk inc rsv hosp,2026-10-03,quantile,0.9,45
2026-10-10,36,-1,wk inc rsv hosp,2026-10-03,quantile,0.95,49
2026-10-10,36,-1,wk inc rsv hosp,2026-10-03,quantile,0.975,51
2026-10-10,36,-1,wk inc rsv hosp,2026-10-03,quantile,0.99,56
2026-10-10,36,0,wk inc rsv hosp,2026-10-10,quantile,0.01,14
2026-10-10,36,0,wk inc rsv hosp,2026-10-10,quantile,0.025,19
2026-10-10,36,0,wk inc rsv hosp,2026-10-10,quantile,0.05,22
2026-10-10,36,0,wk inc rsv hosp,2026-10-10,quantile,0.1,25
2026-10-10,36,0,wk inc rsv hosp,2026-10-10,quantile,0.15,27
2026-10-10,36,0,wk inc rsv hosp,2026-10-10,quantile,0.2,29
2026-10-10,36,0,wk inc rsv hosp,2026-10-10,quantile,0.25,31
2026-10-10,36,0,wk inc rsv hosp,2026-10-10,quantile,0.3,32
2026-10-10,36,0,wk inc rsv hosp,2026-10-10,quantile,0.35,34
2026-10-10,36,0,wk inc rsv hosp,2026-10-10,quantile,0.4,35
2026-10-10,36,0,wk inc rsv hosp,2026-10-10,quantile,0.45,36
2026-10-10,36,0,wk inc rsv hosp,2026-10-10,quantile,0.5,38
2026-10-10,36,0,wk inc rsv hosp,2026-10-10,quantile,0.55,40
2026-10-10,36,0,wk inc rsv hosp,2026-10-10,quantile,0.6,41
2026-10-10,36,0,wk inc rsv hosp,2026-10-10,quantile,0.65,43
2026-10-10,36,0,wk inc rsv hosp,2026-10-10,quantile,0.7,44.361291889759215
2026-10-10,36,0,wk inc rsv hosp,2026-10-10,quantile,0.75,45.83102417511042
2026-10-10,36,0,wk inc rsv hosp,2026-10-10,quantile,0.8,46.39163418585431
2026-10-10,36,0,wk inc rsv hosp,2026-10-10,quantile,0.85,50.09451556094744
2026-10-10,36,0,wk inc rsv hosp,2026-10-10,quantile,0.9,55
2026-10-10,36,0,wk inc rsv hosp,2026-10-10,quantile,0.95,61
2026-10-10,36,0,wk inc rsv hosp,2026-10-10,quantile,0.975,84.03861696650934
2026-10-10,36,0,wk inc rsv hosp,2026-10-10,quantile,0.99,93
2026-10-10,36,1,wk inc rsv hosp,2026-10-17,quantile,0.01,14
2026-10-10,36,1,wk inc rsv hosp,2026-10-17,quantile,0.025,17
2026-10-10,36,1,wk inc rsv hosp,2026-10-17,quantile,0.05,23
2026-10-10,36,1,wk inc rsv hosp,2026-10-17,quantile,0.1,27
2026-10-10,36,1,wk inc rsv hosp,2026-10-17,quantile,0.15,30
2026-10-10,36,1,wk inc rsv hosp,2026-10-17,quantile,0.2,33
2026-10-10,36,1,wk inc rsv hosp,2026-10-17,quantile,0.25,35
2026-10-10,36,1,wk inc rsv hosp,2026-10-17,quantile,0.3,37
2026-10-10,36,1,wk inc rsv hosp,2026-10-17,quantile,0.35,39
2026-10-10,36,1,wk inc rsv hosp,2026-10-17,quantile,0.4,40
2026-10-10,36,1,wk inc rsv hosp,2026-10-17,quantile,0.45,42
2026-10-10,36,1,wk inc rsv hosp,2026-10-17,quantile,0.5,45
2026-10-10,36,1,wk inc rsv hosp,2026-10-17,quantile,0.55,46
2026-10-10,36,1,wk inc rsv hosp,2026-10-17,quantile,0.6,49
2026-10-10,36,1,wk inc rsv hosp,2026-10-17,quantile,0.65,51
2026-10-10,36,1,wk inc rsv hosp,2026-10-17,quantile,0.7,54
2026-10-10,36,1,wk inc rsv hosp,2026-10-17,quantile,0.75,57
2026-10-10,36,1,wk inc rsv hosp,2026-10-17,quantile,0.8,60.200000000000045
2026-10-10,36,1,wk inc rsv hosp,2026-10-17,quantile,0.85,66
2026-10-10,36,1,wk inc rsv hosp,2026-10-17,quantile,0.9,69.49798428225135
2026-10-10,36,1,wk inc rsv hosp,2026-10-17,quantile,0.95,78.39914353724612
2026-10-10,36,1,wk inc rsv hosp,2026-10-17,quantile,0.975,117.62953408130556
2026-10-10,36,1,wk inc rsv hosp,2026-10-17,quantile,0.99,122
2026-10-10,36,2,wk inc rsv hosp,2026-10-24,quantile,0.01,12
2026-10-10,36,2,wk inc rsv hosp,2026-10-24,quantile,0.025,16
2026-10-10,36,2,wk inc rsv hosp,2026-10-24,quantile,0.05,22
2026-10-10,36,2,wk inc rsv hosp,2026-10-24,quantile,0.1,27
2026-10-10,36,2,wk inc rsv hosp,2026-10-24,quantile,0.15,32
2026-10-10,36,2,wk inc rsv hosp,2026-10-24,quantile,0.2,36
2026-10-10,36,2,wk inc rsv hosp,2026-10-24,quantile,0.25,39
2026-10-10,36,2,wk inc rsv hosp,2026-10-24,quantile,0.3,41
2026-10-10,36,2,wk inc rsv hosp,2026-10-24,quantile,0.35,44
2026-10-10,36,2,wk inc rsv hosp,2026-10-24,quantile,0.4,47
2026-10-10,36,2,wk inc rsv hosp,2026-10-24,quantile,0.45,49
2026-10-10,36,2,wk inc rsv hosp,2026-10-24,quantile,0.5,53
2026-10-10,36,2,wk inc rsv hosp,2026-10-24,quantile,0.55,57
2026-10-10,36,2,wk inc rsv hosp,2026-10-24,quantile,0.6,60
2026-10-10,36,2,wk inc rsv hosp,2026-10-24,quantile,0.65,64.01308613897065
2026-10-10,36,2,wk inc rsv hosp,2026-10-24,quantile,0.7,66.80909943270133
2026-10-10,36,2,wk inc rsv hosp,2026-10-24,quantile,0.75,68
2026-10-10,36,2,wk inc rsv hosp,2026-10-24,quantile,0.8,72
2026-10-10,36,2,wk inc rsv hosp,2026-10-24,quantile,0.85,78
2026-10-10,36,2,wk inc rsv hosp,2026-10-24,quantile,0.9,86.67361171742279
2026-10-10,36,2,wk inc rsv hosp,2026-10-24,quantile,0.95,135
2026-10-10,36,2,wk inc rsv hosp,2026-10-24,quantile,0.975,165
2026-10-10,36,2,wk inc rsv hosp,2026-10-24,quantile,0.99,209.170060775241
2026-10-10,36,3,wk inc rsv hosp,2026-10-31,quantile,0.01,9
2026-10-10,36,3,wk inc rsv hosp,2026-10-31,quantile,0.025,12.5
2026-10-10,36,3,wk inc rsv hosp,2026-10-31,quantile,0.05,18
2026-10-10,36,3,wk inc rsv hosp,2026-10-31,quantile,0.1,31.5
2026-10-10,36,3,wk inc rsv hosp,2026-10-31,quantile,0.15,36
2026-10-10,36,3,wk inc rsv hosp,2026-10-31,quantile,0.2,41
2026-10-10,36,3,wk inc rsv hosp,2026-10-31,quantile,0.25,45.5
2026-10-10,36,3,wk inc rsv hosp,2026-10-31,quantile,0.3,50.5
2026-10-10,36,3,wk inc rsv hosp,2026-10-31,quantile,0.35,52.5
2026-10-10,36,3,wk inc rsv hosp,2026-10-31,quantile,0.4,54.5
2026-10-10,36,3,wk inc rsv hosp,2026-10-31,quantile,0.45,57.5
2026-10-10,36,3,wk inc rsv hosp,2026-10-31,quantile,0.5,63.75
2026-10-10,36,3,wk inc rsv hosp,2026-10-31,quantile,0.55,69.5
2026-10-10,36,3,wk inc rsv hosp,2026-10-31,quantile,0.6,75.5
2026-10-10,36,3,wk inc rsv hosp,2026-10-31,quantile,0.65,82.5
2026-10-10,36,3,wk inc rsv hosp,2026-10-31,quantile,0.7,90.5
2026-10-10,36,3,wk inc rsv hosp,2026-10-31,quantile,0.75,101.12500000000006
2026-10-10,36,3,wk inc rsv hosp,2026-10-31,quantile,0.8,112.5
2026-10-10,36,3,wk inc rsv hosp,2026-10-31,quantile,0.85,127.22500000000014
2026-10-10,36,3,wk inc rsv hosp,2026-10-31,quantile,0.9,151
2026-10-10,36,3,wk inc rsv hosp,2026-10-31,quantile,0.95,290.5
2026-10-10,36,3,wk inc rsv hosp,2026-10-31,quantile,0.975,397
2026-10-10,36,3,wk inc rsv hosp,2026-10-31,quantile,0.99,516.5
2026-10-10,37,-1,wk inc rsv hosp,2026-10-03,quantile,0.01,11
2026-10-10,37,-1,wk inc rsv hosp,2026-10-03,quantile,0.025,12
2026-10-10,37,-1,wk inc rsv hosp,2026-10-03,quantile,0.05,14
2026-10-10,37,-1,wk inc rsv hosp,2026-10-03,quantile,0.1,15
2026-10-10,37,-1,wk inc rsv hosp,2026-10-03,quantile,0.15,16
2026-10-10,37,-1,wk inc rsv hosp,2026-10-03,quantile,0.2,16
2026-10-10,37,-1,wk inc rsv hosp,2026-10-03,quantile,0.25,17
2026-10-10,37,-1,wk inc rsv hosp,2026-10-03,quantile,0.3,17
2026-10-10,37,-1,wk inc rsv hosp,2026-10-03,quantile,0.35,17
2026-10-10,37,-1,wk inc rsv hosp,2026-10-03,quantile,0.4,17
2026-10-10,37,-1,wk inc rsv hosp,2026-10-03,quantile,0.45,17
2026-10-10,37,-1,wk inc rsv hosp,2026-10-03,quantile,0.5,17
2026-10-10,37,-1,wk inc rsv hosp,2026-10-03,quantile,0.55,18
2026-10-10,37,-1,wk inc rsv hosp,2026-10-03,quantile,0.6,18
2026-10-10,37,-1,wk inc rsv hosp,2026-10-03,quantile,0.65,19
2026-10-10,37,-1,wk inc rsv hosp,2026-10-03,quantile,0.7,19
2026-10-10,37,-1,wk inc rsv hosp,2026-10-03,quantile,0.75,19
2026-10-10,37,-1,wk inc rsv hosp,2026-10-03,quantile,0.8,20
2026-10-10,37,-1,wk inc rsv hosp,2026-10-03,quantile,0.85,21
2026-10-10,37,-1,wk inc rsv hosp,2026-10-03,quantile,0.9,22
2026-10-10,37,-1,wk inc rsv hosp,2026-10-03,quantile,0.95,23
2026-10-10,37,-1,wk inc rsv hosp,2026-10-03,quantile,0.975,25
2026-10-10,37,-1,wk inc rsv hosp,2026-10-03,quantile,0.99,27
2026-10-10,37,0,wk inc rsv hosp,2026-10-10,quantile,0.01,5.5
2026-10-10,37,0,wk inc rsv hosp,2026-10-10,quantile,0.025,7.5
2026-10-10,37,0,wk inc rsv hosp,2026-10-10,quantile,0.05,9.5
2026-10-10,37,0,wk inc rsv hosp,2026-10-10,quantile,0.1,10.5
2026-10-10,37,0,wk inc rsv hosp,2026-10-10,quantile,0.15,11.5
2026-10-10,37,0,wk inc rsv hosp,2026-10-10,quantile,0.2,13
2026-10-10,37,0,wk inc rsv hosp,2026-10-10,quantile,0.25,14
2026-10-10,37,0,wk inc rsv hosp,2026-10-10,quantile,0.3,15
2026-10-10,37,0,wk inc rsv hosp,2026-10-10,quantile,0.35,16.5
2026-10-10,37,0,wk inc rsv hosp,2026-10-10,quantile,0.4,18.5
2026-10-10,37,0,wk inc rsv hosp,2026-10-10,quantile,0.45,19.5
2026-10-10,37,0,wk inc rsv hosp,2026-10-10,quantile,0.5,21
2026-10-10,37,0,wk inc rsv hosp,2026-10-10,quantile,0.55,21.5
2026-10-10,37,0,wk inc rsv hosp,2026-10-10,quantile,0.6,22.5
2026-10-10,37,0,wk inc rsv hosp,2026-10-10,quantile,0.65,24
2026-10-10,37,0,wk inc rsv hosp,2026-10-10,quantile,0.7,24.956508702274917
2026-10-10,37,0,wk inc rsv hosp,2026-10-10,quantile,0.75,25.878169189258482
2026-10-10,37,0,wk inc rsv hosp,2026-10-10,quantile,0.8,28
2026-10-10,37,0,wk inc rsv hosp,2026-10-10,quantile,0.85,30
2026-10-10,37,0,wk inc rsv hosp,2026-10-10,quantile,0.9,32.55000000000007
2026-10-10,37,0,wk inc rsv hosp,2026-10-10,quantile,0.95,37
2026-10-10,37,0,wk inc rsv hosp,2026-10-10,quantile,0.975,41.5
2026-10-10,37,0,wk inc rsv hosp,2026-10-10,quantile,0.99,46.5
2026-10-10,37,1,wk inc rsv hosp,2026-10-17,quantile,0.01,5.5
2026-10-10,37,1,wk inc rsv hosp,2026-10-17,quantile,0.025,7.5
2026-10-10,37,1,wk inc rsv hosp,2026-10-17,quantile,0.05,9.5155212356179
2026-10-10,37,1,wk inc rsv hosp,2026-10-17,quantile,0.1,11.186182589846393
2026-10-10,37,1,wk inc rsv hosp,2026-10-17,quantile,0.15,12.756014181004955
2026-10-10,37,1,wk inc rsv hosp,2026-10-17,quantile,0.2,14.215461795351402
2026-10-10,37,1,wk inc rsv hosp,2026-10-17,quantile,0.25,16
2026-10-10,37,1,wk inc rsv hosp,2026-10-17,quantile,0.3,17.5
2026-10-10,37,1,wk inc rsv hosp,2026-10-17,quantile,0.35,19
2026-10-10,37,1,wk inc rsv hosp,2026-10-17,quantile,0.4,20.5
2026-10-10,37,1,wk inc rsv hosp,2026-10-17,quantile,0.45,22.5
2026-10-10,37,1,wk inc rsv hosp,2026-10-17,quantile,0.5,25
2026-10-10,37,1,wk inc rsv hosp,2026-10-17,quantile,0.55,27
2026-10-10,37,1,wk inc rsv hosp,2026-10-17,quantile,0.6,29.1756099377409
2026-10-10,37,1,wk inc rsv hosp,2026-10-17,quantile,0.65,30.445844871286628
2026-10-10,37,1,wk inc rsv hosp,2026-10-17,quantile,0.7,32.16937704969091
2026-10-10,37,1,wk inc rsv hosp,2026-10-17,quantile,0.75,33.99825513094635
2026-10-10,37,1,wk inc rsv hosp,2026-10-17,quantile,0.8,35.44763771692607
2026-10-10,37,1,wk inc rsv hosp,2026-10-17,quantile,0.85,38.30472220632679
2026-10-10,37,1,wk inc rsv hosp,2026-10-17,quantile,0.9,42.67690296960299
2026-10-10,37,1,wk inc rsv hosp,2026-10-17,quantile,0.95,55.595160843447836
2026-10-10,37,1,wk inc rsv hosp,2026-10-17,quantile,0.975,64.07208073333337
2026-10-10,37,1,wk inc rsv hosp,2026-10-17,quantile,0.99,69.3891033061831
2026-10-10,37,2,wk inc rsv hosp,2026-10-24,quantile,0.01,5.5
2026-10-10,37,2,wk inc rsv hosp,2026-10-24,quantile,0.025,8
2026-10-10,37,2,wk inc rsv hosp,2026-10-24,quantile,0.05,10
2026-10-10,37,2,wk inc rsv hosp,2026-10-24,quantile,0.1,13
2026-10-10,37,2,wk inc rsv hosp,2026-10-24,quantile,0.15,15.033228263914332
2026-10-10,37,2,wk inc rsv hosp,2026-10-24,quantile,0.2,17
2026-10-10,37,2,wk inc rsv hosp,2026-10-24,quantile,0.25,19.5
2026-10-10,37,2,wk inc rsv hosp,2026-10-24,quantile,0.3,20.5
2026-10-10,37,2,wk inc rsv hosp,2026-10-24,quantile,0.35,22
2026-10-10,37,2,wk inc rsv hosp,2026-10-24,quantile,0.4,25
2026-10-10,37,2,wk inc rsv hosp,2026-10-24,quantile,0.45,27.5
2026-10-10,37,2,wk inc rsv hosp,2026-10-24,quantile,0.5,31
2026-10-10,37,2,wk inc rsv hosp,2026-10-24,quantile,0.55,34.5
2026-10-10,37,2,wk inc rsv hosp,2026-10-24,quantile,0.6,37.5
2026-10-10,37,2,wk inc rsv hosp,2026-10-24,quantile,0.65,41
2026-10-10,37,2,wk inc rsv hosp,2026-10-24,quantile,0.7,44.8129633436415
2026-10-10,37,2,wk inc rsv hosp,2026-10-24,quantile,0.75,48.66246428732596
2026-10-10,37,2,wk inc rsv hosp,2026-10-24,quantile,0.8,53.74356761406512
2026-10-10,37,2,wk inc rsv hosp,2026-10-24,quantile,0.85,59.99942862410515
2026-10-10,37,2,wk inc rsv hosp,2026-10-24,quantile,0.9,70.6590357463916
2026-10-10,37,2,wk inc rsv hosp,2026-10-24,quantile,0.95,91.16853575451157
2026-10-10,37,2,wk inc rsv hosp,2026-10-24,quantile,0.975,106.44310694539953
2026-10-10,37,2,wk inc rsv hosp,2026-10-24,quantile,0.99,114.21181437570291
2026-10-10,37,3,wk inc rsv hosp,2026-10-31,quantile,0.01,3
2026-10-10,37,3,wk inc rsv hosp,2026-10-31,quantile,0.025,7
2026-10-10,37,3,wk inc rsv hosp,2026-10-31,quantile,0.05,9
2026-10-10,37,3,wk inc rsv hosp,2026-10-31,quantile,0.1,14
2026-10-10,37,3,wk inc rsv hosp,2026-10-31,quantile,0.15,16
2026-10-10,37,3,wk inc rsv hosp,2026-10-31,quantile,0.2,19
2026-10-10,37,3,wk inc rsv hosp,2026-10-31,quantile,0.25,21
2026-10-10,37,3,wk inc rsv hosp,2026-10-31,quantile,0.3,23
2026-10-10,37,3,wk inc rsv hosp,2026-10-31,quantile,0.35,24
2026-10-10,37,3,wk inc rsv hosp,2026-10-31,quantile,0.4,27
2026-10-10,37,3,wk inc rsv hosp,2026-10-31,quantile,0.45,32
2026-10-10,37,3,wk inc rsv hosp,2026-10-31,quantile,0.5,34.649960076138804
2026-10-10,37,3,wk inc rsv hosp,2026-10-31,quantile,0.55,42.82599117775898
2026-10-10,37,3,wk inc rsv hosp,2026-10-31,quantile,0.6,49.44605555469815
2026-10-10,37,3,wk inc rsv hosp,2026-10-31,quantile,0.65,52.11658254755477
2026-10-10,37,3,wk inc rsv hosp,2026-10-31,quantile,0.7,55.481080759756615
2026-10-10,37,3,wk inc rsv hosp,2026-10-31,quantile,0.75,59.66986132747987
2026-10-10,37,3,wk inc rsv hosp,2026-10-31,quantile,0.8,62.66189417719721
2026-10-10,37,3,wk inc rsv hosp,2026-10-31,quantile,0.85,69.15667786205363
2026-10-10,37,3,wk inc rsv hosp,2026-10-31,quantile,0.9,83.70451518796024
2026-10-10,37,3,wk inc rsv hosp,2026-10-31,quantile,0.95,92.29048159833587
2026-10-10,37,3,wk inc rsv hosp,2026-10-31,quantile,0.975,105.1870901766451
2026-10-10,37,3,wk inc rsv hosp,2026-10-31,quantile,0.99,117.17653871226842
2026-10-10,38,-1,wk inc rsv hosp,2026-10-03,quantile,0.01,0
2026-10-10,38,-1,wk inc rsv hosp,2026-10-03,quantile,0.025,0
2026-10-10,38,-1,wk inc rsv hosp,2026-10-03,quantile,0.05,0
2026-10-10,38,-1,wk inc rsv hosp,2026-10-03,quantile,0.1,0
2026-10-10,38,-1,wk inc rsv hosp,2026-10-03,quantile,0.15,0
2026-10-10,38,-1,wk inc rsv hosp,2026-10-03,quantile,0.2,0
2026-10-10,38,-1,wk inc rsv hosp,2026-10-03,quantile,0.25,0
2026-10-10,38,-1,wk inc rsv hosp,2026-10-03,quantile,0.3,0
2026-10-10,38,-1,wk inc rsv hosp,2026-10-03,quantile,0.35,0
2026-10-10,38,-1,wk inc rsv hosp,2026-10-03,quantile,0.4,0
2026-10-10,38,-1,wk inc rsv hosp,2026-10-03,quantile,0.45,0
2026-10-10,38,-1,wk inc rsv hosp,2026-10-03,quantile,0.5,0
2026-10-10,38,-1,wk inc rsv hosp,2026-10-03,quantile,0.55,0
2026-10-10,38,-1,wk inc rsv hosp,2026-10-03,quantile,0.6,0
2026-10-10,38,-1,wk inc rsv hosp,2026-10-03,quantile,0.65,0
2026-10-10,38,-1,wk inc rsv hosp,2026-10-03,quantile,0.7,0
2026-10-10,38,-1,wk inc rsv hosp,2026-10-03,quantile,0.75,0
2026-10-10,38,-1,wk inc rsv hosp,2026-10-03,quantile,0.8,0
2026-10-10,38,-1,wk inc rsv hosp,2026-10-03,quantile,0.85,0
2026-10-10,38,-1,wk inc rsv hosp,2026-10-03,quantile,0.9,0
2026-10-10,38,-1,wk inc rsv hosp,2026-10-03,quantile,0.95,1
2026-10-10,38,-1,wk inc rsv hosp,2026-10-03,quantile,0.975,1
2026-10-10,38,-1,wk inc rsv hosp,2026-10-03,quantile,0.99,2
2026-10-10,38,0,wk inc rsv hosp,2026-10-10,quantile,0.01,0
2026-10-10,38,0,wk inc rsv hosp,2026-10-10,quantile,0.025,0
2026-10-10,38,0,wk inc rsv hosp,2026-10-10,quantile,0.05,0
2026-10-10,38,0,wk inc rsv hosp,2026-10-10,quantile,0.1,0
2026-10-10,38,0,wk inc rsv hosp,2026-10-10,quantile,0.15,0
2026-10-10,38,0,wk inc rsv hosp,2026-10-10,quantile,0.2,0
2026-10-10,38,0,wk inc rsv hosp,2026-10-10,quantile,0.25,0
2026-10-10,38,0,wk inc rsv hosp,2026-10-10,quantile,0.3,0
2026-10-10,38,0,wk inc rsv hosp,2026-10-10,quantile,0.35,0
2026-10-10,38,0,wk inc rsv hosp,2026-10-10,quantile,0.4,0
2026-10-10,38,0,wk inc rsv hosp,2026-10-10,quantile,0.45,0
2026-10-10,38,0,wk inc rsv hosp,2026-10-10,quantile,0.5,0.013988437756462685
2026-10-10,38,0,wk inc rsv hosp,2026-10-10,quantile,0.55,0.026308918844502416
2026-10-10,38,0,wk inc rsv hosp,2026-10-10,quantile,0.6,0.05270045100461391
2026-10-10,38,0,wk inc rsv hosp,2026-10-10,quantile,0.65,0.0617589695736535
2026-10-10,38,0,wk inc rsv hosp,2026-10-10,quantile,0.7,1
2026-10-10,38,0,wk inc rsv hosp,2026-10-10,quantile,0.75,1
2026-10-10,38,0,wk inc rsv hosp,2026-10-10,quantile,0.8,1
2026-10-10,38,0,wk inc rsv hosp,2026-10-10,quantile,0.85,1
2026-10-10,38,0,wk inc rsv hosp,2026-10-10,quantile,0.9,1
2026-10-10,38,0,wk inc rsv hosp,2026-10-10,quantile,0.95,2
2026-10-10,38,0,wk inc rsv hosp,2026-10-10,quantile,0.975,2
2026-10-10,38,0,wk inc rsv hosp,2026-10-10,quantile,0.99,3
2026-10-10,38,1,wk inc rsv hosp,2026-10-17,quantile,0.01,0
2026-10-10,38,1,wk inc rsv hosp,2026-10-17,quantile,0.025,0
2026-10-10,38,1,wk inc rsv hosp,2026-10-17,quantile,0.05,0
2026-10-10,38,1,wk inc rsv hosp,2026-10-17,quantile,0.1,0
2026-10-10,38,1,wk inc rsv hosp,2026-10-17,quantile,0.15,0
2026-10-10,38,1,wk inc rsv hosp,2026-10-17,quantile,0.2,0
2026-10-10,38,1,wk inc rsv hosp,2026-10-17,quantile,0.25,0
2026-10-10,38,1,wk inc rsv hosp,2026-10-17,quantile,0.3,0
2026-10-10,38,1,wk inc rsv hosp,2026-10-17,quantile,0.35,0
2026-10-10,38,1,wk inc rsv hosp,2026-10-17,quantile,0.4,0
2026-10-10,38,1,wk inc rsv hosp,2026-10-17,quantile,0.45,0
2026-10-10,38,1,wk inc rsv hosp,2026-10-17,quantile,0.5,0.01870950921822539
2026-10-10,38,1,wk inc rsv hosp,2026-10-17,quantile,0.55,0.04644618313379044
2026-10-10,38,1,wk inc rsv hosp,2026-10-17,quantile,0.6,0.5513586047773588
2026-10-10,38,1,wk inc rsv hosp,2026-10-17,quantile,0.65,0.58902058074895
2026-10-10,38,1,wk inc rsv hosp,2026-10-17,quantile,0.7,1
2026-10-10,38,1,wk inc rsv hosp,2026-10-17,quantile,0.75,1
2026-10-10,38,1,wk inc rsv hosp,2026-10-17,quantile,0.8,1
2026-10-10,38,1,wk inc rsv hosp,2026-10-17,quantile,0.85,1.5
2026-10-10,38,1,wk inc rsv hosp,2026-10-17,quantile,0.9,1.5
2026-10-10,38,1,wk inc rsv hosp,2026-10-17,quantile,0.95,2.5
2026-10-10,38,1,wk inc rsv hosp,2026-10-17,quantile,0.975,4
2026-10-10,38,1,wk inc rsv hosp,2026-10-17,quantile,0.99,5
2026-10-10,38,2,wk inc rsv hosp,2026-10-24,quantile,0.01,0
2026-10-10,38,2,wk inc rsv hosp,2026-10-24,quantile,0.025,0
2026-10-10,38,2,wk inc rsv hosp,2026-10-24,quantile,0.05,0
2026-10-10,38,2,wk inc rsv hosp,2026-10-24,quantile,0.1,0
2026-10-10,38,2,wk inc rsv hosp,2026-10-24,quantile,0.15,0
2026-10-10,38,2,wk inc rsv hosp,2026-10-24,quantile,0.2,0
2026-10-10,38,2,wk inc rsv hosp,2026-10-24,quantile,0.25,0
2026-10-10,38,2,wk inc rsv hosp,2026-10-24,quantile,0.3,0
2026-10-10,38,2,wk inc rsv hosp,2026-10-24,quantile,0.35,0
2026-10-10,38,2,wk inc rsv hosp,2026-10-24,quantile,0.4,0
2026-10-10,38,2,wk inc rsv hosp,2026-10-24,quantile,0.45,0.012352034825030564
2026-10-10,38,2,wk inc rsv hosp,2026-10-24,quantile,0.5,0.02201146247800325
2026-10-10,38,2,wk inc rsv hosp,2026-10-24,quantile,0.55,0.5676780774790889
2026-10-10,38,2,wk inc rsv hosp,2026-10-24,quantile,0.6,0.6127535729281948
2026-10-10,38,2,wk inc rsv hosp,2026-10-24,quantile,0.65,0.628019666959431
2026-10-10,38,2,wk inc rsv hosp,2026-10-24,quantile,0.7,1
2026-10-10,38,2,wk inc rsv hosp,2026-10-24,quantile,0.75,1
2026-10-10,38,2,wk inc rsv hosp,2026-10-24,quantile,0.8,1.5
2026-10-10,38,2,wk inc rsv hosp,2026-10-24,quantile,0.85,1.5
2026-10-10,38,2,wk inc rsv hosp,2026-10-24,quantile,0.9,2
2026-10-10,38,2,wk inc rsv hosp,2026-10-24,quantile,0.95,3
2026-10-10,38,2,wk inc rsv hosp,2026-10-24,quantile,0.975,5.012499999999989
2026-10-10,38,2,wk inc rsv hosp,2026-10-24,quantile,0.99,7
2026-10-10,38,3,wk inc rsv hosp,2026-10-31,quantile,0.01,0
2026-10-10,38,3,wk inc rsv hosp,2026-10-31,quantile,0.025,0
2026-10-10,38,3,wk inc rsv hosp,2026-10-31,quantile,0.05,0
2026-10-10,38,3,wk inc rsv hosp,2026-10-31,quantile,0.1,0
2026-10-10,38,3,wk inc rsv hosp,2026-10-31,quantile,0.15,0
2026-10-10,38,3,wk inc rsv hosp,2026-10-31,quantile,0.2,0
2026-10-10,38,3,wk inc rsv hosp,2026-10-31,quantile,0.25,0
2026-10-10,38,3,wk inc rsv hosp,2026-10-31,quantile,0.3,0
2026-10-10,38,3,wk inc rsv hosp,2026-10-31,quantile,0.35,0
2026-10-10,38,3,wk inc rsv hosp,2026-10-31,quantile,0.4,0
2026-10-10,38,3,wk inc rsv hosp,2026-10-31,quantile,0.45,0.08414781988282108
2026-10-10,38,3,wk inc rsv hosp,2026-10-31,quantile,0.5,0.15185595432858062
2026-10-10,38,3,wk inc rsv hosp,2026-10-31,quantile,0.55,0.21585531271074457
2026-10-10,38,3,wk inc rsv hosp,2026-10-31,quantile,0.6,0.2632214512599838
2026-10-10,38,3,wk inc rsv hosp,2026-10-31,quantile,0.65,1
2026-10-10,38,3,wk inc rsv hosp,2026-10-31,quantile,0.7,1
2026-10-10,38,3,wk inc rsv hosp,2026-10-31,quantile,0.75,1
2026-10-10,38,3,wk inc rsv hosp,2026-10-31,quantile,0.8,1
2026-10-10,38,3,wk inc rsv hosp,2026-10-31,quantile,0.85,1
2026-10-10,38,3,wk inc rsv hosp,2026-10-31,quantile,0.9,1
2026-10-10,38,3,wk inc rsv hosp,2026-10-31,quantile,0.95,4
2026-10-10,38,3,wk inc rsv hosp,2026-10-31,quantile,0.975,6
2026-10-10,38,3,wk inc rsv hosp,2026-10-31,quantile,0.99,9
2026-10-10,39,-1,wk inc rsv hosp,2026-10-03,quantile,0.01,3
2026-10-10,39,-1,wk inc rsv hosp,2026-10-03,quantile,0.025,5
2026-10-10,39,-1,wk inc rsv hosp,2026-10-03,quantile,0.05,5
2026-10-10,39,-1,wk inc rsv hosp,2026-10-03,quantile,0.1,6
2026-10-10,39,-1,wk inc rsv hosp,2026-10-03,quantile,0.15,7
2026-10-10,39,-1,wk inc rsv hosp,2026-10-03,quantile,0.2,8
2026-10-10,39,-1,wk inc rsv hosp,2026-10-03,quantile,0.25,8
2026-10-10,39,-1,wk inc rsv hosp,2026-10-03,quantile,0.3,8
2026-10-10,39,-1,wk inc rsv hosp,2026-10-03,quantile,0.35,9
2026-10-10,39,-1,wk inc rsv hosp,2026-10-03,quantile,0.4,9
2026-10-10,39,-1,wk inc rsv hosp,2026-10-03,quantile,0.45,9
2026-10-10,39,-1,wk inc rsv hosp,2026-10-03,quantile,0.5,10
2026-10-10,39,-1,wk inc rsv hosp,2026-10-03,quantile,0.55,10
2026-10-10,39,-1,wk inc rsv hosp,2026-10-03,quantile,0.6,11
2026-10-10,39,-1,wk inc rsv hosp,2026-10-03,quantile,0.65,11
2026-10-10,39,-1,wk inc rsv hosp,2026-10-03,quantile,0.7,11
2026-10-10,39,-1,wk inc rsv hosp,2026-10-03,quantile,0.75,12
2026-10-10,39,-1,wk inc rsv hosp,2026-10-03,quantile,0.8,12
2026-10-10,39,-1,wk inc rsv hosp,2026-10-03,quantile,0.85,13
2026-10-10,39,-1,wk inc rsv hosp,2026-10-03,quantile,0.9,14
2026-10-10,39,-1,wk inc rsv hosp,2026-10-03,quantile,0.95,15
2026-10-10,39,-1,wk inc rsv hosp,2026-10-03,quantile,0.975,18
2026-10-10,39,-1,wk inc rsv hosp,2026-10-03,quantile,0.99,20
2026-10-10,39,0,wk inc rsv hosp,2026-10-10,quantile,0.01,2.2397836848656283
2026-10-10,39,0,wk inc rsv hosp,2026-10-10,quantile,0.025,2.6304831855471096
2026-10-10,39,0,wk inc rsv hosp,2026-10-10,quantile,0.05,3
2026-10-10,39,0,wk inc rsv hosp,2026-10-10,quantile,0.1,4.5
2026-10-10,39,0,wk inc rsv hosp,2026-10-10,quantile,0.15,5.5
2026-10-10,39,0,wk inc rsv hosp,2026-10-10,quantile,0.2,6.187651785969628
2026-10-10,39,0,wk inc rsv hosp,2026-10-10,quantile,0.25,7
2026-10-10,39,0,wk inc rsv hosp,2026-10-10,quantile,0.3,7.5
2026-10-10,39,0,wk inc rsv hosp,2026-10-10,quantile,0.35,8.5
2026-10-10,39,0,wk inc rsv hosp,2026-10-10,quantile,0.4,9.5
2026-10-10,39,0,wk inc rsv hosp,2026-10-10,quantile,0.45,10
2026-10-10,39,0,wk inc rsv hosp,2026-10-10,quantile,0.5,10.5
2026-10-10,39,0,wk inc rsv hosp,2026-10-10,quantile,0.55,12
2026-10-10,39,0,wk inc rsv hosp,2026-10-10,quantile,0.6,12.5
2026-10-10,39,0,wk inc rsv hosp,2026-10-10,quantile,0.65,13
2026-10-10,39,0,wk inc rsv hosp,2026-10-10,quantile,0.7,14.5
2026-10-10,39,0,wk inc rsv hosp,2026-10-10,quantile,0.75,15.5
2026-10-10,39,0,wk inc rsv hosp,2026-10-10,quantile,0.8,16
2026-10-10,39,0,wk inc rsv hosp,2026-10-10,quantile,0.85,17.5
2026-10-10,39,0,wk inc rsv hosp,2026-10-10,quantile,0.9,19
2026-10-10,39,0,wk inc rsv hosp,2026-10-10,quantile,0.95,21
2026-10-10,39,0,wk inc rsv hosp,2026-10-10,quantile,0.975,24.58021046672289
2026-10-10,39,0,wk inc rsv hosp,2026-10-10,quantile,0.99,27
2026-10-10,39,1,wk inc rsv hosp,2026-10-17,quantile,0.01,0.7988738837704472
2026-10-10,39,1,wk inc rsv hosp,2026-10-17,quantile,0.025,1.9584288833742902
2026-10-10,39,1,wk inc rsv hosp,2026-10-17,quantile,0.05,2.1471684336340893
2026-10-10,39,1,wk inc rsv hosp,2026-10-17,quantile,0.1,3.5
2026-10-10,39,1,wk inc rsv hosp,2026-10-17,quantile,0.15,5
2026-10-10,39,1,wk inc rsv hosp,2026-10-17,quantile,0.2,5.808022199798183
2026-10-10,39,1,wk inc rsv hosp,2026-10-17,quantile,0.25,7
2026-10-10,39,1,wk inc rsv hosp,2026-10-17,quantile,0.3,8
2026-10-10,39,1,wk inc rsv hosp,2026-10-17,quantile,0.35,9
2026-10-10,39,1,wk inc rsv hosp,2026-10-17,quantile,0.4,10
2026-10-10,39,1,wk inc rsv hosp,2026-10-17,quantile,0.45,11
2026-10-10,39,1,wk inc rsv hosp,2026-10-17,quantile,0.5,12.5
2026-10-10,39,1,wk inc rsv hosp,2026-10-17,quantile,0.55,13
2026-10-10,39,1,wk inc rsv hosp,2026-10-17,quantile,0.6,14
2026-10-10,39,1,wk inc rsv hosp,2026-10-17,quantile,0.65,15
2026-10-10,39,1,wk inc rsv hosp,2026-10-17,quantile,0.7,16
2026-10-10,39,1,wk inc rsv hosp,2026-10-17,quantile,0.75,17
2026-10-10,39,1,wk inc rsv hosp,2026-10-17,quantile,0.8,18.5
2026-10-10,39,1,wk inc rsv hosp,2026-10-17,quantile,0.85,20
2026-10-10,39,1,wk inc rsv hosp,2026-10-17,quantile,0.9,22.5
2026-10-10,39,1,wk inc rsv hosp,2026-10-17,quantile,0.95,26
2026-10-10,39,1,wk inc rsv hosp,2026-10-17,quantile,0.975,29.5
2026-10-10,39,1,wk inc rsv hosp,2026-10-17,quantile,0.99,34.5
2026-10-10,39,2,wk inc rsv hosp,2026-10-24,quantile,0.01,1
2026-10-10,39,2,wk inc rsv hosp,2026-10-24,quantile,0.025,1.9875000000000007
2026-10-10,39,2,wk inc rsv hosp,2026-10-24,quantile,0.05,2.948993223125416
2026-10-10,39,2,wk inc rsv hosp,2026-10-24,quantile,0.1,4.2549250768661055
2026-10-10,39,2,wk inc rsv hosp,2026-10-24,quantile,0.15,5.584137043319572
2026-10-10,39,2,wk inc rsv hosp,2026-10-24,quantile,0.2,6.5
2026-10-10,39,2,wk inc rsv hosp,2026-10-24,quantile,0.25,7.5
2026-10-10,39,2,wk inc rsv hosp,2026-10-24,quantile,0.3,9
2026-10-10,39,2,wk inc rsv hosp,2026-10-24,quantile,0.35,10
2026-10-10,39,2,wk inc rsv hosp,2026-10-24,quantile,0.4,11.5
2026-10-10,39,2,wk inc rsv hosp,2026-10-24,quantile,0.45,13.282330008833135
2026-10-10,39,2,wk inc rsv hosp,2026-10-24,quantile,0.5,14.480740843792637
2026-10-10,39,2,wk inc rsv hosp,2026-10-24,quantile,0.55,16.154023436258328
2026-10-10,39,2,wk inc rsv hosp,2026-10-24,quantile,0.6,18.468224968193752
2026-10-10,39,2,wk inc rsv hosp,2026-10-24,quantile,0.65,20.5
2026-10-10,39,2,wk inc rsv hosp,2026-10-24,quantile,0.7,22.5
2026-10-10,39,2,wk inc rsv hosp,2026-10-24,quantile,0.75,25
2026-10-10,39,2,wk inc rsv hosp,2026-10-24,quantile,0.8,28
2026-10-10,39,2,wk inc rsv hosp,2026-10-24,quantile,0.85,30.91221068595776
2026-10-10,39,2,wk inc rsv hosp,2026-10-24,quantile,0.9,33.80208642980201
2026-10-10,39,2,wk inc rsv hosp,2026-10-24,quantile,0.95,43
2026-10-10,39,2,wk inc rsv hosp,2026-10-24,quantile,0.975,48
2026-10-10,39,2,wk inc rsv hosp,2026-10-24,quantile,0.99,54.504999999999995
2026-10-10,39,3,wk inc rsv hosp,2026-10-31,quantile,0.01,0
2026-10-10,39,3,wk inc rsv hosp,2026-10-31,quantile,0.025,1
2026-10-10,39,3,wk inc rsv hosp,2026-10-31,quantile,0.05,2
2026-10-10,39,3,wk inc rsv hosp,2026-10-31,quantile,0.1,4
2026-10-10,39,3,wk inc rsv hosp,2026-10-31,quantile,0.15,5
2026-10-10,39,3,wk inc rsv hosp,2026-10-31,quantile,0.2,6
2026-10-10,39,3,wk inc rsv hosp,2026-10-31,quantile,0.25,8
2026-10-10,39,3,wk inc rsv hosp,2026-10-31,quantile,0.3,10
2026-10-10,39,3,wk inc rsv hosp,2026-10-31,quantile,0.35,11
2026-10-10,39,3,wk inc rsv hosp,2026-10-31,quantile,0.4,13
2026-10-10,39,3,wk inc rsv hosp,2026-10-31,quantile,0.45,16
2026-10-10,39,3,wk inc rsv hosp,2026-10-31,quantile,0.5,17.416734692752012
2026-10-10,39,3,wk inc rsv hosp,2026-10-31,quantile,0.55,19.642919287622316
2026-10-10,39,3,wk inc rsv hosp,2026-10-31,quantile,0.6,23
2026-10-10,39,3,wk inc rsv hosp,2026-10-31,quantile,0.65,25
2026-10-10,39,3,wk inc rsv hosp,2026-10-31,quantile,0.7,29
2026-10-10,39,3,wk inc rsv hosp,2026-10-31,quantile,0.75,35
2026-10-10,39,3,wk inc rsv hosp,2026-10-31,quantile,0.8,42
2026-10-10,39,3,wk inc rsv hosp,2026-10-31,quantile,0.85,54
2026-10-10,39,3,wk inc rsv hosp,2026-10-31,quantile,0.9,58.18055564829433
2026-10-10,39,3,wk inc rsv hosp,2026-10-31,quantile,0.95,75
2026-10-10,39,3,wk inc rsv hosp,2026-10-31,quantile,0.975,75
2026-10-10,39,3,wk inc rsv hosp,2026-10-31,quantile,0.99,75
2026-10-10,40,-1,wk inc rsv hosp,2026-10-03,quantile,0.01,0
2026-10-10,40,-1,wk inc rsv hosp,2026-10-03,quantile,0.025,0
2026-10-10,40,-1,wk inc rsv hosp,2026-10-03,quantile,0.05,0
2026-10-10,40,-1,wk inc rsv hosp,2026-10-03,quantile,0.1,0
2026-10-10,40,-1,wk inc rsv hosp,2026-10-03,quantile,0.15,0
2026-10-10,40,-1,wk inc rsv hosp,2026-10-03,quantile,0.2,0
2026-10-10,40,-1,wk inc rsv hosp,2026-10-03,quantile,0.25,0
2026-10-10,40,-1,wk inc rsv hosp,2026-10-03,quantile,0.3,0
2026-10-10,40,-1,wk inc rsv hosp,2026-10-03,quantile,0.35,0
2026-10-10,40,-1,wk inc rsv hosp,2026-10-03,quantile,0.4,0
2026-10-10,40,-1,wk inc rsv hosp,2026-10-03,quantile,0.45,0
2026-10-10,40,-1,wk inc rsv hosp,2026-10-03,quantile,0.5,0
2026-10-10,40,-1,wk inc rsv hosp,2026-10-03,quantile,0.55,0
2026-10-10,40,-1,wk inc rsv hosp,2026-10-03,quantile,0.6,1
2026-10-10,40,-1,wk inc rsv hosp,2026-10-03,quantile,0.65,1
2026-10-10,40,-1,wk inc rsv hosp,2026-10-03,quantile,0.7,1
2026-10-10,40,-1,wk inc rsv hosp,2026-10-03,quantile,0.75,1
2026-10-10,40,-1,wk inc rsv hosp,2026-10-03,quantile,0.8,1
2026-10-10,40,-1,wk inc rsv hosp,2026-10-03,quantile,0.85,2
2026-10-10,40,-1,wk inc rsv hosp,2026-10-03,quantile,0.9,2
2026-10-10,40,-1,wk inc rsv hosp,2026-10-03,quantile,0.95,3
2026-10-10,40,-1,wk inc rsv hosp,2026-10-03,quantile,0.975,5
2026-10-10,40,-1,wk inc rsv hosp,2026-10-03,quantile,0.99,6
2026-10-10,40,0,wk inc rsv hosp,2026-10-10,quantile,0.01,0
2026-10-10,40,0,wk inc rsv hosp,2026-10-10,quantile,0.025,0
2026-10-10,40,0,wk inc rsv hosp,2026-10-10,quantile,0.05,0
2026-10-10,40,0,wk inc rsv hosp,2026-10-10,quantile,0.1,0
2026-10-10,40,0,wk inc rsv hosp,2026-10-10,quantile,0.15,0
2026-10-10,40,0,wk inc rsv hosp,2026-10-10,quantile,0.2,0
2026-10-10,40,0,wk inc rsv hosp,2026-10-10,quantile,0.25,0.5
2026-10-10,40,0,wk inc rsv hosp,2026-10-10,quantile,0.3,0.552829074977935
2026-10-10,40,0,wk inc rsv hosp,2026-10-10,quantile,0.35,0.5737630054436903
2026-10-10,40,0,wk inc rsv hosp,2026-10-10,quantile,0.4,0.5827120327489375
2026-10-10,40,0,wk inc rsv hosp,2026-10-10,quantile,0.45,0.589671998929877
2026-10-10,40,0,wk inc rsv hosp,2026-10-10,quantile,0.5,1.5
2026-10-10,40,0,wk inc rsv hosp,2026-10-10,quantile,0.55,1.5
2026-10-10,40,0,wk inc rsv hosp,2026-10-10,quantile,0.6,1.5
2026-10-10,40,0,wk inc rsv hosp,2026-10-10,quantile,0.65,2
2026-10-10,40,0,wk inc rsv hosp,2026-10-10,quantile,0.7,2
2026-10-10,40,0,wk inc rsv hosp,2026-10-10,quantile,0.75,3
2026-10-10,40,0,wk inc rsv hosp,2026-10-10,quantile,0.8,3
2026-10-10,40,0,wk inc rsv hosp,2026-10-10,quantile,0.85,3.5
2026-10-10,40,0,wk inc rsv hosp,2026-10-10,quantile,0.9,5
2026-10-10,40,0,wk inc rsv hosp,2026-10-10,quantile,0.95,6.5
2026-10-10,40,0,wk inc rsv hosp,2026-10-10,quantile,0.975,7.5
2026-10-10,40,0,wk inc rsv hosp,2026-10-10,quantile,0.99,9
2026-10-10,40,1,wk inc rsv hosp,2026-10-17,quantile,0.01,0
2026-10-10,40,1,wk inc rsv hosp,2026-10-17,quantile,0.025,0
2026-10-10,40,1,wk inc rsv hosp,2026-10-17,quantile,0.05,0
2026-10-10,40,1,wk inc rsv hosp,2026-10-17,quantile,0.1,0
2026-10-10,40,1,wk inc rsv hosp,2026-10-17,quantile,0.15,0
2026-10-10,40,1,wk inc rsv hosp,2026-10-17,quantile,0.2,0.5
2026-10-10,40,1,wk inc rsv hosp,2026-10-17,quantile,0.25,0.5
2026-10-10,40,1,wk inc rsv hosp,2026-10-17,quantile,0.3,0.5
2026-10-10,40,1,wk inc rsv hosp,2026-10-17,quantile,0.35,0.5
2026-10-10,40,1,wk inc rsv hosp,2026-10-17,quantile,0.4,0.5
2026-10-10,40,1,wk inc rsv hosp,2026-10-17,quantile,0.45,1.0519729119513466
2026-10-10,40,1,wk inc rsv hosp,2026-10-17,quantile,0.5,1.5
2026-10-10,40,1,wk inc rsv hosp,2026-10-17,quantile,0.55,1.5
2026-10-10,40,1,wk inc rsv hosp,2026-10-17,quantile,0.6,1.5
2026-10-10,40,1,wk inc rsv hosp,2026-10-17,quantile,0.65,2.5
2026-10-10,40,1,wk inc rsv hosp,2026-10-17,quantile,0.7,2.5
2026-10-10,40,1,wk inc rsv hosp,2026-10-17,quantile,0.75,3
2026-10-10,40,1,wk inc rsv hosp,2026-10-17,quantile,0.8,4
2026-10-10,40,1,wk inc rsv hosp,2026-10-17,quantile,0.85,4.5
2026-10-10,40,1,wk inc rsv hosp,2026-10-17,quantile,0.9,6
2026-10-10,40,1,wk inc rsv hosp,2026-10-17,quantile,0.95,8
2026-10-10,40,1,wk inc rsv hosp,2026-10-17,quantile,0.975,10
2026-10-10,40,1,wk inc rsv hosp,2026-10-17,quantile,0.99,12.014999999999986
2026-10-10,40,2,wk inc rsv hosp,2026-10-24,quantile,0.01,0
2026-10-10,40,2,wk inc rsv hosp,2026-10-24,quantile,0.025,0
2026-10-10,40,2,wk inc rsv hosp,2026-10-24,quantile,0.05,0
2026-10-10,40,2,wk inc rsv hosp,2026-10-24,quantile,0.1,0.10119868639797455
2026-10-10,40,2,wk inc rsv hosp,2026-10-24,quantile,0.15,0.6602767940863992
2026-10-10,40,2,wk inc rsv hosp,2026-10-24,quantile,0.2,0.8071852503500316
2026-10-10,40,2,wk inc rsv hosp,2026-10-24,quantile,0.25,0.8956777081505762
2026-10-10,40,2,wk inc rsv hosp,2026-10-24,quantile,0.3,0.9854514253530227
2026-10-10,40,2,wk inc rsv hosp,2026-10-24,quantile,0.35,1.6256303099011733
2026-10-10,40,2,wk inc rsv hosp,2026-10-24,quantile,0.4,1.8356725639121383
2026-10-10,40,2,wk inc rsv hosp,2026-10-24,quantile,0.45,1.9254005082852466
2026-10-10,40,2,wk inc rsv hosp,2026-10-24,quantile,0.5,2.034209652497788
2026-10-10,40,2,wk inc rsv hosp,2026-10-24,quantile,0.55,2.6194612709229044
2026-10-10,40,2,wk inc rsv hosp,2026-10-24,quantile,0.6,2.652863078367368
2026-10-10,40,2,wk inc rsv hosp,2026-10-24,quantile,0.65,2.8401257452739292
2026-10-10,40,2,wk inc rsv hosp,2026-10-24,quantile,0.7,3.5
2026-10-10,40,2,wk inc rsv hosp,2026-10-24,quantile,0.75,4
2026-10-10,40,2,wk inc rsv hosp,2026-10-24,quantile,0.8,4.5
2026-10-10,40,2,wk inc rsv hosp,2026-10-24,quantile,0.85,6
2026-10-10,40,2,wk inc rsv hosp,2026-10-24,quantile,0.9,8
2026-10-10,40,2,wk inc rsv hosp,2026-10-24,quantile,0.95,10.5
2026-10-10,40,2,wk inc rsv hosp,2026-10-24,quantile,0.975,14.012499999999989
2026-10-10,40,2,wk inc rsv hosp,2026-10-24,quantile,0.99,19
2026-10-10,40,3,wk inc rsv hosp,2026-10-31,quantile,0.01,0
2026-10-10,40,3,wk inc rsv hosp,2026-10-31,quantile,0.025,0
2026-10-10,40,3,wk inc rsv hosp,2026-10-31,quantile,0.05,0
2026-10-10,40,3,wk inc rsv hosp,2026-10-31,quantile,0.1,0.6540453469828943
2026-10-10,40,3,wk inc rsv hosp,2026-10-31,quantile,0.15,1
2026-10-10,40,3,wk inc rsv hosp,2026-10-31,quantile,0.2,1
2026-10-10,40,3,wk inc rsv hosp,2026-10-31,quantile,0.25,1.889034233946589
2026-10-10,40,3,wk inc rsv hosp,2026-10-31,quantile,0.3,2
2026-10-10,40,3,wk inc rsv hosp,2026-10-31,quantile,0.35,2
2026-10-10,40,3,wk inc rsv hosp,2026-10-31,quantile,0.4,2
2026-10-10,40,3,wk inc rsv hosp,2026-10-31,quantile,0.45,3
2026-10-10,40,3,wk inc rsv hosp,2026-10-31,quantile,0.5,3
2026-10-10,40,3,wk inc rsv hosp,2026-10-31,quantile,0.55,3
2026-10-10,40,3,wk inc rsv hosp,2026-10-31,quantile,0.6,4
2026-10-10,40,3,wk inc rsv hosp,2026-10-31,quantile,0.65,4
2026-10-10,40,3,wk inc rsv hosp,2026-10-31,quantile,0.7,4
2026-10-10,40,3,wk inc rsv hosp,2026-10-31,quantile,0.75,5
2026-10-10,40,3,wk inc rsv hosp,2026-10-31,quantile,0.8,5
2026-10-10,40,3,wk inc rsv hosp,2026-10-31,quantile,0.85,6.3139426068274025
2026-10-10,40,3,wk inc rsv hosp,2026-10-31,quantile,0.9,9
2026-10-10,40,3,wk inc rsv hosp,2026-10-31,quantile,0.95,14
2026-10-10,40,3,wk inc rsv hosp,2026-10-31,quantile,0.975,19
2026-10-10,40,3,wk inc rsv hosp,2026-10-31,quantile,0.99,24.135586803132675
2026-10-10,41,-1,wk inc rsv hosp,2026-10-03,quantile,0.01,0
2026-10-10,41,-1,wk inc rsv hosp,2026-10-03,quantile,0.025,0
2026-10-10,41,-1,wk inc rsv hosp,2026-10-03,quantile,0.05,0
2026-10-10,41,-1,wk inc rsv hosp,2026-10-03,quantile,0.1,0
2026-10-10,41,-1,wk inc rsv hosp,2026-10-03,quantile,0.15,1
2026-10-10,41,-1,wk inc rsv hosp,2026-10-03,quantile,0.2,2
2026-10-10,41,-1,wk inc rsv hosp,2026-10-03,quantile,0.25,2
2026-10-10,41,-1,wk inc rsv hosp,2026-10-03,quantile,0.3,2
2026-10-10,41,-1,wk inc rsv hosp,2026-10-03,quantile,0.35,2
2026-10-10,41,-1,wk inc rsv hosp,2026-10-03,quantile,0.4,2
2026-10-10,41,-1,wk inc rsv hosp,2026-10-03,quantile,0.45,2
2026-10-10,41,-1,wk inc rsv hosp,2026-10-03,quantile,0.5,2
2026-10-10,41,-1,wk inc rsv hosp,2026-10-03,quantile,0.55,2
2026-10-10,41,-1,wk inc rsv hosp,2026-10-03,quantile,0.6,2
2026-10-10,41,-1,wk inc rsv hosp,2026-10-03,quantile,0.65,2
2026-10-10,41,-1,wk inc rsv hosp,2026-10-03,quantile,0.7,2
2026-10-10,41,-1,wk inc rsv hosp,2026-10-03,quantile,0.75,2
2026-10-10,41,-1,wk inc rsv hosp,2026-10-03,quantile,0.8,3
2026-10-10,41,-1,wk inc rsv hosp,2026-10-03,quantile,0.85,3
2026-10-10,41,-1,wk inc rsv hosp,2026-10-03,quantile,0.9,4
2026-10-10,41,-1,wk inc rsv hosp,2026-10-03,quantile,0.95,5
2026-10-10,41,-1,wk inc rsv hosp,2026-10-03,quantile,0.975,6
2026-10-10,41,-1,wk inc rsv hosp,2026-10-03,quantile,0.99,8
2026-10-10,41,0,wk inc rsv hosp,2026-10-10,quantile,0.01,0
2026-10-10,41,0,wk inc rsv hosp,2026-10-10,quantile,0.025,0
2026-10-10,41,0,wk inc rsv hosp,2026-10-10,quantile,0.05,0
2026-10-10,41,0,wk inc rsv hosp,2026-10-10,quantile,0.1,0
2026-10-10,41,0,wk inc rsv hosp,2026-10-10,quantile,0.15,0
2026-10-10,41,0,wk inc rsv hosp,2026-10-10,quantile,0.2,1
2026-10-10,41,0,wk inc rsv hosp,2026-10-10,quantile,0.25,1
2026-10-10,41,0,wk inc rsv hosp,2026-10-10,quantile,0.3,1
2026-10-10,41,0,wk inc rsv hosp,2026-10-10,quantile,0.35,1
2026-10-10,41,0,wk inc rsv hosp,2026-10-10,quantile,0.4,1
2026-10-10,41,0,wk inc rsv hosp,2026-10-10,quantile,0.45,1
2026-10-10,41,0,wk inc rsv hosp,2026-10-10,quantile,0.5,2
2026-10-10,41,0,wk inc rsv hosp,2026-10-10,quantile,0.55,2
2026-10-10,41,0,wk inc rsv hosp,2026-10-10,quantile,0.6,2
2026-10-10,41,0,wk inc rsv hosp,2026-10-10,quantile,0.65,2
2026-10-10,41,0,wk inc rsv hosp,2026-10-10,quantile,0.7,2
2026-10-10,41,0,wk inc rsv hosp,2026-10-10,quantile,0.75,3
2026-10-10,41,0,wk inc rsv hosp,2026-10-10,quantile,0.8,3
2026-10-10,41,0,wk inc rsv hosp,2026-10-10,quantile,0.85,3
2026-10-10,41,0,wk inc rsv hosp,2026-10-10,quantile,0.9,5
2026-10-10,41,0,wk inc rsv hosp,2026-10-10,quantile,0.95,6
2026-10-10,41,0,wk inc rsv hosp,2026-10-10,quantile,0.975,6
2026-10-10,41,0,wk inc rsv hosp,2026-10-10,quantile,0.99,10
2026-10-10,41,1,wk inc rsv hosp,2026-10-17,quantile,0.01,0
2026-10-10,41,1,wk inc rsv hosp,2026-10-17,quantile,0.025,0
2026-10-10,41,1,wk inc rsv hosp,2026-10-17,quantile,0.05,0
2026-10-10,41,1,wk inc rsv hosp,2026-10-17,quantile,0.1,0
2026-10-10,41,1,wk inc rsv hosp,2026-10-17,quantile,0.15,0
2026-10-10,41,1,wk inc rsv hosp,2026-10-17,quantile,0.2,1
2026-10-10,41,1,wk inc rsv hosp,2026-10-17,quantile,0.25,1
2026-10-10,41,1,wk inc rsv hosp,2026-10-17,quantile,0.3,1
2026-10-10,41,1,wk inc rsv hosp,2026-10-17,quantile,0.35,1
2026-10-10,41,1,wk inc rsv hosp,2026-10-17,quantile,0.4,2
2026-10-10,41,1,wk inc rsv hosp,2026-10-17,quantile,0.45,2
2026-10-10,41,1,wk inc rsv hosp,2026-10-17,quantile,0.5,2
2026-10-10,41,1,wk inc rsv hosp,2026-10-17,quantile,0.55,2
2026-10-10,41,1,wk inc rsv hosp,2026-10-17,quantile,0.6,2
2026-10-10,41,1,wk inc rsv hosp,2026-10-17,quantile,0.65,3
2026-10-10,41,1,wk inc rsv hosp,2026-10-17,quantile,0.7,3
2026-10-10,41,1,wk inc rsv hosp,2026-10-17,quantile,0.75,3
2026-10-10,41,1,wk inc rsv hosp,2026-10-17,quantile,0.8,4
2026-10-10,41,1,wk inc rsv hosp,2026-10-17,quantile,0.85,4.149999999999977
2026-10-10,41,1,wk inc rsv hosp,2026-10-17,quantile,0.9,5.106518442947403
2026-10-10,41,1,wk inc rsv hosp,2026-10-17,quantile,0.95,6.651814760570572
2026-10-10,41,1,wk inc rsv hosp,2026-10-17,quantile,0.975,7.740891461301233
2026-10-10,41,1,wk inc rsv hosp,2026-10-17,quantile,0.99,12
2026-10-10,41,2,wk inc rsv hosp,2026-10-24,quantile,0.01,0
2026-10-10,41,2,wk inc rsv hosp,2026-10-24,quantile,0.025,0
2026-10-10,41,2,wk inc rsv hosp,2026-10-24,quantile,0.05,0
2026-10-10,41,2,wk inc rsv hosp,2026-10-24,quantile,0.1,0
2026-10-10,41,2,wk inc rsv hosp,2026-10-24,quantile,0.15,0.9221357895039785
2026-10-10,41,2,wk inc rsv hosp,2026-10-24,quantile,0.2,1
2026-10-10,41,2,wk inc rsv hosp,2026-10-24,quantile,0.25,1
2026-10-10,41,2,wk inc rsv hosp,2026-10-24,quantile,0.3,1.634828727844264
2026-10-10,41,2,wk inc rsv hosp,2026-10-24,quantile,0.35,2
2026-10-10,41,2,wk inc rsv hosp,2026-10-24,quantile,0.4,2
2026-10-10,41,2,wk inc rsv hosp,2026-10-24,quantile,0.45,2
2026-10-10,41,2,wk inc rsv hosp,2026-10-24,quantile,0.5,2.493864729301931
2026-10-10,41,2,wk inc rsv hosp,2026-10-24,quantile,0.55,3
2026-10-10,41,2,wk inc rsv hosp,2026-10-24,quantile,0.6,3
2026-10-10,41,2,wk inc rsv hosp,2026-10-24,quantile,0.65,3
2026-10-10,41,2,wk inc rsv hosp,2026-10-24,quantile,0.7,4
2026-10-10,41,2,wk inc rsv hosp,2026-10-24,quantile,0.75,5
2026-10-10,41,2,wk inc rsv hosp,2026-10-24,quantile,0.8,5.747953414916991
2026-10-10,41,2,wk inc rsv hosp,2026-10-24,quantile,0.85,7
2026-10-10,41,2,wk inc rsv hosp,2026-10-24,quantile,0.9,9
2026-10-10,41,2,wk inc rsv hosp,2026-10-24,quantile,0.95,11.926940090842471
2026-10-10,41,2,wk inc rsv hosp,2026-10-24,quantile,0.975,13.177107391208196
2026-10-10,41,2,wk inc rsv hosp,2026-10-24,quantile,0.99,23
2026-10-10,41,3,wk inc rsv hosp,2026-10-31,quantile,0.01,0
2026-10-10,41,3,wk inc rsv hosp,2026-10-31,quantile,0.025,0
2026-10-10,41,3,wk inc rsv hosp,2026-10-31,quantile,0.05,0
2026-10-10,41,3,wk inc rsv hosp,2026-10-31,quantile,0.1,0.5
2026-10-10,41,3,wk inc rsv hosp,2026-10-31,quantile,0.15,0.5
2026-10-10,41,3,wk inc rsv hosp,2026-10-31,quantile,0.2,1
2026-10-10,41,3,wk inc rsv hosp,2026-10-31,quantile,0.25,1.5
2026-10-10,41,3,wk inc rsv hosp,2026-10-31,quantile,0.3,2
2026-10-10,41,3,wk inc rsv hosp,2026-10-31,quantile,0.35,2
2026-10-10,41,3,wk inc rsv hosp,2026-10-31,quantile,0.4,2.5
2026-10-10,41,3,wk inc rsv hosp,2026-10-31,quantile,0.45,3.3106113960029226
2026-10-10,41,3,wk inc rsv hosp,2026-10-31,quantile,0.5,3.3595558724306125
2026-10-10,41,3,wk inc rsv hosp,2026-10-31,quantile,0.55,3.4384984920784247
2026-10-10,41,3,wk inc rsv hosp,2026-10-31,quantile,0.6,4.114250726333098
2026-10-10,41,3,wk inc rsv hosp,2026-10-31,quantile,0.65,5.141862194043892
2026-10-10,41,3,wk inc rsv hosp,2026-10-31,quantile,0.7,5.269517776059605
2026-10-10,41,3,wk inc rsv hosp,2026-10-31,quantile,0.75,6.10189846126939
2026-10-10,41,3,wk inc rsv hosp,2026-10-31,quantile,0.8,8.418783187866211
2026-10-10,41,3,wk inc rsv hosp,2026-10-31,quantile,0.85,10.010500598039954
2026-10-10,41,3,wk inc rsv hosp,2026-10-31,quantile,0.9,13.44811496371634
2026-10-10,41,3,wk inc rsv hosp,2026-10-31,quantile,0.95,17.201518473961087
2026-10-10,41,3,wk inc rsv hosp,2026-10-31,quantile,0.975,19.963533720877653
2026-10-10,41,3,wk inc rsv hosp,2026-10-31,quantile,0.99,30.5
2026-10-10,42,-1,wk inc rsv hosp,2026-10-03,quantile,0.01,29
2026-10-10,42,-1,wk inc rsv hosp,2026-10-03,quantile,0.025,32
2026-10-10,42,-1,wk inc rsv hosp,2026-10-03,quantile,0.05,35
2026-10-10,42,-1,wk inc rsv hosp,2026-10-03,quantile,0.1,37
2026-10-10,42,-1,wk inc rsv hosp,2026-10-03,quantile,0.15,40
2026-10-10,42,-1,wk inc rsv hosp,2026-10-03,quantile,0.2,41
2026-10-10,42,-1,wk inc rsv hosp,2026-10-03,quantile,0.25,42
2026-10-10,42,-1,wk inc rsv hosp,2026-10-03,quantile,0.3,43
2026-10-10,42,-1,wk inc rsv hosp,2026-10-03,quantile,0.35,44
2026-10-10,42,-1,wk inc rsv hosp,2026-10-03,quantile,0.4,46
2026-10-10,42,-1,wk inc rsv hosp,2026-10-03,quantile,0.45,47
2026-10-10,42,-1,wk inc rsv hosp,2026-10-03,quantile,0.5,48
2026-10-10,42,-1,wk inc rsv hosp,2026-10-03,quantile,0.55,49
2026-10-10,42,-1,wk inc rsv hosp,2026-10-03,quantile,0.6,50
2026-10-10,42,-1,wk inc rsv hosp,2026-10-03,quantile,0.65,51
2026-10-10,42,-1,wk inc rsv hosp,2026-10-03,quantile,0.7,53
2026-10-10,42,-1,wk inc rsv hosp,2026-10-03,quantile,0.75,54
2026-10-10,42,-1,wk inc rsv hosp,2026-10-03,quantile,0.8,55
2026-10-10,42,-1,wk inc rsv hosp,2026-10-03,quantile,0.85,57
2026-10-10,42,-1,wk inc rsv hosp,2026-10-03,quantile,0.9,59
2026-10-10,42,-1,wk inc rsv hosp,2026-10-03,quantile,0.95,64
2026-10-10,42,-1,wk inc rsv hosp,2026-10-03,quantile,0.975,71
2026-10-10,42,-1,wk inc rsv hosp,2026-10-03,quantile,0.99,77
2026-10-10,42,0,wk inc rsv hosp,2026-10-10,quantile,0.01,18
2026-10-10,42,0,wk inc rsv hosp,2026-10-10,quantile,0.025,20.5
2026-10-10,42,0,wk inc rsv hosp,2026-10-10,quantile,0.05,24
2026-10-10,42,0,wk inc rsv hosp,2026-10-10,quantile,0.1,28
2026-10-10,42,0,wk inc rsv hosp,2026-10-10,quantile,0.15,32
2026-10-10,42,0,wk inc rsv hosp,2026-10-10,quantile,0.2,35
2026-10-10,42,0,wk inc rsv hosp,2026-10-10,quantile,0.25,38
2026-10-10,42,0,wk inc rsv hosp,2026-10-10,quantile,0.3,40
2026-10-10,42,0,wk inc rsv hosp,2026-10-10,quantile,0.35,42.42418960551948
2026-10-10,42,0,wk inc rsv hosp,2026-10-10,quantile,0.4,43.75174039107287
2026-10-10,42,0,wk inc rsv hosp,2026-10-10,quantile,0.45,45.5
2026-10-10,42,0,wk inc rsv hosp,2026-10-10,quantile,0.5,47.5
2026-10-10,42,0,wk inc rsv hosp,2026-10-10,quantile,0.55,50
2026-10-10,42,0,wk inc rsv hosp,2026-10-10,quantile,0.6,53
2026-10-10,42,0,wk inc rsv hosp,2026-10-10,quantile,0.65,56
2026-10-10,42,0,wk inc rsv hosp,2026-10-10,quantile,0.7,59
2026-10-10,42,0,wk inc rsv hosp,2026-10-10,quantile,0.75,63
2026-10-10,42,0,wk inc rsv hosp,2026-10-10,quantile,0.8,66.5
2026-10-10,42,0,wk inc rsv hosp,2026-10-10,quantile,0.85,70.5
2026-10-10,42,0,wk inc rsv hosp,2026-10-10,quantile,0.9,76
2026-10-10,42,0,wk inc rsv hosp,2026-10-10,quantile,0.95,85
2026-10-10,42,0,wk inc rsv hosp,2026-10-10,quantile,0.975,98.5
2026-10-10,42,0,wk inc rsv hosp,2026-10-10,quantile,0.99,103
2026-10-10,42,1,wk inc rsv hosp,2026-10-17,quantile,0.01,15
2026-10-10,42,1,wk inc rsv hosp,2026-10-17,quantile,0.025,19.5
2026-10-10,42,1,wk inc rsv hosp,2026-10-17,quantile,0.05,23.5
2026-10-10,42,1,wk inc rsv hosp,2026-10-17,quantile,0.1,28.5
2026-10-10,42,1,wk inc rsv hosp,2026-10-17,quantile,0.15,32
2026-10-10,42,1,wk inc rsv hosp,2026-10-17,quantile,0.2,35.5
2026-10-10,42,1,wk inc rsv hosp,2026-10-17,quantile,0.25,38.5
2026-10-10,42,1,wk inc rsv hosp,2026-10-17,quantile,0.3,41.349999999999966
2026-10-10,42,1,wk inc rsv hosp,2026-10-17,quantile,0.35,44.5
2026-10-10,42,1,wk inc rsv hosp,2026-10-17,quantile,0.4,47.5
2026-10-10,42,1,wk inc rsv hosp,2026-10-17,quantile,0.45,50.5
2026-10-10,42,1,wk inc rsv hosp,2026-10-17,quantile,0.5,53.87591318999373
2026-10-10,42,1,wk inc rsv hosp,2026-10-17,quantile,0.55,56.815163855128546
2026-10-10,42,1,wk inc rsv hosp,2026-10-17,quantile,0.6,58.652434848191334
2026-10-10,42,1,wk inc rsv hosp,2026-10-17,quantile,0.65,62.5
2026-10-10,42,1,wk inc rsv hosp,2026-10-17,quantile,0.7,66.5
2026-10-10,42,1,wk inc rsv hosp,2026-10-17,quantile,0.75,71.5
2026-10-10,42,1,wk inc rsv hosp,2026-10-17,quantile,0.8,77.5
2026-10-10,42,1,wk inc rsv hosp,2026-10-17,quantile,0.85,84.5
2026-10-10,42,1,wk inc rsv hosp,2026-10-17,quantile,0.9,93.5
2026-10-10,42,1,wk inc rsv hosp,2026-10-17,quantile,0.95,109.02499999999998
2026-10-10,42,1,wk inc rsv hosp,2026-10-17,quantile,0.975,128.5
2026-10-10,42,1,wk inc rsv hosp,2026-10-17,quantile,0.99,135
2026-10-10,42,2,wk inc rsv hosp,2026-10-24,quantile,0.01,13.495000000000001
2026-10-10,42,2,wk inc rsv hosp,2026-10-24,quantile,0.025,17.5
2026-10-10,42,2,wk inc rsv hosp,2026-10-24,quantile,0.05,21.5
2026-10-10,42,2,wk inc rsv hosp,2026-10-24,quantile,0.1,27.5
2026-10-10,42,2,wk inc rsv hosp,2026-10-24,quantile,0.15,32
2026-10-10,42,2,wk inc rsv hosp,2026-10-24,quantile,0.2,36
2026-10-10,42,2,wk inc rsv hosp,2026-10-24,quantile,0.25,40
2026-10-10,42,2,wk inc rsv hosp,2026-10-24,quantile,0.3,44
2026-10-10,42,2,wk inc rsv hosp,2026-10-24,quantile,0.35,47.5
2026-10-10,42,2,wk inc rsv hosp,2026-10-24,quantile,0.4,51.30000000000001
2026-10-10,42,2,wk inc rsv hosp,2026-10-24,quantile,0.45,55.5
2026-10-10,42,2,wk inc rsv hosp,2026-10-24,quantile,0.5,60.5
2026-10-10,42,2,wk inc rsv hosp,2026-10-24,quantile,0.55,65
2026-10-10,42,2,wk inc rsv hosp,2026-10-24,quantile,0.6,70.5
2026-10-10,42,2,wk inc rsv hosp,2026-10-24,quantile,0.65,75.18331951417693
2026-10-10,42,2,wk inc rsv hosp,2026-10-24,quantile,0.7,81.70675211034556
2026-10-10,42,2,wk inc rsv hosp,2026-10-24,quantile,0.75,87.37350456172221
2026-10-10,42,2,wk inc rsv hosp,2026-10-24,quantile,0.8,95.5
2026-10-10,42,2,wk inc rsv hosp,2026-10-24,quantile,0.85,105
2026-10-10,42,2,wk inc rsv hosp,2026-10-24,quantile,0.9,120
2026-10-10,42,2,wk inc rsv hosp,2026-10-24,quantile,0.95,145
2026-10-10,42,2,wk inc rsv hosp,2026-10-24,quantile,0.975,166.5
2026-10-10,42,2,wk inc rsv hosp,2026-10-24,quantile,0.99,192
2026-10-10,42,3,wk inc rsv hosp,2026-10-31,quantile,0.01,13.99
2026-10-10,42,3,wk inc rsv hosp,2026-10-31,quantile,0.025,19
2026-10-10,42,3,wk inc rsv hosp,2026-10-31,quantile,0.05,23
2026-10-10,42,3,wk inc rsv hosp,2026-10-31,quantile,0.1,29.900000000000006
2026-10-10,42,3,wk inc rsv hosp,2026-10-31,quantile,0.15,34
2026-10-10,42,3,wk inc rsv hosp,2026-10-31,quantile,0.2,39
2026-10-10,42,3,wk inc rsv hosp,2026-10-31,quantile,0.25,43.75
2026-10-10,42,3,wk inc rsv hosp,2026-10-31,quantile,0.3,49.69999999999999
2026-10-10,42,3,wk inc rsv hosp,2026-10-31,quantile,0.35,54
2026-10-10,42,3,wk inc rsv hosp,2026-10-31,quantile,0.4,58
2026-10-10,42,3,wk inc rsv hosp,2026-10-31,quantile,0.45,62
2026-10-10,42,3,wk inc rsv hosp,2026-10-31,quantile,0.5,69
2026-10-10,42,3,wk inc rsv hosp,2026-10-31,quantile,0.55,75
2026-10-10,42,3,wk inc rsv hosp,2026-10-31,quantile,0.6,81
2026-10-10,42,3,wk inc rsv hosp,2026-10-31,quantile,0.65,88
2026-10-10,42,3,wk inc rsv hosp,2026-10-31,quantile,0.7,94
2026-10-10,42,3,wk inc rsv hosp,2026-10-31,quantile,0.75,99.23579945647586
2026-10-10,42,3,wk inc rsv hosp,2026-10-31,quantile,0.8,107
2026-10-10,42,3,wk inc rsv hosp,2026-10-31,quantile,0.85,129
2026-10-10,42,3,wk inc rsv hosp,2026-10-31,quantile,0.9,143
2026-10-10,42,3,wk inc rsv hosp,2026-10-31,quantile,0.95,166
2026-10-10,42,3,wk inc rsv hosp,2026-10-31,quantile,0.975,184
2026-10-10,42,3,wk inc rsv hosp,2026-10-31,quantile,0.99,216
2026-10-10,44,-1,wk inc rsv hosp,2026-10-03,quantile,0.01,0
2026-10-10,44,-1,wk inc rsv hosp,2026-10-03,quantile,0.025,0
2026-10-10,44,-1,wk inc rsv hosp,2026-10-03,quantile,0.05,0
2026-10-10,44,-1,wk inc rsv hosp,2026-10-03,quantile,0.1,0
2026-10-10,44,-1,wk inc rsv hosp,2026-10-03,quantile,0.15,0
2026-10-10,44,-1,wk inc rsv hosp,2026-10-03,quantile,0.2,0
2026-10-10,44,-1,wk inc rsv hosp,2026-10-03,quantile,0.25,1
2026-10-10,44,-1,wk inc rsv hosp,2026-10-03,quantile,0.3,1
2026-10-10,44,-1,wk inc rsv hosp,2026-10-03,quantile,0.35,1
2026-10-10,44,-1,wk inc rsv hosp,2026-10-03,quantile,0.4,1
2026-10-10,44,-1,wk inc rsv hosp,2026-10-03,quantile,0.45,1
2026-10-10,44,-1,wk inc rsv hosp,2026-10-03,quantile,0.5,1
2026-10-10,44,-1,wk inc rsv hosp,2026-10-03,quantile,0.55,1
2026-10-10,44,-1,wk inc rsv hosp,2026-10-03,quantile,0.6,1
2026-10-10,44,-1,wk inc rsv hosp,2026-10-03,quantile,0.65,2
2026-10-10,44,-1,wk inc rsv hosp,2026-10-03,quantile,0.7,2
2026-10-10,44,-1,wk inc rsv hosp,2026-10-03,quantile,0.75,2
2026-10-10,44,-1,wk inc rsv hosp,2026-10-03,quantile,0.8,3
2026-10-10,44,-1,wk inc rsv hosp,2026-10-03,quantile,0.85,3
2026-10-10,44,-1,wk inc rsv hosp,2026-10-03,quantile,0.9,3
2026-10-10,44,-1,wk inc rsv hosp,2026-10-03,quantile,0.95,4
2026-10-10,44,-1,wk inc rsv hosp,2026-10-03,quantile,0.975,5
2026-10-10,44,-1,wk inc rsv hosp,2026-10-03,quantile,0.99,7
2026-10-10,44,0,wk inc rsv hosp,2026-10-10,quantile,0.01,0
2026-10-10,44,0,wk inc rsv hosp,2026-10-10,quantile,0.025,0
2026-10-10,44,0,wk inc rsv hosp,2026-10-10,quantile,0.05,0
2026-10-10,44,0,wk inc rsv hosp,2026-10-10,quantile,0.1,0
2026-10-10,44,0,wk inc rsv hosp,2026-10-10,quantile,0.15,0
2026-10-10,44,0,wk inc rsv hosp,2026-10-10,quantile,0.2,0
2026-10-10,44,0,wk inc rsv hosp,2026-10-10,quantile,0.25,0.5
2026-10-10,44,0,wk inc rsv hosp,2026-10-10,quantile,0.3,1
2026-10-10,44,0,wk inc rsv hosp,2026-10-10,quantile,0.35,1
2026-10-10,44,0,wk inc rsv hosp,2026-10-10,quantile,0.4,1
2026-10-10,44,0,wk inc rsv hosp,2026-10-10,quantile,0.45,1
2026-10-10,44,0,wk inc rsv hosp,2026-10-10,quantile,0.5,2
2026-10-10,44,0,wk inc rsv hosp,2026-10-10,quantile,0.55,2
2026-10-10,44,0,wk inc rsv hosp,2026-10-10,quantile,0.6,2
2026-10-10,44,0,wk inc rsv hosp,2026-10-10,quantile,0.65,2.4675512577830965
2026-10-10,44,0,wk inc rsv hosp,2026-10-10,quantile,0.7,2.5
2026-10-10,44,0,wk inc rsv hosp,2026-10-10,quantile,0.75,3.0928886994074913
2026-10-10,44,0,wk inc rsv hosp,2026-10-10,quantile,0.8,3.331760640674839
2026-10-10,44,0,wk inc rsv hosp,2026-10-10,quantile,0.85,3.383448195761008
2026-10-10,44,0,wk inc rsv hosp,2026-10-10,quantile,0.9,4.055970030741833
2026-10-10,44,0,wk inc rsv hosp,2026-10-10,quantile,0.95,4.622246901329259
2026-10-10,44,0,wk inc rsv hosp,2026-10-10,quantile,0.975,5.924419541388836
2026-10-10,44,0,wk inc rsv hosp,2026-10-10,quantile,0.99,7.443831941522578
2026-10-10,44,1,wk inc rsv hosp,2026-10-17,quantile,0.01,0
2026-10-10,44,1,wk inc rsv hosp,2026-10-17,quantile,0.025,0
2026-10-10,44,1,wk inc rsv hosp,2026-10-17,quantile,0.05,0
2026-10-10,44,1,wk inc rsv hosp,2026-10-17,quantile,0.1,0
2026-10-10,44,1,wk inc rsv hosp,2026-10-17,quantile,0.15,0
2026-10-10,44,1,wk inc rsv hosp,2026-10-17,quantile,0.2,0.5
2026-10-10,44,1,wk inc rsv hosp,2026-10-17,quantile,0.25,0.5
2026-10-10,44,1,wk inc rsv hosp,2026-10-17,quantile,0.3,1
2026-10-10,44,1,wk inc rsv hosp,2026-10-17,quantile,0.35,1
2026-10-10,44,1,wk inc rsv hosp,2026-10-17,quantile,0.4,1
2026-10-10,44,1,wk inc rsv hosp,2026-10-17,quantile,0.45,1.5
2026-10-10,44,1,wk inc rsv hosp,2026-10-17,quantile,0.5,2
2026-10-10,44,1,wk inc rsv hosp,2026-10-17,quantile,0.55,2
2026-10-10,44,1,wk inc rsv hosp,2026-10-17,quantile,0.6,2.5
2026-10-10,44,1,wk inc rsv hosp,2026-10-17,quantile,0.65,2.5
2026-10-10,44,1,wk inc rsv hosp,2026-10-17,quantile,0.7,3.5
2026-10-10,44,1,wk inc rsv hosp,2026-10-17,quantile,0.75,3.6922045883958003
2026-10-10,44,1,wk inc rsv hosp,2026-10-17,quantile,0.8,3.790330665133287
2026-10-10,44,1,wk inc rsv hosp,2026-10-17,quantile,0.85,4.3318808540057265
2026-10-10,44,1,wk inc rsv hosp,2026-10-17,quantile,0.9,4.4449240321043915
2026-10-10,44,1,wk inc rsv hosp,2026-10-17,quantile,0.95,5.281169408647155
2026-10-10,44,1,wk inc rsv hosp,2026-10-17,quantile,0.975,7.009768080736328
2026-10-10,44,1,wk inc rsv hosp,2026-10-17,quantile,0.99,8.736330157852336
2026-10-10,44,2,wk inc rsv hosp,2026-10-24,quantile,0.01,0
2026-10-10,44,2,wk inc rsv hosp,2026-10-24,quantile,0.025,0
2026-10-10,44,2,wk inc rsv hosp,2026-10-24,quantile,0.05,0
2026-10-10,44,2,wk inc rsv hosp,2026-10-24,quantile,0.1,0
2026-10-10,44,2,wk inc rsv hosp,2026-10-24,quantile,0.15,0
2026-10-10,44,2,wk inc rsv hosp,2026-10-24,quantile,0.2,0.5
2026-10-10,44,2,wk inc rsv hosp,2026-10-24,quantile,0.25,0.5
2026-10-10,44,2,wk inc rsv hosp,2026-10-24,quantile,0.3,1
2026-10-10,44,2,wk inc rsv hosp,2026-10-24,quantile,0.35,1
2026-10-10,44,2,wk inc rsv hosp,2026-10-24,quantile,0.4,1
2026-10-10,44,2,wk inc rsv hosp,2026-10-24,quantile,0.45,2
2026-10-10,44,2,wk inc rsv hosp,2026-10-24,quantile,0.5,2
2026-10-10,44,2,wk inc rsv hosp,2026-10-24,quantile,0.55,2
2026-10-10,44,2,wk inc rsv hosp,2026-10-24,quantile,0.6,3
2026-10-10,44,2,wk inc rsv hosp,2026-10-24,quantile,0.65,3.5
2026-10-10,44,2,wk inc rsv hosp,2026-10-24,quantile,0.7,4
2026-10-10,44,2,wk inc rsv hosp,2026-10-24,quantile,0.75,4.942214987907359
2026-10-10,44,2,wk inc rsv hosp,2026-10-24,quantile,0.8,5.069072988070932
2026-10-10,44,2,wk inc rsv hosp,2026-10-24,quantile,0.85,5.650093891342991
2026-10-10,44,2,wk inc rsv hosp,2026-10-24,quantile,0.9,5.713620113903668
2026-10-10,44,2,wk inc rsv hosp,2026-10-24,quantile,0.95,7.946358288668587
2026-10-10,44,2,wk inc rsv hosp,2026-10-24,quantile,0.975,10.507535626752468
2026-10-10,44,2,wk inc rsv hosp,2026-10-24,quantile,0.99,14.100285475305547
2026-10-10,44,3,wk inc rsv hosp,2026-10-31,quantile,0.01,0
2026-10-10,44,3,wk inc rsv hosp,2026-10-31,quantile,0.025,0
2026-10-10,44,3,wk inc rsv hosp,2026-10-31,quantile,0.05,0
2026-10-10,44,3,wk inc rsv hosp,2026-10-31,quantile,0.1,0
2026-10-10,44,3,wk inc rsv hosp,2026-10-31,quantile,0.15,0
2026-10-10,44,3,wk inc rsv hosp,2026-10-31,quantile,0.2,1
2026-10-10,44,3,wk inc rsv hosp,2026-10-31,quantile,0.25,1
2026-10-10,44,3,wk inc rsv hosp,2026-10-31,quantile,0.3,1
2026-10-10,44,3,wk inc rsv hosp,2026-10-31,quantile,0.35,1
2026-10-10,44,3,wk inc rsv hosp,2026-10-31,quantile,0.4,2
2026-10-10,44,3,wk inc rsv hosp,2026-10-31,quantile,0.45,2
2026-10-10,44,3,wk inc rsv hosp,2026-10-31,quantile,0.5,3
2026-10-10,44,3,wk inc rsv hosp,2026-10-31,quantile,0.55,3
2026-10-10,44,3,wk inc rsv hosp,2026-10-31,quantile,0.6,4
2026-10-10,44,3,wk inc rsv hosp,2026-10-31,quantile,0.65,5
2026-10-10,44,3,wk inc rsv hosp,2026-10-31,quantile,0.7,6
2026-10-10,44,3,wk inc rsv hosp,2026-10-31,quantile,0.75,8
2026-10-10,44,3,wk inc rsv hosp,2026-10-31,quantile,0.8,9.655052880276678
2026-10-10,44,3,wk inc rsv hosp,2026-10-31,quantile,0.85,9.842556626743402
2026-10-10,44,3,wk inc rsv hosp,2026-10-31,quantile,0.9,11.03505906257365
2026-10-10,44,3,wk inc rsv hosp,2026-10-31,quantile,0.95,12.950680827345005
2026-10-10,44,3,wk inc rsv hosp,2026-10-31,quantile,0.975,14.00686305201344
2026-10-10,44,3,wk inc rsv hosp,2026-10-31,quantile,0.99,14.649108467760286
2026-10-10,45,-1,wk inc rsv hosp,2026-10-03,quantile,0.01,1
2026-10-10,45,-1,wk inc rsv hosp,2026-10-03,quantile,0.025,3
2026-10-10,45,-1,wk inc rsv hosp,2026-10-03,quantile,0.05,4
2026-10-10,45,-1,wk inc rsv hosp,2026-10-03,quantile,0.1,5
2026-10-10,45,-1,wk inc rsv hosp,2026-10-03,quantile,0.15,6
2026-10-10,45,-1,wk inc rsv hosp,2026-10-03,quantile,0.2,6
2026-10-10,45,-1,wk inc rsv hosp,2026-10-03,quantile,0.25,6
2026-10-10,45,-1,wk inc rsv hosp,2026-10-03,quantile,0.3,6
2026-10-10,45,-1,wk inc rsv hosp,2026-10-03,quantile,0.35,7
2026-10-10,45,-1,wk inc rsv hosp,2026-10-03,quantile,0.4,7
2026-10-10,45,-1,wk inc rsv hosp,2026-10-03,quantile,0.45,7
2026-10-10,45,-1,wk inc rsv hosp,2026-10-03,quantile,0.5,8
2026-10-10,45,-1,wk inc rsv hosp,2026-10-03,quantile,0.55,8
2026-10-10,45,-1,wk inc rsv hosp,2026-10-03,quantile,0.6,8
2026-10-10,45,-1,wk inc rsv hosp,2026-10-03,quantile,0.65,9
2026-10-10,45,-1,wk inc rsv hosp,2026-10-03,quantile,0.7,9
2026-10-10,45,-1,wk inc rsv hosp,2026-10-03,quantile,0.75,10
2026-10-10,45,-1,wk inc rsv hosp,2026-10-03,quantile,0.8,10
2026-10-10,45,-1,wk inc rsv hosp,2026-10-03,quantile,0.85,11
2026-10-10,45,-1,wk inc rsv hosp,2026-10-03,quantile,0.9,12
2026-10-10,45,-1,wk inc rsv hosp,2026-10-03,quantile,0.95,13
2026-10-10,45,-1,wk inc rsv hosp,2026-10-03,quantile,0.975,14
2026-10-10,45,-1,wk inc rsv hosp,2026-10-03,quantile,0.99,15
2026-10-10,45,0,wk inc rsv hosp,2026-10-10,quantile,0.01,2.877282199785819
2026-10-10,45,0,wk inc rsv hosp,2026-10-10,quantile,0.025,3
2026-10-10,45,0,wk inc rsv hosp,2026-10-10,quantile,0.05,4
2026-10-10,45,0,wk inc rsv hosp,2026-10-10,quantile,0.1,5.5
2026-10-10,45,0,wk inc rsv hosp,2026-10-10,quantile,0.15,6
2026-10-10,45,0,wk inc rsv hosp,2026-10-10,quantile,0.2,7
2026-10-10,45,0,wk inc rsv hosp,2026-10-10,quantile,0.25,7.5
2026-10-10,45,0,wk inc rsv hosp,2026-10-10,quantile,0.3,8
2026-10-10,45,0,wk inc rsv hosp,2026-10-10,quantile,0.35,8.5
2026-10-10,45,0,wk inc rsv hosp,2026-10-10,quantile,0.4,9
2026-10-10,45,0,wk inc rsv hosp,2026-10-10,quantile,0.45,10
2026-10-10,45,0,wk inc rsv hosp,2026-10-10,quantile,0.5,10.5
2026-10-10,45,0,wk inc rsv hosp,2026-10-10,quantile,0.55,11
2026-10-10,45,0,wk inc rsv hosp,2026-10-10,quantile,0.6,11.44658399891678
2026-10-10,45,0,wk inc rsv hosp,2026-10-10,quantile,0.65,12.014639756927597
2026-10-10,45,0,wk inc rsv hosp,2026-10-10,quantile,0.7,12.638938717846768
2026-10-10,45,0,wk inc rsv hosp,2026-10-10,quantile,0.75,13.557634247328998
2026-10-10,45,0,wk inc rsv hosp,2026-10-10,quantile,0.8,14.815582857774228
2026-10-10,45,0,wk inc rsv hosp,2026-10-10,quantile,0.85,16.028959747484755
2026-10-10,45,0,wk inc rsv hosp,2026-10-10,quantile,0.9,18.431674438705766
2026-10-10,45,0,wk inc rsv hosp,2026-10-10,quantile,0.95,21.353871617982147
2026-10-10,45,0,wk inc rsv hosp,2026-10-10,quantile,0.975,23
2026-10-10,45,0,wk inc rsv hosp,2026-10-10,quantile,0.99,24.5
2026-10-10,45,1,wk inc rsv hosp,2026-10-17,quantile,0.01,2.020307759787923
2026-10-10,45,1,wk inc rsv hosp,2026-10-17,quantile,0.025,3.435244200502922
2026-10-10,45,1,wk inc rsv hosp,2026-10-17,quantile,0.05,4.5
2026-10-10,45,1,wk inc rsv hosp,2026-10-17,quantile,0.1,6
2026-10-10,45,1,wk inc rsv hosp,2026-10-17,quantile,0.15,7
2026-10-10,45,1,wk inc rsv hosp,2026-10-17,quantile,0.2,7.5
2026-10-10,45,1,wk inc rsv hosp,2026-10-17,quantile,0.25,8
2026-10-10,45,1,wk inc rsv hosp,2026-10-17,quantile,0.3,8.5
2026-10-10,45,1,wk inc rsv hosp,2026-10-17,quantile,0.35,9.5
2026-10-10,45,1,wk inc rsv hosp,2026-10-17,quantile,0.4,10
2026-10-10,45,1,wk inc rsv hosp,2026-10-17,quantile,0.45,11
2026-10-10,45,1,wk inc rsv hosp,2026-10-17,quantile,0.5,12
2026-10-10,45,1,wk inc rsv hosp,2026-10-17,quantile,0.55,13
2026-10-10,45,1,wk inc rsv hosp,2026-10-17,quantile,0.6,13.535316003179082
2026-10-10,45,1,wk inc rsv hosp,2026-10-17,quantile,0.65,14.385254630732714
2026-10-10,45,1,wk inc rsv hosp,2026-10-17,quantile,0.7,15.920189476568748
2026-10-10,45,1,wk inc rsv hosp,2026-10-17,quantile,0.75,17.620313944662584
2026-10-10,45,1,wk inc rsv hosp,2026-10-17,quantile,0.8,19.5
2026-10-10,45,1,wk inc rsv hosp,2026-10-17,quantile,0.85,22
2026-10-10,45,1,wk inc rsv hosp,2026-10-17,quantile,0.9,24.432655803958642
2026-10-10,45,1,wk inc rsv hosp,2026-10-17,quantile,0.95,27.208782549474893
2026-10-10,45,1,wk inc rsv hosp,2026-10-17,quantile,0.975,30.5
2026-10-10,45,1,wk inc rsv hosp,2026-10-17,quantile,0.99,35
2026-10-10,45,2,wk inc rsv hosp,2026-10-24,quantile,0.01,3
2026-10-10,45,2,wk inc rsv hosp,2026-10-24,quantile,0.025,3.5
2026-10-10,45,2,wk inc rsv hosp,2026-10-24,quantile,0.05,4.5
2026-10-10,45,2,wk inc rsv hosp,2026-10-24,quantile,0.1,6
2026-10-10,45,2,wk inc rsv hosp,2026-10-24,quantile,0.15,7
2026-10-10,45,2,wk inc rsv hosp,2026-10-24,quantile,0.2,7.5
2026-10-10,45,2,wk inc rsv hosp,2026-10-24,quantile,0.25,8.5
2026-10-10,45,2,wk inc rsv hosp,2026-10-24,quantile,0.3,9.5
2026-10-10,45,2,wk inc rsv hosp,2026-10-24,quantile,0.35,10
2026-10-10,45,2,wk inc rsv hosp,2026-10-24,quantile,0.4,11
2026-10-10,45,2,wk inc rsv hosp,2026-10-24,quantile,0.45,12
2026-10-10,45,2,wk inc rsv hosp,2026-10-24,quantile,0.5,13.5
2026-10-10,45,2,wk inc rsv hosp,2026-10-24,quantile,0.55,14.5
2026-10-10,45,2,wk inc rsv hosp,2026-10-24,quantile,0.6,16.5
2026-10-10,45,2,wk inc rsv hosp,2026-10-24,quantile,0.65,18
2026-10-10,45,2,wk inc rsv hosp,2026-10-24,quantile,0.7,20
2026-10-10,45,2,wk inc rsv hosp,2026-10-24,quantile,0.75,23
2026-10-10,45,2,wk inc rsv hosp,2026-10-24,quantile,0.8,25.600000000000023
2026-10-10,45,2,wk inc rsv hosp,2026-10-24,quantile,0.85,28.057691043537133
2026-10-10,45,2,wk inc rsv hosp,2026-10-24,quantile,0.9,34.584491678317036
2026-10-10,45,2,wk inc rsv hosp,2026-10-24,quantile,0.95,42
2026-10-10,45,2,wk inc rsv hosp,2026-10-24,quantile,0.975,46.5
2026-10-10,45,2,wk inc rsv hosp,2026-10-24,quantile,0.99,55.5
2026-10-10,45,3,wk inc rsv hosp,2026-10-31,quantile,0.01,3
2026-10-10,45,3,wk inc rsv hosp,2026-10-31,quantile,0.025,4
2026-10-10,45,3,wk inc rsv hosp,2026-10-31,quantile,0.05,4
2026-10-10,45,3,wk inc rsv hosp,2026-10-31,quantile,0.1,6
2026-10-10,45,3,wk inc rsv hosp,2026-10-31,quantile,0.15,7
2026-10-10,45,3,wk inc rsv hosp,2026-10-31,quantile,0.2,8
2026-10-10,45,3,wk inc rsv hosp,2026-10-31,quantile,0.25,9
2026-10-10,45,3,wk inc rsv hosp,2026-10-31,quantile,0.3,10
2026-10-10,45,3,wk inc rsv hosp,2026-10-31,quantile,0.35,12
2026-10-10,45,3,wk inc rsv hosp,2026-10-31,quantile,0.4,13
2026-10-10,45,3,wk inc rsv hosp,2026-10-31,quantile,0.45,15
2026-10-10,45,3,wk inc rsv hosp,2026-10-31,quantile,0.5,17
2026-10-10,45,3,wk inc rsv hosp,2026-10-31,quantile,0.55,19
2026-10-10,45,3,wk inc rsv hosp,2026-10-31,quantile,0.6,21
2026-10-10,45,3,wk inc rsv hosp,2026-10-31,quantile,0.65,24
2026-10-10,45,3,wk inc rsv hosp,2026-10-31,quantile,0.7,26
2026-10-10,45,3,wk inc rsv hosp,2026-10-31,quantile,0.75,31
2026-10-10,45,3,wk inc rsv hosp,2026-10-31,quantile,0.8,37
2026-10-10,45,3,wk inc rsv hosp,2026-10-31,quantile,0.85,44
2026-10-10,45,3,wk inc rsv hosp,2026-10-31,quantile,0.9,52.95233535955561
2026-10-10,45,3,wk inc rsv hosp,2026-10-31,quantile,0.95,67
2026-10-10,45,3,wk inc rsv hosp,2026-10-31,quantile,0.975,67
2026-10-10,45,3,wk inc rsv hosp,2026-10-31,quantile,0.99,67
2026-10-10,46,-1,wk inc rsv hosp,2026-10-03,quantile,0.01,0
2026-10-10,46,-1,wk inc rsv hosp,2026-10-03,quantile,0.025,1
2026-10-10,46,-1,wk inc rsv hosp,2026-10-03,quantile,0.05,1
2026-10-10,46,-1,wk inc rsv hosp,2026-10-03,quantile,0.1,2
2026-10-10,46,-1,wk inc rsv hosp,2026-10-03,quantile,0.15,2
2026-10-10,46,-1,wk inc rsv hosp,2026-10-03,quantile,0.2,2
2026-10-10,46,-1,wk inc rsv hosp,2026-10-03,quantile,0.25,2
2026-10-10,46,-1,wk inc rsv hosp,2026-10-03,quantile,0.3,2
2026-10-10,46,-1,wk inc rsv hosp,2026-10-03,quantile,0.35,2
2026-10-10,46,-1,wk inc rsv hosp,2026-10-03,quantile,0.4,2
2026-10-10,46,-1,wk inc rsv hosp,2026-10-03,quantile,0.45,2
2026-10-10,46,-1,wk inc rsv hosp,2026-10-03,quantile,0.5,2
2026-10-10,46,-1,wk inc rsv hosp,2026-10-03,quantile,0.55,2
2026-10-10,46,-1,wk inc rsv hosp,2026-10-03,quantile,0.6,3
2026-10-10,46,-1,wk inc rsv hosp,2026-10-03,quantile,0.65,3
2026-10-10,46,-1,wk inc rsv hosp,2026-10-03,quantile,0.7,3
2026-10-10,46,-1,wk inc rsv hosp,2026-10-03,quantile,0.75,3
2026-10-10,46,-1,wk inc rsv hosp,2026-10-03,quantile,0.8,3
2026-10-10,46,-1,wk inc rsv hosp,2026-10-03,quantile,0.85,4
2026-10-10,46,-1,wk inc rsv hosp,2026-10-03,quantile,0.9,4
2026-10-10,46,-1,wk inc rsv hosp,2026-10-03,quantile,0.95,5
2026-10-10,46,-1,wk inc rsv hosp,2026-10-03,quantile,0.975,5
2026-10-10,46,-1,wk inc rsv hosp,2026-10-03,quantile,0.99,6
2026-10-10,46,0,wk inc rsv hosp,2026-10-10,quantile,0.01,0
2026-10-10,46,0,wk inc rsv hosp,2026-10-10,quantile,0.025,0
2026-10-10,46,0,wk inc rsv hosp,2026-10-10,quantile,0.05,0
2026-10-10,46,0,wk inc rsv hosp,2026-10-10,quantile,0.1,0.3507908563876865
2026-10-10,46,0,wk inc rsv hosp,2026-10-10,quantile,0.15,0.9555770103596479
2026-10-10,46,0,wk inc rsv hosp,2026-10-10,quantile,0.2,1.0275753038642217
2026-10-10,46,0,wk inc rsv hosp,2026-10-10,quantile,0.25,1.067910256799639
2026-10-10,46,0,wk inc rsv hosp,2026-10-10,quantile,0.3,1.1765407566188855
2026-10-10,46,0,wk inc rsv hosp,2026-10-10,quantile,0.35,1.7256547388285945
2026-10-10,46,0,wk inc rsv hosp,2026-10-10,quantile,0.4,1.7764349949138833
2026-10-10,46,0,wk inc rsv hosp,2026-10-10,quantile,0.45,1.789643126794723
2026-10-10,46,0,wk inc rsv hosp,2026-10-10,quantile,0.5,1.8469150427719105
2026-10-10,46,0,wk inc rsv hosp,2026-10-10,quantile,0.55,2.3928131443896703
2026-10-10,46,0,wk inc rsv hosp,2026-10-10,quantile,0.6,2.703621134961751
2026-10-10,46,0,wk inc rsv hosp,2026-10-10,quantile,0.65,2.7334082344204207
2026-10-10,46,0,wk inc rsv hosp,2026-10-10,quantile,0.7,2.7937022245359175
2026-10-10,46,0,wk inc rsv hosp,2026-10-10,quantile,0.75,2.9081613770269445
2026-10-10,46,0,wk inc rsv hosp,2026-10-10,quantile,0.8,3
2026-10-10,46,0,wk inc rsv hosp,2026-10-10,quantile,0.85,3.3451035825851774
2026-10-10,46,0,wk inc rsv hosp,2026-10-10,quantile,0.9,4.129147540204443
2026-10-10,46,0,wk inc rsv hosp,2026-10-10,quantile,0.95,4.766643956560519
2026-10-10,46,0,wk inc rsv hosp,2026-10-10,quantile,0.975,5.1052158774229595
2026-10-10,46,0,wk inc rsv hosp,2026-10-10,quantile,0.99,6.443499216916765
2026-10-10,46,1,wk inc rsv hosp,2026-10-17,quantile,0.01,0
2026-10-10,46,1,wk inc rsv hosp,2026-10-17,quantile,0.025,0
2026-10-10,46,1,wk inc rsv hosp,2026-10-17,quantile,0.05,0.1692100018091406
2026-10-10,46,1,wk inc rsv hosp,2026-10-17,quantile,0.1,0.22453601098511647
2026-10-10,46,1,wk inc rsv hosp,2026-10-17,quantile,0.15,0.8237605481046678
2026-10-10,46,1,wk inc rsv hosp,2026-10-17,quantile,0.2,0.8496521384892362
2026-10-10,46,1,wk inc rsv hosp,2026-10-17,quantile,0.25,1
2026-10-10,46,1,wk inc rsv hosp,2026-10-17,quantile,0.3,1.5
2026-10-10,46,1,wk inc rsv hosp,2026-10-17,quantile,0.35,1.5135065676187303
2026-10-10,46,1,wk inc rsv hosp,2026-10-17,quantile,0.4,1.5459691975345813
2026-10-10,46,1,wk inc rsv hosp,2026-10-17,quantile,0.45,1.6265762147222491
2026-10-10,46,1,wk inc rsv hosp,2026-10-17,quantile,0.5,2.5
2026-10-10,46,1,wk inc rsv hosp,2026-10-17,quantile,0.55,2.5
2026-10-10,46,1,wk inc rsv hosp,2026-10-17,quantile,0.6,2.5
2026-10-10,46,1,wk inc rsv hosp,2026-10-17,quantile,0.65,2.5
2026-10-10,46,1,wk inc rsv hosp,2026-10-17,quantile,0.7,3
2026-10-10,46,1,wk inc rsv hosp,2026-10-17,quantile,0.75,3.5
2026-10-10,46,1,wk inc rsv hosp,2026-10-17,quantile,0.8,4
2026-10-10,46,1,wk inc rsv hosp,2026-10-17,quantile,0.85,4
2026-10-10,46,1,wk inc rsv hosp,2026-10-17,quantile,0.9,4.5
2026-10-10,46,1,wk inc rsv hosp,2026-10-17,quantile,0.95,6
2026-10-10,46,1,wk inc rsv hosp,2026-10-17,quantile,0.975,7.5
2026-10-10,46,1,wk inc rsv hosp,2026-10-17,quantile,0.99,9.504999999999995
2026-10-10,46,2,wk inc rsv hosp,2026-10-24,quantile,0.01,0
2026-10-10,46,2,wk inc rsv hosp,2026-10-24,quantile,0.025,0
2026-10-10,46,2,wk inc rsv hosp,2026-10-24,quantile,0.05,0.08965206649680074
2026-10-10,46,2,wk inc rsv hosp,2026-10-24,quantile,0.1,0.18544749444297193
2026-10-10,46,2,wk inc rsv hosp,2026-10-24,quantile,0.15,0.7761762780519663
2026-10-10,46,2,wk inc rsv hosp,2026-10-24,quantile,0.2,1
2026-10-10,46,2,wk inc rsv hosp,2026-10-24,quantile,0.25,1.5
2026-10-10,46,2,wk inc rsv hosp,2026-10-24,quantile,0.3,1.5
2026-10-10,46,2,wk inc rsv hosp,2026-10-24,quantile,0.35,1.5751727188991265
2026-10-10,46,2,wk inc rsv hosp,2026-10-24,quantile,0.4,1.6509389799474863
2026-10-10,46,2,wk inc rsv hosp,2026-10-24,quantile,0.45,2
2026-10-10,46,2,wk inc rsv hosp,2026-10-24,quantile,0.5,2.5
2026-10-10,46,2,wk inc rsv hosp,2026-10-24,quantile,0.55,2.5
2026-10-10,46,2,wk inc rsv hosp,2026-10-24,quantile,0.6,3
2026-10-10,46,2,wk inc rsv hosp,2026-10-24,quantile,0.65,3
2026-10-10,46,2,wk inc rsv hosp,2026-10-24,quantile,0.7,4
2026-10-10,46,2,wk inc rsv hosp,2026-10-24,quantile,0.75,4
2026-10-10,46,2,wk inc rsv hosp,2026-10-24,quantile,0.8,4.5
2026-10-10,46,2,wk inc rsv hosp,2026-10-24,quantile,0.85,5.5
2026-10-10,46,2,wk inc rsv hosp,2026-10-24,quantile,0.9,6.5
2026-10-10,46,2,wk inc rsv hosp,2026-10-24,quantile,0.95,9
2026-10-10,46,2,wk inc rsv hosp,2026-10-24,quantile,0.975,11.512499999999989
2026-10-10,46,2,wk inc rsv hosp,2026-10-24,quantile,0.99,15.004999999999995
2026-10-10,46,3,wk inc rsv hosp,2026-10-31,quantile,0.01,0
2026-10-10,46,3,wk inc rsv hosp,2026-10-31,quantile,0.025,0
2026-10-10,46,3,wk inc rsv hosp,2026-10-31,quantile,0.05,0
2026-10-10,46,3,wk inc rsv hosp,2026-10-31,quantile,0.1,0.38835778589412184
2026-10-10,46,3,wk inc rsv hosp,2026-10-31,quantile,0.15,1
2026-10-10,46,3,wk inc rsv hosp,2026-10-31,quantile,0.2,1
2026-10-10,46,3,wk inc rsv hosp,2026-10-31,quantile,0.25,2
2026-10-10,46,3,wk inc rsv hosp,2026-10-31,quantile,0.3,2
2026-10-10,46,3,wk inc rsv hosp,2026-10-31,quantile,0.35,2
2026-10-10,46,3,wk inc rsv hosp,2026-10-31,quantile,0.4,2
2026-10-10,46,3,wk inc rsv hosp,2026-10-31,quantile,0.45,2
2026-10-10,46,3,wk inc rsv hosp,2026-10-31,quantile,0.5,3
2026-10-10,46,3,wk inc rsv hosp,2026-10-31,quantile,0.55,3
2026-10-10,46,3,wk inc rsv hosp,2026-10-31,quantile,0.6,3
2026-10-10,46,3,wk inc rsv hosp,2026-10-31,quantile,0.65,3
2026-10-10,46,3,wk inc rsv hosp,2026-10-31,quantile,0.7,4
2026-10-10,46,3,wk inc rsv hosp,2026-10-31,quantile,0.75,4
2026-10-10,46,3,wk inc rsv hosp,2026-10-31,quantile,0.8,5
2026-10-10,46,3,wk inc rsv hosp,2026-10-31,quantile,0.85,5
2026-10-10,46,3,wk inc rsv hosp,2026-10-31,quantile,0.9,6
2026-10-10,46,3,wk inc rsv hosp,2026-10-31,quantile,0.95,8
2026-10-10,46,3,wk inc rsv hosp,2026-10-31,quantile,0.975,9
2026-10-10,46,3,wk inc rsv hosp,2026-10-31,quantile,0.99,10
2026-10-10,47,-1,wk inc rsv hosp,2026-10-03,quantile,0.01,3
2026-10-10,47,-1,wk inc rsv hosp,2026-10-03,quantile,0.025,5
2026-10-10,47,-1,wk inc rsv hosp,2026-10-03,quantile,0.05,6
2026-10-10,47,-1,wk inc rsv hosp,2026-10-03,quantile,0.1,8
2026-10-10,47,-1,wk inc rsv hosp,2026-10-03,quantile,0.15,8
2026-10-10,47,-1,wk inc rsv hosp,2026-10-03,quantile,0.2,9
2026-10-10,47,-1,wk inc rsv hosp,2026-10-03,quantile,0.25,9
2026-10-10,47,-1,wk inc rsv hosp,2026-10-03,quantile,0.3,10
2026-10-10,47,-1,wk inc rsv hosp,2026-10-03,quantile,0.35,10
2026-10-10,47,-1,wk inc rsv hosp,2026-10-03,quantile,0.4,10
2026-10-10,47,-1,wk inc rsv hosp,2026-10-03,quantile,0.45,10
2026-10-10,47,-1,wk inc rsv hosp,2026-10-03,quantile,0.5,11
2026-10-10,47,-1,wk inc rsv hosp,2026-10-03,quantile,0.55,11
2026-10-10,47,-1,wk inc rsv hosp,2026-10-03,quantile,0.6,11
2026-10-10,47,-1,wk inc rsv hosp,2026-10-03,quantile,0.65,12
2026-10-10,47,-1,wk inc rsv hosp,2026-10-03,quantile,0.7,12
2026-10-10,47,-1,wk inc rsv hosp,2026-10-03,quantile,0.75,13
2026-10-10,47,-1,wk inc rsv hosp,2026-10-03,quantile,0.8,13
2026-10-10,47,-1,wk inc rsv hosp,2026-10-03,quantile,0.85,14
2026-10-10,47,-1,wk inc rsv hosp,2026-10-03,quantile,0.9,15
2026-10-10,47,-1,wk inc rsv hosp,2026-10-03,quantile,0.95,16
2026-10-10,47,-1,wk inc rsv hosp,2026-10-03,quantile,0.975,17
2026-10-10,47,-1,wk inc rsv hosp,2026-10-03,quantile,0.99,20
2026-10-10,47,0,wk inc rsv hosp,2026-10-10,quantile,0.01,2
2026-10-10,47,0,wk inc rsv hosp,2026-10-10,quantile,0.025,3
2026-10-10,47,0,wk inc rsv hosp,2026-10-10,quantile,0.05,4
2026-10-10,47,0,wk inc rsv hosp,2026-10-10,quantile,0.1,5
2026-10-10,47,0,wk inc rsv hosp,2026-10-10,quantile,0.15,7
2026-10-10,47,0,wk inc rsv hosp,2026-10-10,quantile,0.2,7.647782728002682
2026-10-10,47,0,wk inc rsv hosp,2026-10-10,quantile,0.25,8.352182767008511
2026-10-10,47,0,wk inc rsv hosp,2026-10-10,quantile,0.3,9
2026-10-10,47,0,wk inc rsv hosp,2026-10-10,quantile,0.35,10
2026-10-10,47,0,wk inc rsv hosp,2026-10-10,quantile,0.4,11
2026-10-10,47,0,wk inc rsv hosp,2026-10-10,quantile,0.45,11
2026-10-10,47,0,wk inc rsv hosp,2026-10-10,quantile,0.5,12
2026-10-10,47,0,wk inc rsv hosp,2026-10-10,quantile,0.55,13
2026-10-10,47,0,wk inc rsv hosp,2026-10-10,quantile,0.6,14
2026-10-10,47,0,wk inc rsv hosp,2026-10-10,quantile,0.65,14
2026-10-10,47,0,wk inc rsv hosp,2026-10-10,quantile,0.7,15
2026-10-10,47,0,wk inc rsv hosp,2026-10-10,quantile,0.75,16
2026-10-10,47,0,wk inc rsv hosp,2026-10-10,quantile,0.8,17
2026-10-10,47,0,wk inc rsv hosp,2026-10-10,quantile,0.85,18
2026-10-10,47,0,wk inc rsv hosp,2026-10-10,quantile,0.9,21
2026-10-10,47,0,wk inc rsv hosp,2026-10-10,quantile,0.95,24
2026-10-10,47,0,wk inc rsv hosp,2026-10-10,quantile,0.975,29
2026-10-10,47,0,wk inc rsv hosp,2026-10-10,quantile,0.99,31
2026-10-10,47,1,wk inc rsv hosp,2026-10-17,quantile,0.01,1
2026-10-10,47,1,wk inc rsv hosp,2026-10-17,quantile,0.025,3
2026-10-10,47,1,wk inc rsv hosp,2026-10-17,quantile,0.05,4
2026-10-10,47,1,wk inc rsv hosp,2026-10-17,quantile,0.1,5
2026-10-10,47,1,wk inc rsv hosp,2026-10-17,quantile,0.15,7
2026-10-10,47,1,wk inc rsv hosp,2026-10-17,quantile,0.2,8
2026-10-10,47,1,wk inc rsv hosp,2026-10-17,quantile,0.25,9
2026-10-10,47,1,wk inc rsv hosp,2026-10-17,quantile,0.3,10
2026-10-10,47,1,wk inc rsv hosp,2026-10-17,quantile,0.35,12
2026-10-10,47,1,wk inc rsv hosp,2026-10-17,quantile,0.4,13
2026-10-10,47,1,wk inc rsv hosp,2026-10-17,quantile,0.45,14
2026-10-10,47,1,wk inc rsv hosp,2026-10-17,quantile,0.5,15
2026-10-10,47,1,wk inc rsv hosp,2026-10-17,quantile,0.55,16
2026-10-10,47,1,wk inc rsv hosp,2026-10-17,quantile,0.6,17
2026-10-10,47,1,wk inc rsv hosp,2026-10-17,quantile,0.65,18
2026-10-10,47,1,wk inc rsv hosp,2026-10-17,quantile,0.7,19
2026-10-10,47,1,wk inc rsv hosp,2026-10-17,quantile,0.75,20
2026-10-10,47,1,wk inc rsv hosp,2026-10-17,quantile,0.8,21
2026-10-10,47,1,wk inc rsv hosp,2026-10-17,quantile,0.85,23
2026-10-10,47,1,wk inc rsv hosp,2026-10-17,quantile,0.9,28
2026-10-10,47,1,wk inc rsv hosp,2026-10-17,quantile,0.95,32
2026-10-10,47,1,wk inc rsv hosp,2026-10-17,quantile,0.975,38
2026-10-10,47,1,wk inc rsv hosp,2026-10-17,quantile,0.99,40.57650833118907
2026-10-10,47,2,wk inc rsv hosp,2026-10-24,quantile,0.01,1
2026-10-10,47,2,wk inc rsv hosp,2026-10-24,quantile,0.025,2
2026-10-10,47,2,wk inc rsv hosp,2026-10-24,quantile,0.05,4
2026-10-10,47,2,wk inc rsv hosp,2026-10-24,quantile,0.1,6
2026-10-10,47,2,wk inc rsv hosp,2026-10-24,quantile,0.15,7
2026-10-10,47,2,wk inc rsv hosp,2026-10-24,quantile,0.2,9
2026-10-10,47,2,wk inc rsv hosp,2026-10-24,quantile,0.25,10
2026-10-10,47,2,wk inc rsv hosp,2026-10-24,quantile,0.3,11
2026-10-10,47,2,wk inc rsv hosp,2026-10-24,quantile,0.35,13
2026-10-10,47,2,wk inc rsv hosp,2026-10-24,quantile,0.4,14.790997282232112
2026-10-10,47,2,wk inc rsv hosp,2026-10-24,quantile,0.45,16
2026-10-10,47,2,wk inc rsv hosp,2026-10-24,quantile,0.5,17.882207726263356
2026-10-10,47,2,wk inc rsv hosp,2026-10-24,quantile,0.55,19
2026-10-10,47,2,wk inc rsv hosp,2026-10-24,quantile,0.6,21
2026-10-10,47,2,wk inc rsv hosp,2026-10-24,quantile,0.65,22
2026-10-10,47,2,wk inc rsv hosp,2026-10-24,quantile,0.7,24
2026-10-10,47,2,wk inc rsv hosp,2026-10-24,quantile,0.75,25.23219593662504
2026-10-10,47,2,wk inc rsv hosp,2026-10-24,quantile,0.8,28.785011757498065
2026-10-10,47,2,wk inc rsv hosp,2026-10-24,quantile,0.85,34
2026-10-10,47,2,wk inc rsv hosp,2026-10-24,quantile,0.9,38
2026-10-10,47,2,wk inc rsv hosp,2026-10-24,quantile,0.95,48
2026-10-10,47,2,wk inc rsv hosp,2026-10-24,quantile,0.975,57
2026-10-10,47,2,wk inc rsv hosp,2026-10-24,quantile,0.99,57
2026-10-10,47,3,wk inc rsv hosp,2026-10-31,quantile,0.01,0.5
2026-10-10,47,3,wk inc rsv hosp,2026-10-31,quantile,0.025,2
2026-10-10,47,3,wk inc rsv hosp,2026-10-31,quantile,0.05,3
2026-10-10,47,3,wk inc rsv hosp,2026-10-31,quantile,0.1,5
2026-10-10,47,3,wk inc rsv hosp,2026-10-31,quantile,0.15,7
2026-10-10,47,3,wk inc rsv hosp,2026-10-31,quantile,0.2,9
2026-10-10,47,3,wk inc rsv hosp,2026-10-31,quantile,0.25,11
2026-10-10,47,3,wk inc rsv hosp,2026-10-31,quantile,0.3,12.5
2026-10-10,47,3,wk inc rsv hosp,2026-10-31,quantile,0.35,14.5
2026-10-10,47,3,wk inc rsv hosp,2026-10-31,quantile,0.4,16.5
2026-10-10,47,3,wk inc rsv hosp,2026-10-31,quantile,0.45,19
2026-10-10,47,3,wk inc rsv hosp,2026-10-31,quantile,0.5,21.5
2026-10-10,47,3,wk inc rsv hosp,2026-10-31,quantile,0.55,24.5
2026-10-10,47,3,wk inc rsv hosp,2026-10-31,quantile,0.6,26.5
2026-10-10,47,3,wk inc rsv hosp,2026-10-31,quantile,0.65,29
2026-10-10,47,3,wk inc rsv hosp,2026-10-31,quantile,0.7,31.4264320917807
2026-10-10,47,3,wk inc rsv hosp,2026-10-31,quantile,0.75,32.605604857784456
2026-10-10,47,3,wk inc rsv hosp,2026-10-31,quantile,0.8,33.70256556805283
2026-10-10,47,3,wk inc rsv hosp,2026-10-31,quantile,0.85,36.45828472075152
2026-10-10,47,3,wk inc rsv hosp,2026-10-31,quantile,0.9,43.236538866474106
2026-10-10,47,3,wk inc rsv hosp,2026-10-31,quantile,0.95,62.52499999999998
2026-10-10,47,3,wk inc rsv hosp,2026-10-31,quantile,0.975,69
2026-10-10,47,3,wk inc rsv hosp,2026-10-31,quantile,0.99,73.5
2026-10-10,48,-1,wk inc rsv hosp,2026-10-03,quantile,0.01,58
2026-10-10,48,-1,wk inc rsv hosp,2026-10-03,quantile,0.025,63
2026-10-10,48,-1,wk inc rsv hosp,2026-10-03,quantile,0.05,67
2026-10-10,48,-1,wk inc rsv hosp,2026-10-03,quantile,0.1,70
2026-10-10,48,-1,wk inc rsv hosp,2026-10-03,quantile,0.15,74
2026-10-10,48,-1,wk inc rsv hosp,2026-10-03,quantile,0.2,76
2026-10-10,48,-1,wk inc rsv hosp,2026-10-03,quantile,0.25,77
2026-10-10,48,-1,wk inc rsv hosp,2026-10-03,quantile,0.3,79
2026-10-10,48,-1,wk inc rsv hosp,2026-10-03,quantile,0.35,81
2026-10-10,48,-1,wk inc rsv hosp,2026-10-03,quantile,0.4,82
2026-10-10,48,-1,wk inc rsv hosp,2026-10-03,quantile,0.45,84
2026-10-10,48,-1,wk inc rsv hosp,2026-10-03,quantile,0.5,85
2026-10-10,48,-1,wk inc rsv hosp,2026-10-03,quantile,0.55,87
2026-10-10,48,-1,wk inc rsv hosp,2026-10-03,quantile,0.6,89
2026-10-10,48,-1,wk inc rsv hosp,2026-10-03,quantile,0.65,90
2026-10-10,48,-1,wk inc rsv hosp,2026-10-03,quantile,0.7,92
2026-10-10,48,-1,wk inc rsv hosp,2026-10-03,quantile,0.75,94
2026-10-10,48,-1,wk inc rsv hosp,2026-10-03,quantile,0.8,96
2026-10-10,48,-1,wk inc rsv hosp,2026-10-03,quantile,0.85,98
2026-10-10,48,-1,wk inc rsv hosp,2026-10-03,quantile,0.9,102
2026-10-10,48,-1,wk inc rsv hosp,2026-10-03,quantile,0.95,108
2026-10-10,48,-1,wk inc rsv hosp,2026-10-03,quantile,0.975,112
2026-10-10,48,-1,wk inc rsv hosp,2026-10-03,quantile,0.99,119
2026-10-10,48,0,wk inc rsv hosp,2026-10-10,quantile,0.01,42.5
2026-10-10,48,0,wk inc rsv hosp,2026-10-10,quantile,0.025,45.99753898722494
2026-10-10,48,0,wk inc rsv hosp,2026-10-10,quantile,0.05,49.45301755766099
2026-10-10,48,0,wk inc rsv hosp,2026-10-10,quantile,0.1,56.955222376776575
2026-10-10,48,0,wk inc rsv hosp,2026-10-10,quantile,0.15,60
2026-10-10,48,0,wk inc rsv hosp,2026-10-10,quantile,0.2,63.5
2026-10-10,48,0,wk inc rsv hosp,2026-10-10,quantile,0.25,66
2026-10-10,48,0,wk inc rsv hosp,2026-10-10,quantile,0.3,68.5
2026-10-10,48,0,wk inc rsv hosp,2026-10-10,quantile,0.35,71
2026-10-10,48,0,wk inc rsv hosp,2026-10-10,quantile,0.4,74.5
2026-10-10,48,0,wk inc rsv hosp,2026-10-10,quantile,0.45,78
2026-10-10,48,0,wk inc rsv hosp,2026-10-10,quantile,0.5,81
2026-10-10,48,0,wk inc rsv hosp,2026-10-10,quantile,0.55,83.57392914584764
2026-10-10,48,0,wk inc rsv hosp,2026-10-10,quantile,0.6,85.01179501993353
2026-10-10,48,0,wk inc rsv hosp,2026-10-10,quantile,0.65,87.06875683016354
2026-10-10,48,0,wk inc rsv hosp,2026-10-10,quantile,0.7,89.86770127639922
2026-10-10,48,0,wk inc rsv hosp,2026-10-10,quantile,0.75,93.93173618033178
2026-10-10,48,0,wk inc rsv hosp,2026-10-10,quantile,0.8,100.3890240891123
2026-10-10,48,0,wk inc rsv hosp,2026-10-10,quantile,0.85,108.44832235924842
2026-10-10,48,0,wk inc rsv hosp,2026-10-10,quantile,0.9,114.40492600577167
2026-10-10,48,0,wk inc rsv hosp,2026-10-10,quantile,0.95,124.88024241467558
2026-10-10,48,0,wk inc rsv hosp,2026-10-10,quantile,0.975,133.73743476748498
2026-10-10,48,0,wk inc rsv hosp,2026-10-10,quantile,0.99,143.14438567107808
2026-10-10,48,1,wk inc rsv hosp,2026-10-17,quantile,0.01,41
2026-10-10,48,1,wk inc rsv hosp,2026-10-17,quantile,0.025,48.5
2026-10-10,48,1,wk inc rsv hosp,2026-10-17,quantile,0.05,51.94997763303496
2026-10-10,48,1,wk inc rsv hosp,2026-10-17,quantile,0.1,55.62650989861535
2026-10-10,48,1,wk inc rsv hosp,2026-10-17,quantile,0.15,59.04854968161472
2026-10-10,48,1,wk inc rsv hosp,2026-10-17,quantile,0.2,69.5
2026-10-10,48,1,wk inc rsv hosp,2026-10-17,quantile,0.25,72.875
2026-10-10,48,1,wk inc rsv hosp,2026-10-17,quantile,0.3,76.5
2026-10-10,48,1,wk inc rsv hosp,2026-10-17,quantile,0.35,79.5
2026-10-10,48,1,wk inc rsv hosp,2026-10-17,quantile,0.4,82.80000000000001
2026-10-10,48,1,wk inc rsv hosp,2026-10-17,quantile,0.45,87
2026-10-10,48,1,wk inc rsv hosp,2026-10-17,quantile,0.5,92
2026-10-10,48,1,wk inc rsv hosp,2026-10-17,quantile,0.55,98.5
2026-10-10,48,1,wk inc rsv hosp,2026-10-17,quantile,0.6,102.35826333178497
2026-10-10,48,1,wk inc rsv hosp,2026-10-17,quantile,0.65,105.12497677270095
2026-10-10,48,1,wk inc rsv hosp,2026-10-17,quantile,0.7,110.64769267008887
2026-10-10,48,1,wk inc rsv hosp,2026-10-17,quantile,0.75,116.10940764237463
2026-10-10,48,1,wk inc rsv hosp,2026-10-17,quantile,0.8,120.04531075265771
2026-10-10,48,1,wk inc rsv hosp,2026-10-17,quantile,0.85,125.27492898637831
2026-10-10,48,1,wk inc rsv hosp,2026-10-17,quantile,0.9,135.71777613175297
2026-10-10,48,1,wk inc rsv hosp,2026-10-17,quantile,0.95,146.0355985299463
2026-10-10,48,1,wk inc rsv hosp,2026-10-17,quantile,0.975,174.16260546000294
2026-10-10,48,1,wk inc rsv hosp,2026-10-17,quantile,0.99,208.45090653454776
2026-10-10,48,2,wk inc rsv hosp,2026-10-24,quantile,0.01,40.5
2026-10-10,48,2,wk inc rsv hosp,2026-10-24,quantile,0.025,48
2026-10-10,48,2,wk inc rsv hosp,2026-10-24,quantile,0.05,55.5
2026-10-10,48,2,wk inc rsv hosp,2026-10-24,quantile,0.1,63.5
2026-10-10,48,2,wk inc rsv hosp,2026-10-24,quantile,0.15,70
2026-10-10,48,2,wk inc rsv hosp,2026-10-24,quantile,0.2,75.5
2026-10-10,48,2,wk inc rsv hosp,2026-10-24,quantile,0.25,79.32601322205129
2026-10-10,48,2,wk inc rsv hosp,2026-10-24,quantile,0.3,86
2026-10-10,48,2,wk inc rsv hosp,2026-10-24,quantile,0.35,90.5
2026-10-10,48,2,wk inc rsv hosp,2026-10-24,quantile,0.4,95
2026-10-10,48,2,wk inc rsv hosp,2026-10-24,quantile,0.45,102
2026-10-10,48,2,wk inc rsv hosp,2026-10-24,quantile,0.5,109
2026-10-10,48,2,wk inc rsv hosp,2026-10-24,quantile,0.55,118
2026-10-10,48,2,wk inc rsv hosp,2026-10-24,quantile,0.6,127
2026-10-10,48,2,wk inc rsv hosp,2026-10-24,quantile,0.65,136.76275466159979
2026-10-10,48,2,wk inc rsv hosp,2026-10-24,quantile,0.7,142.85349993346887
2026-10-10,48,2,wk inc rsv hosp,2026-10-24,quantile,0.75,147.88501686583447
2026-10-10,48,2,wk inc rsv hosp,2026-10-24,quantile,0.8,154.48748622815117
2026-10-10,48,2,wk inc rsv hosp,2026-10-24,quantile,0.85,163.69721403612422
2026-10-10,48,2,wk inc rsv hosp,2026-10-24,quantile,0.9,198.8418485702985
2026-10-10,48,2,wk inc rsv hosp,2026-10-24,quantile,0.95,246.51841728280513
2026-10-10,48,2,wk inc rsv hosp,2026-10-24,quantile,0.975,266.15840204440775
2026-10-10,48,2,wk inc rsv hosp,2026-10-24,quantile,0.99,303.6909711113276
2026-10-10,48,3,wk inc rsv hosp,2026-10-31,quantile,0.01,36
2026-10-10,48,3,wk inc rsv hosp,2026-10-31,quantile,0.025,52
2026-10-10,48,3,wk inc rsv hosp,2026-10-31,quantile,0.05,59
2026-10-10,48,3,wk inc rsv hosp,2026-10-31,quantile,0.1,70
2026-10-10,48,3,wk inc rsv hosp,2026-10-31,quantile,0.15,77
2026-10-10,48,3,wk inc rsv hosp,2026-10-31,quantile,0.2,84
2026-10-10,48,3,wk inc rsv hosp,2026-10-31,quantile,0.25,90
2026-10-10,48,3,wk inc rsv hosp,2026-10-31,quantile,0.3,94.34923209891105
2026-10-10,48,3,wk inc rsv hosp,2026-10-31,quantile,0.35,102
2026-10-10,48,3,wk inc rsv hosp,2026-10-31,quantile,0.4,108
2026-10-10,48,3,wk inc rsv hosp,2026-10-31,quantile,0.45,118.55000000000001
2026-10-10,48,3,wk inc rsv hosp,2026-10-31,quantile,0.5,133
2026-10-10,48,3,wk inc rsv hosp,2026-10-31,quantile,0.55,153.45000000000005
2026-10-10,48,3,wk inc rsv hosp,2026-10-31,quantile,0.6,173
2026-10-10,48,3,wk inc rsv hosp,2026-10-31,quantile,0.65,187.48473359369547
2026-10-10,48,3,wk inc rsv hosp,2026-10-31,quantile,0.7,193.5916099785046
2026-10-10,48,3,wk inc rsv hosp,2026-10-31,quantile,0.75,210.51598068016244
2026-10-10,48,3,wk inc rsv hosp,2026-10-31,quantile,0.8,218.76279264053966
2026-10-10,48,3,wk inc rsv hosp,2026-10-31,quantile,0.85,251.1348889642894
2026-10-10,48,3,wk inc rsv hosp,2026-10-31,quantile,0.9,303.24089787659915
2026-10-10,48,3,wk inc rsv hosp,2026-10-31,quantile,0.95,313.5302569785707
2026-10-10,48,3,wk inc rsv hosp,2026-10-31,quantile,0.975,410.8004516786783
2026-10-10,48,3,wk inc rsv hosp,2026-10-31,quantile,0.99,532.3080192855984
2026-10-10,49,-1,wk inc rsv hosp,2026-10-03,quantile,0.01,0
2026-10-10,49,-1,wk inc rsv hosp,2026-10-03,quantile,0.025,0
2026-10-10,49,-1,wk inc rsv hosp,2026-10-03,quantile,0.05,0
2026-10-10,49,-1,wk inc rsv hosp,2026-10-03,quantile,0.1,0
2026-10-10,49,-1,wk inc rsv hosp,2026-10-03,quantile,0.15,0
2026-10-10,49,-1,wk inc rsv hosp,2026-10-03,quantile,0.2,0
2026-10-10,49,-1,wk inc rsv hosp,2026-10-03,quantile,0.25,0
2026-10-10,49,-1,wk inc rsv hosp,2026-10-03,quantile,0.3,0
2026-10-10,49,-1,wk inc rsv hosp,2026-10-03,quantile,0.35,0
2026-10-10,49,-1,wk inc rsv hosp,2026-10-03,quantile,0.4,0
2026-10-10,49,-1,wk inc rsv hosp,2026-10-03,quantile,0.45,0
2026-10-10,49,-1,wk inc rsv hosp,2026-10-03,quantile,0.5,0
2026-10-10,49,-1,wk inc rsv hosp,2026-10-03,quantile,0.55,0
2026-10-10,49,-1,wk inc rsv hosp,2026-10-03,quantile,0.6,0
2026-10-10,49,-1,wk inc rsv hosp,2026-10-03,quantile,0.65,0
2026-10-10,49,-1,wk inc rsv hosp,2026-10-03,quantile,0.7,0
2026-10-10,49,-1,wk inc rsv hosp,2026-10-03,quantile,0.75,0
2026-10-10,49,-1,wk inc rsv hosp,2026-10-03,quantile,0.8,0
2026-10-10,49,-1,wk inc rsv hosp,2026-10-03,quantile,0.85,1
2026-10-10,49,-1,wk inc rsv hosp,2026-10-03,quantile,0.9,1
2026-10-10,49,-1,wk inc rsv hosp,2026-10-03,quantile,0.95,2
2026-10-10,49,-1,wk inc rsv hosp,2026-10-03,quantile,0.975,3
2026-10-10,49,-1,wk inc rsv hosp,2026-10-03,quantile,0.99,5
2026-10-10,49,0,wk inc rsv hosp,2026-10-10,quantile,0.01,0
2026-10-10,49,0,wk inc rsv hosp,2026-10-10,quantile,0.025,0
2026-10-10,49,0,wk inc rsv hosp,2026-10-10,quantile,0.05,0
2026-10-10,49,0,wk inc rsv hosp,2026-10-10,quantile,0.1,0
2026-10-10,49,0,wk inc rsv hosp,2026-10-10,quantile,0.15,0
2026-10-10,49,0,wk inc rsv hosp,2026-10-10,quantile,0.2,0
2026-10-10,49,0,wk inc rsv hosp,2026-10-10,quantile,0.25,0
2026-10-10,49,0,wk inc rsv hosp,2026-10-10,quantile,0.3,0
2026-10-10,49,0,wk inc rsv hosp,2026-10-10,quantile,0.35,0
2026-10-10,49,0,wk inc rsv hosp,2026-10-10,quantile,0.4,0
2026-10-10,49,0,wk inc rsv hosp,2026-10-10,quantile,0.45,1
2026-10-10,49,0,wk inc rsv hosp,2026-10-10,quantile,0.5,1
2026-10-10,49,0,wk inc rsv hosp,2026-10-10,quantile,0.55,1
2026-10-10,49,0,wk inc rsv hosp,2026-10-10,quantile,0.6,1
2026-10-10,49,0,wk inc rsv hosp,2026-10-10,quantile,0.65,1
2026-10-10,49,0,wk inc rsv hosp,2026-10-10,quantile,0.7,1
2026-10-10,49,0,wk inc rsv hosp,2026-10-10,quantile,0.75,1.1465294431180184
2026-10-10,49,0,wk inc rsv hosp,2026-10-10,quantile,0.8,2
2026-10-10,49,0,wk inc rsv hosp,2026-10-10,quantile,0.85,2
2026-10-10,49,0,wk inc rsv hosp,2026-10-10,quantile,0.9,2
2026-10-10,49,0,wk inc rsv hosp,2026-10-10,quantile,0.95,4
2026-10-10,49,0,wk inc rsv hosp,2026-10-10,quantile,0.975,5
2026-10-10,49,0,wk inc rsv hosp,2026-10-10,quantile,0.99,6
2026-10-10,49,1,wk inc rsv hosp,2026-10-17,quantile,0.01,0
2026-10-10,49,1,wk inc rsv hosp,2026-10-17,quantile,0.025,0
2026-10-10,49,1,wk inc rsv hosp,2026-10-17,quantile,0.05,0
2026-10-10,49,1,wk inc rsv hosp,2026-10-17,quantile,0.1,0
2026-10-10,49,1,wk inc rsv hosp,2026-10-17,quantile,0.15,0
2026-10-10,49,1,wk inc rsv hosp,2026-10-17,quantile,0.2,0
2026-10-10,49,1,wk inc rsv hosp,2026-10-17,quantile,0.25,0
2026-10-10,49,1,wk inc rsv hosp,2026-10-17,quantile,0.3,0
2026-10-10,49,1,wk inc rsv hosp,2026-10-17,quantile,0.35,0
2026-10-10,49,1,wk inc rsv hosp,2026-10-17,quantile,0.4,0.7731081923406962
2026-10-10,49,1,wk inc rsv hosp,2026-10-17,quantile,0.45,0.7943494053836274
2026-10-10,49,1,wk inc rsv hosp,2026-10-17,quantile,0.5,1
2026-10-10,49,1,wk inc rsv hosp,2026-10-17,quantile,0.55,1
2026-10-10,49,1,wk inc rsv hosp,2026-10-17,quantile,0.6,1
2026-10-10,49,1,wk inc rsv hosp,2026-10-17,quantile,0.65,1
2026-10-10,49,1,wk inc rsv hosp,2026-10-17,quantile,0.7,1
2026-10-10,49,1,wk inc rsv hosp,2026-10-17,quantile,0.75,2
2026-10-10,49,1,wk inc rsv hosp,2026-10-17,quantile,0.8,2
2026-10-10,49,1,wk inc rsv hosp,2026-10-17,quantile,0.85,3
2026-10-10,49,1,wk inc rsv hosp,2026-10-17,quantile,0.9,3.1000000000001364
2026-10-10,49,1,wk inc rsv hosp,2026-10-17,quantile,0.95,6
2026-10-10,49,1,wk inc rsv hosp,2026-10-17,quantile,0.975,8
2026-10-10,49,1,wk inc rsv hosp,2026-10-17,quantile,0.99,9
2026-10-10,49,2,wk inc rsv hosp,2026-10-24,quantile,0.01,0
2026-10-10,49,2,wk inc rsv hosp,2026-10-24,quantile,0.025,0
2026-10-10,49,2,wk inc rsv hosp,2026-10-24,quantile,0.05,0
2026-10-10,49,2,wk inc rsv hosp,2026-10-24,quantile,0.1,0
2026-10-10,49,2,wk inc rsv hosp,2026-10-24,quantile,0.15,0
2026-10-10,49,2,wk inc rsv hosp,2026-10-24,quantile,0.2,0
2026-10-10,49,2,wk inc rsv hosp,2026-10-24,quantile,0.25,0
2026-10-10,49,2,wk inc rsv hosp,2026-10-24,quantile,0.3,0
2026-10-10,49,2,wk inc rsv hosp,2026-10-24,quantile,0.35,0
2026-10-10,49,2,wk inc rsv hosp,2026-10-24,quantile,0.4,1
2026-10-10,49,2,wk inc rsv hosp,2026-10-24,quantile,0.45,1
2026-10-10,49,2,wk inc rsv hosp,2026-10-24,quantile,0.5,1
2026-10-10,49,2,wk inc rsv hosp,2026-10-24,quantile,0.55,1
2026-10-10,49,2,wk inc rsv hosp,2026-10-24,quantile,0.6,1
2026-10-10,49,2,wk inc rsv hosp,2026-10-24,quantile,0.65,2
2026-10-10,49,2,wk inc rsv hosp,2026-10-24,quantile,0.7,2
2026-10-10,49,2,wk inc rsv hosp,2026-10-24,quantile,0.75,2
2026-10-10,49,2,wk inc rsv hosp,2026-10-24,quantile,0.8,3
2026-10-10,49,2,wk inc rsv hosp,2026-10-24,quantile,0.85,3
2026-10-10,49,2,wk inc rsv hosp,2026-10-24,quantile,0.9,4
2026-10-10,49,2,wk inc rsv hosp,2026-10-24,quantile,0.95,6
2026-10-10,49,2,wk inc rsv hosp,2026-10-24,quantile,0.975,9
2026-10-10,49,2,wk inc rsv hosp,2026-10-24,quantile,0.99,16
2026-10-10,49,3,wk inc rsv hosp,2026-10-31,quantile,0.01,0
2026-10-10,49,3,wk inc rsv hosp,2026-10-31,quantile,0.025,0
2026-10-10,49,3,wk inc rsv hosp,2026-10-31,quantile,0.05,0
2026-10-10,49,3,wk inc rsv hosp,2026-10-31,quantile,0.1,0
2026-10-10,49,3,wk inc rsv hosp,2026-10-31,quantile,0.15,0
2026-10-10,49,3,wk inc rsv hosp,2026-10-31,quantile,0.2,0
2026-10-10,49,3,wk inc rsv hosp,2026-10-31,quantile,0.25,0
2026-10-10,49,3,wk inc rsv hosp,2026-10-31,quantile,0.3,0
2026-10-10,49,3,wk inc rsv hosp,2026-10-31,quantile,0.35,0
2026-10-10,49,3,wk inc rsv hosp,2026-10-31,quantile,0.4,0
2026-10-10,49,3,wk inc rsv hosp,2026-10-31,quantile,0.45,0.5
2026-10-10,49,3,wk inc rsv hosp,2026-10-31,quantile,0.5,1
2026-10-10,49,3,wk inc rsv hosp,2026-10-31,quantile,0.55,1
2026-10-10,49,3,wk inc rsv hosp,2026-10-31,quantile,0.6,1.5
2026-10-10,49,3,wk inc rsv hosp,2026-10-31,quantile,0.65,1.5
2026-10-10,49,3,wk inc rsv hosp,2026-10-31,quantile,0.7,2
2026-10-10,49,3,wk inc rsv hosp,2026-10-31,quantile,0.75,3
2026-10-10,49,3,wk inc rsv hosp,2026-10-31,quantile,0.8,3.5
2026-10-10,49,3,wk inc rsv hosp,2026-10-31,quantile,0.85,4.5
2026-10-10,49,3,wk inc rsv hosp,2026-10-31,quantile,0.9,6.5
2026-10-10,49,3,wk inc rsv hosp,2026-10-31,quantile,0.95,9.5
2026-10-10,49,3,wk inc rsv hosp,2026-10-31,quantile,0.975,13.5
2026-10-10,49,3,wk inc rsv hosp,2026-10-31,quantile,0.99,29
2026-10-10,50,-1,wk inc rsv hosp,2026-10-03,quantile,0.01,0
2026-10-10,50,-1,wk inc rsv hosp,2026-10-03,quantile,0.025,0
2026-10-10,50,-1,wk inc rsv hosp,2026-10-03,quantile,0.05,0
2026-10-10,50,-1,wk inc rsv hosp,2026-10-03,quantile,0.1,0
2026-10-10,50,-1,wk inc rsv hosp,2026-10-03,quantile,0.15,0
2026-10-10,50,-1,wk inc rsv hosp,2026-10-03,quantile,0.2,0
2026-10-10,50,-1,wk inc rsv hosp,2026-10-03,quantile,0.25,0
2026-10-10,50,-1,wk inc rsv hosp,2026-10-03,quantile,0.3,0
2026-10-10,50,-1,wk inc rsv hosp,2026-10-03,quantile,0.35,0
2026-10-10,50,-1,wk inc rsv hosp,2026-10-03,quantile,0.4,0
2026-10-10,50,-1,wk inc rsv hosp,2026-10-03,quantile,0.45,0
2026-10-10,50,-1,wk inc rsv hosp,2026-10-03,quantile,0.5,0
2026-10-10,50,-1,wk inc rsv hosp,2026-10-03,quantile,0.55,0
2026-10-10,50,-1,wk inc rsv hosp,2026-10-03,quantile,0.6,0
2026-10-10,50,-1,wk inc rsv hosp,2026-10-03,quantile,0.65,0
2026-10-10,50,-1,wk inc rsv hosp,2026-10-03,quantile,0.7,0
2026-10-10,50,-1,wk inc rsv hosp,2026-10-03,quantile,0.75,0
2026-10-10,50,-1,wk inc rsv hosp,2026-10-03,quantile,0.8,0
2026-10-10,50,-1,wk inc rsv hosp,2026-10-03,quantile,0.85,1
2026-10-10,50,-1,wk inc rsv hosp,2026-10-03,quantile,0.9,1
2026-10-10,50,-1,wk inc rsv hosp,2026-10-03,quantile,0.95,2
2026-10-10,50,-1,wk inc rsv hosp,2026-10-03,quantile,0.975,3
2026-10-10,50,-1,wk inc rsv hosp,2026-10-03,quantile,0.99,4
2026-10-10,50,0,wk inc rsv hosp,2026-10-10,quantile,0.01,0
2026-10-10,50,0,wk inc rsv hosp,2026-10-10,quantile,0.025,0
2026-10-10,50,0,wk inc rsv hosp,2026-10-10,quantile,0.05,0
2026-10-10,50,0,wk inc rsv hosp,2026-10-10,quantile,0.1,0
2026-10-10,50,0,wk inc rsv hosp,2026-10-10,quantile,0.15,0
2026-10-10,50,0,wk inc rsv hosp,2026-10-10,quantile,0.2,0
2026-10-10,50,0,wk inc rsv hosp,2026-10-10,quantile,0.25,0
2026-10-10,50,0,wk inc rsv hosp,2026-10-10,quantile,0.3,0
2026-10-10,50,0,wk inc rsv hosp,2026-10-10,quantile,0.35,0
2026-10-10,50,0,wk inc rsv hosp,2026-10-10,quantile,0.4,0
2026-10-10,50,0,wk inc rsv hosp,2026-10-10,quantile,0.45,0
2026-10-10,50,0,wk inc rsv hosp,2026-10-10,quantile,0.5,0
2026-10-10,50,0,wk inc rsv hosp,2026-10-10,quantile,0.55,0
2026-10-10,50,0,wk inc rsv hosp,2026-10-10,quantile,0.6,0
2026-10-10,50,0,wk inc rsv hosp,2026-10-10,quantile,0.65,0.14133285705094625
2026-10-10,50,0,wk inc rsv hosp,2026-10-10,quantile,0.7,0.7748458795159479
2026-10-10,50,0,wk inc rsv hosp,2026-10-10,quantile,0.75,0.8495273087578266
2026-10-10,50,0,wk inc rsv hosp,2026-10-10,quantile,0.8,1
2026-10-10,50,0,wk inc rsv hosp,2026-10-10,quantile,0.85,1
2026-10-10,50,0,wk inc rsv hosp,2026-10-10,quantile,0.9,2
2026-10-10,50,0,wk inc rsv hosp,2026-10-10,quantile,0.95,2
2026-10-10,50,0,wk inc rsv hosp,2026-10-10,quantile,0.975,2
2026-10-10,50,0,wk inc rsv hosp,2026-10-10,quantile,0.99,2.5
2026-10-10,50,1,wk inc rsv hosp,2026-10-17,quantile,0.01,0
2026-10-10,50,1,wk inc rsv hosp,2026-10-17,quantile,0.025,0
2026-10-10,50,1,wk inc rsv hosp,2026-10-17,quantile,0.05,0
2026-10-10,50,1,wk inc rsv hosp,2026-10-17,quantile,0.1,0
2026-10-10,50,1,wk inc rsv hosp,2026-10-17,quantile,0.15,0
2026-10-10,50,1,wk inc rsv hosp,2026-10-17,quantile,0.2,0
2026-10-10,50,1,wk inc rsv hosp,2026-10-17,quantile,0.25,0
2026-10-10,50,1,wk inc rsv hosp,2026-10-17,quantile,0.3,0
2026-10-10,50,1,wk inc rsv hosp,2026-10-17,quantile,0.35,0
2026-10-10,50,1,wk inc rsv hosp,2026-10-17,quantile,0.4,0
2026-10-10,50,1,wk inc rsv hosp,2026-10-17,quantile,0.45,0
2026-10-10,50,1,wk inc rsv hosp,2026-10-17,quantile,0.5,0
2026-10-10,50,1,wk inc rsv hosp,2026-10-17,quantile,0.55,0
2026-10-10,50,1,wk inc rsv hosp,2026-10-17,quantile,0.6,0.6408977049985847
2026-10-10,50,1,wk inc rsv hosp,2026-10-17,quantile,0.65,0.7339326706639302
2026-10-10,50,1,wk inc rsv hosp,2026-10-17,quantile,0.7,0.7638328992413526
2026-10-10,50,1,wk inc rsv hosp,2026-10-17,quantile,0.75,1
2026-10-10,50,1,wk inc rsv hosp,2026-10-17,quantile,0.8,1
2026-10-10,50,1,wk inc rsv hosp,2026-10-17,quantile,0.85,1
2026-10-10,50,1,wk inc rsv hosp,2026-10-17,quantile,0.9,2
2026-10-10,50,1,wk inc rsv hosp,2026-10-17,quantile,0.95,2
2026-10-10,50,1,wk inc rsv hosp,2026-10-17,quantile,0.975,3
2026-10-10,50,1,wk inc rsv hosp,2026-10-17,quantile,0.99,3
2026-10-10,50,2,wk inc rsv hosp,2026-10-24,quantile,0.01,0
2026-10-10,50,2,wk inc rsv hosp,2026-10-24,quantile,0.025,0
2026-10-10,50,2,wk inc rsv hosp,2026-10-24,quantile,0.05,0
2026-10-10,50,2,wk inc rsv hosp,2026-10-24,quantile,0.1,0
2026-10-10,50,2,wk inc rsv hosp,2026-10-24,quantile,0.15,0
2026-10-10,50,2,wk inc rsv hosp,2026-10-24,quantile,0.2,0
2026-10-10,50,2,wk inc rsv hosp,2026-10-24,quantile,0.25,0
2026-10-10,50,2,wk inc rsv hosp,2026-10-24,quantile,0.3,0
2026-10-10,50,2,wk inc rsv hosp,2026-10-24,quantile,0.35,0
2026-10-10,50,2,wk inc rsv hosp,2026-10-24,quantile,0.4,0
2026-10-10,50,2,wk inc rsv hosp,2026-10-24,quantile,0.45,0
2026-10-10,50,2,wk inc rsv hosp,2026-10-24,quantile,0.5,0.15457154585254956
2026-10-10,50,2,wk inc rsv hosp,2026-10-24,quantile,0.55,0.7204496207219115
2026-10-10,50,2,wk inc rsv hosp,2026-10-24,quantile,0.6,0.774539025886233
2026-10-10,50,2,wk inc rsv hosp,2026-10-24,quantile,0.65,0.7993961642953897
2026-10-10,50,2,wk inc rsv hosp,2026-10-24,quantile,0.7,0.8928633296622912
2026-10-10,50,2,wk inc rsv hosp,2026-10-24,quantile,0.75,1.0236088343171377
2026-10-10,50,2,wk inc rsv hosp,2026-10-24,quantile,0.8,1.0855304658909088
2026-10-10,50,2,wk inc rsv hosp,2026-10-24,quantile,0.85,2
2026-10-10,50,2,wk inc rsv hosp,2026-10-24,quantile,0.9,2
2026-10-10,50,2,wk inc rsv hosp,2026-10-24,quantile,0.95,3
2026-10-10,50,2,wk inc rsv hosp,2026-10-24,quantile,0.975,3.5
2026-10-10,50,2,wk inc rsv hosp,2026-10-24,quantile,0.99,4.5
2026-10-10,50,3,wk inc rsv hosp,2026-10-31,quantile,0.01,0
2026-10-10,50,3,wk inc rsv hosp,2026-10-31,quantile,0.025,0
2026-10-10,50,3,wk inc rsv hosp,2026-10-31,quantile,0.05,0
2026-10-10,50,3,wk inc rsv hosp,2026-10-31,quantile,0.1,0
2026-10-10,50,3,wk inc rsv hosp,2026-10-31,quantile,0.15,0
2026-10-10,50,3,wk inc rsv hosp,2026-10-31,quantile,0.2,0
2026-10-10,50,3,wk inc rsv hosp,2026-10-31,quantile,0.25,0
2026-10-10,50,3,wk inc rsv hosp,2026-10-31,quantile,0.3,0
2026-10-10,50,3,wk inc rsv hosp,2026-10-31,quantile,0.35,0
2026-10-10,50,3,wk inc rsv hosp,2026-10-31,quantile,0.4,0
2026-10-10,50,3,wk inc rsv hosp,2026-10-31,quantile,0.45,0.5045721739908314
2026-10-10,50,3,wk inc rsv hosp,2026-10-31,quantile,0.5,1
2026-10-10,50,3,wk inc rsv hosp,2026-10-31,quantile,0.55,1
2026-10-10,50,3,wk inc rsv hosp,2026-10-31,quantile,0.6,1
2026-10-10,50,3,wk inc rsv hosp,2026-10-31,quantile,0.65,1
2026-10-10,50,3,wk inc rsv hosp,2026-10-31,quantile,0.7,1
2026-10-10,50,3,wk inc rsv hosp,2026-10-31,quantile,0.75,1.679346349895058
2026-10-10,50,3,wk inc rsv hosp,2026-10-31,quantile,0.8,2
2026-10-10,50,3,wk inc rsv hosp,2026-10-31,quantile,0.85,2
2026-10-10,50,3,wk inc rsv hosp,2026-10-31,quantile,0.9,3
2026-10-10,50,3,wk inc rsv hosp,2026-10-31,quantile,0.95,4
2026-10-10,50,3,wk inc rsv hosp,2026-10-31,quantile,0.975,5
2026-10-10,50,3,wk inc rsv hosp,2026-10-31,quantile,0.99,6
2026-10-10,51,-1,wk inc rsv hosp,2026-10-03,quantile,0.01,0
2026-10-10,51,-1,wk inc rsv hosp,2026-10-03,quantile,0.025,1
2026-10-10,51,-1,wk inc rsv hosp,2026-10-03,quantile,0.05,2
2026-10-10,51,-1,wk inc rsv hosp,2026-10-03,quantile,0.1,3
2026-10-10,51,-1,wk inc rsv hosp,2026-10-03,quantile,0.15,4
2026-10-10,51,-1,wk inc rsv hosp,2026-10-03,quantile,0.2,5
2026-10-10,51,-1,wk inc rsv hosp,2026-10-03,quantile,0.25,5
2026-10-10,51,-1,wk inc rsv hosp,2026-10-03,quantile,0.3,5
2026-10-10,51,-1,wk inc rsv hosp,2026-10-03,quantile,0.35,5
2026-10-10,51,-1,wk inc rsv hosp,2026-10-03,quantile,0.4,5
2026-10-10,51,-1,wk inc rsv hosp,2026-10-03,quantile,0.45,5
2026-10-10,51,-1,wk inc rsv hosp,2026-10-03,quantile,0.5,6
2026-10-10,51,-1,wk inc rsv hosp,2026-10-03,quantile,0.55,6
2026-10-10,51,-1,wk inc rsv hosp,2026-10-03,quantile,0.6,6
2026-10-10,51,-1,wk inc rsv hosp,2026-10-03,quantile,0.65,6
2026-10-10,51,-1,wk inc rsv hosp,2026-10-03,quantile,0.7,7
2026-10-10,51,-1,wk inc rsv hosp,2026-10-03,quantile,0.75,7
2026-10-10,51,-1,wk inc rsv hosp,2026-10-03,quantile,0.8,8
2026-10-10,51,-1,wk inc rsv hosp,2026-10-03,quantile,0.85,8
2026-10-10,51,-1,wk inc rsv hosp,2026-10-03,quantile,0.9,9
2026-10-10,51,-1,wk inc rsv hosp,2026-10-03,quantile,0.95,11
2026-10-10,51,-1,wk inc rsv hosp,2026-10-03,quantile,0.975,12
2026-10-10,51,-1,wk inc rsv hosp,2026-10-03,quantile,0.99,14
2026-10-10,51,0,wk inc rsv hosp,2026-10-10,quantile,0.01,2
2026-10-10,51,0,wk inc rsv hosp,2026-10-10,quantile,0.025,2.4812527300714278
2026-10-10,51,0,wk inc rsv hosp,2026-10-10,quantile,0.05,3
2026-10-10,51,0,wk inc rsv hosp,2026-10-10,quantile,0.1,3.8573649143418205
2026-10-10,51,0,wk inc rsv hosp,2026-10-10,quantile,0.15,4.022812326507706
2026-10-10,51,0,wk inc rsv hosp,2026-10-10,quantile,0.2,4.068393582153973
2026-10-10,51,0,wk inc rsv hosp,2026-10-10,quantile,0.25,4.8406823086031086
2026-10-10,51,0,wk inc rsv hosp,2026-10-10,quantile,0.3,5.008736710433172
2026-10-10,51,0,wk inc rsv hosp,2026-10-10,quantile,0.35,5.138020434275173
2026-10-10,51,0,wk inc rsv hosp,2026-10-10,quantile,0.4,6
2026-10-10,51,0,wk inc rsv hosp,2026-10-10,quantile,0.45,6
2026-10-10,51,0,wk inc rsv hosp,2026-10-10,quantile,0.5,7
2026-10-10,51,0,wk inc rsv hosp,2026-10-10,quantile,0.55,7
2026-10-10,51,0,wk inc rsv hosp,2026-10-10,quantile,0.6,8
2026-10-10,51,0,wk inc rsv hosp,2026-10-10,quantile,0.65,9
2026-10-10,51,0,wk inc rsv hosp,2026-10-10,quantile,0.7,9.5
2026-10-10,51,0,wk inc rsv hosp,2026-10-10,quantile,0.75,10.5
2026-10-10,51,0,wk inc rsv hosp,2026-10-10,quantile,0.8,11
2026-10-10,51,0,wk inc rsv hosp,2026-10-10,quantile,0.85,12.5
2026-10-10,51,0,wk inc rsv hosp,2026-10-10,quantile,0.9,14
2026-10-10,51,0,wk inc rsv hosp,2026-10-10,quantile,0.95,15.5
2026-10-10,51,0,wk inc rsv hosp,2026-10-10,quantile,0.975,17.678761953388022
2026-10-10,51,0,wk inc rsv hosp,2026-10-10,quantile,0.99,21
2026-10-10,51,1,wk inc rsv hosp,2026-10-17,quantile,0.01,2
2026-10-10,51,1,wk inc rsv hosp,2026-10-17,quantile,0.025,2.5
2026-10-10,51,1,wk inc rsv hosp,2026-10-17,quantile,0.05,3
2026-10-10,51,1,wk inc rsv hosp,2026-10-17,quantile,0.1,3.5
2026-10-10,51,1,wk inc rsv hosp,2026-10-17,quantile,0.15,4.216814843799758
2026-10-10,51,1,wk inc rsv hosp,2026-10-17,quantile,0.2,4.779741491509988
2026-10-10,51,1,wk inc rsv hosp,2026-10-17,quantile,0.25,5.636647302991401
2026-10-10,51,1,wk inc rsv hosp,2026-10-17,quantile,0.3,5.9765623073147545
2026-10-10,51,1,wk inc rsv hosp,2026-10-17,quantile,0.35,6.761611014366869
2026-10-10,51,1,wk inc rsv hosp,2026-10-17,quantile,0.4,7.5
2026-10-10,51,1,wk inc rsv hosp,2026-10-17,quantile,0.45,7.862282194238094
2026-10-10,51,1,wk inc rsv hosp,2026-10-17,quantile,0.5,8.5
2026-10-10,51,1,wk inc rsv hosp,2026-10-17,quantile,0.55,9.184405915677349
2026-10-10,51,1,wk inc rsv hosp,2026-10-17,quantile,0.6,10.128986915049406
2026-10-10,51,1,wk inc rsv hosp,2026-10-17,quantile,0.65,10.751966316867318
2026-10-10,51,1,wk inc rsv hosp,2026-10-17,quantile,0.7,11.683140902478735
2026-10-10,51,1,wk inc rsv hosp,2026-10-17,quantile,0.75,12.5
2026-10-10,51,1,wk inc rsv hosp,2026-10-17,quantile,0.8,14
2026-10-10,51,1,wk inc rsv hosp,2026-10-17,quantile,0.85,16.5
2026-10-10,51,1,wk inc rsv hosp,2026-10-17,quantile,0.9,19
2026-10-10,51,1,wk inc rsv hosp,2026-10-17,quantile,0.95,22.5
2026-10-10,51,1,wk inc rsv hosp,2026-10-17,quantile,0.975,26.5
2026-10-10,51,1,wk inc rsv hosp,2026-10-17,quantile,0.99,31.004999999999995
2026-10-10,51,2,wk inc rsv hosp,2026-10-24,quantile,0.01,1.5
2026-10-10,51,2,wk inc rsv hosp,2026-10-24,quantile,0.025,2
2026-10-10,51,2,wk inc rsv hosp,2026-10-24,quantile,0.05,2.5
2026-10-10,51,2,wk inc rsv hosp,2026-10-24,quantile,0.1,4
2026-10-10,51,2,wk inc rsv hosp,2026-10-24,quantile,0.15,4.5
2026-10-10,51,2,wk inc rsv hosp,2026-10-24,quantile,0.2,5
2026-10-10,51,2,wk inc rsv hosp,2026-10-24,quantile,0.25,6
2026-10-10,51,2,wk inc rsv hosp,2026-10-24,quantile,0.3,7
2026-10-10,51,2,wk inc rsv hosp,2026-10-24,quantile,0.35,8
2026-10-10,51,2,wk inc rsv hosp,2026-10-24,quantile,0.4,8.5
2026-10-10,51,2,wk inc rsv hosp,2026-10-24,quantile,0.45,9.5
2026-10-10,51,2,wk inc rsv hosp,2026-10-24,quantile,0.5,10.5
2026-10-10,51,2,wk inc rsv hosp,2026-10-24,quantile,0.55,11.5
2026-10-10,51,2,wk inc rsv hosp,2026-10-24,quantile,0.6,12.5
2026-10-10,51,2,wk inc rsv hosp,2026-10-24,quantile,0.65,13.5
2026-10-10,51,2,wk inc rsv hosp,2026-10-24,quantile,0.7,15
2026-10-10,51,2,wk inc rsv hosp,2026-10-24,quantile,0.75,17
2026-10-10,51,2,wk inc rsv hosp,2026-10-24,quantile,0.8,19
2026-10-10,51,2,wk inc rsv hosp,2026-10-24,quantile,0.85,22
2026-10-10,51,2,wk inc rsv hosp,2026-10-24,quantile,0.9,26.5
2026-10-10,51,2,wk inc rsv hosp,2026-10-24,quantile,0.95,33.02499999999998
2026-10-10,51,2,wk inc rsv hosp,2026-10-24,quantile,0.975,36.82530226185969
2026-10-10,51,2,wk inc rsv hosp,2026-10-24,quantile,0.99,41.11220194014427
2026-10-10,51,3,wk inc rsv hosp,2026-10-31,quantile,0.01,1
2026-10-10,51,3,wk inc rsv hosp,2026-10-31,quantile,0.025,1
2026-10-10,51,3,wk inc rsv hosp,2026-10-31,quantile,0.05,2
2026-10-10,51,3,wk inc rsv hosp,2026-10-31,quantile,0.1,3
2026-10-10,51,3,wk inc rsv hosp,2026-10-31,quantile,0.15,4
2026-10-10,51,3,wk inc rsv hosp,2026-10-31,quantile,0.2,5
2026-10-10,51,3,wk inc rsv hosp,2026-10-31,quantile,0.25,6
2026-10-10,51,3,wk inc rsv hosp,2026-10-31,quantile,0.3,7
2026-10-10,51,3,wk inc rsv hosp,2026-10-31,quantile,0.35,8
2026-10-10,51,3,wk inc rsv hosp,2026-10-31,quantile,0.4,9
2026-10-10,51,3,wk inc rsv hosp,2026-10-31,quantile,0.45,10
2026-10-10,51,3,wk inc rsv hosp,2026-10-31,quantile,0.5,11
2026-10-10,51,3,wk inc rsv hosp,2026-10-31,quantile,0.55,13
2026-10-10,51,3,wk inc rsv hosp,2026-10-31,quantile,0.6,15
2026-10-10,51,3,wk inc rsv hosp,2026-10-31,quantile,0.65,17
2026-10-10,51,3,wk inc rsv hosp,2026-10-31,quantile,0.7,19
2026-10-10,51,3,wk inc rsv hosp,2026-10-31,quantile,0.75,22
2026-10-10,51,3,wk inc rsv hosp,2026-10-31,quantile,0.8,26
2026-10-10,51,3,wk inc rsv hosp,2026-10-31,quantile,0.85,31
2026-10-10,51,3,wk inc rsv hosp,2026-10-31,quantile,0.9,40
2026-10-10,51,3,wk inc rsv hosp,2026-10-31,quantile,0.95,45
2026-10-10,51,3,wk inc rsv hosp,2026-10-31,quantile,0.975,45
2026-10-10,51,3,wk inc rsv hosp,2026-10-31,quantile,0.99,49
2026-10-10,53,-1,wk inc rsv hosp,2026-10-03,quantile,0.01,0
2026-10-10,53,-1,wk inc rsv hosp,2026-10-03,quantile,0.025,0
2026-10-10,53,-1,wk inc rsv hosp,2026-10-03,quantile,0.05,1
2026-10-10,53,-1,wk inc rsv hosp,2026-10-03,quantile,0.1,1
2026-10-10,53,-1,wk inc rsv hosp,2026-10-03,quantile,0.15,2
2026-10-10,53,-1,wk inc rsv hosp,2026-10-03,quantile,0.2,2
2026-10-10,53,-1,wk inc rsv hosp,2026-10-03,quantile,0.25,2
2026-10-10,53,-1,wk inc rsv hosp,2026-10-03,quantile,0.3,2
2026-10-10,53,-1,wk inc rsv hosp,2026-10-03,quantile,0.35,2
2026-10-10,53,-1,wk inc rsv hosp,2026-10-03,quantile,0.4,3
2026-10-10,53,-1,wk inc rsv hosp,2026-10-03,quantile,0.45,3
2026-10-10,53,-1,wk inc rsv hosp,2026-10-03,quantile,0.5,3
2026-10-10,53,-1,wk inc rsv hosp,2026-10-03,quantile,0.55,3
2026-10-10,53,-1,wk inc rsv hosp,2026-10-03,quantile,0.6,3
2026-10-10,53,-1,wk inc rsv hosp,2026-10-03,quantile,0.65,4
2026-10-10,53,-1,wk inc rsv hosp,2026-10-03,quantile,0.7,4
2026-10-10,53,-1,wk inc rsv hosp,2026-10-03,quantile,0.75,4
2026-10-10,53,-1,wk inc rsv hosp,2026-10-03,quantile,0.8,5
2026-10-10,53,-1,wk inc rsv hosp,2026-10-03,quantile,0.85,5
2026-10-10,53,-1,wk inc rsv hosp,2026-10-03,quantile,0.9,5
2026-10-10,53,-1,wk inc rsv hosp,2026-10-03,quantile,0.95,6
2026-10-10,53,-1,wk inc rsv hosp,2026-10-03,quantile,0.975,7
2026-10-10,53,-1,wk inc rsv hosp,2026-10-03,quantile,0.99,8
2026-10-10,53,0,wk inc rsv hosp,2026-10-10,quantile,0.01,0
2026-10-10,53,0,wk inc rsv hosp,2026-10-10,quantile,0.025,0
2026-10-10,53,0,wk inc rsv hosp,2026-10-10,quantile,0.05,0.5
2026-10-10,53,0,wk inc rsv hosp,2026-10-10,quantile,0.1,1
2026-10-10,53,0,wk inc rsv hosp,2026-10-10,quantile,0.15,1
2026-10-10,53,0,wk inc rsv hosp,2026-10-10,quantile,0.2,1.5
2026-10-10,53,0,wk inc rsv hosp,2026-10-10,quantile,0.25,2
2026-10-10,53,0,wk inc rsv hosp,2026-10-10,quantile,0.3,2
2026-10-10,53,0,wk inc rsv hosp,2026-10-10,quantile,0.35,2
2026-10-10,53,0,wk inc rsv hosp,2026-10-10,quantile,0.4,3
2026-10-10,53,0,wk inc rsv hosp,2026-10-10,quantile,0.45,3
2026-10-10,53,0,wk inc rsv hosp,2026-10-10,quantile,0.5,3
2026-10-10,53,0,wk inc rsv hosp,2026-10-10,quantile,0.55,4
2026-10-10,53,0,wk inc rsv hosp,2026-10-10,quantile,0.6,4.145398302431635
2026-10-10,53,0,wk inc rsv hosp,2026-10-10,quantile,0.65,4.849902599395797
2026-10-10,53,0,wk inc rsv hosp,2026-10-10,quantile,0.7,5.083624690460088
2026-10-10,53,0,wk inc rsv hosp,2026-10-10,quantile,0.75,5.69223171288605
2026-10-10,53,0,wk inc rsv hosp,2026-10-10,quantile,0.8,6.257990010067896
2026-10-10,53,0,wk inc rsv hosp,2026-10-10,quantile,0.85,6.5
2026-10-10,53,0,wk inc rsv hosp,2026-10-10,quantile,0.9,8
2026-10-10,53,0,wk inc rsv hosp,2026-10-10,quantile,0.95,9.5
2026-10-10,53,0,wk inc rsv hosp,2026-10-10,quantile,0.975,11.138536444576077
2026-10-10,53,0,wk inc rsv hosp,2026-10-10,quantile,0.99,12.004063911622566
2026-10-10,53,1,wk inc rsv hosp,2026-10-17,quantile,0.01,0
2026-10-10,53,1,wk inc rsv hosp,2026-10-17,quantile,0.025,0
2026-10-10,53,1,wk inc rsv hosp,2026-10-17,quantile,0.05,0.5
2026-10-10,53,1,wk inc rsv hosp,2026-10-17,quantile,0.1,1
2026-10-10,53,1,wk inc rsv hosp,2026-10-17,quantile,0.15,1.5
2026-10-10,53,1,wk inc rsv hosp,2026-10-17,quantile,0.2,1.5
2026-10-10,53,1,wk inc rsv hosp,2026-10-17,quantile,0.25,2
2026-10-10,53,1,wk inc rsv hosp,2026-10-17,quantile,0.3,2.5
2026-10-10,53,1,wk inc rsv hosp,2026-10-17,quantile,0.35,3
2026-10-10,53,1,wk inc rsv hosp,2026-10-17,quantile,0.4,3
2026-10-10,53,1,wk inc rsv hosp,2026-10-17,quantile,0.45,4
2026-10-10,53,1,wk inc rsv hosp,2026-10-17,quantile,0.5,4
2026-10-10,53,1,wk inc rsv hosp,2026-10-17,quantile,0.55,4.5
2026-10-10,53,1,wk inc rsv hosp,2026-10-17,quantile,0.6,5.4052356034763225
2026-10-10,53,1,wk inc rsv hosp,2026-10-17,quantile,0.65,6
2026-10-10,53,1,wk inc rsv hosp,2026-10-17,quantile,0.7,6.6364174008179475
2026-10-10,53,1,wk inc rsv hosp,2026-10-17,quantile,0.75,6.800392901647426
2026-10-10,53,1,wk inc rsv hosp,2026-10-17,quantile,0.8,7.390933435163499
2026-10-10,53,1,wk inc rsv hosp,2026-10-17,quantile,0.85,8.03173967142262
2026-10-10,53,1,wk inc rsv hosp,2026-10-17,quantile,0.9,9
2026-10-10,53,1,wk inc rsv hosp,2026-10-17,quantile,0.95,10.678786771848518
2026-10-10,53,1,wk inc rsv hosp,2026-10-17,quantile,0.975,12.824234049114878
2026-10-10,53,1,wk inc rsv hosp,2026-10-17,quantile,0.99,15.517561873472776
2026-10-10,53,2,wk inc rsv hosp,2026-10-24,quantile,0.01,0
2026-10-10,53,2,wk inc rsv hosp,2026-10-24,quantile,0.025,0
2026-10-10,53,2,wk inc rsv hosp,2026-10-24,quantile,0.05,0.5
2026-10-10,53,2,wk inc rsv hosp,2026-10-24,quantile,0.1,1
2026-10-10,53,2,wk inc rsv hosp,2026-10-24,quantile,0.15,1.5
2026-10-10,53,2,wk inc rsv hosp,2026-10-24,quantile,0.2,1.5
2026-10-10,53,2,wk inc rsv hosp,2026-10-24,quantile,0.25,2.5
2026-10-10,53,2,wk inc rsv hosp,2026-10-24,quantile,0.3,2.5
2026-10-10,53,2,wk inc rsv hosp,2026-10-24,quantile,0.35,3
2026-10-10,53,2,wk inc rsv hosp,2026-10-24,quantile,0.4,3.5
2026-10-10,53,2,wk inc rsv hosp,2026-10-24,quantile,0.45,4
2026-10-10,53,2,wk inc rsv hosp,2026-10-24,quantile,0.5,4.5
2026-10-10,53,2,wk inc rsv hosp,2026-10-24,quantile,0.55,5
2026-10-10,53,2,wk inc rsv hosp,2026-10-24,quantile,0.6,6
2026-10-10,53,2,wk inc rsv hosp,2026-10-24,quantile,0.65,6.5
2026-10-10,53,2,wk inc rsv hosp,2026-10-24,quantile,0.7,7.5
2026-10-10,53,2,wk inc rsv hosp,2026-10-24,quantile,0.75,8.5
2026-10-10,53,2,wk inc rsv hosp,2026-10-24,quantile,0.8,9.89245595568204
2026-10-10,53,2,wk inc rsv hosp,2026-10-24,quantile,0.85,11.13596688151572
2026-10-10,53,2,wk inc rsv hosp,2026-10-24,quantile,0.9,12.034281715407966
2026-10-10,53,2,wk inc rsv hosp,2026-10-24,quantile,0.95,13.692142554622457
2026-10-10,53,2,wk inc rsv hosp,2026-10-24,quantile,0.975,16
2026-10-10,53,2,wk inc rsv hosp,2026-10-24,quantile,0.99,20.5
2026-10-10,53,3,wk inc rsv hosp,2026-10-31,quantile,0.01,0
2026-10-10,53,3,wk inc rsv hosp,2026-10-31,quantile,0.025,0
2026-10-10,53,3,wk inc rsv hosp,2026-10-31,quantile,0.05,0
2026-10-10,53,3,wk inc rsv hosp,2026-10-31,quantile,0.1,1
2026-10-10,53,3,wk inc rsv hosp,2026-10-31,quantile,0.15,1
2026-10-10,53,3,wk inc rsv hosp,2026-10-31,quantile,0.2,2
2026-10-10,53,3,wk inc rsv hosp,2026-10-31,quantile,0.25,2
2026-10-10,53,3,wk inc rsv hosp,2026-10-31,quantile,0.3,3
2026-10-10,53,3,wk inc rsv hosp,2026-10-31,quantile,0.35,3
2026-10-10,53,3,wk inc rsv hosp,2026-10-31,quantile,0.4,4
2026-10-10,53,3,wk inc rsv hosp,2026-10-31,quantile,0.45,5
2026-10-10,53,3,wk inc rsv hosp,2026-10-31,quantile,0.5,6
2026-10-10,53,3,wk inc rsv hosp,2026-10-31,quantile,0.55,6
2026-10-10,53,3,wk inc rsv hosp,2026-10-31,quantile,0.6,7
2026-10-10,53,3,wk inc rsv hosp,2026-10-31,quantile,0.65,8
2026-10-10,53,3,wk inc rsv hosp,2026-10-31,quantile,0.7,9
2026-10-10,53,3,wk inc rsv hosp,2026-10-31,quantile,0.75,12
2026-10-10,53,3,wk inc rsv hosp,2026-10-31,quantile,0.8,12.93112968607683
2026-10-10,53,3,wk inc rsv hosp,2026-10-31,quantile,0.85,13.046598349156065
2026-10-10,53,3,wk inc rsv hosp,2026-10-31,quantile,0.9,14.12620505056141
2026-10-10,53,3,wk inc rsv hosp,2026-10-31,quantile,0.95,18
2026-10-10,53,3,wk inc rsv hosp,2026-10-31,quantile,0.975,21
2026-10-10,53,3,wk inc rsv hosp,2026-10-31,quantile,0.99,26
2026-10-10,54,-1,wk inc rsv hosp,2026-10-03,quantile,0.01,0
2026-10-10,54,-1,wk inc rsv hosp,2026-10-03,quantile,0.025,0
2026-10-10,54,-1,wk inc rsv hosp,2026-10-03,quantile,0.05,0
2026-10-10,54,-1,wk inc rsv hosp,2026-10-03,quantile,0.1,0
2026-10-10,54,-1,wk inc rsv hosp,2026-10-03,quantile,0.15,0
2026-10-10,54,-1,wk inc rsv hosp,2026-10-03,quantile,0.2,1
2026-10-10,54,-1,wk inc rsv hosp,2026-10-03,quantile,0.25,1
2026-10-10,54,-1,wk inc rsv hosp,2026-10-03,quantile,0.3,1
2026-10-10,54,-1,wk inc rsv hosp,2026-10-03,quantile,0.35,1
2026-10-10,54,-1,wk inc rsv hosp,2026-10-03,quantile,0.4,1
2026-10-10,54,-1,wk inc rsv hosp,2026-10-03,quantile,0.45,1
2026-10-10,54,-1,wk inc rsv hosp,2026-10-03,quantile,0.5,1
2026-10-10,54,-1,wk inc rsv hosp,2026-10-03,quantile,0.55,1
2026-10-10,54,-1,wk inc rsv hosp,2026-10-03,quantile,0.6,2
2026-10-10,54,-1,wk inc rsv hosp,2026-10-03,quantile,0.65,2
2026-10-10,54,-1,wk inc rsv hosp,2026-10-03,quantile,0.7,2
2026-10-10,54,-1,wk inc rsv hosp,2026-10-03,quantile,0.75,2
2026-10-10,54,-1,wk inc rsv hosp,2026-10-03,quantile,0.8,3
2026-10-10,54,-1,wk inc rsv hosp,2026-10-03,quantile,0.85,3
2026-10-10,54,-1,wk inc rsv hosp,2026-10-03,quantile,0.9,4
2026-10-10,54,-1,wk inc rsv hosp,2026-10-03,quantile,0.95,5
2026-10-10,54,-1,wk inc rsv hosp,2026-10-03,quantile,0.975,6
2026-10-10,54,-1,wk inc rsv hosp,2026-10-03,quantile,0.99,7
2026-10-10,54,0,wk inc rsv hosp,2026-10-10,quantile,0.01,0
2026-10-10,54,0,wk inc rsv hosp,2026-10-10,quantile,0.025,0
2026-10-10,54,0,wk inc rsv hosp,2026-10-10,quantile,0.05,0
2026-10-10,54,0,wk inc rsv hosp,2026-10-10,quantile,0.1,0
2026-10-10,54,0,wk inc rsv hosp,2026-10-10,quantile,0.15,1
2026-10-10,54,0,wk inc rsv hosp,2026-10-10,quantile,0.2,1
2026-10-10,54,0,wk inc rsv hosp,2026-10-10,quantile,0.25,1
2026-10-10,54,0,wk inc rsv hosp,2026-10-10,quantile,0.3,1
2026-10-10,54,0,wk inc rsv hosp,2026-10-10,quantile,0.35,1
2026-10-10,54,0,wk inc rsv hosp,2026-10-10,quantile,0.4,1.5
2026-10-10,54,0,wk inc rsv hosp,2026-10-10,quantile,0.45,1.5
2026-10-10,54,0,wk inc rsv hosp,2026-10-10,quantile,0.5,1.5
2026-10-10,54,0,wk inc rsv hosp,2026-10-10,quantile,0.55,2
2026-10-10,54,0,wk inc rsv hosp,2026-10-10,quantile,0.6,2.5
2026-10-10,54,0,wk inc rsv hosp,2026-10-10,quantile,0.65,3
2026-10-10,54,0,wk inc rsv hosp,2026-10-10,quantile,0.7,3
2026-10-10,54,0,wk inc rsv hosp,2026-10-10,quantile,0.75,3.5
2026-10-10,54,0,wk inc rsv hosp,2026-10-10,quantile,0.8,4
2026-10-10,54,0,wk inc rsv hosp,2026-10-10,quantile,0.85,4.5
2026-10-10,54,0,wk inc rsv hosp,2026-10-10,quantile,0.9,5
2026-10-10,54,0,wk inc rsv hosp,2026-10-10,quantile,0.95,6
2026-10-10,54,0,wk inc rsv hosp,2026-10-10,quantile,0.975,6.5
2026-10-10,54,0,wk inc rsv hosp,2026-10-10,quantile,0.99,8
2026-10-10,54,1,wk inc rsv hosp,2026-10-17,quantile,0.01,0
2026-10-10,54,1,wk inc rsv hosp,2026-10-17,quantile,0.025,0
2026-10-10,54,1,wk inc rsv hosp,2026-10-17,quantile,0.05,0
2026-10-10,54,1,wk inc rsv hosp,2026-10-17,quantile,0.1,0.0704714592708526
2026-10-10,54,1,wk inc rsv hosp,2026-10-17,quantile,0.15,1
2026-10-10,54,1,wk inc rsv hosp,2026-10-17,quantile,0.2,1
2026-10-10,54,1,wk inc rsv hosp,2026-10-17,quantile,0.25,1
2026-10-10,54,1,wk inc rsv hosp,2026-10-17,quantile,0.3,1
2026-10-10,54,1,wk inc rsv hosp,2026-10-17,quantile,0.35,1
2026-10-10,54,1,wk inc rsv hosp,2026-10-17,quantile,0.4,1.5
2026-10-10,54,1,wk inc rsv hosp,2026-10-17,quantile,0.45,2
2026-10-10,54,1,wk inc rsv hosp,2026-10-17,quantile,0.5,2
2026-10-10,54,1,wk inc rsv hosp,2026-10-17,quantile,0.55,2
2026-10-10,54,1,wk inc rsv hosp,2026-10-17,quantile,0.6,3
2026-10-10,54,1,wk inc rsv hosp,2026-10-17,quantile,0.65,3
2026-10-10,54,1,wk inc rsv hosp,2026-10-17,quantile,0.7,3.5
2026-10-10,54,1,wk inc rsv hosp,2026-10-17,quantile,0.75,4
2026-10-10,54,1,wk inc rsv hosp,2026-10-17,quantile,0.8,4.5
2026-10-10,54,1,wk inc rsv hosp,2026-10-17,quantile,0.85,5.5
2026-10-10,54,1,wk inc rsv hosp,2026-10-17,quantile,0.9,5.5
2026-10-10,54,1,wk inc rsv hosp,2026-10-17,quantile,0.95,6.5
2026-10-10,54,1,wk inc rsv hosp,2026-10-17,quantile,0.975,8
2026-10-10,54,1,wk inc rsv hosp,2026-10-17,quantile,0.99,9
2026-10-10,54,2,wk inc rsv hosp,2026-10-24,quantile,0.01,0
2026-10-10,54,2,wk inc rsv hosp,2026-10-24,quantile,0.025,0
2026-10-10,54,2,wk inc rsv hosp,2026-10-24,quantile,0.05,0
2026-10-10,54,2,wk inc rsv hosp,2026-10-24,quantile,0.1,0.5
2026-10-10,54,2,wk inc rsv hosp,2026-10-24,quantile,0.15,1
2026-10-10,54,2,wk inc rsv hosp,2026-10-24,quantile,0.2,1.311680052885456
2026-10-10,54,2,wk inc rsv hosp,2026-10-24,quantile,0.25,1.4140769459486373
2026-10-10,54,2,wk inc rsv hosp,2026-10-24,quantile,0.3,1.4564666325448736
2026-10-10,54,2,wk inc rsv hosp,2026-10-24,quantile,0.35,1.959444361829519
2026-10-10,54,2,wk inc rsv hosp,2026-10-24,quantile,0.4,2
2026-10-10,54,2,wk inc rsv hosp,2026-10-24,quantile,0.45,2.0432884453676508
2026-10-10,54,2,wk inc rsv hosp,2026-10-24,quantile,0.5,2.204770164102741
2026-10-10,54,2,wk inc rsv hosp,2026-10-24,quantile,0.55,3
2026-10-10,54,2,wk inc rsv hosp,2026-10-24,quantile,0.6,3
2026-10-10,54,2,wk inc rsv hosp,2026-10-24,quantile,0.65,3.540408261560875
2026-10-10,54,2,wk inc rsv hosp,2026-10-24,quantile,0.7,4.5
2026-10-10,54,2,wk inc rsv hosp,2026-10-24,quantile,0.75,4.5
2026-10-10,54,2,wk inc rsv hosp,2026-10-24,quantile,0.8,5.5
2026-10-10,54,2,wk inc rsv hosp,2026-10-24,quantile,0.85,6
2026-10-10,54,2,wk inc rsv hosp,2026-10-24,quantile,0.9,7
2026-10-10,54,2,wk inc rsv hosp,2026-10-24,quantile,0.95,8
2026-10-10,54,2,wk inc rsv hosp,2026-10-24,quantile,0.975,10
2026-10-10,54,2,wk inc rsv hosp,2026-10-24,quantile,0.99,13
2026-10-10,54,3,wk inc rsv hosp,2026-10-31,quantile,0.01,0
2026-10-10,54,3,wk inc rsv hosp,2026-10-31,quantile,0.025,0
2026-10-10,54,3,wk inc rsv hosp,2026-10-31,quantile,0.05,0.6798799530234063
2026-10-10,54,3,wk inc rsv hosp,2026-10-31,quantile,0.1,1
2026-10-10,54,3,wk inc rsv hosp,2026-10-31,quantile,0.15,1
2026-10-10,54,3,wk inc rsv hosp,2026-10-31,quantile,0.2,2
2026-10-10,54,3,wk inc rsv hosp,2026-10-31,quantile,0.25,2
2026-10-10,54,3,wk inc rsv hosp,2026-10-31,quantile,0.3,2
2026-10-10,54,3,wk inc rsv hosp,2026-10-31,quantile,0.35,3
2026-10-10,54,3,wk inc rsv hosp,2026-10-31,quantile,0.4,3
2026-10-10,54,3,wk inc rsv hosp,2026-10-31,quantile,0.45,3
2026-10-10,54,3,wk inc rsv hosp,2026-10-31,quantile,0.5,3
2026-10-10,54,3,wk inc rsv hosp,2026-10-31,quantile,0.55,4
2026-10-10,54,3,wk inc rsv hosp,2026-10-31,quantile,0.6,4
2026-10-10,54,3,wk inc rsv hosp,2026-10-31,quantile,0.65,5
2026-10-10,54,3,wk inc rsv hosp,2026-10-31,quantile,0.7,5
2026-10-10,54,3,wk inc rsv hosp,2026-10-31,quantile,0.75,6
2026-10-10,54,3,wk inc rsv hosp,2026-10-31,quantile,0.8,6
2026-10-10,54,3,wk inc rsv hosp,2026-10-31,quantile,0.85,7
2026-10-10,54,3,wk inc rsv hosp,2026-10-31,quantile,0.9,9
2026-10-10,54,3,wk inc rsv hosp,2026-10-31,quantile,0.95,11
2026-10-10,54,3,wk inc rsv hosp,2026-10-31,quantile,0.975,14
2026-10-10,54,3,wk inc rsv hosp,2026-10-31,quantile,0.99,17
2026-10-10,55,-1,wk inc rsv hosp,2026-10-03,quantile,0.01,2
2026-10-10,55,-1,wk inc rsv hosp,2026-10-03,quantile,0.025,3
2026-10-10,55,-1,wk inc rsv hosp,2026-10-03,quantile,0.05,4
2026-10-10,55,-1,wk inc rsv hosp,2026-10-03,quantile,0.1,4
2026-10-10,55,-1,wk inc rsv hosp,2026-10-03,quantile,0.15,4
2026-10-10,55,-1,wk inc rsv hosp,2026-10-03,quantile,0.2,4
2026-10-10,55,-1,wk inc rsv hosp,2026-10-03,quantile,0.25,4
2026-10-10,55,-1,wk inc rsv hosp,2026-10-03,quantile,0.3,4
2026-10-10,55,-1,wk inc rsv hosp,2026-10-03,quantile,0.35,4
2026-10-10,55,-1,wk inc rsv hosp,2026-10-03,quantile,0.4,4
2026-10-10,55,-1,wk inc rsv hosp,2026-10-03,quantile,0.45,4
2026-10-10,55,-1,wk inc rsv hosp,2026-10-03,quantile,0.5,4
2026-10-10,55,-1,wk inc rsv hosp,2026-10-03,quantile,0.55,4
2026-10-10,55,-1,wk inc rsv hosp,2026-10-03,quantile,0.6,4
2026-10-10,55,-1,wk inc rsv hosp,2026-10-03,quantile,0.65,4
2026-10-10,55,-1,wk inc rsv hosp,2026-10-03,quantile,0.7,4
2026-10-10,55,-1,wk inc rsv hosp,2026-10-03,quantile,0.75,4
2026-10-10,55,-1,wk inc rsv hosp,2026-10-03,quantile,0.8,4
2026-10-10,55,-1,wk inc rsv hosp,2026-10-03,quantile,0.85,4
2026-10-10,55,-1,wk inc rsv hosp,2026-10-03,quantile,0.9,4
2026-10-10,55,-1,wk inc rsv hosp,2026-10-03,quantile,0.95,5
2026-10-10,55,-1,wk inc rsv hosp,2026-10-03,quantile,0.975,6
2026-10-10,55,-1,wk inc rsv hosp,2026-10-03,quantile,0.99,7
2026-10-10,55,0,wk inc rsv hosp,2026-10-10,quantile,0.01,0.5
2026-10-10,55,0,wk inc rsv hosp,2026-10-10,quantile,0.025,0.5
2026-10-10,55,0,wk inc rsv hosp,2026-10-10,quantile,0.05,1.5
2026-10-10,55,0,wk inc rsv hosp,2026-10-10,quantile,0.1,1.5
2026-10-10,55,0,wk inc rsv hosp,2026-10-10,quantile,0.15,2
2026-10-10,55,0,wk inc rsv hosp,2026-10-10,quantile,0.2,2.5
2026-10-10,55,0,wk inc rsv hosp,2026-10-10,quantile,0.25,2.5
2026-10-10,55,0,wk inc rsv hosp,2026-10-10,quantile,0.3,3
2026-10-10,55,0,wk inc rsv hosp,2026-10-10,quantile,0.35,4
2026-10-10,55,0,wk inc rsv hosp,2026-10-10,quantile,0.4,4
2026-10-10,55,0,wk inc rsv hosp,2026-10-10,quantile,0.45,4.5
2026-10-10,55,0,wk inc rsv hosp,2026-10-10,quantile,0.5,4.607856993501482
2026-10-10,55,0,wk inc rsv hosp,2026-10-10,quantile,0.55,4.706648258603455
2026-10-10,55,0,wk inc rsv hosp,2026-10-10,quantile,0.6,5.485620299893727
2026-10-10,55,0,wk inc rsv hosp,2026-10-10,quantile,0.65,5.568068019303337
2026-10-10,55,0,wk inc rsv hosp,2026-10-10,quantile,0.7,5.741329868763531
2026-10-10,55,0,wk inc rsv hosp,2026-10-10,quantile,0.75,5.810082166621468
2026-10-10,55,0,wk inc rsv hosp,2026-10-10,quantile,0.8,6.345611100746869
2026-10-10,55,0,wk inc rsv hosp,2026-10-10,quantile,0.85,7.374383299580104
2026-10-10,55,0,wk inc rsv hosp,2026-10-10,quantile,0.9,9
2026-10-10,55,0,wk inc rsv hosp,2026-10-10,quantile,0.95,10.5
2026-10-10,55,0,wk inc rsv hosp,2026-10-10,quantile,0.975,11
2026-10-10,55,0,wk inc rsv hosp,2026-10-10,quantile,0.99,12
2026-10-10,55,1,wk inc rsv hosp,2026-10-17,quantile,0.01,0
2026-10-10,55,1,wk inc rsv hosp,2026-10-17,quantile,0.025,0.5
2026-10-10,55,1,wk inc rsv hosp,2026-10-17,quantile,0.05,1.5
2026-10-10,55,1,wk inc rsv hosp,2026-10-17,quantile,0.1,1.5
2026-10-10,55,1,wk inc rsv hosp,2026-10-17,quantile,0.15,2
2026-10-10,55,1,wk inc rsv hosp,2026-10-17,quantile,0.2,2.5
2026-10-10,55,1,wk inc rsv hosp,2026-10-17,quantile,0.25,2.5
2026-10-10,55,1,wk inc rsv hosp,2026-10-17,quantile,0.3,3
2026-10-10,55,1,wk inc rsv hosp,2026-10-17,quantile,0.35,4
2026-10-10,55,1,wk inc rsv hosp,2026-10-17,quantile,0.4,4.5
2026-10-10,55,1,wk inc rsv hosp,2026-10-17,quantile,0.45,4.653179669443498
2026-10-10,55,1,wk inc rsv hosp,2026-10-17,quantile,0.5,4.7071955231213245
2026-10-10,55,1,wk inc rsv hosp,2026-10-17,quantile,0.55,5.236094804590947
2026-10-10,55,1,wk inc rsv hosp,2026-10-17,quantile,0.6,5.472846843353963
2026-10-10,55,1,wk inc rsv hosp,2026-10-17,quantile,0.65,5.595562129441566
2026-10-10,55,1,wk inc rsv hosp,2026-10-17,quantile,0.7,6.283139129554776
2026-10-10,55,1,wk inc rsv hosp,2026-10-17,quantile,0.75,6.4238570522178025
2026-10-10,55,1,wk inc rsv hosp,2026-10-17,quantile,0.8,7.163246050415898
2026-10-10,55,1,wk inc rsv hosp,2026-10-17,quantile,0.85,7.563258185725755
2026-10-10,55,1,wk inc rsv hosp,2026-10-17,quantile,0.9,9.770038614271048
2026-10-10,55,1,wk inc rsv hosp,2026-10-17,quantile,0.95,13.223074579590415
2026-10-10,55,1,wk inc rsv hosp,2026-10-17,quantile,0.975,14
2026-10-10,55,1,wk inc rsv hosp,2026-10-17,quantile,0.99,15.5
2026-10-10,55,2,wk inc rsv hosp,2026-10-24,quantile,0.01,0.5
2026-10-10,55,2,wk inc rsv hosp,2026-10-24,quantile,0.025,1
2026-10-10,55,2,wk inc rsv hosp,2026-10-24,quantile,0.05,1
2026-10-10,55,2,wk inc rsv hosp,2026-10-24,quantile,0.1,2
2026-10-10,55,2,wk inc rsv hosp,2026-10-24,quantile,0.15,2
2026-10-10,55,2,wk inc rsv hosp,2026-10-24,quantile,0.2,3
2026-10-10,55,2,wk inc rsv hosp,2026-10-24,quantile,0.25,3
2026-10-10,55,2,wk inc rsv hosp,2026-10-24,quantile,0.3,3
2026-10-10,55,2,wk inc rsv hosp,2026-10-24,quantile,0.35,4
2026-10-10,55,2,wk inc rsv hosp,2026-10-24,quantile,0.4,4.5
2026-10-10,55,2,wk inc rsv hosp,2026-10-24,quantile,0.45,6
2026-10-10,55,2,wk inc rsv hosp,2026-10-24,quantile,0.5,7
2026-10-10,55,2,wk inc rsv hosp,2026-10-24,quantile,0.55,7.5330949474091575
2026-10-10,55,2,wk inc rsv hosp,2026-10-24,quantile,0.6,8.127936240287209
2026-10-10,55,2,wk inc rsv hosp,2026-10-24,quantile,0.65,8.327081456408065
2026-10-10,55,2,wk inc rsv hosp,2026-10-24,quantile,0.7,9.030946018157298
2026-10-10,55,2,wk inc rsv hosp,2026-10-24,quantile,0.75,9.406007416382128
2026-10-10,55,2,wk inc rsv hosp,2026-10-24,quantile,0.8,10.324098150257399
2026-10-10,55,2,wk inc rsv hosp,2026-10-24,quantile,0.85,11.103168947987198
2026-10-10,55,2,wk inc rsv hosp,2026-10-24,quantile,0.9,11.927381883285623
2026-10-10,55,2,wk inc rsv hosp,2026-10-24,quantile,0.95,17.734286466273815
2026-10-10,55,2,wk inc rsv hosp,2026-10-24,quantile,0.975,22.5
2026-10-10,55,2,wk inc rsv hosp,2026-10-24,quantile,0.99,27.004999999999995
2026-10-10,55,3,wk inc rsv hosp,2026-10-31,quantile,0.01,0
2026-10-10,55,3,wk inc rsv hosp,2026-10-31,quantile,0.025,1
2026-10-10,55,3,wk inc rsv hosp,2026-10-31,quantile,0.05,2
2026-10-10,55,3,wk inc rsv hosp,2026-10-31,quantile,0.1,2
2026-10-10,55,3,wk inc rsv hosp,2026-10-31,quantile,0.15,3
2026-10-10,55,3,wk inc rsv hosp,2026-10-31,quantile,0.2,3
2026-10-10,55,3,wk inc rsv hosp,2026-10-31,quantile,0.25,4
2026-10-10,55,3,wk inc rsv hosp,2026-10-31,quantile,0.3,4
2026-10-10,55,3,wk inc rsv hosp,2026-10-31,quantile,0.35,5
2026-10-10,55,3,wk inc rsv hosp,2026-10-31,quantile,0.4,6
2026-10-10,55,3,wk inc rsv hosp,2026-10-31,quantile,0.45,8
2026-10-10,55,3,wk inc rsv hosp,2026-10-31,quantile,0.5,10
2026-10-10,55,3,wk inc rsv hosp,2026-10-31,quantile,0.55,14
2026-10-10,55,3,wk inc rsv hosp,2026-10-31,quantile,0.6,16.077951449067868
2026-10-10,55,3,wk inc rsv hosp,2026-10-31,quantile,0.65,17.226361092122108
2026-10-10,55,3,wk inc rsv hosp,2026-10-31,quantile,0.7,17.973785581182792
2026-10-10,55,3,wk inc rsv hosp,2026-10-31,quantile,0.75,19.41745763363773
2026-10-10,55,3,wk inc rsv hosp,2026-10-31,quantile,0.8,20.048229823299295
2026-10-10,55,3,wk inc rsv hosp,2026-10-31,quantile,0.85,20.764017191329796
2026-10-10,55,3,wk inc rsv hosp,2026-10-31,quantile,0.9,21.478859013983744
2026-10-10,55,3,wk inc rsv hosp,2026-10-31,quantile,0.95,21.96808338209012
2026-10-10,55,3,wk inc rsv hosp,2026-10-31,quantile,0.975,35.87912942418307
2026-10-10,55,3,wk inc rsv hosp,2026-10-31,quantile,0.99,37
2026-10-10,56,-1,wk inc rsv hosp,2026-10-03,quantile,0.01,0
2026-10-10,56,-1,wk inc rsv hosp,2026-10-03,quantile,0.025,0
2026-10-10,56,-1,wk inc rsv hosp,2026-10-03,quantile,0.05,0
2026-10-10,56,-1,wk inc rsv hosp,2026-10-03,quantile,0.1,0
2026-10-10,56,-1,wk inc rsv hosp,2026-10-03,quantile,0.15,0
2026-10-10,56,-1,wk inc rsv hosp,2026-10-03,quantile,0.2,0
2026-10-10,56,-1,wk inc rsv hosp,2026-10-03,quantile,0.25,0
2026-10-10,56,-1,wk inc rsv hosp,2026-10-03,quantile,0.3,0
2026-10-10,56,-1,wk inc rsv hosp,2026-10-03,quantile,0.35,0
2026-10-10,56,-1,wk inc rsv hosp,2026-10-03,quantile,0.4,0
2026-10-10,56,-1,wk inc rsv hosp,2026-10-03,quantile,0.45,0
2026-10-10,56,-1,wk inc rsv hosp,2026-10-03,quantile,0.5,0
2026-10-10,56,-1,wk inc rsv hosp,2026-10-03,quantile,0.55,1
2026-10-10,56,-1,wk inc rsv hosp,2026-10-03,quantile,0.6,1
2026-10-10,56,-1,wk inc rsv hosp,2026-10-03,quantile,0.65,1
2026-10-10,56,-1,wk inc rsv hosp,2026-10-03,quantile,0.7,1
2026-10-10,56,-1,wk inc rsv hosp,2026-10-03,quantile,0.75,1
2026-10-10,56,-1,wk inc rsv hosp,2026-10-03,quantile,0.8,2
2026-10-10,56,-1,wk inc rsv hosp,2026-10-03,quantile,0.85,2
2026-10-10,56,-1,wk inc rsv hosp,2026-10-03,quantile,0.9,3
2026-10-10,56,-1,wk inc rsv hosp,2026-10-03,quantile,0.95,4
2026-10-10,56,-1,wk inc rsv hosp,2026-10-03,quantile,0.975,5
2026-10-10,56,-1,wk inc rsv hosp,2026-10-03,quantile,0.99,7
2026-10-10,56,0,wk inc rsv hosp,2026-10-10,quantile,0.01,0
2026-10-10,56,0,wk inc rsv hosp,2026-10-10,quantile,0.025,0
2026-10-10,56,0,wk inc rsv hosp,2026-10-10,quantile,0.05,0
2026-10-10,56,0,wk inc rsv hosp,2026-10-10,quantile,0.1,0
2026-10-10,56,0,wk inc rsv hosp,2026-10-10,quantile,0.15,0
2026-10-10,56,0,wk inc rsv hosp,2026-10-10,quantile,0.2,0
2026-10-10,56,0,wk inc rsv hosp,2026-10-10,quantile,0.25,0
2026-10-10,56,0,wk inc rsv hosp,2026-10-10,quantile,0.3,0
2026-10-10,56,0,wk inc rsv hosp,2026-10-10,quantile,0.35,0
2026-10-10,56,0,wk inc rsv hosp,2026-10-10,quantile,0.4,0
2026-10-10,56,0,wk inc rsv hosp,2026-10-10,quantile,0.45,0
2026-10-10,56,0,wk inc rsv hosp,2026-10-10,quantile,0.5,0
2026-10-10,56,0,wk inc rsv hosp,2026-10-10,quantile,0.55,0.013189687210210223
2026-10-10,56,0,wk inc rsv hosp,2026-10-10,quantile,0.6,0.03837185488381578
2026-10-10,56,0,wk inc rsv hosp,2026-10-10,quantile,0.65,1
2026-10-10,56,0,wk inc rsv hosp,2026-10-10,quantile,0.7,1
2026-10-10,56,0,wk inc rsv hosp,2026-10-10,quantile,0.75,1
2026-10-10,56,0,wk inc rsv hosp,2026-10-10,quantile,0.8,1
2026-10-10,56,0,wk inc rsv hosp,2026-10-10,quantile,0.85,2
2026-10-10,56,0,wk inc rsv hosp,2026-10-10,quantile,0.9,2
2026-10-10,56,0,wk inc rsv hosp,2026-10-10,quantile,0.95,3
2026-10-10,56,0,wk inc rsv hosp,2026-10-10,quantile,0.975,4
2026-10-10,56,0,wk inc rsv hosp,2026-10-10,quantile,0.99,4
2026-10-10,56,1,wk inc rsv hosp,2026-10-17,quantile,0.01,0
2026-10-10,56,1,wk inc rsv hosp,2026-10-17,quantile,0.025,0
2026-10-10,56,1,wk inc rsv hosp,2026-10-17,quantile,0.05,0
2026-10-10,56,1,wk inc rsv hosp,2026-10-17,quantile,0.1,0
2026-10-10,56,1,wk inc rsv hosp,2026-10-17,quantile,0.15,0
2026-10-10,56,1,wk inc rsv hosp,2026-10-17,quantile,0.2,0
2026-10-10,56,1,wk inc rsv hosp,2026-10-17,quantile,0.25,0
2026-10-10,56,1,wk inc rsv hosp,2026-10-17,quantile,0.3,0
2026-10-10,56,1,wk inc rsv hosp,2026-10-17,quantile,0.35,0
2026-10-10,56,1,wk inc rsv hosp,2026-10-17,quantile,0.4,0
2026-10-10,56,1,wk inc rsv hosp,2026-10-17,quantile,0.45,0
2026-10-10,56,1,wk inc rsv hosp,2026-10-17,quantile,0.5,0
2026-10-10,56,1,wk inc rsv hosp,2026-10-17,quantile,0.55,0
2026-10-10,56,1,wk inc rsv hosp,2026-10-17,quantile,0.6,1
2026-10-10,56,1,wk inc rsv hosp,2026-10-17,quantile,0.65,1
2026-10-10,56,1,wk inc rsv hosp,2026-10-17,quantile,0.7,1
2026-10-10,56,1,wk inc rsv hosp,2026-10-17,quantile,0.75,2
2026-10-10,56,1,wk inc rsv hosp,2026-10-17,quantile,0.8,2
2026-10-10,56,1,wk inc rsv hosp,2026-10-17,quantile,0.85,3
2026-10-10,56,1,wk inc rsv hosp,2026-10-17,quantile,0.9,3
2026-10-10,56,1,wk inc rsv hosp,2026-10-17,quantile,0.95,4
2026-10-10,56,1,wk inc rsv hosp,2026-10-17,quantile,0.975,4
2026-10-10,56,1,wk inc rsv hosp,2026-10-17,quantile,0.99,5
2026-10-10,56,2,wk inc rsv hosp,2026-10-24,quantile,0.01,0
2026-10-10,56,2,wk inc rsv hosp,2026-10-24,quantile,0.025,0
2026-10-10,56,2,wk inc rsv hosp,2026-10-24,quantile,0.05,0
2026-10-10,56,2,wk inc rsv hosp,2026-10-24,quantile,0.1,0
2026-10-10,56,2,wk inc rsv hosp,2026-10-24,quantile,0.15,0
2026-10-10,56,2,wk inc rsv hosp,2026-10-24,quantile,0.2,0
2026-10-10,56,2,wk inc rsv hosp,2026-10-24,quantile,0.25,0
2026-10-10,56,2,wk inc rsv hosp,2026-10-24,quantile,0.3,0
2026-10-10,56,2,wk inc rsv hosp,2026-10-24,quantile,0.35,0
2026-10-10,56,2,wk inc rsv hosp,2026-10-24,quantile,0.4,0
2026-10-10,56,2,wk inc rsv hosp,2026-10-24,quantile,0.45,0
2026-10-10,56,2,wk inc rsv hosp,2026-10-24,quantile,0.5,0.004639939926280004
2026-10-10,56,2,wk inc rsv hosp,2026-10-24,quantile,0.55,1
2026-10-10,56,2,wk inc rsv hosp,2026-10-24,quantile,0.6,1
2026-10-10,56,2,wk inc rsv hosp,2026-10-24,quantile,0.65,1
2026-10-10,56,2,wk inc rsv hosp,2026-10-24,quantile,0.7,2
2026-10-10,56,2,wk inc rsv hosp,2026-10-24,quantile,0.75,2
2026-10-10,56,2,wk inc rsv hosp,2026-10-24,quantile,0.8,3
2026-10-10,56,2,wk inc rsv hosp,2026-10-24,quantile,0.85,4
2026-10-10,56,2,wk inc rsv hosp,2026-10-24,quantile,0.9,4
2026-10-10,56,2,wk inc rsv hosp,2026-10-24,quantile,0.95,5
2026-10-10,56,2,wk inc rsv hosp,2026-10-24,quantile,0.975,6
2026-10-10,56,2,wk inc rsv hosp,2026-10-24,quantile,0.99,7
2026-10-10,56,3,wk inc rsv hosp,2026-10-31,quantile,0.01,0
2026-10-10,56,3,wk inc rsv hosp,2026-10-31,quantile,0.025,0
2026-10-10,56,3,wk inc rsv hosp,2026-10-31,quantile,0.05,0
2026-10-10,56,3,wk inc rsv hosp,2026-10-31,quantile,0.1,0
2026-10-10,56,3,wk inc rsv hosp,2026-10-31,quantile,0.15,0
2026-10-10,56,3,wk inc rsv hosp,2026-10-31,quantile,0.2,0
2026-10-10,56,3,wk inc rsv hosp,2026-10-31,quantile,0.25,0
2026-10-10,56,3,wk inc rsv hosp,2026-10-31,quantile,0.3,0
2026-10-10,56,3,wk inc rsv hosp,2026-10-31,quantile,0.35,0
2026-10-10,56,3,wk inc rsv hosp,2026-10-31,quantile,0.4,0
2026-10-10,56,3,wk inc rsv hosp,2026-10-31,quantile,0.45,0
2026-10-10,56,3,wk inc rsv hosp,2026-10-31,quantile,0.5,1
2026-10-10,56,3,wk inc rsv hosp,2026-10-31,quantile,0.55,1
2026-10-10,56,3,wk inc rsv hosp,2026-10-31,quantile,0.6,1.400000000000091
2026-10-10,56,3,wk inc rsv hosp,2026-10-31,quantile,0.65,2
2026-10-10,56,3,wk inc rsv hosp,2026-10-31,quantile,0.7,3
2026-10-10,56,3,wk inc rsv hosp,2026-10-31,quantile,0.75,3
2026-10-10,56,3,wk inc rsv hosp,2026-10-31,quantile,0.8,3
2026-10-10,56,3,wk inc rsv hosp,2026-10-31,quantile,0.85,4
2026-10-10,56,3,wk inc rsv hosp,2026-10-31,quantile,0.9,5
2026-10-10,56,3,wk inc rsv hosp,2026-10-31,quantile,0.95,6
2026-10-10,56,3,wk inc rsv hosp,2026-10-31,quantile,0.975,7
2026-10-10,56,3,wk inc rsv hosp,2026-10-31,quantile,0.99,9
2026-10-10,72,-1,wk inc rsv hosp,2026-10-03,quantile,0.01,5
2026-10-10,72,-1,wk inc rsv hosp,2026-10-03,quantile,0.025,6
2026-10-10,72,-1,wk inc rsv hosp,2026-10-03,quantile,0.05,7
2026-10-10,72,-1,wk inc rsv hosp,2026-10-03,quantile,0.1,8
2026-10-10,72,-1,wk inc rsv hosp,2026-10-03,quantile,0.15,9
2026-10-10,72,-1,wk inc rsv hosp,2026-10-03,quantile,0.2,9
2026-10-10,72,-1,wk inc rsv hosp,2026-10-03,quantile,0.25,9
2026-10-10,72,-1,wk inc rsv hosp,2026-10-03,quantile,0.3,9
2026-10-10,72,-1,wk inc rsv hosp,2026-10-03,quantile,0.35,10
2026-10-10,72,-1,wk inc rsv hosp,2026-10-03,quantile,0.4,10
2026-10-10,72,-1,wk inc rsv hosp,2026-10-03,quantile,0.45,11
2026-10-10,72,-1,wk inc rsv hosp,2026-10-03,quantile,0.5,11
2026-10-10,72,-1,wk inc rsv hosp,2026-10-03,quantile,0.55,11
2026-10-10,72,-1,wk inc rsv hosp,2026-10-03,quantile,0.6,12
2026-10-10,72,-1,wk inc rsv hosp,2026-10-03,quantile,0.65,12
2026-10-10,72,-1,wk inc rsv hosp,2026-10-03,quantile,0.7,12
2026-10-10,72,-1,wk inc rsv hosp,2026-10-03,quantile,0.75,13
2026-10-10,72,-1,wk inc rsv hosp,2026-10-03,quantile,0.8,13
2026-10-10,72,-1,wk inc rsv hosp,2026-10-03,quantile,0.85,14
2026-10-10,72,-1,wk inc rsv hosp,2026-10-03,quantile,0.9,15
2026-10-10,72,-1,wk inc rsv hosp,2026-10-03,quantile,0.95,16
2026-10-10,72,-1,wk inc rsv hosp,2026-10-03,quantile,0.975,18
2026-10-10,72,-1,wk inc rsv hosp,2026-10-03,quantile,0.99,20
2026-10-10,72,0,wk inc rsv hosp,2026-10-10,quantile,0.01,1
2026-10-10,72,0,wk inc rsv hosp,2026-10-10,quantile,0.025,3
2026-10-10,72,0,wk inc rsv hosp,2026-10-10,quantile,0.05,4
2026-10-10,72,0,wk inc rsv hosp,2026-10-10,quantile,0.1,5
2026-10-10,72,0,wk inc rsv hosp,2026-10-10,quantile,0.15,6
2026-10-10,72,0,wk inc rsv hosp,2026-10-10,quantile,0.2,7
2026-10-10,72,0,wk inc rsv hosp,2026-10-10,quantile,0.25,8
2026-10-10,72,0,wk inc rsv hosp,2026-10-10,quantile,0.3,9
2026-10-10,72,0,wk inc rsv hosp,2026-10-10,quantile,0.35,9
2026-10-10,72,0,wk inc rsv hosp,2026-10-10,quantile,0.4,10
2026-10-10,72,0,wk inc rsv hosp,2026-10-10,quantile,0.45,11
2026-10-10,72,0,wk inc rsv hosp,2026-10-10,quantile,0.5,11
2026-10-10,72,0,wk inc rsv hosp,2026-10-10,quantile,0.55,12
2026-10-10,72,0,wk inc rsv hosp,2026-10-10,quantile,0.6,13
2026-10-10,72,0,wk inc rsv hosp,2026-10-10,quantile,0.65,14
2026-10-10,72,0,wk inc rsv hosp,2026-10-10,quantile,0.7,15
2026-10-10,72,0,wk inc rsv hosp,2026-10-10,quantile,0.75,16
2026-10-10,72,0,wk inc rsv hosp,2026-10-10,quantile,0.8,18
2026-10-10,72,0,wk inc rsv hosp,2026-10-10,quantile,0.85,19
2026-10-10,72,0,wk inc rsv hosp,2026-10-10,quantile,0.9,21
2026-10-10,72,0,wk inc rsv hosp,2026-10-10,quantile,0.95,21
2026-10-10,72,0,wk inc rsv hosp,2026-10-10,quantile,0.975,24
2026-10-10,72,0,wk inc rsv hosp,2026-10-10,quantile,0.99,26
2026-10-10,72,1,wk inc rsv hosp,2026-10-17,quantile,0.01,1
2026-10-10,72,1,wk inc rsv hosp,2026-10-17,quantile,0.025,2
2026-10-10,72,1,wk inc rsv hosp,2026-10-17,quantile,0.05,3
2026-10-10,72,1,wk inc rsv hosp,2026-10-17,quantile,0.1,5
2026-10-10,72,1,wk inc rsv hosp,2026-10-17,quantile,0.15,6
2026-10-10,72,1,wk inc rsv hosp,2026-10-17,quantile,0.2,7
2026-10-10,72,1,wk inc rsv hosp,2026-10-17,quantile,0.25,9
2026-10-10,72,1,wk inc rsv hosp,2026-10-17,quantile,0.3,9
2026-10-10,72,1,wk inc rsv hosp,2026-10-17,quantile,0.35,10
2026-10-10,72,1,wk inc rsv hosp,2026-10-17,quantile,0.4,11
2026-10-10,72,1,wk inc rsv hosp,2026-10-17,quantile,0.45,12
2026-10-10,72,1,wk inc rsv hosp,2026-10-17,quantile,0.5,13
2026-10-10,72,1,wk inc rsv hosp,2026-10-17,quantile,0.55,14
2026-10-10,72,1,wk inc rsv hosp,2026-10-17,quantile,0.6,16
2026-10-10,72,1,wk inc rsv hosp,2026-10-17,quantile,0.65,17
2026-10-10,72,1,wk inc rsv hosp,2026-10-17,quantile,0.7,18
2026-10-10,72,1,wk inc rsv hosp,2026-10-17,quantile,0.75,21
2026-10-10,72,1,wk inc rsv hosp,2026-10-17,quantile,0.8,22
2026-10-10,72,1,wk inc rsv hosp,2026-10-17,quantile,0.85,25
2026-10-10,72,1,wk inc rsv hosp,2026-10-17,quantile,0.9,28
2026-10-10,72,1,wk inc rsv hosp,2026-10-17,quantile,0.95,28
2026-10-10,72,1,wk inc rsv hosp,2026-10-17,quantile,0.975,29
2026-10-10,72,1,wk inc rsv hosp,2026-10-17,quantile,0.99,34
2026-10-10,72,2,wk inc rsv hosp,2026-10-24,quantile,0.01,1
2026-10-10,72,2,wk inc rsv hosp,2026-10-24,quantile,0.025,2
2026-10-10,72,2,wk inc rsv hosp,2026-10-24,quantile,0.05,3
2026-10-10,72,2,wk inc rsv hosp,2026-10-24,quantile,0.1,5
2026-10-10,72,2,wk inc rsv hosp,2026-10-24,quantile,0.15,6
2026-10-10,72,2,wk inc rsv hosp,2026-10-24,quantile,0.2,7
2026-10-10,72,2,wk inc rsv hosp,2026-10-24,quantile,0.25,8
2026-10-10,72,2,wk inc rsv hosp,2026-10-24,quantile,0.3,9
2026-10-10,72,2,wk inc rsv hosp,2026-10-24,quantile,0.35,11
2026-10-10,72,2,wk inc rsv hosp,2026-10-24,quantile,0.4,12
2026-10-10,72,2,wk inc rsv hosp,2026-10-24,quantile,0.45,13
2026-10-10,72,2,wk inc rsv hosp,2026-10-24,quantile,0.5,14
2026-10-10,72,2,wk inc rsv hosp,2026-10-24,quantile,0.55,16.450000000000045
2026-10-10,72,2,wk inc rsv hosp,2026-10-24,quantile,0.6,19
2026-10-10,72,2,wk inc rsv hosp,2026-10-24,quantile,0.65,20
2026-10-10,72,2,wk inc rsv hosp,2026-10-24,quantile,0.7,22
2026-10-10,72,2,wk inc rsv hosp,2026-10-24,quantile,0.75,25
2026-10-10,72,2,wk inc rsv hosp,2026-10-24,quantile,0.8,29
2026-10-10,72,2,wk inc rsv hosp,2026-10-24,quantile,0.85,33
2026-10-10,72,2,wk inc rsv hosp,2026-10-24,quantile,0.9,40
2026-10-10,72,2,wk inc rsv hosp,2026-10-24,quantile,0.95,41
2026-10-10,72,2,wk inc rsv hosp,2026-10-24,quantile,0.975,41
2026-10-10,72,2,wk inc rsv hosp,2026-10-24,quantile,0.99,46
2026-10-10,72,3,wk inc rsv hosp,2026-10-31,quantile,0.01,0
2026-10-10,72,3,wk inc rsv hosp,2026-10-31,quantile,0.025,2
2026-10-10,72,3,wk inc rsv hosp,2026-10-31,quantile,0.05,3
2026-10-10,72,3,wk inc rsv hosp,2026-10-31,quantile,0.1,5
2026-10-10,72,3,wk inc rsv hosp,2026-10-31,quantile,0.15,6
2026-10-10,72,3,wk inc rsv hosp,2026-10-31,quantile,0.2,7
2026-10-10,72,3,wk inc rsv hosp,2026-10-31,quantile,0.25,8
2026-10-10,72,3,wk inc rsv hosp,2026-10-31,quantile,0.3,10
2026-10-10,72,3,wk inc rsv hosp,2026-10-31,quantile,0.35,12
2026-10-10,72,3,wk inc rsv hosp,2026-10-31,quantile,0.4,13
2026-10-10,72,3,wk inc rsv hosp,2026-10-31,quantile,0.45,15
2026-10-10,72,3,wk inc rsv hosp,2026-10-31,quantile,0.5,16
2026-10-10,72,3,wk inc rsv hosp,2026-10-31,quantile,0.55,19
2026-10-10,72,3,wk inc rsv hosp,2026-10-31,quantile,0.6,24
2026-10-10,72,3,wk inc rsv hosp,2026-10-31,quantile,0.65,26
2026-10-10,72,3,wk inc rsv hosp,2026-10-31,quantile,0.7,28
2026-10-10,72,3,wk inc rsv hosp,2026-10-31,quantile,0.75,31
2026-10-10,72,3,wk inc rsv hosp,2026-10-31,quantile,0.8,37
2026-10-10,72,3,wk inc rsv hosp,2026-10-31,quantile,0.85,45
2026-10-10,72,3,wk inc rsv hosp,2026-10-31,quantile,0.9,57.30021367469066
2026-10-10,72,3,wk inc rsv hosp,2026-10-31,quantile,0.95,60
2026-10-10,72,3,wk inc rsv hosp,2026-10-31,quantile,0.975,60
2026-10-10,72,3,wk inc rsv hosp,2026-10-31,quantile,0.99,62
2026-10-10,US,-1,wk inc rsv hosp,2026-10-03,quantile,0.01,573
2026-10-10,US,-1,wk inc rsv hosp,2026-10-03,quantile,0.025,583
2026-10-10,US,-1,wk inc rsv hosp,2026-10-03,quantile,0.05,592
2026-10-10,US,-1,wk inc rsv hosp,2026-10-03,quantile,0.1,603
2026-10-10,US,-1,wk inc rsv hosp,2026-10-03,quantile,0.15,613
2026-10-10,US,-1,wk inc rsv hosp,2026-10-03,quantile,0.2,620
2026-10-10,US,-1,wk inc rsv hosp,2026-10-03,quantile,0.25,626
2026-10-10,US,-1,wk inc rsv hosp,2026-10-03,quantile,0.3,631
2026-10-10,US,-1,wk inc rsv hosp,2026-10-03,quantile,0.35,637
2026-10-10,US,-1,wk inc rsv hosp,2026-10-03,quantile,0.4,643
2026-10-10,US,-1,wk inc rsv hosp,2026-10-03,quantile,0.45,647
2026-10-10,US,-1,wk inc rsv hosp,2026-10-03,quantile,0.5,653
2026-10-10,US,-1,wk inc rsv hosp,2026-10-03,quantile,0.55,658
2026-10-10,US,-1,wk inc rsv hosp,2026-10-03,quantile,0.6,663
2026-10-10,US,-1,wk inc rsv hosp,2026-10-03,quantile,0.65,668
2026-10-10,US,-1,wk inc rsv hosp,2026-10-03,quantile,0.7,672
2026-10-10,US,-1,wk inc rsv hosp,2026-10-03,quantile,0.75,678
2026-10-10,US,-1,wk inc rsv hosp,2026-10-03,quantile,0.8,684
2026-10-10,US,-1,wk inc rsv hosp,2026-10-03,quantile,0.85,693
2026-10-10,US,-1,wk inc rsv hosp,2026-10-03,quantile,0.9,704
2026-10-10,US,-1,wk inc rsv hosp,2026-10-03,quantile,0.95,719
2026-10-10,US,-1,wk inc rsv hosp,2026-10-03,quantile,0.975,732
2026-10-10,US,-1,wk inc rsv hosp,2026-10-03,quantile,0.99,748
2026-10-10,US,0,wk inc rsv hosp,2026-10-10,quantile,0.01,421.07382657865895
2026-10-10,US,0,wk inc rsv hosp,2026-10-10,quantile,0.025,470.81534485614793
2026-10-10,US,0,wk inc rsv hosp,2026-10-10,quantile,0.05,540.95
2026-10-10,US,0,wk inc rsv hosp,2026-10-10,quantile,0.1,584
2026-10-10,US,0,wk inc rsv hosp,2026-10-10,quantile,0.15,607.85
2026-10-10,US,0,wk inc rsv hosp,2026-10-10,quantile,0.2,620.8
2026-10-10,US,0,wk inc rsv hosp,2026-10-10,quantile,0.25,635
2026-10-10,US,0,wk inc rsv hosp,2026-10-10,quantile,0.3,645.7
2026-10-10,US,0,wk inc rsv hosp,2026-10-10,quantile,0.35,660
2026-10-10,US,0,wk inc rsv hosp,2026-10-10,quantile,0.4,669
2026-10-10,US,0,wk inc rsv hosp,2026-10-10,quantile,0.45,679.55
2026-10-10,US,0,wk inc rsv hosp,2026-10-10,quantile,0.5,688.5
2026-10-10,US,0,wk inc rsv hosp,2026-10-10,quantile,0.55,698
2026-10-10,US,0,wk inc rsv hosp,2026-10-10,quantile,0.6,707
2026-10-10,US,0,wk inc rsv hosp,2026-10-10,quantile,0.65,717
2026-10-10,US,0,wk inc rsv hosp,2026-10-10,quantile,0.7,727
2026-10-10,US,0,wk inc rsv hosp,2026-10-10,quantile,0.75,737
2026-10-10,US,0,wk inc rsv hosp,2026-10-10,quantile,0.8,758
2026-10-10,US,0,wk inc rsv hosp,2026-10-10,quantile,0.85,771
2026-10-10,US,0,wk inc rsv hosp,2026-10-10,quantile,0.9,823.4000000000005
2026-10-10,US,0,wk inc rsv hosp,2026-10-10,quantile,0.95,970
2026-10-10,US,0,wk inc rsv hosp,2026-10-10,quantile,0.975,1050
2026-10-10,US,0,wk inc rsv hosp,2026-10-10,quantile,0.99,1123
2026-10-10,US,1,wk inc rsv hosp,2026-10-17,quantile,0.01,483.97999999999996
2026-10-10,US,1,wk inc rsv hosp,2026-10-17,quantile,0.025,512.975
2026-10-10,US,1,wk inc rsv hosp,2026-10-17,quantile,0.05,546.9
2026-10-10,US,1,wk inc rsv hosp,2026-10-17,quantile,0.1,602
2026-10-10,US,1,wk inc rsv hosp,2026-10-17,quantile,0.15,640
2026-10-10,US,1,wk inc rsv hosp,2026-10-17,quantile,0.2,679.8
2026-10-10,US,1,wk inc rsv hosp,2026-10-17,quantile,0.25,703
2026-10-10,US,1,wk inc rsv hosp,2026-10-17,quantile,0.3,725
2026-10-10,US,1,wk inc rsv hosp,2026-10-17,quantile,0.35,743.6500000000001
2026-10-10,US,1,wk inc rsv hosp,2026-10-17,quantile,0.4,760
2026-10-10,US,1,wk inc rsv hosp,2026-10-17,quantile,0.45,774.55
2026-10-10,US,1,wk inc rsv hosp,2026-10-17,quantile,0.5,793
2026-10-10,US,1,wk inc rsv hosp,2026-10-17,quantile,0.55,807
2026-10-10,US,1,wk inc rsv hosp,2026-10-17,quantile,0.6,822
2026-10-10,US,1,wk inc rsv hosp,2026-10-17,quantile,0.65,840.3500000000001
2026-10-10,US,1,wk inc rsv hosp,2026-10-17,quantile,0.7,856
2026-10-10,US,1,wk inc rsv hosp,2026-10-17,quantile,0.75,876
2026-10-10,US,1,wk inc rsv hosp,2026-10-17,quantile,0.8,903.2
2026-10-10,US,1,wk inc rsv hosp,2026-10-17,quantile,0.85,935
2026-10-10,US,1,wk inc rsv hosp,2026-10-17,quantile,0.9,1010.1000000000001
2026-10-10,US,1,wk inc rsv hosp,2026-10-17,quantile,0.95,1182
2026-10-10,US,1,wk inc rsv hosp,2026-10-17,quantile,0.975,1275.025
2026-10-10,US,1,wk inc rsv hosp,2026-10-17,quantile,0.99,1372.1599999999999
2026-10-10,US,2,wk inc rsv hosp,2026-10-24,quantile,0.01,478.16213415665686
2026-10-10,US,2,wk inc rsv hosp,2026-10-24,quantile,0.025,509.7750535767385
2026-10-10,US,2,wk inc rsv hosp,2026-10-24,quantile,0.05,566.9
2026-10-10,US,2,wk inc rsv hosp,2026-10-24,quantile,0.1,629
2026-10-10,US,2,wk inc rsv hosp,2026-10-24,quantile,0.15,679
2026-10-10,US,2,wk inc rsv hosp,2026-10-24,quantile,0.2,726
2026-10-10,US,2,wk inc rsv hosp,2026-10-24,quantile,0.25,765
2026-10-10,US,2,wk inc rsv hosp,2026-10-24,quantile,0.3,810
2026-10-10,US,2,wk inc rsv hosp,2026-10-24,quantile,0.35,849
2026-10-10,US,2,wk inc rsv hosp,2026-10-24,quantile,0.4,883
2026-10-10,US,2,wk inc rsv hosp,2026-10-24,quantile,0.45,916
2026-10-10,US,2,wk inc rsv hosp,2026-10-24,quantile,0.5,940
2026-10-10,US,2,wk inc rsv hosp,2026-10-24,quantile,0.55,967.45
2026-10-10,US,2,wk inc rsv hosp,2026-10-24,quantile,0.6,998
2026-10-10,US,2,wk inc rsv hosp,2026-10-24,quantile,0.65,1026
2026-10-10,US,2,wk inc rsv hosp,2026-10-24,quantile,0.7,1053
2026-10-10,US,2,wk inc rsv hosp,2026-10-24,quantile,0.75,1074
2026-10-10,US,2,wk inc rsv hosp,2026-10-24,quantile,0.8,1102
2026-10-10,US,2,wk inc rsv hosp,2026-10-24,quantile,0.85,1140
2026-10-10,US,2,wk inc rsv hosp,2026-10-24,quantile,0.9,1247
2026-10-10,US,2,wk inc rsv hosp,2026-10-24,quantile,0.95,1479
2026-10-10,US,2,wk inc rsv hosp,2026-10-24,quantile,0.975,1645.2999999999984
2026-10-10,US,2,wk inc rsv hosp,2026-10-24,quantile,0.99,1857.2999999999997
2026-10-10,US,3,wk inc rsv hosp,2026-10-31,quantile,0.01,522.2267177942467
2026-10-10,US,3,wk inc rsv hosp,2026-10-31,quantile,0.025,567.366439210813
2026-10-10,US,3,wk inc rsv hosp,2026-10-31,quantile,0.05,607.5033715162663
2026-10-10,US,3,wk inc rsv hosp,2026-10-31,quantile,0.1,676.1088255288079
2026-10-10,US,3,wk inc rsv hosp,2026-10-31,quantile,0.15,732.569607340659
2026-10-10,US,3,wk inc rsv hosp,2026-10-31,quantile,0.2,786.53578073257
2026-10-10,US,3,wk inc rsv hosp,2026-10-31,quantile,0.25,813.5708537541187
2026-10-10,US,3,wk inc rsv hosp,2026-10-31,quantile,0.3,836.8073238369243
2026-10-10,US,3,wk inc rsv hosp,2026-10-31,quantile,0.35,867.6904035796163
2026-10-10,US,3,wk inc rsv hosp,2026-10-31,quantile,0.4,928.1448533451492
2026-10-10,US,3,wk inc rsv hosp,2026-10-31,quantile,0.45,982.5218263638714
2026-10-10,US,3,wk inc rsv hosp,2026-10-31,quantile,0.5,1015.7938575783293
2026-10-10,US,3,wk inc rsv hosp,2026-10-31,quantile,0.55,1056.8070816511583
2026-10-10,US,3,wk inc rsv hosp,2026-10-31,quantile,0.6,1103.8861144170833
2026-10-10,US,3,wk inc rsv hosp,2026-10-31,quantile,0.65,1156.8582617664197
2026-10-10,US,3,wk inc rsv hosp,2026-10-31,quantile,0.7,1238.2563494367032
2026-10-10,US,3,wk inc rsv hosp,2026-10-31,quantile,0.75,1274.8258729462434
2026-10-10,US,3,wk inc rsv hosp,2026-10-31,quantile,0.8,1298.6745140859207
2026-10-10,US,3,wk inc rsv hosp,2026-10-31,quantile,0.85,1390.90734939151
2026-10-10,US,3,wk inc rsv hosp,2026-10-31,quantile,0.9,1593.4455024078386
2026-10-10,US,3,wk inc rsv hosp,2026-10-31,quantile,0.95,1954.9260330142506
2026-10-10,US,3,wk inc rsv hosp,2026-10-31,quantile,0.975,2340.6499999999996
2026-10-10,US,3,wk inc rsv hosp,2026-10-31,quantile,0.99,2750.6899999999996
2026-10-10,01,0,wk inc rsv prop ed visits,2026-10-10,quantile,0.01,7.42871957908488e-4
2026-10-10,01,0,wk inc rsv prop ed visits,2026-10-10,quantile,0.025,8.325408114961443e-4
2026-10-10,01,0,wk inc rsv prop ed visits,2026-10-10,quantile,0.05,9.425199190777965e-4
2026-10-10,01,0,wk inc rsv prop ed visits,2026-10-10,quantile,0.1,0.0011332472478544928
2026-10-10,01,0,wk inc rsv prop ed visits,2026-10-10,quantile,0.15,0.0012531721657906372
2026-10-10,01,0,wk inc rsv prop ed visits,2026-10-10,quantile,0.2,0.0013455239855814367
2026-10-10,01,0,wk inc rsv prop ed visits,2026-10-10,quantile,0.25,0.0014214597132537494
2026-10-10,01,0,wk inc rsv prop ed visits,2026-10-10,quantile,0.3,0.0014885006771121424
2026-10-10,01,0,wk inc rsv prop ed visits,2026-10-10,quantile,0.35,0.0015558929122953687
2026-10-10,01,0,wk inc rsv prop ed visits,2026-10-10,quantile,0.4,0.0016206841378707565
2026-10-10,01,0,wk inc rsv prop ed visits,2026-10-10,quantile,0.45,0.0016830115310417732
2026-10-10,01,0,wk inc rsv prop ed visits,2026-10-10,quantile,0.5,0.001751885115784228
2026-10-10,01,0,wk inc rsv prop ed visits,2026-10-10,quantile,0.55,0.001824719910874119
2026-10-10,01,0,wk inc rsv prop ed visits,2026-10-10,quantile,0.6,0.0018915427209312274
2026-10-10,01,0,wk inc rsv prop ed visits,2026-10-10,quantile,0.65,0.001958770000595786
2026-10-10,01,0,wk inc rsv prop ed visits,2026-10-10,quantile,0.7,0.002040625190549962
2026-10-10,01,0,wk inc rsv prop ed visits,2026-10-10,quantile,0.75,0.0021232219681294267
2026-10-10,01,0,wk inc rsv prop ed visits,2026-10-10,quantile,0.8,0.002222745151959124
2026-10-10,01,0,wk inc rsv prop ed visits,2026-10-10,quantile,0.85,0.002332334503009205
2026-10-10,01,0,wk inc rsv prop ed visits,2026-10-10,quantile,0.9,0.002477409831360268
2026-10-10,01,0,wk inc rsv prop ed visits,2026-10-10,quantile,0.95,0.002762515956274774
2026-10-10,01,0,wk inc rsv prop ed visits,2026-10-10,quantile,0.975,0.003023821403229988
2026-10-10,01,0,wk inc rsv prop ed visits,2026-10-10,quantile,0.99,0.003399502575751341
2026-10-10,01,1,wk inc rsv prop ed visits,2026-10-17,quantile,0.01,8.012763825937534e-4
2026-10-10,01,1,wk inc rsv prop ed visits,2026-10-17,quantile,0.025,9.087468197763206e-4
2026-10-10,01,1,wk inc rsv prop ed visits,2026-10-17,quantile,0.05,0.0010059461163739257
2026-10-10,01,1,wk inc rsv prop ed visits,2026-10-17,quantile,0.1,0.0011842847555018853
2026-10-10,01,1,wk inc rsv prop ed visits,2026-10-17,quantile,0.15,0.0013535854647731059
2026-10-10,01,1,wk inc rsv prop ed visits,2026-10-17,quantile,0.2,0.0014847882574744865
2026-10-10,01,1,wk inc rsv prop ed visits,2026-10-17,quantile,0.25,0.0016077781815647442
2026-10-10,01,1,wk inc rsv prop ed visits,2026-10-17,quantile,0.3,0.0017097589941654167
2026-10-10,01,1,wk inc rsv prop ed visits,2026-10-17,quantile,0.35,0.0018076750730811426
2026-10-10,01,1,wk inc rsv prop ed visits,2026-10-17,quantile,0.4,0.0019094283156366743
2026-10-10,01,1,wk inc rsv prop ed visits,2026-10-17,quantile,0.45,0.0020079046384082738
2026-10-10,01,1,wk inc rsv prop ed visits,2026-10-17,quantile,0.5,0.002129054603316219
2026-10-10,01,1,wk inc rsv prop ed visits,2026-10-17,quantile,0.55,0.0022193882095069327
2026-10-10,01,1,wk inc rsv prop ed visits,2026-10-17,quantile,0.6,0.002314260177335687
2026-10-10,01,1,wk inc rsv prop ed visits,2026-10-17,quantile,0.65,0.002414537494251865
2026-10-10,01,1,wk inc rsv prop ed visits,2026-10-17,quantile,0.7,0.002528814116334494
2026-10-10,01,1,wk inc rsv prop ed visits,2026-10-17,quantile,0.75,0.0026621983062653032
2026-10-10,01,1,wk inc rsv prop ed visits,2026-10-17,quantile,0.8,0.0027982332042973583
2026-10-10,01,1,wk inc rsv prop ed visits,2026-10-17,quantile,0.85,0.0029733304176279844
2026-10-10,01,1,wk inc rsv prop ed visits,2026-10-17,quantile,0.9,0.0032008394851955942
2026-10-10,01,1,wk inc rsv prop ed visits,2026-10-17,quantile,0.95,0.0035984170062677593
2026-10-10,01,1,wk inc rsv prop ed visits,2026-10-17,quantile,0.975,0.003986243563500352
2026-10-10,01,1,wk inc rsv prop ed visits,2026-10-17,quantile,0.99,0.004434366011171717
2026-10-10,01,2,wk inc rsv prop ed visits,2026-10-24,quantile,0.01,7.740429493712315e-4
2026-10-10,01,2,wk inc rsv prop ed visits,2026-10-24,quantile,0.025,9.178023124453212e-4
2026-10-10,01,2,wk inc rsv prop ed visits,2026-10-24,quantile,0.05,0.001045720660709596
2026-10-10,01,2,wk inc rsv prop ed visits,2026-10-24,quantile,0.1,0.0012936539663134206
2026-10-10,01,2,wk inc rsv prop ed visits,2026-10-24,quantile,0.15,0.001473845920460877
2026-10-10,01,2,wk inc rsv prop ed visits,2026-10-24,quantile,0.2,0.0016634448178182723
2026-10-10,01,2,wk inc rsv prop ed visits,2026-10-24,quantile,0.25,0.0018143168710788374
2026-10-10,01,2,wk inc rsv prop ed visits,2026-10-24,quantile,0.3,0.0019488116253908842
2026-10-10,01,2,wk inc rsv prop ed visits,2026-10-24,quantile,0.35,0.0020910136427181158
2026-10-10,01,2,wk inc rsv prop ed visits,2026-10-24,quantile,0.4,0.0022342072071607324
2026-10-10,01,2,wk inc rsv prop ed visits,2026-10-24,quantile,0.45,0.00237667975469598
2026-10-10,01,2,wk inc rsv prop ed visits,2026-10-24,quantile,0.5,0.0025455284221982976
2026-10-10,01,2,wk inc rsv prop ed visits,2026-10-24,quantile,0.55,0.0026851835786308627
2026-10-10,01,2,wk inc rsv prop ed visits,2026-10-24,quantile,0.6,0.0028172755759203853
2026-10-10,01,2,wk inc rsv prop ed visits,2026-10-24,quantile,0.65,0.0029534959693669413
2026-10-10,01,2,wk inc rsv prop ed visits,2026-10-24,quantile,0.7,0.0031209980047920624
2026-10-10,01,2,wk inc rsv prop ed visits,2026-10-24,quantile,0.75,0.0033139200929474567
2026-10-10,01,2,wk inc rsv prop ed visits,2026-10-24,quantile,0.8,0.0035497861864451866
2026-10-10,01,2,wk inc rsv prop ed visits,2026-10-24,quantile,0.85,0.00380866753603367
2026-10-10,01,2,wk inc rsv prop ed visits,2026-10-24,quantile,0.9,0.004202491101173628
2026-10-10,01,2,wk inc rsv prop ed visits,2026-10-24,quantile,0.95,0.0048150708939429104
2026-10-10,01,2,wk inc rsv prop ed visits,2026-10-24,quantile,0.975,0.005641870295211059
2026-10-10,01,2,wk inc rsv prop ed visits,2026-10-24,quantile,0.99,0.006748716327640382
2026-10-10,01,3,wk inc rsv prop ed visits,2026-10-31,quantile,0.01,8.725491305215991e-4
2026-10-10,01,3,wk inc rsv prop ed visits,2026-10-31,quantile,0.025,0.0011507917788192985
2026-10-10,01,3,wk inc rsv prop ed visits,2026-10-31,quantile,0.05,0.0014029896808900354
2026-10-10,01,3,wk inc rsv prop ed visits,2026-10-31,quantile,0.1,0.001751931335669101
2026-10-10,01,3,wk inc rsv prop ed visits,2026-10-31,quantile,0.15,0.002022057048660403
2026-10-10,01,3,wk inc rsv prop ed visits,2026-10-31,quantile,0.2,0.0022789878636878284
2026-10-10,01,3,wk inc rsv prop ed visits,2026-10-31,quantile,0.25,0.0025157827883367546
2026-10-10,01,3,wk inc rsv prop ed visits,2026-10-31,quantile,0.3,0.002727606769106652
2026-10-10,01,3,wk inc rsv prop ed visits,2026-10-31,quantile,0.35,0.0029500879783980415
2026-10-10,01,3,wk inc rsv prop ed visits,2026-10-31,quantile,0.4,0.0031407959138536456
2026-10-10,01,3,wk inc rsv prop ed visits,2026-10-31,quantile,0.45,0.0033442501582088852
2026-10-10,01,3,wk inc rsv prop ed visits,2026-10-31,quantile,0.5,0.0035850008513020515
2026-10-10,01,3,wk inc rsv prop ed visits,2026-10-31,quantile,0.55,0.003852647417474914
2026-10-10,01,3,wk inc rsv prop ed visits,2026-10-31,quantile,0.6,0.004125311872396392
2026-10-10,01,3,wk inc rsv prop ed visits,2026-10-31,quantile,0.65,0.004437179831361084
2026-10-10,01,3,wk inc rsv prop ed visits,2026-10-31,quantile,0.7,0.0048381716549638605
2026-10-10,01,3,wk inc rsv prop ed visits,2026-10-31,quantile,0.75,0.005254686082954731
2026-10-10,01,3,wk inc rsv prop ed visits,2026-10-31,quantile,0.8,0.005761638837204193
2026-10-10,01,3,wk inc rsv prop ed visits,2026-10-31,quantile,0.85,0.006436982549427985
2026-10-10,01,3,wk inc rsv prop ed visits,2026-10-31,quantile,0.9,0.007572784172968978
2026-10-10,01,3,wk inc rsv prop ed visits,2026-10-31,quantile,0.95,0.009250753875054816
2026-10-10,01,3,wk inc rsv prop ed visits,2026-10-31,quantile,0.975,0.010854702083236856
2026-10-10,01,3,wk inc rsv prop ed visits,2026-10-31,quantile,0.99,0.01125981210501762
2026-10-10,02,0,wk inc rsv prop ed visits,2026-10-10,quantile,0.01,0
2026-10-10,02,0,wk inc rsv prop ed visits,2026-10-10,quantile,0.025,0
2026-10-10,02,0,wk inc rsv prop ed visits,2026-10-10,quantile,0.05,0
2026-10-10,02,0,wk inc rsv prop ed visits,2026-10-10,quantile,0.1,8.563851983638456e-6
2026-10-10,02,0,wk inc rsv prop ed visits,2026-10-10,quantile,0.15,1.4791838538522938e-5
2026-10-10,02,0,wk inc rsv prop ed visits,2026-10-10,quantile,0.2,2.0428534908490506e-5
2026-10-10,02,0,wk inc rsv prop ed visits,2026-10-10,quantile,0.25,2.5970052380152526e-5
2026-10-10,02,0,wk inc rsv prop ed visits,2026-10-10,quantile,0.3,3.1100806371691564e-5
2026-10-10,02,0,wk inc rsv prop ed visits,2026-10-10,quantile,0.35,3.698975640226548e-5
2026-10-10,02,0,wk inc rsv prop ed visits,2026-10-10,quantile,0.4,4.278440052357416e-5
2026-10-10,02,0,wk inc rsv prop ed visits,2026-10-10,quantile,0.45,5.143184786871116e-5
2026-10-10,02,0,wk inc rsv prop ed visits,2026-10-10,quantile,0.5,6.463175152495559e-5
2026-10-10,02,0,wk inc rsv prop ed visits,2026-10-10,quantile,0.55,7.711462311373843e-5
2026-10-10,02,0,wk inc rsv prop ed visits,2026-10-10,quantile,0.6,9.050056621150161e-5
2026-10-10,02,0,wk inc rsv prop ed visits,2026-10-10,quantile,0.65,1.444608399564211e-4
2026-10-10,02,0,wk inc rsv prop ed visits,2026-10-10,quantile,0.7,1.548408236376165e-4
2026-10-10,02,0,wk inc rsv prop ed visits,2026-10-10,quantile,0.75,1.6667219606309036e-4
2026-10-10,02,0,wk inc rsv prop ed visits,2026-10-10,quantile,0.8,1.798006204153664e-4
2026-10-10,02,0,wk inc rsv prop ed visits,2026-10-10,quantile,0.85,2.182142328292066e-4
2026-10-10,02,0,wk inc rsv prop ed visits,2026-10-10,quantile,0.9,2.962305237817531e-4
2026-10-10,02,0,wk inc rsv prop ed visits,2026-10-10,quantile,0.95,3.8254724419697824e-4
2026-10-10,02,0,wk inc rsv prop ed visits,2026-10-10,quantile,0.975,4.74657561356969e-4
2026-10-10,02,0,wk inc rsv prop ed visits,2026-10-10,quantile,0.99,6.394353177079828e-4
2026-10-10,02,1,wk inc rsv prop ed visits,2026-10-17,quantile,0.01,0
2026-10-10,02,1,wk inc rsv prop ed visits,2026-10-17,quantile,0.025,0
2026-10-10,02,1,wk inc rsv prop ed visits,2026-10-17,quantile,0.05,9.144542396277322e-7
2026-10-10,02,1,wk inc rsv prop ed visits,2026-10-17,quantile,0.1,9.382850646821565e-6
2026-10-10,02,1,wk inc rsv prop ed visits,2026-10-17,quantile,0.15,1.6191480932475598e-5
2026-10-10,02,1,wk inc rsv prop ed visits,2026-10-17,quantile,0.2,2.3299213118120074e-5
2026-10-10,02,1,wk inc rsv prop ed visits,2026-10-17,quantile,0.25,3.0099150802405395e-5
2026-10-10,02,1,wk inc rsv prop ed visits,2026-10-17,quantile,0.3,3.69837691466322e-5
2026-10-10,02,1,wk inc rsv prop ed visits,2026-10-17,quantile,0.35,4.451671856667623e-5
2026-10-10,02,1,wk inc rsv prop ed visits,2026-10-17,quantile,0.4,5.573207352623538e-5
2026-10-10,02,1,wk inc rsv prop ed visits,2026-10-17,quantile,0.45,7.101528393911268e-5
2026-10-10,02,1,wk inc rsv prop ed visits,2026-10-17,quantile,0.5,8.459167068669392e-5
2026-10-10,02,1,wk inc rsv prop ed visits,2026-10-17,quantile,0.55,1.0223037870022325e-4
2026-10-10,02,1,wk inc rsv prop ed visits,2026-10-17,quantile,0.6,1.2453629772803975e-4
2026-10-10,02,1,wk inc rsv prop ed visits,2026-10-17,quantile,0.65,1.5783368559808706e-4
2026-10-10,02,1,wk inc rsv prop ed visits,2026-10-17,quantile,0.7,1.7031162900676196e-4
2026-10-10,02,1,wk inc rsv prop ed visits,2026-10-17,quantile,0.75,2.0651710445688179e-4
2026-10-10,02,1,wk inc rsv prop ed visits,2026-10-17,quantile,0.8,2.5275329671885536e-4
2026-10-10,02,1,wk inc rsv prop ed visits,2026-10-17,quantile,0.85,3.150001279147716e-4
2026-10-10,02,1,wk inc rsv prop ed visits,2026-10-17,quantile,0.9,4.0427302351079414e-4
2026-10-10,02,1,wk inc rsv prop ed visits,2026-10-17,quantile,0.95,5.544853187224189e-4
2026-10-10,02,1,wk inc rsv prop ed visits,2026-10-17,quantile,0.975,7.228869770005023e-4
2026-10-10,02,1,wk inc rsv prop ed visits,2026-10-17,quantile,0.99,8.78224526855248e-4
2026-10-10,02,2,wk inc rsv prop ed visits,2026-10-24,quantile,0.01,0
2026-10-10,02,2,wk inc rsv prop ed visits,2026-10-24,quantile,0.025,0
2026-10-10,02,2,wk inc rsv prop ed visits,2026-10-24,quantile,0.05,5.773391234239994e-6
2026-10-10,02,2,wk inc rsv prop ed visits,2026-10-24,quantile,0.1,1.5983057871156322e-5
2026-10-10,02,2,wk inc rsv prop ed visits,2026-10-24,quantile,0.15,2.4125477393591916e-5
2026-10-10,02,2,wk inc rsv prop ed visits,2026-10-24,quantile,0.2,3.255053472707821e-5
2026-10-10,02,2,wk inc rsv prop ed visits,2026-10-24,quantile,0.25,3.98292214645727e-5
2026-10-10,02,2,wk inc rsv prop ed visits,2026-10-24,quantile,0.3,4.7493002528023114e-5
2026-10-10,02,2,wk inc rsv prop ed visits,2026-10-24,quantile,0.35,5.92984927893108e-5
2026-10-10,02,2,wk inc rsv prop ed visits,2026-10-24,quantile,0.4,7.715227636168105e-5
2026-10-10,02,2,wk inc rsv prop ed visits,2026-10-24,quantile,0.45,9.56773843675738e-5
2026-10-10,02,2,wk inc rsv prop ed visits,2026-10-24,quantile,0.5,1.1588756727808845e-4
2026-10-10,02,2,wk inc rsv prop ed visits,2026-10-24,quantile,0.55,1.3877328796770716e-4
2026-10-10,02,2,wk inc rsv prop ed visits,2026-10-24,quantile,0.6,1.663085637420902e-4
2026-10-10,02,2,wk inc rsv prop ed visits,2026-10-24,quantile,0.65,1.9548347889467165e-4
2026-10-10,02,2,wk inc rsv prop ed visits,2026-10-24,quantile,0.7,2.335691633515725e-4
2026-10-10,02,2,wk inc rsv prop ed visits,2026-10-24,quantile,0.75,2.8290770331209676e-4
2026-10-10,02,2,wk inc rsv prop ed visits,2026-10-24,quantile,0.8,3.4979314930747794e-4
2026-10-10,02,2,wk inc rsv prop ed visits,2026-10-24,quantile,0.85,4.4393932743745667e-4
2026-10-10,02,2,wk inc rsv prop ed visits,2026-10-24,quantile,0.9,5.599034869848736e-4
2026-10-10,02,2,wk inc rsv prop ed visits,2026-10-24,quantile,0.95,7.145419666685087e-4
2026-10-10,02,2,wk inc rsv prop ed visits,2026-10-24,quantile,0.975,8.625916572563236e-4
2026-10-10,02,2,wk inc rsv prop ed visits,2026-10-24,quantile,0.99,0.0010815701509614862
2026-10-10,02,3,wk inc rsv prop ed visits,2026-10-31,quantile,0.01,1.1020571548426808e-5
2026-10-10,02,3,wk inc rsv prop ed visits,2026-10-31,quantile,0.025,1.984653486171869e-5
2026-10-10,02,3,wk inc rsv prop ed visits,2026-10-31,quantile,0.05,3.2866905202672266e-5
2026-10-10,02,3,wk inc rsv prop ed visits,2026-10-31,quantile,0.1,5.126668160682525e-5
2026-10-10,02,3,wk inc rsv prop ed visits,2026-10-31,quantile,0.15,6.668567876062098e-5
2026-10-10,02,3,wk inc rsv prop ed visits,2026-10-31,quantile,0.2,8.23445659823551e-5
2026-10-10,02,3,wk inc rsv prop ed visits,2026-10-31,quantile,0.25,9.674912126668313e-5
2026-10-10,02,3,wk inc rsv prop ed visits,2026-10-31,quantile,0.3,1.137101466408531e-4
2026-10-10,02,3,wk inc rsv prop ed visits,2026-10-31,quantile,0.35,1.4006449777866745e-4
2026-10-10,02,3,wk inc rsv prop ed visits,2026-10-31,quantile,0.4,1.6961350267121232e-4
2026-10-10,02,3,wk inc rsv prop ed visits,2026-10-31,quantile,0.45,1.9475450578869744e-4
2026-10-10,02,3,wk inc rsv prop ed visits,2026-10-31,quantile,0.5,2.242777741948494e-4
2026-10-10,02,3,wk inc rsv prop ed visits,2026-10-31,quantile,0.55,2.599433513236724e-4
2026-10-10,02,3,wk inc rsv prop ed visits,2026-10-31,quantile,0.6,2.9792428154267316e-4
2026-10-10,02,3,wk inc rsv prop ed visits,2026-10-31,quantile,0.65,3.5420499670194537e-4
2026-10-10,02,3,wk inc rsv prop ed visits,2026-10-31,quantile,0.7,4.1203395012747433e-4
2026-10-10,02,3,wk inc rsv prop ed visits,2026-10-31,quantile,0.75,4.7363914657260554e-4
2026-10-10,02,3,wk inc rsv prop ed visits,2026-10-31,quantile,0.8,5.645450407148569e-4
2026-10-10,02,3,wk inc rsv prop ed visits,2026-10-31,quantile,0.85,7.225512479205755e-4
2026-10-10,02,3,wk inc rsv prop ed visits,2026-10-31,quantile,0.9,0.0010068334991808485
2026-10-10,02,3,wk inc rsv prop ed visits,2026-10-31,quantile,0.95,0.001450419199876265
2026-10-10,02,3,wk inc rsv prop ed visits,2026-10-31,quantile,0.975,0.0015224966244540877
2026-10-10,02,3,wk inc rsv prop ed visits,2026-10-31,quantile,0.99,0.001628971108180965
2026-10-10,04,0,wk inc rsv prop ed visits,2026-10-10,quantile,0.01,5.4657438594678095e-6
2026-10-10,04,0,wk inc rsv prop ed visits,2026-10-10,quantile,0.025,9.985006834732606e-6
2026-10-10,04,0,wk inc rsv prop ed visits,2026-10-10,quantile,0.05,2.3907779513821432e-5
2026-10-10,04,0,wk inc rsv prop ed visits,2026-10-10,quantile,0.1,4.2060644687304064e-5
2026-10-10,04,0,wk inc rsv prop ed visits,2026-10-10,quantile,0.15,5.6921817123762445e-5
2026-10-10,04,0,wk inc rsv prop ed visits,2026-10-10,quantile,0.2,6.704796113254208e-5
2026-10-10,04,0,wk inc rsv prop ed visits,2026-10-10,quantile,0.25,7.716941075437515e-5
2026-10-10,04,0,wk inc rsv prop ed visits,2026-10-10,quantile,0.3,8.51747776103094e-5
2026-10-10,04,0,wk inc rsv prop ed visits,2026-10-10,quantile,0.35,9.307877854252669e-5
2026-10-10,04,0,wk inc rsv prop ed visits,2026-10-10,quantile,0.4,1.0060598889316456e-4
2026-10-10,04,0,wk inc rsv prop ed visits,2026-10-10,quantile,0.45,1.0703913562336463e-4
2026-10-10,04,0,wk inc rsv prop ed visits,2026-10-10,quantile,0.5,1.162150678307214e-4
2026-10-10,04,0,wk inc rsv prop ed visits,2026-10-10,quantile,0.55,1.2497992220512774e-4
2026-10-10,04,0,wk inc rsv prop ed visits,2026-10-10,quantile,0.6,1.319886332524441e-4
2026-10-10,04,0,wk inc rsv prop ed visits,2026-10-10,quantile,0.65,1.4475426494613093e-4
2026-10-10,04,0,wk inc rsv prop ed visits,2026-10-10,quantile,0.7,1.554582463355703e-4
2026-10-10,04,0,wk inc rsv prop ed visits,2026-10-10,quantile,0.75,1.739527320414568e-4
2026-10-10,04,0,wk inc rsv prop ed visits,2026-10-10,quantile,0.8,1.8895195079117065e-4
2026-10-10,04,0,wk inc rsv prop ed visits,2026-10-10,quantile,0.85,2.1371225001987754e-4
2026-10-10,04,0,wk inc rsv prop ed visits,2026-10-10,quantile,0.9,2.445129821420488e-4
2026-10-10,04,0,wk inc rsv prop ed visits,2026-10-10,quantile,0.95,2.9039256137771015e-4
2026-10-10,04,0,wk inc rsv prop ed visits,2026-10-10,quantile,0.975,3.417272920471357e-4
2026-10-10,04,0,wk inc rsv prop ed visits,2026-10-10,quantile,0.99,4.3088251937057525e-4
2026-10-10,04,1,wk inc rsv prop ed visits,2026-10-17,quantile,0.01,9.735249037208467e-6
2026-10-10,04,1,wk inc rsv prop ed visits,2026-10-17,quantile,0.025,1.3263871961967574e-5
2026-10-10,04,1,wk inc rsv prop ed visits,2026-10-17,quantile,0.05,2.6878144047366546e-5
2026-10-10,04,1,wk inc rsv prop ed visits,2026-10-17,quantile,0.1,4.7075655647837636e-5
2026-10-10,04,1,wk inc rsv prop ed visits,2026-10-17,quantile,0.15,6.28548744363846e-5
2026-10-10,04,1,wk inc rsv prop ed visits,2026-10-17,quantile,0.2,7.600199294425493e-5
2026-10-10,04,1,wk inc rsv prop ed visits,2026-10-17,quantile,0.25,8.973774908268089e-5
2026-10-10,04,1,wk inc rsv prop ed visits,2026-10-17,quantile,0.3,1.0152907292399864e-4
2026-10-10,04,1,wk inc rsv prop ed visits,2026-10-17,quantile,0.35,1.1230780924043899e-4
2026-10-10,04,1,wk inc rsv prop ed visits,2026-10-17,quantile,0.4,1.2277629499719058e-4
2026-10-10,04,1,wk inc rsv prop ed visits,2026-10-17,quantile,0.45,1.3399826323481453e-4
2026-10-10,04,1,wk inc rsv prop ed visits,2026-10-17,quantile,0.5,1.4679023645543384e-4
2026-10-10,04,1,wk inc rsv prop ed visits,2026-10-17,quantile,0.55,1.598696753569522e-4
2026-10-10,04,1,wk inc rsv prop ed visits,2026-10-17,quantile,0.6,1.73916730954803e-4
2026-10-10,04,1,wk inc rsv prop ed visits,2026-10-17,quantile,0.65,1.9071632803353735e-4
2026-10-10,04,1,wk inc rsv prop ed visits,2026-10-17,quantile,0.7,2.0695267678817075e-4
2026-10-10,04,1,wk inc rsv prop ed visits,2026-10-17,quantile,0.75,2.2391164917884678e-4
2026-10-10,04,1,wk inc rsv prop ed visits,2026-10-17,quantile,0.8,2.463419983832035e-4
2026-10-10,04,1,wk inc rsv prop ed visits,2026-10-17,quantile,0.85,2.760599024090333e-4
2026-10-10,04,1,wk inc rsv prop ed visits,2026-10-17,quantile,0.9,3.269544865215925e-4
2026-10-10,04,1,wk inc rsv prop ed visits,2026-10-17,quantile,0.95,4.0290076637837215e-4
2026-10-10,04,1,wk inc rsv prop ed visits,2026-10-17,quantile,0.975,4.914989037712959e-4
2026-10-10,04,1,wk inc rsv prop ed visits,2026-10-17,quantile,0.99,5.871349883419228e-4
2026-10-10,04,2,wk inc rsv prop ed visits,2026-10-24,quantile,0.01,8.8669066451388e-6
2026-10-10,04,2,wk inc rsv prop ed visits,2026-10-24,quantile,0.025,1.2500773492191965e-5
2026-10-10,04,2,wk inc rsv prop ed visits,2026-10-24,quantile,0.05,2.6742394053009233e-5
2026-10-10,04,2,wk inc rsv prop ed visits,2026-10-24,quantile,0.1,5.1457307701953813e-5
2026-10-10,04,2,wk inc rsv prop ed visits,2026-10-24,quantile,0.15,7.435781704587594e-5
2026-10-10,04,2,wk inc rsv prop ed visits,2026-10-24,quantile,0.2,9.054268530428697e-5
2026-10-10,04,2,wk inc rsv prop ed visits,2026-10-24,quantile,0.25,1.0485519868115123e-4
2026-10-10,04,2,wk inc rsv prop ed visits,2026-10-24,quantile,0.3,1.2228502181812513e-4
2026-10-10,04,2,wk inc rsv prop ed visits,2026-10-24,quantile,0.35,1.3885785255843787e-4
2026-10-10,04,2,wk inc rsv prop ed visits,2026-10-24,quantile,0.4,1.5529820969624052e-4
2026-10-10,04,2,wk inc rsv prop ed visits,2026-10-24,quantile,0.45,1.6730216522129718e-4
2026-10-10,04,2,wk inc rsv prop ed visits,2026-10-24,quantile,0.5,1.826593548124922e-4
2026-10-10,04,2,wk inc rsv prop ed visits,2026-10-24,quantile,0.55,1.968577682032509e-4
2026-10-10,04,2,wk inc rsv prop ed visits,2026-10-24,quantile,0.6,2.1248516176668723e-4
2026-10-10,04,2,wk inc rsv prop ed visits,2026-10-24,quantile,0.65,2.2957477747145638e-4
2026-10-10,04,2,wk inc rsv prop ed visits,2026-10-24,quantile,0.7,2.494927715444072e-4
2026-10-10,04,2,wk inc rsv prop ed visits,2026-10-24,quantile,0.75,2.7725182869403213e-4
2026-10-10,04,2,wk inc rsv prop ed visits,2026-10-24,quantile,0.8,3.091500270281079e-4
2026-10-10,04,2,wk inc rsv prop ed visits,2026-10-24,quantile,0.85,3.46679829579285e-4
2026-10-10,04,2,wk inc rsv prop ed visits,2026-10-24,quantile,0.9,4.007049754999186e-4
2026-10-10,04,2,wk inc rsv prop ed visits,2026-10-24,quantile,0.95,4.913503514778371e-4
2026-10-10,04,2,wk inc rsv prop ed visits,2026-10-24,quantile,0.975,5.982245787094865e-4
2026-10-10,04,2,wk inc rsv prop ed visits,2026-10-24,quantile,0.99,7.542752801934379e-4
2026-10-10,04,3,wk inc rsv prop ed visits,2026-10-31,quantile,0.01,1.9098661785352744e-5
2026-10-10,04,3,wk inc rsv prop ed visits,2026-10-31,quantile,0.025,3.509492795690501e-5
2026-10-10,04,3,wk inc rsv prop ed visits,2026-10-31,quantile,0.05,5.838385903792406e-5
2026-10-10,04,3,wk inc rsv prop ed visits,2026-10-31,quantile,0.1,1.0409542133167646e-4
2026-10-10,04,3,wk inc rsv prop ed visits,2026-10-31,quantile,0.15,1.4151999505932985e-4
2026-10-10,04,3,wk inc rsv prop ed visits,2026-10-31,quantile,0.2,1.7824129837069479e-4
2026-10-10,04,3,wk inc rsv prop ed visits,2026-10-31,quantile,0.25,2.0830898540900302e-4
2026-10-10,04,3,wk inc rsv prop ed visits,2026-10-31,quantile,0.3,2.4102146055091938e-4
2026-10-10,04,3,wk inc rsv prop ed visits,2026-10-31,quantile,0.35,2.7125864232246184e-4
2026-10-10,04,3,wk inc rsv prop ed visits,2026-10-31,quantile,0.4,3.0284285409279703e-4
2026-10-10,04,3,wk inc rsv prop ed visits,2026-10-31,quantile,0.45,3.33282553806724e-4
2026-10-10,04,3,wk inc rsv prop ed visits,2026-10-31,quantile,0.5,3.643527654280599e-4
2026-10-10,04,3,wk inc rsv prop ed visits,2026-10-31,quantile,0.55,3.9997325339663064e-4
2026-10-10,04,3,wk inc rsv prop ed visits,2026-10-31,quantile,0.6,4.401263337683147e-4
2026-10-10,04,3,wk inc rsv prop ed visits,2026-10-31,quantile,0.65,4.8329783677943664e-4
2026-10-10,04,3,wk inc rsv prop ed visits,2026-10-31,quantile,0.7,5.350365532807511e-4
2026-10-10,04,3,wk inc rsv prop ed visits,2026-10-31,quantile,0.75,5.878037001117642e-4
2026-10-10,04,3,wk inc rsv prop ed visits,2026-10-31,quantile,0.8,6.786188405975033e-4
2026-10-10,04,3,wk inc rsv prop ed visits,2026-10-31,quantile,0.85,7.701072460684557e-4
2026-10-10,04,3,wk inc rsv prop ed visits,2026-10-31,quantile,0.9,8.989870667607054e-4
2026-10-10,04,3,wk inc rsv prop ed visits,2026-10-31,quantile,0.95,0.0010888366016443838
2026-10-10,04,3,wk inc rsv prop ed visits,2026-10-31,quantile,0.975,0.001328539188593474
2026-10-10,04,3,wk inc rsv prop ed visits,2026-10-31,quantile,0.99,0.0015131423727556292
2026-10-10,05,0,wk inc rsv prop ed visits,2026-10-10,quantile,0.01,9.22049538397716e-5
2026-10-10,05,0,wk inc rsv prop ed visits,2026-10-10,quantile,0.025,1.5566430176771565e-4
2026-10-10,05,0,wk inc rsv prop ed visits,2026-10-10,quantile,0.05,2.0925400544039894e-4
2026-10-10,05,0,wk inc rsv prop ed visits,2026-10-10,quantile,0.1,2.518704349479719e-4
2026-10-10,05,0,wk inc rsv prop ed visits,2026-10-10,quantile,0.15,2.9866761906301826e-4
2026-10-10,05,0,wk inc rsv prop ed visits,2026-10-10,quantile,0.2,3.3041455240352224e-4
2026-10-10,05,0,wk inc rsv prop ed visits,2026-10-10,quantile,0.25,3.703772355927817e-4
2026-10-10,05,0,wk inc rsv prop ed visits,2026-10-10,quantile,0.3,3.978003533079345e-4
2026-10-10,05,0,wk inc rsv prop ed visits,2026-10-10,quantile,0.35,4.301553399414199e-4
2026-10-10,05,0,wk inc rsv prop ed visits,2026-10-10,quantile,0.4,4.5914816146883737e-4
2026-10-10,05,0,wk inc rsv prop ed visits,2026-10-10,quantile,0.45,4.894616526585631e-4
2026-10-10,05,0,wk inc rsv prop ed visits,2026-10-10,quantile,0.5,5.241117408390968e-4
2026-10-10,05,0,wk inc rsv prop ed visits,2026-10-10,quantile,0.55,5.544427558123845e-4
2026-10-10,05,0,wk inc rsv prop ed visits,2026-10-10,quantile,0.6,5.905051056355283e-4
2026-10-10,05,0,wk inc rsv prop ed visits,2026-10-10,quantile,0.65,6.283970361844536e-4
2026-10-10,05,0,wk inc rsv prop ed visits,2026-10-10,quantile,0.7,6.649601452327038e-4
2026-10-10,05,0,wk inc rsv prop ed visits,2026-10-10,quantile,0.75,7.108576949813913e-4
2026-10-10,05,0,wk inc rsv prop ed visits,2026-10-10,quantile,0.8,7.651288116388452e-4
2026-10-10,05,0,wk inc rsv prop ed visits,2026-10-10,quantile,0.85,8.319389696899118e-4
2026-10-10,05,0,wk inc rsv prop ed visits,2026-10-10,quantile,0.9,9.277100350624371e-4
2026-10-10,05,0,wk inc rsv prop ed visits,2026-10-10,quantile,0.95,0.001112776615275421
2026-10-10,05,0,wk inc rsv prop ed visits,2026-10-10,quantile,0.975,0.0012821635062789595
2026-10-10,05,0,wk inc rsv prop ed visits,2026-10-10,quantile,0.99,0.0015224360718542108
2026-10-10,05,1,wk inc rsv prop ed visits,2026-10-17,quantile,0.01,1.027710735081913e-4
2026-10-10,05,1,wk inc rsv prop ed visits,2026-10-17,quantile,0.025,1.559951850530682e-4
2026-10-10,05,1,wk inc rsv prop ed visits,2026-10-17,quantile,0.05,2.2814369560502222e-4
2026-10-10,05,1,wk inc rsv prop ed visits,2026-10-17,quantile,0.1,2.82487979589016e-4
2026-10-10,05,1,wk inc rsv prop ed visits,2026-10-17,quantile,0.15,3.3659057266093614e-4
2026-10-10,05,1,wk inc rsv prop ed visits,2026-10-17,quantile,0.2,3.7489102842323596e-4
2026-10-10,05,1,wk inc rsv prop ed visits,2026-10-17,quantile,0.25,4.163359259866622e-4
2026-10-10,05,1,wk inc rsv prop ed visits,2026-10-17,quantile,0.3,4.544377945440107e-4
2026-10-10,05,1,wk inc rsv prop ed visits,2026-10-17,quantile,0.35,4.906178775273092e-4
2026-10-10,05,1,wk inc rsv prop ed visits,2026-10-17,quantile,0.4,5.274864980211685e-4
2026-10-10,05,1,wk inc rsv prop ed visits,2026-10-17,quantile,0.45,5.635804219525759e-4
2026-10-10,05,1,wk inc rsv prop ed visits,2026-10-17,quantile,0.5,6.028139062878837e-4
2026-10-10,05,1,wk inc rsv prop ed visits,2026-10-17,quantile,0.55,6.418311520450029e-4
2026-10-10,05,1,wk inc rsv prop ed visits,2026-10-17,quantile,0.6,6.852576149086281e-4
2026-10-10,05,1,wk inc rsv prop ed visits,2026-10-17,quantile,0.65,7.295986425240282e-4
2026-10-10,05,1,wk inc rsv prop ed visits,2026-10-17,quantile,0.7,7.809407658821862e-4
2026-10-10,05,1,wk inc rsv prop ed visits,2026-10-17,quantile,0.75,8.362423647840819e-4
2026-10-10,05,1,wk inc rsv prop ed visits,2026-10-17,quantile,0.8,9.080474081211661e-4
2026-10-10,05,1,wk inc rsv prop ed visits,2026-10-17,quantile,0.85,9.866130925629817e-4
2026-10-10,05,1,wk inc rsv prop ed visits,2026-10-17,quantile,0.9,0.0010895591706472855
2026-10-10,05,1,wk inc rsv prop ed visits,2026-10-17,quantile,0.95,0.0012749810171646713
2026-10-10,05,1,wk inc rsv prop ed visits,2026-10-17,quantile,0.975,0.0014999731219805916
2026-10-10,05,1,wk inc rsv prop ed visits,2026-10-17,quantile,0.99,0.001833191341237904
2026-10-10,05,2,wk inc rsv prop ed visits,2026-10-24,quantile,0.01,8.590947828501411e-5
2026-10-10,05,2,wk inc rsv prop ed visits,2026-10-24,quantile,0.025,1.323195992796741e-4
2026-10-10,05,2,wk inc rsv prop ed visits,2026-10-24,quantile,0.05,2.026765046154851e-4
2026-10-10,05,2,wk inc rsv prop ed visits,2026-10-24,quantile,0.1,3.1249782092264135e-4
2026-10-10,05,2,wk inc rsv prop ed visits,2026-10-24,quantile,0.15,3.9119652259470846e-4
2026-10-10,05,2,wk inc rsv prop ed visits,2026-10-24,quantile,0.2,4.3553720007180515e-4
2026-10-10,05,2,wk inc rsv prop ed visits,2026-10-24,quantile,0.25,4.814083056765466e-4
2026-10-10,05,2,wk inc rsv prop ed visits,2026-10-24,quantile,0.3,5.230984845319101e-4
2026-10-10,05,2,wk inc rsv prop ed visits,2026-10-24,quantile,0.35,5.690576637999569e-4
2026-10-10,05,2,wk inc rsv prop ed visits,2026-10-24,quantile,0.4,6.114304467591224e-4
2026-10-10,05,2,wk inc rsv prop ed visits,2026-10-24,quantile,0.45,6.54358080714958e-4
2026-10-10,05,2,wk inc rsv prop ed visits,2026-10-24,quantile,0.5,7.103411183095436e-4
2026-10-10,05,2,wk inc rsv prop ed visits,2026-10-24,quantile,0.55,7.598814415126229e-4
2026-10-10,05,2,wk inc rsv prop ed visits,2026-10-24,quantile,0.6,8.136988748743401e-4
2026-10-10,05,2,wk inc rsv prop ed visits,2026-10-24,quantile,0.65,8.641624781679845e-4
2026-10-10,05,2,wk inc rsv prop ed visits,2026-10-24,quantile,0.7,9.3084148221884e-4
2026-10-10,05,2,wk inc rsv prop ed visits,2026-10-24,quantile,0.75,0.0010061744973589378
2026-10-10,05,2,wk inc rsv prop ed visits,2026-10-24,quantile,0.8,0.0010892138737196354
2026-10-10,05,2,wk inc rsv prop ed visits,2026-10-24,quantile,0.85,0.001203866447959445
2026-10-10,05,2,wk inc rsv prop ed visits,2026-10-24,quantile,0.9,0.0013666796710277475
2026-10-10,05,2,wk inc rsv prop ed visits,2026-10-24,quantile,0.95,0.0016289146139379816
2026-10-10,05,2,wk inc rsv prop ed visits,2026-10-24,quantile,0.975,0.0018996566157243183
2026-10-10,05,2,wk inc rsv prop ed visits,2026-10-24,quantile,0.99,0.0022683504767779224
2026-10-10,05,3,wk inc rsv prop ed visits,2026-10-31,quantile,0.01,2.5494445968172243e-4
2026-10-10,05,3,wk inc rsv prop ed visits,2026-10-31,quantile,0.025,3.5989838632898236e-4
2026-10-10,05,3,wk inc rsv prop ed visits,2026-10-31,quantile,0.05,4.754175034696246e-4
2026-10-10,05,3,wk inc rsv prop ed visits,2026-10-31,quantile,0.1,6.489651000914396e-4
2026-10-10,05,3,wk inc rsv prop ed visits,2026-10-31,quantile,0.15,7.761820575029387e-4
2026-10-10,05,3,wk inc rsv prop ed visits,2026-10-31,quantile,0.2,8.905319038350079e-4
2026-10-10,05,3,wk inc rsv prop ed visits,2026-10-31,quantile,0.25,0.0010020577166861028
2026-10-10,05,3,wk inc rsv prop ed visits,2026-10-31,quantile,0.3,0.0011242886691174864
2026-10-10,05,3,wk inc rsv prop ed visits,2026-10-31,quantile,0.35,0.0012311489878656205
2026-10-10,05,3,wk inc rsv prop ed visits,2026-10-31,quantile,0.4,0.0013688861484214044
2026-10-10,05,3,wk inc rsv prop ed visits,2026-10-31,quantile,0.45,0.0014774348592181338
2026-10-10,05,3,wk inc rsv prop ed visits,2026-10-31,quantile,0.5,0.0016162770018404633
2026-10-10,05,3,wk inc rsv prop ed visits,2026-10-31,quantile,0.55,0.0017694743659352563
2026-10-10,05,3,wk inc rsv prop ed visits,2026-10-31,quantile,0.6,0.0019138944379702124
2026-10-10,05,3,wk inc rsv prop ed visits,2026-10-31,quantile,0.65,0.0020722297407923225
2026-10-10,05,3,wk inc rsv prop ed visits,2026-10-31,quantile,0.7,0.002278617277211948
2026-10-10,05,3,wk inc rsv prop ed visits,2026-10-31,quantile,0.75,0.0024899912546086653
2026-10-10,05,3,wk inc rsv prop ed visits,2026-10-31,quantile,0.8,0.0027841361920231517
2026-10-10,05,3,wk inc rsv prop ed visits,2026-10-31,quantile,0.85,0.0031777149521274675
2026-10-10,05,3,wk inc rsv prop ed visits,2026-10-31,quantile,0.9,0.0038386315313610406
2026-10-10,05,3,wk inc rsv prop ed visits,2026-10-31,quantile,0.95,0.00486193572553514
2026-10-10,05,3,wk inc rsv prop ed visits,2026-10-31,quantile,0.975,0.005000193852416852
2026-10-10,05,3,wk inc rsv prop ed visits,2026-10-31,quantile,0.99,0.00516865424710776
2026-10-10,06,0,wk inc rsv prop ed visits,2026-10-10,quantile,0.01,9.433625219335229e-5
2026-10-10,06,0,wk inc rsv prop ed visits,2026-10-10,quantile,0.025,1.206876783588964e-4
2026-10-10,06,0,wk inc rsv prop ed visits,2026-10-10,quantile,0.05,1.5273775367036037e-4
2026-10-10,06,0,wk inc rsv prop ed visits,2026-10-10,quantile,0.1,2.0138140434121447e-4
2026-10-10,06,0,wk inc rsv prop ed visits,2026-10-10,quantile,0.15,2.2245591240102651e-4
2026-10-10,06,0,wk inc rsv prop ed visits,2026-10-10,quantile,0.2,2.414848733404455e-4
2026-10-10,06,0,wk inc rsv prop ed visits,2026-10-10,quantile,0.25,2.580298020834906e-4
2026-10-10,06,0,wk inc rsv prop ed visits,2026-10-10,quantile,0.3,2.736466844834211e-4
2026-10-10,06,0,wk inc rsv prop ed visits,2026-10-10,quantile,0.35,2.872435343887655e-4
2026-10-10,06,0,wk inc rsv prop ed visits,2026-10-10,quantile,0.4,3.013394533310764e-4
2026-10-10,06,0,wk inc rsv prop ed visits,2026-10-10,quantile,0.45,3.1578373026759974e-4
2026-10-10,06,0,wk inc rsv prop ed visits,2026-10-10,quantile,0.5,3.309137299220119e-4
2026-10-10,06,0,wk inc rsv prop ed visits,2026-10-10,quantile,0.55,3.4434082570239784e-4
2026-10-10,06,0,wk inc rsv prop ed visits,2026-10-10,quantile,0.6,3.649281900752699e-4
2026-10-10,06,0,wk inc rsv prop ed visits,2026-10-10,quantile,0.65,3.8676834805826874e-4
2026-10-10,06,0,wk inc rsv prop ed visits,2026-10-10,quantile,0.7,4.1185736336331693e-4
2026-10-10,06,0,wk inc rsv prop ed visits,2026-10-10,quantile,0.75,4.4054004192335504e-4
2026-10-10,06,0,wk inc rsv prop ed visits,2026-10-10,quantile,0.8,4.715275840894846e-4
2026-10-10,06,0,wk inc rsv prop ed visits,2026-10-10,quantile,0.85,5.115869304728339e-4
2026-10-10,06,0,wk inc rsv prop ed visits,2026-10-10,quantile,0.9,5.537020515006361e-4
2026-10-10,06,0,wk inc rsv prop ed visits,2026-10-10,quantile,0.95,6.098276237984294e-4
2026-10-10,06,0,wk inc rsv prop ed visits,2026-10-10,quantile,0.975,6.714820184471478e-4
2026-10-10,06,0,wk inc rsv prop ed visits,2026-10-10,quantile,0.99,7.256345541078134e-4
2026-10-10,06,1,wk inc rsv prop ed visits,2026-10-17,quantile,0.01,9.244017030859115e-5
2026-10-10,06,1,wk inc rsv prop ed visits,2026-10-17,quantile,0.025,1.2441865831771273e-4
2026-10-10,06,1,wk inc rsv prop ed visits,2026-10-17,quantile,0.05,1.6495535572999e-4
2026-10-10,06,1,wk inc rsv prop ed visits,2026-10-17,quantile,0.1,2.0859355410089188e-4
2026-10-10,06,1,wk inc rsv prop ed visits,2026-10-17,quantile,0.15,2.436668889164836e-4
2026-10-10,06,1,wk inc rsv prop ed visits,2026-10-17,quantile,0.2,2.686718269963288e-4
2026-10-10,06,1,wk inc rsv prop ed visits,2026-10-17,quantile,0.25,2.887820664575054e-4
2026-10-10,06,1,wk inc rsv prop ed visits,2026-10-17,quantile,0.3,3.131262191274821e-4
2026-10-10,06,1,wk inc rsv prop ed visits,2026-10-17,quantile,0.35,3.354142861549473e-4
2026-10-10,06,1,wk inc rsv prop ed visits,2026-10-17,quantile,0.4,3.5408185002705223e-4
2026-10-10,06,1,wk inc rsv prop ed visits,2026-10-17,quantile,0.45,3.737089896537259e-4
2026-10-10,06,1,wk inc rsv prop ed visits,2026-10-17,quantile,0.5,3.944370611210442e-4
2026-10-10,06,1,wk inc rsv prop ed visits,2026-10-17,quantile,0.55,4.1586395976126004e-4
2026-10-10,06,1,wk inc rsv prop ed visits,2026-10-17,quantile,0.6,4.4039043230724353e-4
2026-10-10,06,1,wk inc rsv prop ed visits,2026-10-17,quantile,0.65,4.681588198765434e-4
2026-10-10,06,1,wk inc rsv prop ed visits,2026-10-17,quantile,0.7,4.967610709606372e-4
2026-10-10,06,1,wk inc rsv prop ed visits,2026-10-17,quantile,0.75,5.294560710714163e-4
2026-10-10,06,1,wk inc rsv prop ed visits,2026-10-17,quantile,0.8,5.714809656921129e-4
2026-10-10,06,1,wk inc rsv prop ed visits,2026-10-17,quantile,0.85,6.246071788561002e-4
2026-10-10,06,1,wk inc rsv prop ed visits,2026-10-17,quantile,0.9,6.817307480302894e-4
2026-10-10,06,1,wk inc rsv prop ed visits,2026-10-17,quantile,0.95,7.804891391430459e-4
2026-10-10,06,1,wk inc rsv prop ed visits,2026-10-17,quantile,0.975,8.632157302259369e-4
2026-10-10,06,1,wk inc rsv prop ed visits,2026-10-17,quantile,0.99,0.0010102845193031432
2026-10-10,06,2,wk inc rsv prop ed visits,2026-10-24,quantile,0.01,7.346561741523022e-5
2026-10-10,06,2,wk inc rsv prop ed visits,2026-10-24,quantile,0.025,1.311469314457461e-4
2026-10-10,06,2,wk inc rsv prop ed visits,2026-10-24,quantile,0.05,1.6453399853818957e-4
2026-10-10,06,2,wk inc rsv prop ed visits,2026-10-24,quantile,0.1,2.2184083881167155e-4
2026-10-10,06,2,wk inc rsv prop ed visits,2026-10-24,quantile,0.15,2.6180058126183334e-4
2026-10-10,06,2,wk inc rsv prop ed visits,2026-10-24,quantile,0.2,2.944205285834191e-4
2026-10-10,06,2,wk inc rsv prop ed visits,2026-10-24,quantile,0.25,3.2018002358336355e-4
2026-10-10,06,2,wk inc rsv prop ed visits,2026-10-24,quantile,0.3,3.454200188611386e-4
2026-10-10,06,2,wk inc rsv prop ed visits,2026-10-24,quantile,0.35,3.7991939246586844e-4
2026-10-10,06,2,wk inc rsv prop ed visits,2026-10-24,quantile,0.4,4.125969315118261e-4
2026-10-10,06,2,wk inc rsv prop ed visits,2026-10-24,quantile,0.45,4.4382763760790234e-4
2026-10-10,06,2,wk inc rsv prop ed visits,2026-10-24,quantile,0.5,4.7609246276541074e-4
2026-10-10,06,2,wk inc rsv prop ed visits,2026-10-24,quantile,0.55,5.067015540937245e-4
2026-10-10,06,2,wk inc rsv prop ed visits,2026-10-24,quantile,0.6,5.326811790491223e-4
2026-10-10,06,2,wk inc rsv prop ed visits,2026-10-24,quantile,0.65,5.67973415460439e-4
2026-10-10,06,2,wk inc rsv prop ed visits,2026-10-24,quantile,0.7,6.053886686531073e-4
2026-10-10,06,2,wk inc rsv prop ed visits,2026-10-24,quantile,0.75,6.456557537631029e-4
2026-10-10,06,2,wk inc rsv prop ed visits,2026-10-24,quantile,0.8,6.91864981087157e-4
2026-10-10,06,2,wk inc rsv prop ed visits,2026-10-24,quantile,0.85,7.477932252198158e-4
2026-10-10,06,2,wk inc rsv prop ed visits,2026-10-24,quantile,0.9,8.335696495940304e-4
2026-10-10,06,2,wk inc rsv prop ed visits,2026-10-24,quantile,0.95,0.001013149150817127
2026-10-10,06,2,wk inc rsv prop ed visits,2026-10-24,quantile,0.975,0.0011648171507187626
2026-10-10,06,2,wk inc rsv prop ed visits,2026-10-24,quantile,0.99,0.0013525194301114377
2026-10-10,06,3,wk inc rsv prop ed visits,2026-10-31,quantile,0.01,7.267354553730618e-5
2026-10-10,06,3,wk inc rsv prop ed visits,2026-10-31,quantile,0.025,1.435948710707e-4
2026-10-10,06,3,wk inc rsv prop ed visits,2026-10-31,quantile,0.05,1.8927832446698087e-4
2026-10-10,06,3,wk inc rsv prop ed visits,2026-10-31,quantile,0.1,2.5743023192080575e-4
2026-10-10,06,3,wk inc rsv prop ed visits,2026-10-31,quantile,0.15,3.017469582114235e-4
2026-10-10,06,3,wk inc rsv prop ed visits,2026-10-31,quantile,0.2,3.4947720039877597e-4
2026-10-10,06,3,wk inc rsv prop ed visits,2026-10-31,quantile,0.25,3.910149562770807e-4
2026-10-10,06,3,wk inc rsv prop ed visits,2026-10-31,quantile,0.3,4.371381664362771e-4
2026-10-10,06,3,wk inc rsv prop ed visits,2026-10-31,quantile,0.35,4.7843847111500825e-4
2026-10-10,06,3,wk inc rsv prop ed visits,2026-10-31,quantile,0.4,5.160473115813234e-4
2026-10-10,06,3,wk inc rsv prop ed visits,2026-10-31,quantile,0.45,5.609380067337999e-4
2026-10-10,06,3,wk inc rsv prop ed visits,2026-10-31,quantile,0.5,6.005151318536246e-4
2026-10-10,06,3,wk inc rsv prop ed visits,2026-10-31,quantile,0.55,6.488864860493248e-4
2026-10-10,06,3,wk inc rsv prop ed visits,2026-10-31,quantile,0.6,7.024615419579752e-4
2026-10-10,06,3,wk inc rsv prop ed visits,2026-10-31,quantile,0.65,7.551145295655916e-4
2026-10-10,06,3,wk inc rsv prop ed visits,2026-10-31,quantile,0.7,8.254374642805455e-4
2026-10-10,06,3,wk inc rsv prop ed visits,2026-10-31,quantile,0.75,8.875443222293399e-4
2026-10-10,06,3,wk inc rsv prop ed visits,2026-10-31,quantile,0.8,9.77170570878683e-4
2026-10-10,06,3,wk inc rsv prop ed visits,2026-10-31,quantile,0.85,0.0010719511568244352
2026-10-10,06,3,wk inc rsv prop ed visits,2026-10-31,quantile,0.9,0.0011943016473620449
2026-10-10,06,3,wk inc rsv prop ed visits,2026-10-31,quantile,0.95,0.0014407945072251217
2026-10-10,06,3,wk inc rsv prop ed visits,2026-10-31,quantile,0.975,0.0016266364479430291
2026-10-10,06,3,wk inc rsv prop ed visits,2026-10-31,quantile,0.99,0.0018830488583328909
2026-10-10,08,0,wk inc rsv prop ed visits,2026-10-10,quantile,0.01,6.096687698588995e-6
2026-10-10,08,0,wk inc rsv prop ed visits,2026-10-10,quantile,0.025,1.5011026304056287e-5
2026-10-10,08,0,wk inc rsv prop ed visits,2026-10-10,quantile,0.05,2.9734577993839117e-5
2026-10-10,08,0,wk inc rsv prop ed visits,2026-10-10,quantile,0.1,4.458027405169113e-5
2026-10-10,08,0,wk inc rsv prop ed visits,2026-10-10,quantile,0.15,5.573117214103095e-5
2026-10-10,08,0,wk inc rsv prop ed visits,2026-10-10,quantile,0.2,6.69522992795483e-5
2026-10-10,08,0,wk inc rsv prop ed visits,2026-10-10,quantile,0.25,7.7111787261089e-5
2026-10-10,08,0,wk inc rsv prop ed visits,2026-10-10,quantile,0.3,8.531250521778941e-5
2026-10-10,08,0,wk inc rsv prop ed visits,2026-10-10,quantile,0.35,9.164687688415818e-5
2026-10-10,08,0,wk inc rsv prop ed visits,2026-10-10,quantile,0.4,9.84845422150057e-5
2026-10-10,08,0,wk inc rsv prop ed visits,2026-10-10,quantile,0.45,1.0502412310219866e-4
2026-10-10,08,0,wk inc rsv prop ed visits,2026-10-10,quantile,0.5,1.1222056008893966e-4
2026-10-10,08,0,wk inc rsv prop ed visits,2026-10-10,quantile,0.55,1.1886564622600876e-4
2026-10-10,08,0,wk inc rsv prop ed visits,2026-10-10,quantile,0.6,1.2605074792348346e-4
2026-10-10,08,0,wk inc rsv prop ed visits,2026-10-10,quantile,0.65,1.3431178121061266e-4
2026-10-10,08,0,wk inc rsv prop ed visits,2026-10-10,quantile,0.7,1.4395865993717177e-4
2026-10-10,08,0,wk inc rsv prop ed visits,2026-10-10,quantile,0.75,1.5306147021850217e-4
2026-10-10,08,0,wk inc rsv prop ed visits,2026-10-10,quantile,0.8,1.6418978101335476e-4
2026-10-10,08,0,wk inc rsv prop ed visits,2026-10-10,quantile,0.85,1.7683506834323122e-4
2026-10-10,08,0,wk inc rsv prop ed visits,2026-10-10,quantile,0.9,1.985775986628977e-4
2026-10-10,08,0,wk inc rsv prop ed visits,2026-10-10,quantile,0.95,2.290636718590701e-4
2026-10-10,08,0,wk inc rsv prop ed visits,2026-10-10,quantile,0.975,2.6164148867521435e-4
2026-10-10,08,0,wk inc rsv prop ed visits,2026-10-10,quantile,0.99,3.089921110212052e-4
2026-10-10,08,1,wk inc rsv prop ed visits,2026-10-17,quantile,0.01,9.019312397792203e-6
2026-10-10,08,1,wk inc rsv prop ed visits,2026-10-17,quantile,0.025,2.4692166256394953e-5
2026-10-10,08,1,wk inc rsv prop ed visits,2026-10-17,quantile,0.05,3.564046924517092e-5
2026-10-10,08,1,wk inc rsv prop ed visits,2026-10-17,quantile,0.1,5.439635559854636e-5
2026-10-10,08,1,wk inc rsv prop ed visits,2026-10-17,quantile,0.15,6.837712866173751e-5
2026-10-10,08,1,wk inc rsv prop ed visits,2026-10-17,quantile,0.2,8.143408701913328e-5
2026-10-10,08,1,wk inc rsv prop ed visits,2026-10-17,quantile,0.25,9.379315212305566e-5
2026-10-10,08,1,wk inc rsv prop ed visits,2026-10-17,quantile,0.3,1.0563400657645616e-4
2026-10-10,08,1,wk inc rsv prop ed visits,2026-10-17,quantile,0.35,1.1707173646070013e-4
2026-10-10,08,1,wk inc rsv prop ed visits,2026-10-17,quantile,0.4,1.26984613086593e-4
2026-10-10,08,1,wk inc rsv prop ed visits,2026-10-17,quantile,0.45,1.3586301711658905e-4
2026-10-10,08,1,wk inc rsv prop ed visits,2026-10-17,quantile,0.5,1.444625133930487e-4
2026-10-10,08,1,wk inc rsv prop ed visits,2026-10-17,quantile,0.55,1.5216104560407948e-4
2026-10-10,08,1,wk inc rsv prop ed visits,2026-10-17,quantile,0.6,1.6206338700088736e-4
2026-10-10,08,1,wk inc rsv prop ed visits,2026-10-17,quantile,0.65,1.7157996302406584e-4
2026-10-10,08,1,wk inc rsv prop ed visits,2026-10-17,quantile,0.7,1.830370098501166e-4
2026-10-10,08,1,wk inc rsv prop ed visits,2026-10-17,quantile,0.75,1.9631713759888964e-4
2026-10-10,08,1,wk inc rsv prop ed visits,2026-10-17,quantile,0.8,2.1260748573811544e-4
2026-10-10,08,1,wk inc rsv prop ed visits,2026-10-17,quantile,0.85,2.3651677251174024e-4
2026-10-10,08,1,wk inc rsv prop ed visits,2026-10-17,quantile,0.9,2.73774926163264e-4
2026-10-10,08,1,wk inc rsv prop ed visits,2026-10-17,quantile,0.95,3.2226346050064184e-4
2026-10-10,08,1,wk inc rsv prop ed visits,2026-10-17,quantile,0.975,3.754310331403535e-4
2026-10-10,08,1,wk inc rsv prop ed visits,2026-10-17,quantile,0.99,4.426759107294717e-4
2026-10-10,08,2,wk inc rsv prop ed visits,2026-10-24,quantile,0.01,2.0552668318827636e-5
2026-10-10,08,2,wk inc rsv prop ed visits,2026-10-24,quantile,0.025,3.205330058788607e-5
2026-10-10,08,2,wk inc rsv prop ed visits,2026-10-24,quantile,0.05,4.7241196813968515e-5
2026-10-10,08,2,wk inc rsv prop ed visits,2026-10-24,quantile,0.1,6.754008075896754e-5
2026-10-10,08,2,wk inc rsv prop ed visits,2026-10-24,quantile,0.15,8.29886560859722e-5
2026-10-10,08,2,wk inc rsv prop ed visits,2026-10-24,quantile,0.2,9.871236786736432e-5
2026-10-10,08,2,wk inc rsv prop ed visits,2026-10-24,quantile,0.25,1.1279999767143059e-4
2026-10-10,08,2,wk inc rsv prop ed visits,2026-10-24,quantile,0.3,1.2670218045870104e-4
2026-10-10,08,2,wk inc rsv prop ed visits,2026-10-24,quantile,0.35,1.4035409757857335e-4
2026-10-10,08,2,wk inc rsv prop ed visits,2026-10-24,quantile,0.4,1.51851329843869e-4
2026-10-10,08,2,wk inc rsv prop ed visits,2026-10-24,quantile,0.45,1.6259790748692258e-4
2026-10-10,08,2,wk inc rsv prop ed visits,2026-10-24,quantile,0.5,1.7819704507748222e-4
2026-10-10,08,2,wk inc rsv prop ed visits,2026-10-24,quantile,0.55,1.8990567484771997e-4
2026-10-10,08,2,wk inc rsv prop ed visits,2026-10-24,quantile,0.6,2.0614127196920087e-4
2026-10-10,08,2,wk inc rsv prop ed visits,2026-10-24,quantile,0.65,2.2486153406428572e-4
2026-10-10,08,2,wk inc rsv prop ed visits,2026-10-24,quantile,0.7,2.4206210200894662e-4
2026-10-10,08,2,wk inc rsv prop ed visits,2026-10-24,quantile,0.75,2.691895121046326e-4
2026-10-10,08,2,wk inc rsv prop ed visits,2026-10-24,quantile,0.8,3.012520315492482e-4
2026-10-10,08,2,wk inc rsv prop ed visits,2026-10-24,quantile,0.85,3.3288927478193484e-4
2026-10-10,08,2,wk inc rsv prop ed visits,2026-10-24,quantile,0.9,3.8203503457062904e-4
2026-10-10,08,2,wk inc rsv prop ed visits,2026-10-24,quantile,0.95,4.649733105504342e-4
2026-10-10,08,2,wk inc rsv prop ed visits,2026-10-24,quantile,0.975,5.358496758863403e-4
2026-10-10,08,2,wk inc rsv prop ed visits,2026-10-24,quantile,0.99,6.405834442916093e-4
2026-10-10,08,3,wk inc rsv prop ed visits,2026-10-31,quantile,0.01,3.589609562761723e-5
2026-10-10,08,3,wk inc rsv prop ed visits,2026-10-31,quantile,0.025,6.865784926577193e-5
2026-10-10,08,3,wk inc rsv prop ed visits,2026-10-31,quantile,0.05,9.578696214059641e-5
2026-10-10,08,3,wk inc rsv prop ed visits,2026-10-31,quantile,0.1,1.4388127840572087e-4
2026-10-10,08,3,wk inc rsv prop ed visits,2026-10-31,quantile,0.15,1.783154164768831e-4
2026-10-10,08,3,wk inc rsv prop ed visits,2026-10-31,quantile,0.2,2.080317051481299e-4
2026-10-10,08,3,wk inc rsv prop ed visits,2026-10-31,quantile,0.25,2.3589234092880314e-4
2026-10-10,08,3,wk inc rsv prop ed visits,2026-10-31,quantile,0.3,2.611273201625589e-4
2026-10-10,08,3,wk inc rsv prop ed visits,2026-10-31,quantile,0.35,2.884575750479619e-4
2026-10-10,08,3,wk inc rsv prop ed visits,2026-10-31,quantile,0.4,3.1583191434734093e-4
2026-10-10,08,3,wk inc rsv prop ed visits,2026-10-31,quantile,0.45,3.4684951274137875e-4
2026-10-10,08,3,wk inc rsv prop ed visits,2026-10-31,quantile,0.5,3.7720891543333024e-4
2026-10-10,08,3,wk inc rsv prop ed visits,2026-10-31,quantile,0.55,4.1543294588741687e-4
2026-10-10,08,3,wk inc rsv prop ed visits,2026-10-31,quantile,0.6,4.533122487266803e-4
2026-10-10,08,3,wk inc rsv prop ed visits,2026-10-31,quantile,0.65,4.902885319757915e-4
2026-10-10,08,3,wk inc rsv prop ed visits,2026-10-31,quantile,0.7,5.294463102199119e-4
2026-10-10,08,3,wk inc rsv prop ed visits,2026-10-31,quantile,0.75,5.776109469639713e-4
2026-10-10,08,3,wk inc rsv prop ed visits,2026-10-31,quantile,0.8,6.277334093280757e-4
2026-10-10,08,3,wk inc rsv prop ed visits,2026-10-31,quantile,0.85,7.001419949293414e-4
2026-10-10,08,3,wk inc rsv prop ed visits,2026-10-31,quantile,0.9,7.94188223772136e-4
2026-10-10,08,3,wk inc rsv prop ed visits,2026-10-31,quantile,0.95,9.377056894877965e-4
2026-10-10,08,3,wk inc rsv prop ed visits,2026-10-31,quantile,0.975,0.0010543795219573513
2026-10-10,08,3,wk inc rsv prop ed visits,2026-10-31,quantile,0.99,0.0011900861711470292
2026-10-10,09,0,wk inc rsv prop ed visits,2026-10-10,quantile,0.01,3.863818293253939e-6
2026-10-10,09,0,wk inc rsv prop ed visits,2026-10-10,quantile,0.025,7.934554526972847e-6
2026-10-10,09,0,wk inc rsv prop ed visits,2026-10-10,quantile,0.05,2.12381432345062e-5
2026-10-10,09,0,wk inc rsv prop ed visits,2026-10-10,quantile,0.1,5.5161925279191193e-05
2026-10-10,09,0,wk inc rsv prop ed visits,2026-10-10,quantile,0.15,8.232289109952762e-5
2026-10-10,09,0,wk inc rsv prop ed visits,2026-10-10,quantile,0.2,1.0258510278493304e-4
2026-10-10,09,0,wk inc rsv prop ed visits,2026-10-10,quantile,0.25,1.2553225063265754e-4
2026-10-10,09,0,wk inc rsv prop ed visits,2026-10-10,quantile,0.3,1.4447543377940842e-4
2026-10-10,09,0,wk inc rsv prop ed visits,2026-10-10,quantile,0.35,1.6293466799601277e-4
2026-10-10,09,0,wk inc rsv prop ed visits,2026-10-10,quantile,0.4,1.8281573956519063e-4
2026-10-10,09,0,wk inc rsv prop ed visits,2026-10-10,quantile,0.45,2.027714031720634e-4
2026-10-10,09,0,wk inc rsv prop ed visits,2026-10-10,quantile,0.5,2.258198328651487e-4
2026-10-10,09,0,wk inc rsv prop ed visits,2026-10-10,quantile,0.55,2.4804609950015337e-4
2026-10-10,09,0,wk inc rsv prop ed visits,2026-10-10,quantile,0.6,2.7294573056388816e-4
2026-10-10,09,0,wk inc rsv prop ed visits,2026-10-10,quantile,0.65,3.0247723700988047e-4
2026-10-10,09,0,wk inc rsv prop ed visits,2026-10-10,quantile,0.7,3.3471155416553e-4
2026-10-10,09,0,wk inc rsv prop ed visits,2026-10-10,quantile,0.75,3.731605305317252e-4
2026-10-10,09,0,wk inc rsv prop ed visits,2026-10-10,quantile,0.8,4.1412064145760527e-4
2026-10-10,09,0,wk inc rsv prop ed visits,2026-10-10,quantile,0.85,4.7061167257141296e-4
2026-10-10,09,0,wk inc rsv prop ed visits,2026-10-10,quantile,0.9,5.398402330393028e-4
2026-10-10,09,0,wk inc rsv prop ed visits,2026-10-10,quantile,0.95,5.85846427633815e-4
2026-10-10,09,0,wk inc rsv prop ed visits,2026-10-10,quantile,0.975,6.33643981507757e-4
2026-10-10,09,0,wk inc rsv prop ed visits,2026-10-10,quantile,0.99,6.922422731096394e-4
2026-10-10,09,1,wk inc rsv prop ed visits,2026-10-17,quantile,0.01,6.220722871476117e-6
2026-10-10,09,1,wk inc rsv prop ed visits,2026-10-17,quantile,0.025,1.2574534333601191e-5
2026-10-10,09,1,wk inc rsv prop ed visits,2026-10-17,quantile,0.05,3.124214548594401e-5
2026-10-10,09,1,wk inc rsv prop ed visits,2026-10-17,quantile,0.1,6.645775522396143e-5
2026-10-10,09,1,wk inc rsv prop ed visits,2026-10-17,quantile,0.15,9.041855892426111e-5
2026-10-10,09,1,wk inc rsv prop ed visits,2026-10-17,quantile,0.2,1.1973908074293385e-4
2026-10-10,09,1,wk inc rsv prop ed visits,2026-10-17,quantile,0.25,1.4531088169642074e-4
2026-10-10,09,1,wk inc rsv prop ed visits,2026-10-17,quantile,0.3,1.7329262932915505e-4
2026-10-10,09,1,wk inc rsv prop ed visits,2026-10-17,quantile,0.35,1.9807716626847334e-4
2026-10-10,09,1,wk inc rsv prop ed visits,2026-10-17,quantile,0.4,2.2495893464285252e-4
2026-10-10,09,1,wk inc rsv prop ed visits,2026-10-17,quantile,0.45,2.5488088932853234e-4
2026-10-10,09,1,wk inc rsv prop ed visits,2026-10-17,quantile,0.5,2.832305804410519e-4
2026-10-10,09,1,wk inc rsv prop ed visits,2026-10-17,quantile,0.55,3.139045432278162e-4
2026-10-10,09,1,wk inc rsv prop ed visits,2026-10-17,quantile,0.6,3.4715266931714726e-4
2026-10-10,09,1,wk inc rsv prop ed visits,2026-10-17,quantile,0.65,3.855470431621982e-4
2026-10-10,09,1,wk inc rsv prop ed visits,2026-10-17,quantile,0.7,4.3004418829201943e-4
2026-10-10,09,1,wk inc rsv prop ed visits,2026-10-17,quantile,0.75,4.793031691820527e-4
2026-10-10,09,1,wk inc rsv prop ed visits,2026-10-17,quantile,0.8,5.574286191798393e-4
2026-10-10,09,1,wk inc rsv prop ed visits,2026-10-17,quantile,0.85,6.694366243938338e-4
2026-10-10,09,1,wk inc rsv prop ed visits,2026-10-17,quantile,0.9,7.745635131305782e-4
2026-10-10,09,1,wk inc rsv prop ed visits,2026-10-17,quantile,0.95,8.335792006391445e-4
2026-10-10,09,1,wk inc rsv prop ed visits,2026-10-17,quantile,0.975,8.912882439318481e-4
2026-10-10,09,1,wk inc rsv prop ed visits,2026-10-17,quantile,0.99,9.681358923604717e-4
2026-10-10,09,2,wk inc rsv prop ed visits,2026-10-24,quantile,0.01,9.553342531151905e-6
2026-10-10,09,2,wk inc rsv prop ed visits,2026-10-24,quantile,0.025,1.7482240663074118e-5
2026-10-10,09,2,wk inc rsv prop ed visits,2026-10-24,quantile,0.05,3.3256289975213e-5
2026-10-10,09,2,wk inc rsv prop ed visits,2026-10-24,quantile,0.1,6.98806464233168e-5
2026-10-10,09,2,wk inc rsv prop ed visits,2026-10-24,quantile,0.15,1.0645936592742968e-4
2026-10-10,09,2,wk inc rsv prop ed visits,2026-10-24,quantile,0.2,1.4310840109710656e-4
2026-10-10,09,2,wk inc rsv prop ed visits,2026-10-24,quantile,0.25,1.6953585422356686e-4
2026-10-10,09,2,wk inc rsv prop ed visits,2026-10-24,quantile,0.3,2.0817780469734772e-4
2026-10-10,09,2,wk inc rsv prop ed visits,2026-10-24,quantile,0.35,2.4381880432000966e-4
2026-10-10,09,2,wk inc rsv prop ed visits,2026-10-24,quantile,0.4,2.824610041965547e-4
2026-10-10,09,2,wk inc rsv prop ed visits,2026-10-24,quantile,0.45,3.234351509973628e-4
2026-10-10,09,2,wk inc rsv prop ed visits,2026-10-24,quantile,0.5,3.6700653089337425e-4
2026-10-10,09,2,wk inc rsv prop ed visits,2026-10-24,quantile,0.55,4.164768745072375e-4
2026-10-10,09,2,wk inc rsv prop ed visits,2026-10-24,quantile,0.6,4.6879977735542005e-4
2026-10-10,09,2,wk inc rsv prop ed visits,2026-10-24,quantile,0.65,5.355901016309306e-4
2026-10-10,09,2,wk inc rsv prop ed visits,2026-10-24,quantile,0.7,5.921881851736766e-4
2026-10-10,09,2,wk inc rsv prop ed visits,2026-10-24,quantile,0.75,6.848408558802239e-4
2026-10-10,09,2,wk inc rsv prop ed visits,2026-10-24,quantile,0.8,7.84900224357362e-4
2026-10-10,09,2,wk inc rsv prop ed visits,2026-10-24,quantile,0.85,9.090052399703967e-4
2026-10-10,09,2,wk inc rsv prop ed visits,2026-10-24,quantile,0.9,9.794568447535762e-4
2026-10-10,09,2,wk inc rsv prop ed visits,2026-10-24,quantile,0.95,0.001045965249963354
2026-10-10,09,2,wk inc rsv prop ed visits,2026-10-24,quantile,0.975,0.0011025697742382836
2026-10-10,09,2,wk inc rsv prop ed visits,2026-10-24,quantile,0.99,0.0011932595908906633
2026-10-10,09,3,wk inc rsv prop ed visits,2026-10-31,quantile,0.01,1.4263775967153353e-5
2026-10-10,09,3,wk inc rsv prop ed visits,2026-10-31,quantile,0.025,2.4860194531153822e-5
2026-10-10,09,3,wk inc rsv prop ed visits,2026-10-31,quantile,0.05,4.2506790096774114e-5
2026-10-10,09,3,wk inc rsv prop ed visits,2026-10-31,quantile,0.1,9.078870400680569e-5
2026-10-10,09,3,wk inc rsv prop ed visits,2026-10-31,quantile,0.15,1.3781763680010894e-4
2026-10-10,09,3,wk inc rsv prop ed visits,2026-10-31,quantile,0.2,1.750612302366603e-4
2026-10-10,09,3,wk inc rsv prop ed visits,2026-10-31,quantile,0.25,2.1913444300080326e-4
2026-10-10,09,3,wk inc rsv prop ed visits,2026-10-31,quantile,0.3,2.656620017908904e-4
2026-10-10,09,3,wk inc rsv prop ed visits,2026-10-31,quantile,0.35,3.1357162443384324e-4
2026-10-10,09,3,wk inc rsv prop ed visits,2026-10-31,quantile,0.4,3.6702917051329446e-4
2026-10-10,09,3,wk inc rsv prop ed visits,2026-10-31,quantile,0.45,4.262664259156121e-4
2026-10-10,09,3,wk inc rsv prop ed visits,2026-10-31,quantile,0.5,4.839961976382137e-4
2026-10-10,09,3,wk inc rsv prop ed visits,2026-10-31,quantile,0.55,5.491787691911446e-4
2026-10-10,09,3,wk inc rsv prop ed visits,2026-10-31,quantile,0.6,6.192091376508723e-4
2026-10-10,09,3,wk inc rsv prop ed visits,2026-10-31,quantile,0.65,7.069056683198128e-4
2026-10-10,09,3,wk inc rsv prop ed visits,2026-10-31,quantile,0.7,8.285281101593749e-4
2026-10-10,09,3,wk inc rsv prop ed visits,2026-10-31,quantile,0.75,9.484625295942349e-4
2026-10-10,09,3,wk inc rsv prop ed visits,2026-10-31,quantile,0.8,0.0011147790031174204
2026-10-10,09,3,wk inc rsv prop ed visits,2026-10-31,quantile,0.85,0.0013227338080077076
2026-10-10,09,3,wk inc rsv prop ed visits,2026-10-31,quantile,0.9,0.0013730549491945685
2026-10-10,09,3,wk inc rsv prop ed visits,2026-10-31,quantile,0.95,0.0014415111276121061
2026-10-10,09,3,wk inc rsv prop ed visits,2026-10-31,quantile,0.975,0.001519163955422479
2026-10-10,09,3,wk inc rsv prop ed visits,2026-10-31,quantile,0.99,0.0016202778176146867
2026-10-10,10,0,wk inc rsv prop ed visits,2026-10-10,quantile,0.01,9.125037776353025e-5
2026-10-10,10,0,wk inc rsv prop ed visits,2026-10-10,quantile,0.025,1.6359124214956655e-4
2026-10-10,10,0,wk inc rsv prop ed visits,2026-10-10,quantile,0.05,2.192738010972978e-4
2026-10-10,10,0,wk inc rsv prop ed visits,2026-10-10,quantile,0.1,2.8844302067614514e-4
2026-10-10,10,0,wk inc rsv prop ed visits,2026-10-10,quantile,0.15,3.334552302508618e-4
2026-10-10,10,0,wk inc rsv prop ed visits,2026-10-10,quantile,0.2,3.7972596952667376e-4
2026-10-10,10,0,wk inc rsv prop ed visits,2026-10-10,quantile,0.25,4.1406880678063955e-4
2026-10-10,10,0,wk inc rsv prop ed visits,2026-10-10,quantile,0.3,4.5393236851973056e-4
2026-10-10,10,0,wk inc rsv prop ed visits,2026-10-10,quantile,0.35,4.913618590895156e-4
2026-10-10,10,0,wk inc rsv prop ed visits,2026-10-10,quantile,0.4,5.296943992048874e-4
2026-10-10,10,0,wk inc rsv prop ed visits,2026-10-10,quantile,0.45,5.695360096174847e-4
2026-10-10,10,0,wk inc rsv prop ed visits,2026-10-10,quantile,0.5,6.10736211657159e-4
2026-10-10,10,0,wk inc rsv prop ed visits,2026-10-10,quantile,0.55,6.491727925756984e-4
2026-10-10,10,0,wk inc rsv prop ed visits,2026-10-10,quantile,0.6,6.881136603354305e-4
2026-10-10,10,0,wk inc rsv prop ed visits,2026-10-10,quantile,0.65,7.303918318385032e-4
2026-10-10,10,0,wk inc rsv prop ed visits,2026-10-10,quantile,0.7,7.788866709886105e-4
2026-10-10,10,0,wk inc rsv prop ed visits,2026-10-10,quantile,0.75,8.488675227991243e-4
2026-10-10,10,0,wk inc rsv prop ed visits,2026-10-10,quantile,0.8,9.214526185061959e-4
2026-10-10,10,0,wk inc rsv prop ed visits,2026-10-10,quantile,0.85,0.0010167720916673998
2026-10-10,10,0,wk inc rsv prop ed visits,2026-10-10,quantile,0.9,0.001147280746878501
2026-10-10,10,0,wk inc rsv prop ed visits,2026-10-10,quantile,0.95,0.0013467197729083687
2026-10-10,10,0,wk inc rsv prop ed visits,2026-10-10,quantile,0.975,0.00146256234346893
2026-10-10,10,0,wk inc rsv prop ed visits,2026-10-10,quantile,0.99,0.001564027174682648
2026-10-10,10,1,wk inc rsv prop ed visits,2026-10-17,quantile,0.01,9.087394827862852e-5
2026-10-10,10,1,wk inc rsv prop ed visits,2026-10-17,quantile,0.025,1.63683224800334e-4
2026-10-10,10,1,wk inc rsv prop ed visits,2026-10-17,quantile,0.05,2.2195897894687099e-4
2026-10-10,10,1,wk inc rsv prop ed visits,2026-10-17,quantile,0.1,3.19318342959048e-4
2026-10-10,10,1,wk inc rsv prop ed visits,2026-10-17,quantile,0.15,3.758233557993464e-4
2026-10-10,10,1,wk inc rsv prop ed visits,2026-10-17,quantile,0.2,4.352142184140949e-4
2026-10-10,10,1,wk inc rsv prop ed visits,2026-10-17,quantile,0.25,4.7777394820625117e-4
2026-10-10,10,1,wk inc rsv prop ed visits,2026-10-17,quantile,0.3,5.349024002679186e-4
2026-10-10,10,1,wk inc rsv prop ed visits,2026-10-17,quantile,0.35,5.871584230975537e-4
2026-10-10,10,1,wk inc rsv prop ed visits,2026-10-17,quantile,0.4,6.428648303010136e-4
2026-10-10,10,1,wk inc rsv prop ed visits,2026-10-17,quantile,0.45,6.89108980219104e-4
2026-10-10,10,1,wk inc rsv prop ed visits,2026-10-17,quantile,0.5,7.382825600611588e-4
2026-10-10,10,1,wk inc rsv prop ed visits,2026-10-17,quantile,0.55,7.912870817716766e-4
2026-10-10,10,1,wk inc rsv prop ed visits,2026-10-17,quantile,0.6,8.554009149416833e-4
2026-10-10,10,1,wk inc rsv prop ed visits,2026-10-17,quantile,0.65,9.356411009533604e-4
2026-10-10,10,1,wk inc rsv prop ed visits,2026-10-17,quantile,0.7,0.001011632115581725
2026-10-10,10,1,wk inc rsv prop ed visits,2026-10-17,quantile,0.75,0.0010966458331671098
2026-10-10,10,1,wk inc rsv prop ed visits,2026-10-17,quantile,0.8,0.0011926632584693983
2026-10-10,10,1,wk inc rsv prop ed visits,2026-10-17,quantile,0.85,0.0013039433305250799
2026-10-10,10,1,wk inc rsv prop ed visits,2026-10-17,quantile,0.9,0.0014613017694973414
2026-10-10,10,1,wk inc rsv prop ed visits,2026-10-17,quantile,0.95,0.0017598299617226734
2026-10-10,10,1,wk inc rsv prop ed visits,2026-10-17,quantile,0.975,0.002013212279899745
2026-10-10,10,1,wk inc rsv prop ed visits,2026-10-17,quantile,0.99,0.002170688644235131
2026-10-10,10,2,wk inc rsv prop ed visits,2026-10-24,quantile,0.01,8.926612609581059e-5
2026-10-10,10,2,wk inc rsv prop ed visits,2026-10-24,quantile,0.025,1.7014206100903915e-4
2026-10-10,10,2,wk inc rsv prop ed visits,2026-10-24,quantile,0.05,2.581990563332089e-4
2026-10-10,10,2,wk inc rsv prop ed visits,2026-10-24,quantile,0.1,3.5528706052469764e-4
2026-10-10,10,2,wk inc rsv prop ed visits,2026-10-24,quantile,0.15,4.4153242297154517e-4
2026-10-10,10,2,wk inc rsv prop ed visits,2026-10-24,quantile,0.2,5.13549395631532e-4
2026-10-10,10,2,wk inc rsv prop ed visits,2026-10-24,quantile,0.25,5.790706218474159e-4
2026-10-10,10,2,wk inc rsv prop ed visits,2026-10-24,quantile,0.3,6.349835363383563e-4
2026-10-10,10,2,wk inc rsv prop ed visits,2026-10-24,quantile,0.35,7.00797795191446e-4
2026-10-10,10,2,wk inc rsv prop ed visits,2026-10-24,quantile,0.4,7.715765095232775e-4
2026-10-10,10,2,wk inc rsv prop ed visits,2026-10-24,quantile,0.45,8.361972595720399e-4
2026-10-10,10,2,wk inc rsv prop ed visits,2026-10-24,quantile,0.5,9.3001031180604e-4
2026-10-10,10,2,wk inc rsv prop ed visits,2026-10-24,quantile,0.55,0.0010025055959898038
2026-10-10,10,2,wk inc rsv prop ed visits,2026-10-24,quantile,0.6,0.0010906566858460873
2026-10-10,10,2,wk inc rsv prop ed visits,2026-10-24,quantile,0.65,0.0011911890269227922
2026-10-10,10,2,wk inc rsv prop ed visits,2026-10-24,quantile,0.7,0.0013110679708131677
2026-10-10,10,2,wk inc rsv prop ed visits,2026-10-24,quantile,0.75,0.001459037904722847
2026-10-10,10,2,wk inc rsv prop ed visits,2026-10-24,quantile,0.8,0.0015953229841082343
2026-10-10,10,2,wk inc rsv prop ed visits,2026-10-24,quantile,0.85,0.0018130649453553822
2026-10-10,10,2,wk inc rsv prop ed visits,2026-10-24,quantile,0.9,0.002095373183327436
2026-10-10,10,2,wk inc rsv prop ed visits,2026-10-24,quantile,0.95,0.0025152601196222714
2026-10-10,10,2,wk inc rsv prop ed visits,2026-10-24,quantile,0.975,0.0026220687343709265
2026-10-10,10,2,wk inc rsv prop ed visits,2026-10-24,quantile,0.99,0.0027413609243895796
2026-10-10,10,3,wk inc rsv prop ed visits,2026-10-31,quantile,0.01,1.4202252713641465e-4
2026-10-10,10,3,wk inc rsv prop ed visits,2026-10-31,quantile,0.025,2.278640679244787e-4
2026-10-10,10,3,wk inc rsv prop ed visits,2026-10-31,quantile,0.05,3.159950239105613e-4
2026-10-10,10,3,wk inc rsv prop ed visits,2026-10-31,quantile,0.1,4.241424182558724e-4
2026-10-10,10,3,wk inc rsv prop ed visits,2026-10-31,quantile,0.15,5.151942831231214e-4
2026-10-10,10,3,wk inc rsv prop ed visits,2026-10-31,quantile,0.2,6.148910566754021e-4
2026-10-10,10,3,wk inc rsv prop ed visits,2026-10-31,quantile,0.25,6.923438307356097e-4
2026-10-10,10,3,wk inc rsv prop ed visits,2026-10-31,quantile,0.3,7.613253952789092e-4
2026-10-10,10,3,wk inc rsv prop ed visits,2026-10-31,quantile,0.35,8.581091426409838e-4
2026-10-10,10,3,wk inc rsv prop ed visits,2026-10-31,quantile,0.4,9.574736854211455e-4
2026-10-10,10,3,wk inc rsv prop ed visits,2026-10-31,quantile,0.45,0.001054797789984921
2026-10-10,10,3,wk inc rsv prop ed visits,2026-10-31,quantile,0.5,0.0011525084668414952
2026-10-10,10,3,wk inc rsv prop ed visits,2026-10-31,quantile,0.55,0.0012791049525833615
2026-10-10,10,3,wk inc rsv prop ed visits,2026-10-31,quantile,0.6,0.0014134491537713795
2026-10-10,10,3,wk inc rsv prop ed visits,2026-10-31,quantile,0.65,0.0015401523192148127
2026-10-10,10,3,wk inc rsv prop ed visits,2026-10-31,quantile,0.7,0.0016990450927089002
2026-10-10,10,3,wk inc rsv prop ed visits,2026-10-31,quantile,0.75,0.0018712037398511494
2026-10-10,10,3,wk inc rsv prop ed visits,2026-10-31,quantile,0.8,0.00210442875584021
2026-10-10,10,3,wk inc rsv prop ed visits,2026-10-31,quantile,0.85,0.0024028479718350244
2026-10-10,10,3,wk inc rsv prop ed visits,2026-10-31,quantile,0.9,0.0029348705829461827
2026-10-10,10,3,wk inc rsv prop ed visits,2026-10-31,quantile,0.95,0.003558090966399256
2026-10-10,10,3,wk inc rsv prop ed visits,2026-10-31,quantile,0.975,0.003677321567710729
2026-10-10,10,3,wk inc rsv prop ed visits,2026-10-31,quantile,0.99,0.003857383340245015
2026-10-10,11,0,wk inc rsv prop ed visits,2026-10-10,quantile,0.01,1.2138330117715351e-5
2026-10-10,11,0,wk inc rsv prop ed visits,2026-10-10,quantile,0.025,3.100506020825422e-5
2026-10-10,11,0,wk inc rsv prop ed visits,2026-10-10,quantile,0.05,6.369669747164939e-5
2026-10-10,11,0,wk inc rsv prop ed visits,2026-10-10,quantile,0.1,1.0762374574520102e-4
2026-10-10,11,0,wk inc rsv prop ed visits,2026-10-10,quantile,0.15,1.452114144035703e-4
2026-10-10,11,0,wk inc rsv prop ed visits,2026-10-10,quantile,0.2,1.7890753405615603e-4
2026-10-10,11,0,wk inc rsv prop ed visits,2026-10-10,quantile,0.25,2.292727584171779e-4
2026-10-10,11,0,wk inc rsv prop ed visits,2026-10-10,quantile,0.3,2.463381692087071e-4
2026-10-10,11,0,wk inc rsv prop ed visits,2026-10-10,quantile,0.35,2.6195077823136314e-4
2026-10-10,11,0,wk inc rsv prop ed visits,2026-10-10,quantile,0.4,2.886965486222173e-4
2026-10-10,11,0,wk inc rsv prop ed visits,2026-10-10,quantile,0.45,3.179698563020809e-4
2026-10-10,11,0,wk inc rsv prop ed visits,2026-10-10,quantile,0.5,3.4921776528505785e-4
2026-10-10,11,0,wk inc rsv prop ed visits,2026-10-10,quantile,0.55,4.0488048445118255e-4
2026-10-10,11,0,wk inc rsv prop ed visits,2026-10-10,quantile,0.6,4.262711147530468e-4
2026-10-10,11,0,wk inc rsv prop ed visits,2026-10-10,quantile,0.65,4.5877550944426414e-4
2026-10-10,11,0,wk inc rsv prop ed visits,2026-10-10,quantile,0.7,5.031608456276281e-4
2026-10-10,11,0,wk inc rsv prop ed visits,2026-10-10,quantile,0.75,5.697371760002483e-4
2026-10-10,11,0,wk inc rsv prop ed visits,2026-10-10,quantile,0.8,6.246063555991348e-4
2026-10-10,11,0,wk inc rsv prop ed visits,2026-10-10,quantile,0.85,7.127483564203585e-4
2026-10-10,11,0,wk inc rsv prop ed visits,2026-10-10,quantile,0.9,8.40537491101006e-4
2026-10-10,11,0,wk inc rsv prop ed visits,2026-10-10,quantile,0.95,0.0010993239545132804
2026-10-10,11,0,wk inc rsv prop ed visits,2026-10-10,quantile,0.975,0.0011636088910426724
2026-10-10,11,0,wk inc rsv prop ed visits,2026-10-10,quantile,0.99,0.0013604299413557319
2026-10-10,11,1,wk inc rsv prop ed visits,2026-10-17,quantile,0.01,8.689974169347887e-6
2026-10-10,11,1,wk inc rsv prop ed visits,2026-10-17,quantile,0.025,2.5118387407836828e-5
2026-10-10,11,1,wk inc rsv prop ed visits,2026-10-17,quantile,0.05,5.3735725421266886e-5
2026-10-10,11,1,wk inc rsv prop ed visits,2026-10-17,quantile,0.1,1.0362995396036046e-4
2026-10-10,11,1,wk inc rsv prop ed visits,2026-10-17,quantile,0.15,1.4404925369070203e-4
2026-10-10,11,1,wk inc rsv prop ed visits,2026-10-17,quantile,0.2,1.8396474217832696e-4
2026-10-10,11,1,wk inc rsv prop ed visits,2026-10-17,quantile,0.25,2.3806905563864006e-4
2026-10-10,11,1,wk inc rsv prop ed visits,2026-10-17,quantile,0.3,2.6635580994063753e-4
2026-10-10,11,1,wk inc rsv prop ed visits,2026-10-17,quantile,0.35,3.0162268618396347e-4
2026-10-10,11,1,wk inc rsv prop ed visits,2026-10-17,quantile,0.4,3.4058661067626675e-4
2026-10-10,11,1,wk inc rsv prop ed visits,2026-10-17,quantile,0.45,3.8023691369137164e-4
2026-10-10,11,1,wk inc rsv prop ed visits,2026-10-17,quantile,0.5,4.4725268217134896e-4
2026-10-10,11,1,wk inc rsv prop ed visits,2026-10-17,quantile,0.55,4.8027289663845685e-4
2026-10-10,11,1,wk inc rsv prop ed visits,2026-10-17,quantile,0.6,5.24114437124609e-4
2026-10-10,11,1,wk inc rsv prop ed visits,2026-10-17,quantile,0.65,5.939660506982154e-4
2026-10-10,11,1,wk inc rsv prop ed visits,2026-10-17,quantile,0.7,6.30525482699358e-4
2026-10-10,11,1,wk inc rsv prop ed visits,2026-10-17,quantile,0.75,6.970427747082443e-4
2026-10-10,11,1,wk inc rsv prop ed visits,2026-10-17,quantile,0.8,7.930145712801789e-4
2026-10-10,11,1,wk inc rsv prop ed visits,2026-10-17,quantile,0.85,9.071403238209566e-4
2026-10-10,11,1,wk inc rsv prop ed visits,2026-10-17,quantile,0.9,0.0010435682405488746
2026-10-10,11,1,wk inc rsv prop ed visits,2026-10-17,quantile,0.95,0.0013362045520552714
2026-10-10,11,1,wk inc rsv prop ed visits,2026-10-17,quantile,0.975,0.0016551834772273837
2026-10-10,11,1,wk inc rsv prop ed visits,2026-10-17,quantile,0.99,0.0019455806910339928
2026-10-10,11,2,wk inc rsv prop ed visits,2026-10-24,quantile,0.01,0
2026-10-10,11,2,wk inc rsv prop ed visits,2026-10-24,quantile,0.025,1.7288162088200403e-5
2026-10-10,11,2,wk inc rsv prop ed visits,2026-10-24,quantile,0.05,4.717392227878625e-5
2026-10-10,11,2,wk inc rsv prop ed visits,2026-10-24,quantile,0.1,1.0411893705294302e-4
2026-10-10,11,2,wk inc rsv prop ed visits,2026-10-24,quantile,0.15,1.5048427347446366e-4
2026-10-10,11,2,wk inc rsv prop ed visits,2026-10-24,quantile,0.2,1.968934986426283e-4
2026-10-10,11,2,wk inc rsv prop ed visits,2026-10-24,quantile,0.25,2.5680066083219556e-4
2026-10-10,11,2,wk inc rsv prop ed visits,2026-10-24,quantile,0.3,2.9199940647563704e-4
2026-10-10,11,2,wk inc rsv prop ed visits,2026-10-24,quantile,0.35,3.315480497257386e-4
2026-10-10,11,2,wk inc rsv prop ed visits,2026-10-24,quantile,0.4,3.8877428981340975e-4
2026-10-10,11,2,wk inc rsv prop ed visits,2026-10-24,quantile,0.45,4.5280764203955423e-4
2026-10-10,11,2,wk inc rsv prop ed visits,2026-10-24,quantile,0.5,5.295412502777183e-4
2026-10-10,11,2,wk inc rsv prop ed visits,2026-10-24,quantile,0.55,5.675291582416388e-4
2026-10-10,11,2,wk inc rsv prop ed visits,2026-10-24,quantile,0.6,6.204350868818827e-4
2026-10-10,11,2,wk inc rsv prop ed visits,2026-10-24,quantile,0.65,6.881759329733172e-4
2026-10-10,11,2,wk inc rsv prop ed visits,2026-10-24,quantile,0.7,7.486721378472178e-4
2026-10-10,11,2,wk inc rsv prop ed visits,2026-10-24,quantile,0.75,8.42270202232092e-4
2026-10-10,11,2,wk inc rsv prop ed visits,2026-10-24,quantile,0.8,9.5346625136715e-4
2026-10-10,11,2,wk inc rsv prop ed visits,2026-10-24,quantile,0.85,0.0010761759611122017
2026-10-10,11,2,wk inc rsv prop ed visits,2026-10-24,quantile,0.9,0.0012738778443620103
2026-10-10,11,2,wk inc rsv prop ed visits,2026-10-24,quantile,0.95,0.0017418592135556475
2026-10-10,11,2,wk inc rsv prop ed visits,2026-10-24,quantile,0.975,0.002407700101239675
2026-10-10,11,2,wk inc rsv prop ed visits,2026-10-24,quantile,0.99,0.00285224245044236
2026-10-10,11,3,wk inc rsv prop ed visits,2026-10-31,quantile,0.01,9.260223171609399e-5
2026-10-10,11,3,wk inc rsv prop ed visits,2026-10-31,quantile,0.025,1.377746397823821e-4
2026-10-10,11,3,wk inc rsv prop ed visits,2026-10-31,quantile,0.05,2.0339132345758166e-4
2026-10-10,11,3,wk inc rsv prop ed visits,2026-10-31,quantile,0.1,2.9806953059697254e-4
2026-10-10,11,3,wk inc rsv prop ed visits,2026-10-31,quantile,0.15,3.757209818448065e-4
2026-10-10,11,3,wk inc rsv prop ed visits,2026-10-31,quantile,0.2,4.4744330560770717e-4
2026-10-10,11,3,wk inc rsv prop ed visits,2026-10-31,quantile,0.25,5.192494489842742e-4
2026-10-10,11,3,wk inc rsv prop ed visits,2026-10-31,quantile,0.3,5.933293638278228e-4
2026-10-10,11,3,wk inc rsv prop ed visits,2026-10-31,quantile,0.35,6.731674369979621e-4
2026-10-10,11,3,wk inc rsv prop ed visits,2026-10-31,quantile,0.4,7.574907508540692e-4
2026-10-10,11,3,wk inc rsv prop ed visits,2026-10-31,quantile,0.45,8.338414617743107e-4
2026-10-10,11,3,wk inc rsv prop ed visits,2026-10-31,quantile,0.5,9.169778861469191e-4
2026-10-10,11,3,wk inc rsv prop ed visits,2026-10-31,quantile,0.55,0.0010121252605598176
2026-10-10,11,3,wk inc rsv prop ed visits,2026-10-31,quantile,0.6,0.001128507619791115
2026-10-10,11,3,wk inc rsv prop ed visits,2026-10-31,quantile,0.65,0.0012463405201694417
2026-10-10,11,3,wk inc rsv prop ed visits,2026-10-31,quantile,0.7,0.0014202000992848283
2026-10-10,11,3,wk inc rsv prop ed visits,2026-10-31,quantile,0.75,0.0016315812436884527
2026-10-10,11,3,wk inc rsv prop ed visits,2026-10-31,quantile,0.8,0.001862434572167226
2026-10-10,11,3,wk inc rsv prop ed visits,2026-10-31,quantile,0.85,0.0022110902402310436
2026-10-10,11,3,wk inc rsv prop ed visits,2026-10-31,quantile,0.9,0.0026896214177373787
2026-10-10,11,3,wk inc rsv prop ed visits,2026-10-31,quantile,0.95,0.0028286859975959477
2026-10-10,11,3,wk inc rsv prop ed visits,2026-10-31,quantile,0.975,0.0029676934297836748
2026-10-10,11,3,wk inc rsv prop ed visits,2026-10-31,quantile,0.99,0.003149955474713614
2026-10-10,12,0,wk inc rsv prop ed visits,2026-10-10,quantile,0.01,0.001498195353633555
2026-10-10,12,0,wk inc rsv prop ed visits,2026-10-10,quantile,0.025,0.0016486124013178702
2026-10-10,12,0,wk inc rsv prop ed visits,2026-10-10,quantile,0.05,0.001875189333727449
2026-10-10,12,0,wk inc rsv prop ed visits,2026-10-10,quantile,0.1,0.0020417746784023205
2026-10-10,12,0,wk inc rsv prop ed visits,2026-10-10,quantile,0.15,0.0021061932297227882
2026-10-10,12,0,wk inc rsv prop ed visits,2026-10-10,quantile,0.2,0.0021671850930394167
2026-10-10,12,0,wk inc rsv prop ed visits,2026-10-10,quantile,0.25,0.002267464259727562
2026-10-10,12,0,wk inc rsv prop ed visits,2026-10-10,quantile,0.3,0.0023432021753698263
2026-10-10,12,0,wk inc rsv prop ed visits,2026-10-10,quantile,0.35,0.0024241481466398818
2026-10-10,12,0,wk inc rsv prop ed visits,2026-10-10,quantile,0.4,0.002499143103075187
2026-10-10,12,0,wk inc rsv prop ed visits,2026-10-10,quantile,0.45,0.0025712692136216258
2026-10-10,12,0,wk inc rsv prop ed visits,2026-10-10,quantile,0.5,0.002642234175512857
2026-10-10,12,0,wk inc rsv prop ed visits,2026-10-10,quantile,0.55,0.002712781464053346
2026-10-10,12,0,wk inc rsv prop ed visits,2026-10-10,quantile,0.6,0.002785009757819715
2026-10-10,12,0,wk inc rsv prop ed visits,2026-10-10,quantile,0.65,0.0028616724315104203
2026-10-10,12,0,wk inc rsv prop ed visits,2026-10-10,quantile,0.7,0.002955051588764422
2026-10-10,12,0,wk inc rsv prop ed visits,2026-10-10,quantile,0.75,0.003054381663206102
2026-10-10,12,0,wk inc rsv prop ed visits,2026-10-10,quantile,0.8,0.0031616902850387617
2026-10-10,12,0,wk inc rsv prop ed visits,2026-10-10,quantile,0.85,0.0032742913456318547
2026-10-10,12,0,wk inc rsv prop ed visits,2026-10-10,quantile,0.9,0.0034533849507789346
2026-10-10,12,0,wk inc rsv prop ed visits,2026-10-10,quantile,0.95,0.003724271164217522
2026-10-10,12,0,wk inc rsv prop ed visits,2026-10-10,quantile,0.975,0.003944354196036634
2026-10-10,12,0,wk inc rsv prop ed visits,2026-10-10,quantile,0.99,0.0043045507376269455
2026-10-10,12,1,wk inc rsv prop ed visits,2026-10-17,quantile,0.01,0.0015122927717983667
2026-10-10,12,1,wk inc rsv prop ed visits,2026-10-17,quantile,0.025,0.001704403343073532
2026-10-10,12,1,wk inc rsv prop ed visits,2026-10-17,quantile,0.05,0.0018895834183788617
2026-10-10,12,1,wk inc rsv prop ed visits,2026-10-17,quantile,0.1,0.002195561784170627
2026-10-10,12,1,wk inc rsv prop ed visits,2026-10-17,quantile,0.15,0.002342243472991421
2026-10-10,12,1,wk inc rsv prop ed visits,2026-10-17,quantile,0.2,0.0024697690170850457
2026-10-10,12,1,wk inc rsv prop ed visits,2026-10-17,quantile,0.25,0.0025865500390439325
2026-10-10,12,1,wk inc rsv prop ed visits,2026-10-17,quantile,0.3,0.002699776510040411
2026-10-10,12,1,wk inc rsv prop ed visits,2026-10-17,quantile,0.35,0.002804521607733069
2026-10-10,12,1,wk inc rsv prop ed visits,2026-10-17,quantile,0.4,0.0029087052871056658
2026-10-10,12,1,wk inc rsv prop ed visits,2026-10-17,quantile,0.45,0.0030088071040508045
2026-10-10,12,1,wk inc rsv prop ed visits,2026-10-17,quantile,0.5,0.00311121657887411
2026-10-10,12,1,wk inc rsv prop ed visits,2026-10-17,quantile,0.55,0.0032173249927019655
2026-10-10,12,1,wk inc rsv prop ed visits,2026-10-17,quantile,0.6,0.0033259683895258433
2026-10-10,12,1,wk inc rsv prop ed visits,2026-10-17,quantile,0.65,0.003438931277953438
2026-10-10,12,1,wk inc rsv prop ed visits,2026-10-17,quantile,0.7,0.0035622452555899133
2026-10-10,12,1,wk inc rsv prop ed visits,2026-10-17,quantile,0.75,0.003694208431090115
2026-10-10,12,1,wk inc rsv prop ed visits,2026-10-17,quantile,0.8,0.0038446330108286375
2026-10-10,12,1,wk inc rsv prop ed visits,2026-10-17,quantile,0.85,0.004042613753400675
2026-10-10,12,1,wk inc rsv prop ed visits,2026-10-17,quantile,0.9,0.004317871286759272
2026-10-10,12,1,wk inc rsv prop ed visits,2026-10-17,quantile,0.95,0.00474927058344506
2026-10-10,12,1,wk inc rsv prop ed visits,2026-10-17,quantile,0.975,0.00516881581604567
2026-10-10,12,1,wk inc rsv prop ed visits,2026-10-17,quantile,0.99,0.005676034914044111
2026-10-10,12,2,wk inc rsv prop ed visits,2026-10-24,quantile,0.01,0.001695029668221514
2026-10-10,12,2,wk inc rsv prop ed visits,2026-10-24,quantile,0.025,0.0019125225807067028
2026-10-10,12,2,wk inc rsv prop ed visits,2026-10-24,quantile,0.05,0.0021626192630191153
2026-10-10,12,2,wk inc rsv prop ed visits,2026-10-24,quantile,0.1,0.0024361526430496713
2026-10-10,12,2,wk inc rsv prop ed visits,2026-10-24,quantile,0.15,0.0026290598477141016
2026-10-10,12,2,wk inc rsv prop ed visits,2026-10-24,quantile,0.2,0.0027868541886782615
2026-10-10,12,2,wk inc rsv prop ed visits,2026-10-24,quantile,0.25,0.002926997635708018
2026-10-10,12,2,wk inc rsv prop ed visits,2026-10-24,quantile,0.3,0.0030598275389974246
2026-10-10,12,2,wk inc rsv prop ed visits,2026-10-24,quantile,0.35,0.003188673085308282
2026-10-10,12,2,wk inc rsv prop ed visits,2026-10-24,quantile,0.4,0.0033128887420215956
2026-10-10,12,2,wk inc rsv prop ed visits,2026-10-24,quantile,0.45,0.003443435675652521
2026-10-10,12,2,wk inc rsv prop ed visits,2026-10-24,quantile,0.5,0.0035836159179676863
2026-10-10,12,2,wk inc rsv prop ed visits,2026-10-24,quantile,0.55,0.003719989860927361
2026-10-10,12,2,wk inc rsv prop ed visits,2026-10-24,quantile,0.6,0.003879651817745187
2026-10-10,12,2,wk inc rsv prop ed visits,2026-10-24,quantile,0.65,0.004030855450552619
2026-10-10,12,2,wk inc rsv prop ed visits,2026-10-24,quantile,0.7,0.004205842216163555
2026-10-10,12,2,wk inc rsv prop ed visits,2026-10-24,quantile,0.75,0.004408343102180264
2026-10-10,12,2,wk inc rsv prop ed visits,2026-10-24,quantile,0.8,0.004645768925798877
2026-10-10,12,2,wk inc rsv prop ed visits,2026-10-24,quantile,0.85,0.004914863958462249
2026-10-10,12,2,wk inc rsv prop ed visits,2026-10-24,quantile,0.9,0.005310179770853067
2026-10-10,12,2,wk inc rsv prop ed visits,2026-10-24,quantile,0.95,0.005915813568822694
2026-10-10,12,2,wk inc rsv prop ed visits,2026-10-24,quantile,0.975,0.006535045424637777
2026-10-10,12,2,wk inc rsv prop ed visits,2026-10-24,quantile,0.99,0.00726448473163099
2026-10-10,12,3,wk inc rsv prop ed visits,2026-10-31,quantile,0.01,0.0016936840566210095
2026-10-10,12,3,wk inc rsv prop ed visits,2026-10-31,quantile,0.025,0.0022778963262312353
2026-10-10,12,3,wk inc rsv prop ed visits,2026-10-31,quantile,0.05,0.002696694239050234
2026-10-10,12,3,wk inc rsv prop ed visits,2026-10-31,quantile,0.1,0.003132806037278252
2026-10-10,12,3,wk inc rsv prop ed visits,2026-10-31,quantile,0.15,0.003450937193115726
2026-10-10,12,3,wk inc rsv prop ed visits,2026-10-31,quantile,0.2,0.003755495422153747
2026-10-10,12,3,wk inc rsv prop ed visits,2026-10-31,quantile,0.25,0.004036021024731234
2026-10-10,12,3,wk inc rsv prop ed visits,2026-10-31,quantile,0.3,0.00432028720550058
2026-10-10,12,3,wk inc rsv prop ed visits,2026-10-31,quantile,0.35,0.00464554975366672
2026-10-10,12,3,wk inc rsv prop ed visits,2026-10-31,quantile,0.4,0.004945214139843157
2026-10-10,12,3,wk inc rsv prop ed visits,2026-10-31,quantile,0.45,0.005295456214406363
2026-10-10,12,3,wk inc rsv prop ed visits,2026-10-31,quantile,0.5,0.005640059359756913
2026-10-10,12,3,wk inc rsv prop ed visits,2026-10-31,quantile,0.55,0.005966169849169718
2026-10-10,12,3,wk inc rsv prop ed visits,2026-10-31,quantile,0.6,0.006362850268179773
2026-10-10,12,3,wk inc rsv prop ed visits,2026-10-31,quantile,0.65,0.006754033290200718
2026-10-10,12,3,wk inc rsv prop ed visits,2026-10-31,quantile,0.7,0.0071287520805703945
2026-10-10,12,3,wk inc rsv prop ed visits,2026-10-31,quantile,0.75,0.007519552426789641
2026-10-10,12,3,wk inc rsv prop ed visits,2026-10-31,quantile,0.8,0.007997071481230647
2026-10-10,12,3,wk inc rsv prop ed visits,2026-10-31,quantile,0.85,0.008507006973335299
2026-10-10,12,3,wk inc rsv prop ed visits,2026-10-31,quantile,0.9,0.0091900279865165
2026-10-10,12,3,wk inc rsv prop ed visits,2026-10-31,quantile,0.95,0.010551533025074934
2026-10-10,12,3,wk inc rsv prop ed visits,2026-10-31,quantile,0.975,0.011867773266379571
2026-10-10,12,3,wk inc rsv prop ed visits,2026-10-31,quantile,0.99,0.01301456805874794
2026-10-10,13,0,wk inc rsv prop ed visits,2026-10-10,quantile,0.01,3.541740523867517e-4
2026-10-10,13,0,wk inc rsv prop ed visits,2026-10-10,quantile,0.025,4.1179715123801353e-4
2026-10-10,13,0,wk inc rsv prop ed visits,2026-10-10,quantile,0.05,5.203045077475107e-4
2026-10-10,13,0,wk inc rsv prop ed visits,2026-10-10,quantile,0.1,6.146637571449855e-4
2026-10-10,13,0,wk inc rsv prop ed visits,2026-10-10,quantile,0.15,6.675333668285704e-4
2026-10-10,13,0,wk inc rsv prop ed visits,2026-10-10,quantile,0.2,7.176399518874799e-4
2026-10-10,13,0,wk inc rsv prop ed visits,2026-10-10,quantile,0.25,7.593708924565575e-4
2026-10-10,13,0,wk inc rsv prop ed visits,2026-10-10,quantile,0.3,7.976435018725325e-4
2026-10-10,13,0,wk inc rsv prop ed visits,2026-10-10,quantile,0.35,8.350780368903317e-4
2026-10-10,13,0,wk inc rsv prop ed visits,2026-10-10,quantile,0.4,8.726513324732799e-4
2026-10-10,13,0,wk inc rsv prop ed visits,2026-10-10,quantile,0.45,9.110128227930107e-4
2026-10-10,13,0,wk inc rsv prop ed visits,2026-10-10,quantile,0.5,9.469976242161915e-4
2026-10-10,13,0,wk inc rsv prop ed visits,2026-10-10,quantile,0.55,9.824212811340768e-4
2026-10-10,13,0,wk inc rsv prop ed visits,2026-10-10,quantile,0.6,0.0010217330452409906
2026-10-10,13,0,wk inc rsv prop ed visits,2026-10-10,quantile,0.65,0.0010658161674414754
2026-10-10,13,0,wk inc rsv prop ed visits,2026-10-10,quantile,0.7,0.0011124400790992694
2026-10-10,13,0,wk inc rsv prop ed visits,2026-10-10,quantile,0.75,0.0011626874432546076
2026-10-10,13,0,wk inc rsv prop ed visits,2026-10-10,quantile,0.8,0.0012233684920869813
2026-10-10,13,0,wk inc rsv prop ed visits,2026-10-10,quantile,0.85,0.001292732804608071
2026-10-10,13,0,wk inc rsv prop ed visits,2026-10-10,quantile,0.9,0.001394696969442619
2026-10-10,13,0,wk inc rsv prop ed visits,2026-10-10,quantile,0.95,0.0015405913897081486
2026-10-10,13,0,wk inc rsv prop ed visits,2026-10-10,quantile,0.975,0.0016874726867508777
2026-10-10,13,0,wk inc rsv prop ed visits,2026-10-10,quantile,0.99,0.0018732158831961149
2026-10-10,13,1,wk inc rsv prop ed visits,2026-10-17,quantile,0.01,3.843644486059947e-4
2026-10-10,13,1,wk inc rsv prop ed visits,2026-10-17,quantile,0.025,4.5868031250818604e-4
2026-10-10,13,1,wk inc rsv prop ed visits,2026-10-17,quantile,0.05,5.378382031928943e-4
2026-10-10,13,1,wk inc rsv prop ed visits,2026-10-17,quantile,0.1,6.886402863893902e-4
2026-10-10,13,1,wk inc rsv prop ed visits,2026-10-17,quantile,0.15,7.850308393286167e-4
2026-10-10,13,1,wk inc rsv prop ed visits,2026-10-17,quantile,0.2,8.53098342387434e-4
2026-10-10,13,1,wk inc rsv prop ed visits,2026-10-17,quantile,0.25,9.092509145632963e-4
2026-10-10,13,1,wk inc rsv prop ed visits,2026-10-17,quantile,0.3,9.648333481598558e-4
2026-10-10,13,1,wk inc rsv prop ed visits,2026-10-17,quantile,0.35,0.0010158193885125494
2026-10-10,13,1,wk inc rsv prop ed visits,2026-10-17,quantile,0.4,0.001066380169216143
2026-10-10,13,1,wk inc rsv prop ed visits,2026-10-17,quantile,0.45,0.0011168495925559343
2026-10-10,13,1,wk inc rsv prop ed visits,2026-10-17,quantile,0.5,0.0011718212476921597
2026-10-10,13,1,wk inc rsv prop ed visits,2026-10-17,quantile,0.55,0.001224773213759794
2026-10-10,13,1,wk inc rsv prop ed visits,2026-10-17,quantile,0.6,0.0012810591407221522
2026-10-10,13,1,wk inc rsv prop ed visits,2026-10-17,quantile,0.65,0.0013448477619697253
2026-10-10,13,1,wk inc rsv prop ed visits,2026-10-17,quantile,0.7,0.0014208485588748758
2026-10-10,13,1,wk inc rsv prop ed visits,2026-10-17,quantile,0.75,0.0015005685841767997
2026-10-10,13,1,wk inc rsv prop ed visits,2026-10-17,quantile,0.8,0.0015913422771498468
2026-10-10,13,1,wk inc rsv prop ed visits,2026-10-17,quantile,0.85,0.0017026931623419894
2026-10-10,13,1,wk inc rsv prop ed visits,2026-10-17,quantile,0.9,0.0018578220227774879
2026-10-10,13,1,wk inc rsv prop ed visits,2026-10-17,quantile,0.95,0.002104287785740646
2026-10-10,13,1,wk inc rsv prop ed visits,2026-10-17,quantile,0.975,0.0023628640172492126
2026-10-10,13,1,wk inc rsv prop ed visits,2026-10-17,quantile,0.99,0.002739747411046798
2026-10-10,13,2,wk inc rsv prop ed visits,2026-10-24,quantile,0.01,4.3536315173204633e-4
2026-10-10,13,2,wk inc rsv prop ed visits,2026-10-24,quantile,0.025,5.25043841516484e-4
2026-10-10,13,2,wk inc rsv prop ed visits,2026-10-24,quantile,0.05,6.404709059844462e-4
2026-10-10,13,2,wk inc rsv prop ed visits,2026-10-24,quantile,0.1,7.916619148361997e-4
2026-10-10,13,2,wk inc rsv prop ed visits,2026-10-24,quantile,0.15,8.903666260440619e-4
2026-10-10,13,2,wk inc rsv prop ed visits,2026-10-24,quantile,0.2,9.802016688818934e-4
2026-10-10,13,2,wk inc rsv prop ed visits,2026-10-24,quantile,0.25,0.0010669979678370324
2026-10-10,13,2,wk inc rsv prop ed visits,2026-10-24,quantile,0.3,0.0011457632022438481
2026-10-10,13,2,wk inc rsv prop ed visits,2026-10-24,quantile,0.35,0.0012242209548466278
2026-10-10,13,2,wk inc rsv prop ed visits,2026-10-24,quantile,0.4,0.0012977186637758997
2026-10-10,13,2,wk inc rsv prop ed visits,2026-10-24,quantile,0.45,0.001371127121993563
2026-10-10,13,2,wk inc rsv prop ed visits,2026-10-24,quantile,0.5,0.0014473049604763683
2026-10-10,13,2,wk inc rsv prop ed visits,2026-10-24,quantile,0.55,0.0015315367291725487
2026-10-10,13,2,wk inc rsv prop ed visits,2026-10-24,quantile,0.6,0.0016276006065920924
2026-10-10,13,2,wk inc rsv prop ed visits,2026-10-24,quantile,0.65,0.0017250887934486519
2026-10-10,13,2,wk inc rsv prop ed visits,2026-10-24,quantile,0.7,0.0018449324549475567
2026-10-10,13,2,wk inc rsv prop ed visits,2026-10-24,quantile,0.75,0.0019812669981525872
2026-10-10,13,2,wk inc rsv prop ed visits,2026-10-24,quantile,0.8,0.0021491302345182286
2026-10-10,13,2,wk inc rsv prop ed visits,2026-10-24,quantile,0.85,0.0023406604469532718
2026-10-10,13,2,wk inc rsv prop ed visits,2026-10-24,quantile,0.9,0.0025823707477173204
2026-10-10,13,2,wk inc rsv prop ed visits,2026-10-24,quantile,0.95,0.003043519566883272
2026-10-10,13,2,wk inc rsv prop ed visits,2026-10-24,quantile,0.975,0.0035532483812970687
2026-10-10,13,2,wk inc rsv prop ed visits,2026-10-24,quantile,0.99,0.0041983756117107435
2026-10-10,13,3,wk inc rsv prop ed visits,2026-10-31,quantile,0.01,4.1506714199614393e-4
2026-10-10,13,3,wk inc rsv prop ed visits,2026-10-31,quantile,0.025,5.668907006065279e-4
2026-10-10,13,3,wk inc rsv prop ed visits,2026-10-31,quantile,0.05,7.547339968965153e-4
2026-10-10,13,3,wk inc rsv prop ed visits,2026-10-31,quantile,0.1,9.612542462243345e-4
2026-10-10,13,3,wk inc rsv prop ed visits,2026-10-31,quantile,0.15,0.0011308959531795223
2026-10-10,13,3,wk inc rsv prop ed visits,2026-10-31,quantile,0.2,0.0012891343485483093
2026-10-10,13,3,wk inc rsv prop ed visits,2026-10-31,quantile,0.25,0.0014246652756219043
2026-10-10,13,3,wk inc rsv prop ed visits,2026-10-31,quantile,0.3,0.0015590671537931305
2026-10-10,13,3,wk inc rsv prop ed visits,2026-10-31,quantile,0.35,0.0016828176212909936
2026-10-10,13,3,wk inc rsv prop ed visits,2026-10-31,quantile,0.4,0.0018214072439602142
2026-10-10,13,3,wk inc rsv prop ed visits,2026-10-31,quantile,0.45,0.0019571403890403178
2026-10-10,13,3,wk inc rsv prop ed visits,2026-10-31,quantile,0.5,0.002087113311400696
2026-10-10,13,3,wk inc rsv prop ed visits,2026-10-31,quantile,0.55,0.002215397733103943
2026-10-10,13,3,wk inc rsv prop ed visits,2026-10-31,quantile,0.6,0.0023968274430912597
2026-10-10,13,3,wk inc rsv prop ed visits,2026-10-31,quantile,0.65,0.0025948784478492717
2026-10-10,13,3,wk inc rsv prop ed visits,2026-10-31,quantile,0.7,0.0027810080914881462
2026-10-10,13,3,wk inc rsv prop ed visits,2026-10-31,quantile,0.75,0.0030165702152262107
2026-10-10,13,3,wk inc rsv prop ed visits,2026-10-31,quantile,0.8,0.003299399512345043
2026-10-10,13,3,wk inc rsv prop ed visits,2026-10-31,quantile,0.85,0.0036153814882707944
2026-10-10,13,3,wk inc rsv prop ed visits,2026-10-31,quantile,0.9,0.004137166632961019
2026-10-10,13,3,wk inc rsv prop ed visits,2026-10-31,quantile,0.95,0.004857937193649815
2026-10-10,13,3,wk inc rsv prop ed visits,2026-10-31,quantile,0.975,0.005500553072831156
2026-10-10,13,3,wk inc rsv prop ed visits,2026-10-31,quantile,0.99,0.006674300356100534
2026-10-10,15,0,wk inc rsv prop ed visits,2026-10-10,quantile,0.01,8.517971730239516e-4
2026-10-10,15,0,wk inc rsv prop ed visits,2026-10-10,quantile,0.025,0.0011339476777183029
2026-10-10,15,0,wk inc rsv prop ed visits,2026-10-10,quantile,0.05,0.0013197505389893841
2026-10-10,15,0,wk inc rsv prop ed visits,2026-10-10,quantile,0.1,0.0016029448946929177
2026-10-10,15,0,wk inc rsv prop ed visits,2026-10-10,quantile,0.15,0.0018047192952151893
2026-10-10,15,0,wk inc rsv prop ed visits,2026-10-10,quantile,0.2,0.0019322636781288803
2026-10-10,15,0,wk inc rsv prop ed visits,2026-10-10,quantile,0.25,0.0020726133668308583
2026-10-10,15,0,wk inc rsv prop ed visits,2026-10-10,quantile,0.3,0.002217626185113196
2026-10-10,15,0,wk inc rsv prop ed visits,2026-10-10,quantile,0.35,0.0023287934286733807
2026-10-10,15,0,wk inc rsv prop ed visits,2026-10-10,quantile,0.4,0.0024498129645260927
2026-10-10,15,0,wk inc rsv prop ed visits,2026-10-10,quantile,0.45,0.0025554020591842114
2026-10-10,15,0,wk inc rsv prop ed visits,2026-10-10,quantile,0.5,0.002664878014022278
2026-10-10,15,0,wk inc rsv prop ed visits,2026-10-10,quantile,0.55,0.002781388628110236
2026-10-10,15,0,wk inc rsv prop ed visits,2026-10-10,quantile,0.6,0.002922137435894054
2026-10-10,15,0,wk inc rsv prop ed visits,2026-10-10,quantile,0.65,0.003062010581555445
2026-10-10,15,0,wk inc rsv prop ed visits,2026-10-10,quantile,0.7,0.003199241687619309
2026-10-10,15,0,wk inc rsv prop ed visits,2026-10-10,quantile,0.75,0.003377592146145807
2026-10-10,15,0,wk inc rsv prop ed visits,2026-10-10,quantile,0.8,0.003603898047480565
2026-10-10,15,0,wk inc rsv prop ed visits,2026-10-10,quantile,0.85,0.003909445359095378
2026-10-10,15,0,wk inc rsv prop ed visits,2026-10-10,quantile,0.9,0.004351802678820781
2026-10-10,15,0,wk inc rsv prop ed visits,2026-10-10,quantile,0.95,0.005021817045047677
2026-10-10,15,0,wk inc rsv prop ed visits,2026-10-10,quantile,0.975,0.005747915153395059
2026-10-10,15,0,wk inc rsv prop ed visits,2026-10-10,quantile,0.99,0.006677267943623107
2026-10-10,15,1,wk inc rsv prop ed visits,2026-10-17,quantile,0.01,8.003171955770039e-4
2026-10-10,15,1,wk inc rsv prop ed visits,2026-10-17,quantile,0.025,0.001005574194991943
2026-10-10,15,1,wk inc rsv prop ed visits,2026-10-17,quantile,0.05,0.0012956468882346988
2026-10-10,15,1,wk inc rsv prop ed visits,2026-10-17,quantile,0.1,0.0015879690710153944
2026-10-10,15,1,wk inc rsv prop ed visits,2026-10-17,quantile,0.15,0.0018202756082967265
2026-10-10,15,1,wk inc rsv prop ed visits,2026-10-17,quantile,0.2,0.002065993005646752
2026-10-10,15,1,wk inc rsv prop ed visits,2026-10-17,quantile,0.25,0.0022700696229241307
2026-10-10,15,1,wk inc rsv prop ed visits,2026-10-17,quantile,0.3,0.002444270407720994
2026-10-10,15,1,wk inc rsv prop ed visits,2026-10-17,quantile,0.35,0.002596739926250259
2026-10-10,15,1,wk inc rsv prop ed visits,2026-10-17,quantile,0.4,0.0027852251524928167
2026-10-10,15,1,wk inc rsv prop ed visits,2026-10-17,quantile,0.45,0.0029202805522141866
2026-10-10,15,1,wk inc rsv prop ed visits,2026-10-17,quantile,0.5,0.0030773877520543207
2026-10-10,15,1,wk inc rsv prop ed visits,2026-10-17,quantile,0.55,0.0032208235277325706
2026-10-10,15,1,wk inc rsv prop ed visits,2026-10-17,quantile,0.6,0.0033907144997238573
2026-10-10,15,1,wk inc rsv prop ed visits,2026-10-17,quantile,0.65,0.003556546760293651
2026-10-10,15,1,wk inc rsv prop ed visits,2026-10-17,quantile,0.7,0.0037411266855107853
2026-10-10,15,1,wk inc rsv prop ed visits,2026-10-17,quantile,0.75,0.0039911810919840696
2026-10-10,15,1,wk inc rsv prop ed visits,2026-10-17,quantile,0.8,0.004292551059643851
2026-10-10,15,1,wk inc rsv prop ed visits,2026-10-17,quantile,0.85,0.004681759515749676
2026-10-10,15,1,wk inc rsv prop ed visits,2026-10-17,quantile,0.9,0.005190253724067175
2026-10-10,15,1,wk inc rsv prop ed visits,2026-10-17,quantile,0.95,0.006087933318181112
2026-10-10,15,1,wk inc rsv prop ed visits,2026-10-17,quantile,0.975,0.007190932154129484
2026-10-10,15,1,wk inc rsv prop ed visits,2026-10-17,quantile,0.99,0.008457536505919069
2026-10-10,15,2,wk inc rsv prop ed visits,2026-10-24,quantile,0.01,6.971100085485935e-4
2026-10-10,15,2,wk inc rsv prop ed visits,2026-10-24,quantile,0.025,0.001009175621984904
2026-10-10,15,2,wk inc rsv prop ed visits,2026-10-24,quantile,0.05,0.0012719106126876292
2026-10-10,15,2,wk inc rsv prop ed visits,2026-10-24,quantile,0.1,0.0016606462512544127
2026-10-10,15,2,wk inc rsv prop ed visits,2026-10-24,quantile,0.15,0.0019260647219167283
2026-10-10,15,2,wk inc rsv prop ed visits,2026-10-24,quantile,0.2,0.002109243135942976
2026-10-10,15,2,wk inc rsv prop ed visits,2026-10-24,quantile,0.25,0.0023803883707669486
2026-10-10,15,2,wk inc rsv prop ed visits,2026-10-24,quantile,0.3,0.002626547364263588
2026-10-10,15,2,wk inc rsv prop ed visits,2026-10-24,quantile,0.35,0.0028554642441812215
2026-10-10,15,2,wk inc rsv prop ed visits,2026-10-24,quantile,0.4,0.003072470038213493
2026-10-10,15,2,wk inc rsv prop ed visits,2026-10-24,quantile,0.45,0.0032768600097854367
2026-10-10,15,2,wk inc rsv prop ed visits,2026-10-24,quantile,0.5,0.0034868137764131934
2026-10-10,15,2,wk inc rsv prop ed visits,2026-10-24,quantile,0.55,0.0037024601317254234
2026-10-10,15,2,wk inc rsv prop ed visits,2026-10-24,quantile,0.6,0.003918863584430017
2026-10-10,15,2,wk inc rsv prop ed visits,2026-10-24,quantile,0.65,0.004191116695704048
2026-10-10,15,2,wk inc rsv prop ed visits,2026-10-24,quantile,0.7,0.004461880191828231
2026-10-10,15,2,wk inc rsv prop ed visits,2026-10-24,quantile,0.75,0.004776251286591816
2026-10-10,15,2,wk inc rsv prop ed visits,2026-10-24,quantile,0.8,0.005113059987217838
2026-10-10,15,2,wk inc rsv prop ed visits,2026-10-24,quantile,0.85,0.005552128017025224
2026-10-10,15,2,wk inc rsv prop ed visits,2026-10-24,quantile,0.9,0.00617852136366181
2026-10-10,15,2,wk inc rsv prop ed visits,2026-10-24,quantile,0.95,0.007376536076233528
2026-10-10,15,2,wk inc rsv prop ed visits,2026-10-24,quantile,0.975,0.00867664878491466
2026-10-10,15,2,wk inc rsv prop ed visits,2026-10-24,quantile,0.99,0.010930831284297948
2026-10-10,15,3,wk inc rsv prop ed visits,2026-10-31,quantile,0.01,0.001296002898236682
2026-10-10,15,3,wk inc rsv prop ed visits,2026-10-31,quantile,0.025,0.00158602678154313
2026-10-10,15,3,wk inc rsv prop ed visits,2026-10-31,quantile,0.05,0.0018968599932395616
2026-10-10,15,3,wk inc rsv prop ed visits,2026-10-31,quantile,0.1,0.0024266815759422743
2026-10-10,15,3,wk inc rsv prop ed visits,2026-10-31,quantile,0.15,0.002853838348211792
2026-10-10,15,3,wk inc rsv prop ed visits,2026-10-31,quantile,0.2,0.003187161523396564
2026-10-10,15,3,wk inc rsv prop ed visits,2026-10-31,quantile,0.25,0.0035877901629601198
2026-10-10,15,3,wk inc rsv prop ed visits,2026-10-31,quantile,0.3,0.003937227276291073
2026-10-10,15,3,wk inc rsv prop ed visits,2026-10-31,quantile,0.35,0.0043183867995853845
2026-10-10,15,3,wk inc rsv prop ed visits,2026-10-31,quantile,0.4,0.004696162025451823
2026-10-10,15,3,wk inc rsv prop ed visits,2026-10-31,quantile,0.45,0.005015631176065327
2026-10-10,15,3,wk inc rsv prop ed visits,2026-10-31,quantile,0.5,0.005419503899341967
2026-10-10,15,3,wk inc rsv prop ed visits,2026-10-31,quantile,0.55,0.005832515120227404
2026-10-10,15,3,wk inc rsv prop ed visits,2026-10-31,quantile,0.6,0.006318559053705709
2026-10-10,15,3,wk inc rsv prop ed visits,2026-10-31,quantile,0.65,0.00680686507486729
2026-10-10,15,3,wk inc rsv prop ed visits,2026-10-31,quantile,0.7,0.007297334577703511
2026-10-10,15,3,wk inc rsv prop ed visits,2026-10-31,quantile,0.75,0.007949509816064461
2026-10-10,15,3,wk inc rsv prop ed visits,2026-10-31,quantile,0.8,0.008776616267065978
2026-10-10,15,3,wk inc rsv prop ed visits,2026-10-31,quantile,0.85,0.009804580291199206
2026-10-10,15,3,wk inc rsv prop ed visits,2026-10-31,quantile,0.9,0.011355277442333679
2026-10-10,15,3,wk inc rsv prop ed visits,2026-10-31,quantile,0.95,0.01425308336810817
2026-10-10,15,3,wk inc rsv prop ed visits,2026-10-31,quantile,0.975,0.01756059066817675
2026-10-10,15,3,wk inc rsv prop ed visits,2026-10-31,quantile,0.99,0.018738682247276456
2026-10-10,16,0,wk inc rsv prop ed visits,2026-10-10,quantile,0.01,0
2026-10-10,16,0,wk inc rsv prop ed visits,2026-10-10,quantile,0.025,1.177371347952449e-5
2026-10-10,16,0,wk inc rsv prop ed visits,2026-10-10,quantile,0.05,2.0886743376620737e-5
2026-10-10,16,0,wk inc rsv prop ed visits,2026-10-10,quantile,0.1,3.6704151091650347e-5
2026-10-10,16,0,wk inc rsv prop ed visits,2026-10-10,quantile,0.15,5.056579297643435e-5
2026-10-10,16,0,wk inc rsv prop ed visits,2026-10-10,quantile,0.2,8.125082975188078e-5
2026-10-10,16,0,wk inc rsv prop ed visits,2026-10-10,quantile,0.25,9.039810185284331e-5
2026-10-10,16,0,wk inc rsv prop ed visits,2026-10-10,quantile,0.3,9.881188079634667e-5
2026-10-10,16,0,wk inc rsv prop ed visits,2026-10-10,quantile,0.35,1.073068638242247e-4
2026-10-10,16,0,wk inc rsv prop ed visits,2026-10-10,quantile,0.4,1.1557587954528695e-4
2026-10-10,16,0,wk inc rsv prop ed visits,2026-10-10,quantile,0.45,1.5919462938237297e-4
2026-10-10,16,0,wk inc rsv prop ed visits,2026-10-10,quantile,0.5,1.6923251508274843e-4
2026-10-10,16,0,wk inc rsv prop ed visits,2026-10-10,quantile,0.55,1.8001387576717804e-4
2026-10-10,16,0,wk inc rsv prop ed visits,2026-10-10,quantile,0.6,1.922028851197467e-4
2026-10-10,16,0,wk inc rsv prop ed visits,2026-10-10,quantile,0.65,2.3757866690905102e-4
2026-10-10,16,0,wk inc rsv prop ed visits,2026-10-10,quantile,0.7,2.5175832696597625e-4
2026-10-10,16,0,wk inc rsv prop ed visits,2026-10-10,quantile,0.75,2.694677468830911e-4
2026-10-10,16,0,wk inc rsv prop ed visits,2026-10-10,quantile,0.8,3.2213316695470944e-4
2026-10-10,16,0,wk inc rsv prop ed visits,2026-10-10,quantile,0.85,3.4960307640392126e-4
2026-10-10,16,0,wk inc rsv prop ed visits,2026-10-10,quantile,0.9,4.176503452730363e-4
2026-10-10,16,0,wk inc rsv prop ed visits,2026-10-10,quantile,0.95,5.098657003051235e-4
2026-10-10,16,0,wk inc rsv prop ed visits,2026-10-10,quantile,0.975,6.280810727261087e-4
2026-10-10,16,0,wk inc rsv prop ed visits,2026-10-10,quantile,0.99,7.300339064534853e-4
2026-10-10,16,1,wk inc rsv prop ed visits,2026-10-17,quantile,0.01,0
2026-10-10,16,1,wk inc rsv prop ed visits,2026-10-17,quantile,0.025,0
2026-10-10,16,1,wk inc rsv prop ed visits,2026-10-17,quantile,0.05,1.015716463751783e-5
2026-10-10,16,1,wk inc rsv prop ed visits,2026-10-17,quantile,0.1,4.0895175529560526e-5
2026-10-10,16,1,wk inc rsv prop ed visits,2026-10-17,quantile,0.15,5.708407995835172e-5
2026-10-10,16,1,wk inc rsv prop ed visits,2026-10-17,quantile,0.2,8.532808216047788e-5
2026-10-10,16,1,wk inc rsv prop ed visits,2026-10-17,quantile,0.25,9.479728524563941e-5
2026-10-10,16,1,wk inc rsv prop ed visits,2026-10-17,quantile,0.3,1.0423131500469369e-4
2026-10-10,16,1,wk inc rsv prop ed visits,2026-10-17,quantile,0.35,1.1303378642311356e-4
2026-10-10,16,1,wk inc rsv prop ed visits,2026-10-17,quantile,0.4,1.5733852318827764e-4
2026-10-10,16,1,wk inc rsv prop ed visits,2026-10-17,quantile,0.45,1.6893817065268666e-4
2026-10-10,16,1,wk inc rsv prop ed visits,2026-10-17,quantile,0.5,1.79356358876418e-4
2026-10-10,16,1,wk inc rsv prop ed visits,2026-10-17,quantile,0.55,1.9183385027526304e-4
2026-10-10,16,1,wk inc rsv prop ed visits,2026-10-17,quantile,0.6,2.3640648266423105e-4
2026-10-10,16,1,wk inc rsv prop ed visits,2026-10-17,quantile,0.65,2.505979685360929e-4
2026-10-10,16,1,wk inc rsv prop ed visits,2026-10-17,quantile,0.7,2.9738431257074385e-4
2026-10-10,16,1,wk inc rsv prop ed visits,2026-10-17,quantile,0.75,3.1979343021209394e-4
2026-10-10,16,1,wk inc rsv prop ed visits,2026-10-17,quantile,0.8,3.749835949108321e-4
2026-10-10,16,1,wk inc rsv prop ed visits,2026-10-17,quantile,0.85,4.3397175903118145e-4
2026-10-10,16,1,wk inc rsv prop ed visits,2026-10-17,quantile,0.9,5.099899385536934e-4
2026-10-10,16,1,wk inc rsv prop ed visits,2026-10-17,quantile,0.95,6.695886231237903e-4
2026-10-10,16,1,wk inc rsv prop ed visits,2026-10-17,quantile,0.975,7.847998280764699e-4
2026-10-10,16,1,wk inc rsv prop ed visits,2026-10-17,quantile,0.99,9.702105296386749e-4
2026-10-10,16,2,wk inc rsv prop ed visits,2026-10-24,quantile,0.01,0
2026-10-10,16,2,wk inc rsv prop ed visits,2026-10-24,quantile,0.025,4.4431152564076074e-7
2026-10-10,16,2,wk inc rsv prop ed visits,2026-10-24,quantile,0.05,4.851067615554803e-6
2026-10-10,16,2,wk inc rsv prop ed visits,2026-10-24,quantile,0.1,4.895761454823723e-5
2026-10-10,16,2,wk inc rsv prop ed visits,2026-10-24,quantile,0.15,6.588349489471129e-5
2026-10-10,16,2,wk inc rsv prop ed visits,2026-10-24,quantile,0.2,9.256684571718081e-5
2026-10-10,16,2,wk inc rsv prop ed visits,2026-10-24,quantile,0.25,1.0345291970165262e-4
2026-10-10,16,2,wk inc rsv prop ed visits,2026-10-24,quantile,0.3,1.1506502817782785e-4
2026-10-10,16,2,wk inc rsv prop ed visits,2026-10-24,quantile,0.35,1.3065415051070442e-4
2026-10-10,16,2,wk inc rsv prop ed visits,2026-10-24,quantile,0.4,1.6749198093730802e-4
2026-10-10,16,2,wk inc rsv prop ed visits,2026-10-24,quantile,0.45,1.7916927915586294e-4
2026-10-10,16,2,wk inc rsv prop ed visits,2026-10-24,quantile,0.5,1.9233767023717386e-4
2026-10-10,16,2,wk inc rsv prop ed visits,2026-10-24,quantile,0.55,2.3785140913719176e-4
2026-10-10,16,2,wk inc rsv prop ed visits,2026-10-24,quantile,0.6,2.5217436378188024e-4
2026-10-10,16,2,wk inc rsv prop ed visits,2026-10-24,quantile,0.65,2.9937903164008845e-4
2026-10-10,16,2,wk inc rsv prop ed visits,2026-10-24,quantile,0.7,3.4778221722388974e-4
2026-10-10,16,2,wk inc rsv prop ed visits,2026-10-24,quantile,0.75,4.0092623002626216e-4
2026-10-10,16,2,wk inc rsv prop ed visits,2026-10-24,quantile,0.8,4.618580669463755e-4
2026-10-10,16,2,wk inc rsv prop ed visits,2026-10-24,quantile,0.85,5.301335276360634e-4
2026-10-10,16,2,wk inc rsv prop ed visits,2026-10-24,quantile,0.9,6.649192037268279e-4
2026-10-10,16,2,wk inc rsv prop ed visits,2026-10-24,quantile,0.95,8.954101812488069e-4
2026-10-10,16,2,wk inc rsv prop ed visits,2026-10-24,quantile,0.975,0.0011617617698578566
2026-10-10,16,2,wk inc rsv prop ed visits,2026-10-24,quantile,0.99,0.0015859248327618322
2026-10-10,16,3,wk inc rsv prop ed visits,2026-10-31,quantile,0.01,9.515872643752018e-6
2026-10-10,16,3,wk inc rsv prop ed visits,2026-10-31,quantile,0.025,1.5904149660847106e-5
2026-10-10,16,3,wk inc rsv prop ed visits,2026-10-31,quantile,0.05,2.5728501669947447e-5
2026-10-10,16,3,wk inc rsv prop ed visits,2026-10-31,quantile,0.1,5.983409060800654e-5
2026-10-10,16,3,wk inc rsv prop ed visits,2026-10-31,quantile,0.15,1.1234688927183196e-4
2026-10-10,16,3,wk inc rsv prop ed visits,2026-10-31,quantile,0.2,1.614446371582874e-4
2026-10-10,16,3,wk inc rsv prop ed visits,2026-10-31,quantile,0.25,2.242375176668121e-4
2026-10-10,16,3,wk inc rsv prop ed visits,2026-10-31,quantile,0.3,2.8025386895776973e-4
2026-10-10,16,3,wk inc rsv prop ed visits,2026-10-31,quantile,0.35,3.577340221358987e-4
2026-10-10,16,3,wk inc rsv prop ed visits,2026-10-31,quantile,0.4,4.2932403359536875e-4
2026-10-10,16,3,wk inc rsv prop ed visits,2026-10-31,quantile,0.45,5.133177858282831e-4
2026-10-10,16,3,wk inc rsv prop ed visits,2026-10-31,quantile,0.5,6.259710740785803e-4
2026-10-10,16,3,wk inc rsv prop ed visits,2026-10-31,quantile,0.55,7.698759611041389e-4
2026-10-10,16,3,wk inc rsv prop ed visits,2026-10-31,quantile,0.6,9.687109378224397e-4
2026-10-10,16,3,wk inc rsv prop ed visits,2026-10-31,quantile,0.65,0.0011787110780358428
2026-10-10,16,3,wk inc rsv prop ed visits,2026-10-31,quantile,0.7,0.0014640722115899687
2026-10-10,16,3,wk inc rsv prop ed visits,2026-10-31,quantile,0.75,0.0018564040184415904
2026-10-10,16,3,wk inc rsv prop ed visits,2026-10-31,quantile,0.8,0.002251324562235745
2026-10-10,16,3,wk inc rsv prop ed visits,2026-10-31,quantile,0.85,0.002281114087380505
2026-10-10,16,3,wk inc rsv prop ed visits,2026-10-31,quantile,0.9,0.002317192327791172
2026-10-10,16,3,wk inc rsv prop ed visits,2026-10-31,quantile,0.95,0.002380339731480205
2026-10-10,16,3,wk inc rsv prop ed visits,2026-10-31,quantile,0.975,0.0024297932044895854
2026-10-10,16,3,wk inc rsv prop ed visits,2026-10-31,quantile,0.99,0.002508600182129138
2026-10-10,17,0,wk inc rsv prop ed visits,2026-10-10,quantile,0.01,6.175763839603399e-5
2026-10-10,17,0,wk inc rsv prop ed visits,2026-10-10,quantile,0.025,8.421300513778229e-5
2026-10-10,17,0,wk inc rsv prop ed visits,2026-10-10,quantile,0.05,1.0958680184041758e-4
2026-10-10,17,0,wk inc rsv prop ed visits,2026-10-10,quantile,0.1,1.3104634783643007e-4
2026-10-10,17,0,wk inc rsv prop ed visits,2026-10-10,quantile,0.15,1.520470493974461e-4
2026-10-10,17,0,wk inc rsv prop ed visits,2026-10-10,quantile,0.2,1.6901529920069407e-4
2026-10-10,17,0,wk inc rsv prop ed visits,2026-10-10,quantile,0.25,1.8585790000814445e-4
2026-10-10,17,0,wk inc rsv prop ed visits,2026-10-10,quantile,0.3,2.015762439741239e-4
2026-10-10,17,0,wk inc rsv prop ed visits,2026-10-10,quantile,0.35,2.1791027857759947e-4
2026-10-10,17,0,wk inc rsv prop ed visits,2026-10-10,quantile,0.4,2.3474847555694607e-4
2026-10-10,17,0,wk inc rsv prop ed visits,2026-10-10,quantile,0.45,2.5161502064021334e-4
2026-10-10,17,0,wk inc rsv prop ed visits,2026-10-10,quantile,0.5,2.6441925498873705e-4
2026-10-10,17,0,wk inc rsv prop ed visits,2026-10-10,quantile,0.55,2.7712921830108265e-4
2026-10-10,17,0,wk inc rsv prop ed visits,2026-10-10,quantile,0.6,2.907732407867226e-4
2026-10-10,17,0,wk inc rsv prop ed visits,2026-10-10,quantile,0.65,3.042390088710623e-4
2026-10-10,17,0,wk inc rsv prop ed visits,2026-10-10,quantile,0.7,3.2173795531041037e-4
2026-10-10,17,0,wk inc rsv prop ed visits,2026-10-10,quantile,0.75,3.355354357718023e-4
2026-10-10,17,0,wk inc rsv prop ed visits,2026-10-10,quantile,0.8,3.5471248766043935e-4
2026-10-10,17,0,wk inc rsv prop ed visits,2026-10-10,quantile,0.85,3.8068288610706877e-4
2026-10-10,17,0,wk inc rsv prop ed visits,2026-10-10,quantile,0.9,4.182679894758698e-4
2026-10-10,17,0,wk inc rsv prop ed visits,2026-10-10,quantile,0.95,4.825607129147172e-4
2026-10-10,17,0,wk inc rsv prop ed visits,2026-10-10,quantile,0.975,5.497913061729897e-4
2026-10-10,17,0,wk inc rsv prop ed visits,2026-10-10,quantile,0.99,5.671116737160755e-4
2026-10-10,17,1,wk inc rsv prop ed visits,2026-10-17,quantile,0.01,6.275205420473393e-5
2026-10-10,17,1,wk inc rsv prop ed visits,2026-10-17,quantile,0.025,9.066671762177045e-5
2026-10-10,17,1,wk inc rsv prop ed visits,2026-10-17,quantile,0.05,1.1198836573754219e-4
2026-10-10,17,1,wk inc rsv prop ed visits,2026-10-17,quantile,0.1,1.4253800104023972e-4
2026-10-10,17,1,wk inc rsv prop ed visits,2026-10-17,quantile,0.15,1.6456496300204819e-4
2026-10-10,17,1,wk inc rsv prop ed visits,2026-10-17,quantile,0.2,1.8388550275684395e-4
2026-10-10,17,1,wk inc rsv prop ed visits,2026-10-17,quantile,0.25,2.0268086080291086e-4
2026-10-10,17,1,wk inc rsv prop ed visits,2026-10-17,quantile,0.3,2.2247536959366256e-4
2026-10-10,17,1,wk inc rsv prop ed visits,2026-10-17,quantile,0.35,2.443336907094148e-4
2026-10-10,17,1,wk inc rsv prop ed visits,2026-10-17,quantile,0.4,2.6506726592979784e-4
2026-10-10,17,1,wk inc rsv prop ed visits,2026-10-17,quantile,0.45,2.8543053470075214e-4
2026-10-10,17,1,wk inc rsv prop ed visits,2026-10-17,quantile,0.5,3.058212766221014e-4
2026-10-10,17,1,wk inc rsv prop ed visits,2026-10-17,quantile,0.55,3.2752309690179657e-4
2026-10-10,17,1,wk inc rsv prop ed visits,2026-10-17,quantile,0.6,3.4762794292564434e-4
2026-10-10,17,1,wk inc rsv prop ed visits,2026-10-17,quantile,0.65,3.71938737688861e-4
2026-10-10,17,1,wk inc rsv prop ed visits,2026-10-17,quantile,0.7,3.9784884849697403e-4
2026-10-10,17,1,wk inc rsv prop ed visits,2026-10-17,quantile,0.75,4.302678734547744e-4
2026-10-10,17,1,wk inc rsv prop ed visits,2026-10-17,quantile,0.8,4.6569213324556673e-4
2026-10-10,17,1,wk inc rsv prop ed visits,2026-10-17,quantile,0.85,5.08906724592658e-4
2026-10-10,17,1,wk inc rsv prop ed visits,2026-10-17,quantile,0.9,5.679835949291084e-4
2026-10-10,17,1,wk inc rsv prop ed visits,2026-10-17,quantile,0.95,6.584166235845291e-4
2026-10-10,17,1,wk inc rsv prop ed visits,2026-10-17,quantile,0.975,7.656100211058477e-4
2026-10-10,17,1,wk inc rsv prop ed visits,2026-10-17,quantile,0.99,8.735555137201513e-4
2026-10-10,17,2,wk inc rsv prop ed visits,2026-10-24,quantile,0.01,7.852356720464598e-5
2026-10-10,17,2,wk inc rsv prop ed visits,2026-10-24,quantile,0.025,1.0238616013734202e-4
2026-10-10,17,2,wk inc rsv prop ed visits,2026-10-24,quantile,0.05,1.2500622518317619e-4
2026-10-10,17,2,wk inc rsv prop ed visits,2026-10-24,quantile,0.1,1.5902790625100778e-4
2026-10-10,17,2,wk inc rsv prop ed visits,2026-10-24,quantile,0.15,1.8690125517825077e-4
2026-10-10,17,2,wk inc rsv prop ed visits,2026-10-24,quantile,0.2,2.1179647716270376e-4
2026-10-10,17,2,wk inc rsv prop ed visits,2026-10-24,quantile,0.25,2.3413523152818877e-4
2026-10-10,17,2,wk inc rsv prop ed visits,2026-10-24,quantile,0.3,2.5693630047815655e-4
2026-10-10,17,2,wk inc rsv prop ed visits,2026-10-24,quantile,0.35,2.7842183176650446e-4
2026-10-10,17,2,wk inc rsv prop ed visits,2026-10-24,quantile,0.4,2.98412770122142e-4
2026-10-10,17,2,wk inc rsv prop ed visits,2026-10-24,quantile,0.45,3.191767406710752e-4
2026-10-10,17,2,wk inc rsv prop ed visits,2026-10-24,quantile,0.5,3.4334286797030593e-4
2026-10-10,17,2,wk inc rsv prop ed visits,2026-10-24,quantile,0.55,3.7044257643077227e-4
2026-10-10,17,2,wk inc rsv prop ed visits,2026-10-24,quantile,0.6,3.98680213406894e-4
2026-10-10,17,2,wk inc rsv prop ed visits,2026-10-24,quantile,0.65,4.266374600212054e-4
2026-10-10,17,2,wk inc rsv prop ed visits,2026-10-24,quantile,0.7,4.612783543598069e-4
2026-10-10,17,2,wk inc rsv prop ed visits,2026-10-24,quantile,0.75,5.000403465764972e-4
2026-10-10,17,2,wk inc rsv prop ed visits,2026-10-24,quantile,0.8,5.479703304276788e-4
2026-10-10,17,2,wk inc rsv prop ed visits,2026-10-24,quantile,0.85,6.031693294159537e-4
2026-10-10,17,2,wk inc rsv prop ed visits,2026-10-24,quantile,0.9,6.801312807838422e-4
2026-10-10,17,2,wk inc rsv prop ed visits,2026-10-24,quantile,0.95,8.091134729482932e-4
2026-10-10,17,2,wk inc rsv prop ed visits,2026-10-24,quantile,0.975,9.665999651951593e-4
2026-10-10,17,2,wk inc rsv prop ed visits,2026-10-24,quantile,0.99,0.0011658770850727475
2026-10-10,17,3,wk inc rsv prop ed visits,2026-10-31,quantile,0.01,1.0681365463616493e-4
2026-10-10,17,3,wk inc rsv prop ed visits,2026-10-31,quantile,0.025,1.7456517270694668e-4
2026-10-10,17,3,wk inc rsv prop ed visits,2026-10-31,quantile,0.05,2.2646737091294554e-4
2026-10-10,17,3,wk inc rsv prop ed visits,2026-10-31,quantile,0.1,2.8986783898366257e-4
2026-10-10,17,3,wk inc rsv prop ed visits,2026-10-31,quantile,0.15,3.4313440081620817e-4
2026-10-10,17,3,wk inc rsv prop ed visits,2026-10-31,quantile,0.2,3.9668569767701287e-4
2026-10-10,17,3,wk inc rsv prop ed visits,2026-10-31,quantile,0.25,4.466280645697662e-4
2026-10-10,17,3,wk inc rsv prop ed visits,2026-10-31,quantile,0.3,4.921700130020016e-4
2026-10-10,17,3,wk inc rsv prop ed visits,2026-10-31,quantile,0.35,5.386306352089036e-4
2026-10-10,17,3,wk inc rsv prop ed visits,2026-10-31,quantile,0.4,5.871372195320624e-4
2026-10-10,17,3,wk inc rsv prop ed visits,2026-10-31,quantile,0.45,6.466611389071037e-4
2026-10-10,17,3,wk inc rsv prop ed visits,2026-10-31,quantile,0.5,6.928684444214827e-4
2026-10-10,17,3,wk inc rsv prop ed visits,2026-10-31,quantile,0.55,7.346652543890613e-4
2026-10-10,17,3,wk inc rsv prop ed visits,2026-10-31,quantile,0.6,7.939947479329976e-4
2026-10-10,17,3,wk inc rsv prop ed visits,2026-10-31,quantile,0.65,8.532408198080013e-4
2026-10-10,17,3,wk inc rsv prop ed visits,2026-10-31,quantile,0.7,9.160775438959942e-4
2026-10-10,17,3,wk inc rsv prop ed visits,2026-10-31,quantile,0.75,9.935854728685659e-4
2026-10-10,17,3,wk inc rsv prop ed visits,2026-10-31,quantile,0.8,0.0010850606230691671
2026-10-10,17,3,wk inc rsv prop ed visits,2026-10-31,quantile,0.85,0.0011842601392300877
2026-10-10,17,3,wk inc rsv prop ed visits,2026-10-31,quantile,0.9,0.0013297293237387897
2026-10-10,17,3,wk inc rsv prop ed visits,2026-10-31,quantile,0.95,0.0015743983964137769
2026-10-10,17,3,wk inc rsv prop ed visits,2026-10-31,quantile,0.975,0.0018383599680380208
2026-10-10,17,3,wk inc rsv prop ed visits,2026-10-31,quantile,0.99,0.0020368886233409814
2026-10-10,18,0,wk inc rsv prop ed visits,2026-10-10,quantile,0.01,1.732827246301691e-4
2026-10-10,18,0,wk inc rsv prop ed visits,2026-10-10,quantile,0.025,2.1625787800743173e-4
2026-10-10,18,0,wk inc rsv prop ed visits,2026-10-10,quantile,0.05,2.3697921364746597e-4
2026-10-10,18,0,wk inc rsv prop ed visits,2026-10-10,quantile,0.1,2.715237183130969e-4
2026-10-10,18,0,wk inc rsv prop ed visits,2026-10-10,quantile,0.15,2.98917903968991e-4
2026-10-10,18,0,wk inc rsv prop ed visits,2026-10-10,quantile,0.2,3.209513683964907e-4
2026-10-10,18,0,wk inc rsv prop ed visits,2026-10-10,quantile,0.25,3.4124148397985516e-4
2026-10-10,18,0,wk inc rsv prop ed visits,2026-10-10,quantile,0.3,3.6148598247028225e-4
2026-10-10,18,0,wk inc rsv prop ed visits,2026-10-10,quantile,0.35,3.828856272068437e-4
2026-10-10,18,0,wk inc rsv prop ed visits,2026-10-10,quantile,0.4,4.012578420588199e-4
2026-10-10,18,0,wk inc rsv prop ed visits,2026-10-10,quantile,0.45,4.2257457342118575e-4
2026-10-10,18,0,wk inc rsv prop ed visits,2026-10-10,quantile,0.5,4.4219022089517435e-4
2026-10-10,18,0,wk inc rsv prop ed visits,2026-10-10,quantile,0.55,4.635739197321057e-4
2026-10-10,18,0,wk inc rsv prop ed visits,2026-10-10,quantile,0.6,4.8455954749251375e-4
2026-10-10,18,0,wk inc rsv prop ed visits,2026-10-10,quantile,0.65,5.082892248398079e-4
2026-10-10,18,0,wk inc rsv prop ed visits,2026-10-10,quantile,0.7,5.358606743474253e-4
2026-10-10,18,0,wk inc rsv prop ed visits,2026-10-10,quantile,0.75,5.655338124680329e-4
2026-10-10,18,0,wk inc rsv prop ed visits,2026-10-10,quantile,0.8,6.066318399734452e-4
2026-10-10,18,0,wk inc rsv prop ed visits,2026-10-10,quantile,0.85,6.512895188042211e-4
2026-10-10,18,0,wk inc rsv prop ed visits,2026-10-10,quantile,0.9,7.202918493812041e-4
2026-10-10,18,0,wk inc rsv prop ed visits,2026-10-10,quantile,0.95,8.311437153556882e-4
2026-10-10,18,0,wk inc rsv prop ed visits,2026-10-10,quantile,0.975,9.370132942428076e-4
2026-10-10,18,0,wk inc rsv prop ed visits,2026-10-10,quantile,0.99,0.001084326422357602
2026-10-10,18,1,wk inc rsv prop ed visits,2026-10-17,quantile,0.01,1.7519390304307722e-4
2026-10-10,18,1,wk inc rsv prop ed visits,2026-10-17,quantile,0.025,2.1446806289540378e-4
2026-10-10,18,1,wk inc rsv prop ed visits,2026-10-17,quantile,0.05,2.564327632743209e-4
2026-10-10,18,1,wk inc rsv prop ed visits,2026-10-17,quantile,0.1,3.0021942034240374e-4
2026-10-10,18,1,wk inc rsv prop ed visits,2026-10-17,quantile,0.15,3.3620409918432096e-4
2026-10-10,18,1,wk inc rsv prop ed visits,2026-10-17,quantile,0.2,3.7179816511006647e-4
2026-10-10,18,1,wk inc rsv prop ed visits,2026-10-17,quantile,0.25,4.000930904907965e-4
2026-10-10,18,1,wk inc rsv prop ed visits,2026-10-17,quantile,0.3,4.2534275027814424e-4
2026-10-10,18,1,wk inc rsv prop ed visits,2026-10-17,quantile,0.35,4.5461262091325697e-4
2026-10-10,18,1,wk inc rsv prop ed visits,2026-10-17,quantile,0.4,4.866412945150456e-4
2026-10-10,18,1,wk inc rsv prop ed visits,2026-10-17,quantile,0.45,5.153604804935897e-4
2026-10-10,18,1,wk inc rsv prop ed visits,2026-10-17,quantile,0.5,5.423893710860307e-4
2026-10-10,18,1,wk inc rsv prop ed visits,2026-10-17,quantile,0.55,5.748670155735434e-4
2026-10-10,18,1,wk inc rsv prop ed visits,2026-10-17,quantile,0.6,6.02111730063692e-4
2026-10-10,18,1,wk inc rsv prop ed visits,2026-10-17,quantile,0.65,6.36617224190262e-4
2026-10-10,18,1,wk inc rsv prop ed visits,2026-10-17,quantile,0.7,6.725210920066368e-4
2026-10-10,18,1,wk inc rsv prop ed visits,2026-10-17,quantile,0.75,7.201737551869884e-4
2026-10-10,18,1,wk inc rsv prop ed visits,2026-10-17,quantile,0.8,7.775134996997925e-4
2026-10-10,18,1,wk inc rsv prop ed visits,2026-10-17,quantile,0.85,8.575233029168099e-4
2026-10-10,18,1,wk inc rsv prop ed visits,2026-10-17,quantile,0.9,9.524350881432622e-4
2026-10-10,18,1,wk inc rsv prop ed visits,2026-10-17,quantile,0.95,0.0011336386694408575
2026-10-10,18,1,wk inc rsv prop ed visits,2026-10-17,quantile,0.975,0.0012807158091220224
2026-10-10,18,1,wk inc rsv prop ed visits,2026-10-17,quantile,0.99,0.00150338091315546
2026-10-10,18,2,wk inc rsv prop ed visits,2026-10-24,quantile,0.01,1.7116538100290032e-4
2026-10-10,18,2,wk inc rsv prop ed visits,2026-10-24,quantile,0.025,2.1920544891111776e-4
2026-10-10,18,2,wk inc rsv prop ed visits,2026-10-24,quantile,0.05,2.6134606715095773e-4
2026-10-10,18,2,wk inc rsv prop ed visits,2026-10-24,quantile,0.1,3.126761882866285e-4
2026-10-10,18,2,wk inc rsv prop ed visits,2026-10-24,quantile,0.15,3.6575289186242506e-4
2026-10-10,18,2,wk inc rsv prop ed visits,2026-10-24,quantile,0.2,4.090172741367298e-4
2026-10-10,18,2,wk inc rsv prop ed visits,2026-10-24,quantile,0.25,4.499950504412763e-4
2026-10-10,18,2,wk inc rsv prop ed visits,2026-10-24,quantile,0.3,4.8350980362793494e-4
2026-10-10,18,2,wk inc rsv prop ed visits,2026-10-24,quantile,0.35,5.237704038820067e-4
2026-10-10,18,2,wk inc rsv prop ed visits,2026-10-24,quantile,0.4,5.659898131804711e-4
2026-10-10,18,2,wk inc rsv prop ed visits,2026-10-24,quantile,0.45,6.069248037499349e-4
2026-10-10,18,2,wk inc rsv prop ed visits,2026-10-24,quantile,0.5,6.48160615980145e-4
2026-10-10,18,2,wk inc rsv prop ed visits,2026-10-24,quantile,0.55,6.977860344077687e-4
2026-10-10,18,2,wk inc rsv prop ed visits,2026-10-24,quantile,0.6,7.564543103579435e-4
2026-10-10,18,2,wk inc rsv prop ed visits,2026-10-24,quantile,0.65,8.124777905446867e-4
2026-10-10,18,2,wk inc rsv prop ed visits,2026-10-24,quantile,0.7,8.796545328823892e-4
2026-10-10,18,2,wk inc rsv prop ed visits,2026-10-24,quantile,0.75,9.588305497215342e-4
2026-10-10,18,2,wk inc rsv prop ed visits,2026-10-24,quantile,0.8,0.001055274464681423
2026-10-10,18,2,wk inc rsv prop ed visits,2026-10-24,quantile,0.85,0.0011904588367649253
2026-10-10,18,2,wk inc rsv prop ed visits,2026-10-24,quantile,0.9,0.0013805134830894884
2026-10-10,18,2,wk inc rsv prop ed visits,2026-10-24,quantile,0.95,0.001726322650518081
2026-10-10,18,2,wk inc rsv prop ed visits,2026-10-24,quantile,0.975,0.002034936339979552
2026-10-10,18,2,wk inc rsv prop ed visits,2026-10-24,quantile,0.99,0.0023762832917693694
2026-10-10,18,3,wk inc rsv prop ed visits,2026-10-31,quantile,0.01,2.0190261272920508e-4
2026-10-10,18,3,wk inc rsv prop ed visits,2026-10-31,quantile,0.025,2.7133879848880474e-4
2026-10-10,18,3,wk inc rsv prop ed visits,2026-10-31,quantile,0.05,3.7089561809021317e-4
2026-10-10,18,3,wk inc rsv prop ed visits,2026-10-31,quantile,0.1,4.862006818459502e-4
2026-10-10,18,3,wk inc rsv prop ed visits,2026-10-31,quantile,0.15,5.730454518453436e-4
2026-10-10,18,3,wk inc rsv prop ed visits,2026-10-31,quantile,0.2,6.404544415103623e-4
2026-10-10,18,3,wk inc rsv prop ed visits,2026-10-31,quantile,0.25,7.24319770033763e-4
2026-10-10,18,3,wk inc rsv prop ed visits,2026-10-31,quantile,0.3,7.910905772134841e-4
2026-10-10,18,3,wk inc rsv prop ed visits,2026-10-31,quantile,0.35,8.514286777175837e-4
2026-10-10,18,3,wk inc rsv prop ed visits,2026-10-31,quantile,0.4,9.115806741964715e-4
2026-10-10,18,3,wk inc rsv prop ed visits,2026-10-31,quantile,0.45,9.907187036573427e-4
2026-10-10,18,3,wk inc rsv prop ed visits,2026-10-31,quantile,0.5,0.0010574844437840007
2026-10-10,18,3,wk inc rsv prop ed visits,2026-10-31,quantile,0.55,0.0011332615175628751
2026-10-10,18,3,wk inc rsv prop ed visits,2026-10-31,quantile,0.6,0.001224756971510915
2026-10-10,18,3,wk inc rsv prop ed visits,2026-10-31,quantile,0.65,0.001306007398980531
2026-10-10,18,3,wk inc rsv prop ed visits,2026-10-31,quantile,0.7,0.0014039929797308682
2026-10-10,18,3,wk inc rsv prop ed visits,2026-10-31,quantile,0.75,0.001510543837175121
2026-10-10,18,3,wk inc rsv prop ed visits,2026-10-31,quantile,0.8,0.0016378768371028292
2026-10-10,18,3,wk inc rsv prop ed visits,2026-10-31,quantile,0.85,0.0018045374029550987
2026-10-10,18,3,wk inc rsv prop ed visits,2026-10-31,quantile,0.9,0.001999363364733369
2026-10-10,18,3,wk inc rsv prop ed visits,2026-10-31,quantile,0.95,0.002386158543986194
2026-10-10,18,3,wk inc rsv prop ed visits,2026-10-31,quantile,0.975,0.002774028454997682
2026-10-10,18,3,wk inc rsv prop ed visits,2026-10-31,quantile,0.99,0.0031531436619032047
2026-10-10,20,0,wk inc rsv prop ed visits,2026-10-10,quantile,0.01,0
2026-10-10,20,0,wk inc rsv prop ed visits,2026-10-10,quantile,0.025,0
2026-10-10,20,0,wk inc rsv prop ed visits,2026-10-10,quantile,0.05,1.6877302381551972e-5
2026-10-10,20,0,wk inc rsv prop ed visits,2026-10-10,quantile,0.1,2.4370866412350978e-5
2026-10-10,20,0,wk inc rsv prop ed visits,2026-10-10,quantile,0.15,4.0280156998787886e-5
2026-10-10,20,0,wk inc rsv prop ed visits,2026-10-10,quantile,0.2,4.921562391370941e-5
2026-10-10,20,0,wk inc rsv prop ed visits,2026-10-10,quantile,0.25,5.228153162661556e-5
2026-10-10,20,0,wk inc rsv prop ed visits,2026-10-10,quantile,0.3,7.045902297309542e-5
2026-10-10,20,0,wk inc rsv prop ed visits,2026-10-10,quantile,0.35,7.708254917799594e-5
2026-10-10,20,0,wk inc rsv prop ed visits,2026-10-10,quantile,0.4,8.066048436788755e-5
2026-10-10,20,0,wk inc rsv prop ed visits,2026-10-10,quantile,0.45,1.0111930375851283e-4
2026-10-10,20,0,wk inc rsv prop ed visits,2026-10-10,quantile,0.5,1.0553732984643215e-4
2026-10-10,20,0,wk inc rsv prop ed visits,2026-10-10,quantile,0.55,1.1047027771856664e-4
2026-10-10,20,0,wk inc rsv prop ed visits,2026-10-10,quantile,0.6,1.3144954911217853e-4
2026-10-10,20,0,wk inc rsv prop ed visits,2026-10-10,quantile,0.65,1.3736864008148376e-4
2026-10-10,20,0,wk inc rsv prop ed visits,2026-10-10,quantile,0.7,1.6061361146481543e-4
2026-10-10,20,0,wk inc rsv prop ed visits,2026-10-10,quantile,0.75,1.6924712947598918e-4
2026-10-10,20,0,wk inc rsv prop ed visits,2026-10-10,quantile,0.8,1.939509945868794e-4
2026-10-10,20,0,wk inc rsv prop ed visits,2026-10-10,quantile,0.85,2.088004649496127e-4
2026-10-10,20,0,wk inc rsv prop ed visits,2026-10-10,quantile,0.9,2.427864609785969e-4
2026-10-10,20,0,wk inc rsv prop ed visits,2026-10-10,quantile,0.95,3.038143999234097e-4
2026-10-10,20,0,wk inc rsv prop ed visits,2026-10-10,quantile,0.975,3.818899119796697e-4
2026-10-10,20,0,wk inc rsv prop ed visits,2026-10-10,quantile,0.99,4.555335892688045e-4
2026-10-10,20,1,wk inc rsv prop ed visits,2026-10-17,quantile,0.01,0
2026-10-10,20,1,wk inc rsv prop ed visits,2026-10-17,quantile,0.025,0
2026-10-10,20,1,wk inc rsv prop ed visits,2026-10-17,quantile,0.05,2.1562937787909984e-5
2026-10-10,20,1,wk inc rsv prop ed visits,2026-10-17,quantile,0.1,2.6296539543607092e-5
2026-10-10,20,1,wk inc rsv prop ed visits,2026-10-17,quantile,0.15,4.952383946523744e-5
2026-10-10,20,1,wk inc rsv prop ed visits,2026-10-17,quantile,0.2,5.401978462043534e-5
2026-10-10,20,1,wk inc rsv prop ed visits,2026-10-17,quantile,0.25,7.474534813181163e-5
2026-10-10,20,1,wk inc rsv prop ed visits,2026-10-17,quantile,0.3,8.00164213079735e-5
2026-10-10,20,1,wk inc rsv prop ed visits,2026-10-17,quantile,0.35,8.487137063022072e-5
2026-10-10,20,1,wk inc rsv prop ed visits,2026-10-17,quantile,0.4,1.0542675301323326e-4
2026-10-10,20,1,wk inc rsv prop ed visits,2026-10-17,quantile,0.45,1.1105076060830194e-4
2026-10-10,20,1,wk inc rsv prop ed visits,2026-10-17,quantile,0.5,1.1797458774766195e-4
2026-10-10,20,1,wk inc rsv prop ed visits,2026-10-17,quantile,0.55,1.39587584082011e-4
2026-10-10,20,1,wk inc rsv prop ed visits,2026-10-17,quantile,0.6,1.4785420669004897e-4
2026-10-10,20,1,wk inc rsv prop ed visits,2026-10-17,quantile,0.65,1.7233873708286804e-4
2026-10-10,20,1,wk inc rsv prop ed visits,2026-10-17,quantile,0.7,1.966762723926789e-4
2026-10-10,20,1,wk inc rsv prop ed visits,2026-10-17,quantile,0.75,2.1637001525460847e-4
2026-10-10,20,1,wk inc rsv prop ed visits,2026-10-17,quantile,0.8,2.516092535437442e-4
2026-10-10,20,1,wk inc rsv prop ed visits,2026-10-17,quantile,0.85,2.8807460095370654e-4
2026-10-10,20,1,wk inc rsv prop ed visits,2026-10-17,quantile,0.9,3.5208320961128286e-4
2026-10-10,20,1,wk inc rsv prop ed visits,2026-10-17,quantile,0.95,4.3606284056359716e-4
2026-10-10,20,1,wk inc rsv prop ed visits,2026-10-17,quantile,0.975,5.635233312556256e-4
2026-10-10,20,1,wk inc rsv prop ed visits,2026-10-17,quantile,0.99,6.714318518408978e-4
2026-10-10,20,2,wk inc rsv prop ed visits,2026-10-24,quantile,0.01,0
2026-10-10,20,2,wk inc rsv prop ed visits,2026-10-24,quantile,0.025,1.5605711213972466e-7
2026-10-10,20,2,wk inc rsv prop ed visits,2026-10-24,quantile,0.05,3.68057080120376e-6
2026-10-10,20,2,wk inc rsv prop ed visits,2026-10-24,quantile,0.1,2.8823945787163652e-5
2026-10-10,20,2,wk inc rsv prop ed visits,2026-10-24,quantile,0.15,5.1705182241788386e-5
2026-10-10,20,2,wk inc rsv prop ed visits,2026-10-24,quantile,0.2,5.722470568860367e-5
2026-10-10,20,2,wk inc rsv prop ed visits,2026-10-24,quantile,0.25,7.817964202434123e-5
2026-10-10,20,2,wk inc rsv prop ed visits,2026-10-24,quantile,0.3,8.368019751135199e-5
2026-10-10,20,2,wk inc rsv prop ed visits,2026-10-24,quantile,0.35,9.162182997021881e-5
2026-10-10,20,2,wk inc rsv prop ed visits,2026-10-24,quantile,0.4,1.1272104911028484e-4
2026-10-10,20,2,wk inc rsv prop ed visits,2026-10-24,quantile,0.45,1.218289593291003e-4
2026-10-10,20,2,wk inc rsv prop ed visits,2026-10-24,quantile,0.5,1.47896812751366e-4
2026-10-10,20,2,wk inc rsv prop ed visits,2026-10-24,quantile,0.55,1.7566954976105923e-4
2026-10-10,20,2,wk inc rsv prop ed visits,2026-10-24,quantile,0.6,1.982078226938352e-4
2026-10-10,20,2,wk inc rsv prop ed visits,2026-10-24,quantile,0.65,2.2071167098876591e-4
2026-10-10,20,2,wk inc rsv prop ed visits,2026-10-24,quantile,0.7,2.5569010994562215e-4
2026-10-10,20,2,wk inc rsv prop ed visits,2026-10-24,quantile,0.75,2.9001315078486386e-4
2026-10-10,20,2,wk inc rsv prop ed visits,2026-10-24,quantile,0.8,3.383838190721605e-4
2026-10-10,20,2,wk inc rsv prop ed visits,2026-10-24,quantile,0.85,3.9516557938671455e-4
2026-10-10,20,2,wk inc rsv prop ed visits,2026-10-24,quantile,0.9,4.845920450210549e-4
2026-10-10,20,2,wk inc rsv prop ed visits,2026-10-24,quantile,0.95,6.274142785415917e-4
2026-10-10,20,2,wk inc rsv prop ed visits,2026-10-24,quantile,0.975,7.671494446718889e-4
2026-10-10,20,2,wk inc rsv prop ed visits,2026-10-24,quantile,0.99,9.655624961570009e-4
2026-10-10,20,3,wk inc rsv prop ed visits,2026-10-31,quantile,0.01,1.8808646350957247e-5
2026-10-10,20,3,wk inc rsv prop ed visits,2026-10-31,quantile,0.025,3.00975857817629e-5
2026-10-10,20,3,wk inc rsv prop ed visits,2026-10-31,quantile,0.05,4.2097271694547415e-5
2026-10-10,20,3,wk inc rsv prop ed visits,2026-10-31,quantile,0.1,6.151141759050533e-5
2026-10-10,20,3,wk inc rsv prop ed visits,2026-10-31,quantile,0.15,7.815232864506927e-5
2026-10-10,20,3,wk inc rsv prop ed visits,2026-10-31,quantile,0.2,9.975261531448283e-5
2026-10-10,20,3,wk inc rsv prop ed visits,2026-10-31,quantile,0.25,1.2034931670614244e-4
2026-10-10,20,3,wk inc rsv prop ed visits,2026-10-31,quantile,0.3,1.4369150986565243e-4
2026-10-10,20,3,wk inc rsv prop ed visits,2026-10-31,quantile,0.35,1.67550929226562e-4
2026-10-10,20,3,wk inc rsv prop ed visits,2026-10-31,quantile,0.4,1.9487278304117562e-4
2026-10-10,20,3,wk inc rsv prop ed visits,2026-10-31,quantile,0.45,2.2185224186148378e-4
2026-10-10,20,3,wk inc rsv prop ed visits,2026-10-31,quantile,0.5,2.4959380520293736e-4
2026-10-10,20,3,wk inc rsv prop ed visits,2026-10-31,quantile,0.55,2.8056334208875354e-4
2026-10-10,20,3,wk inc rsv prop ed visits,2026-10-31,quantile,0.6,3.06456836383476e-4
2026-10-10,20,3,wk inc rsv prop ed visits,2026-10-31,quantile,0.65,3.41112696051386e-4
2026-10-10,20,3,wk inc rsv prop ed visits,2026-10-31,quantile,0.7,3.853280846701333e-4
2026-10-10,20,3,wk inc rsv prop ed visits,2026-10-31,quantile,0.75,4.321074981987938e-4
2026-10-10,20,3,wk inc rsv prop ed visits,2026-10-31,quantile,0.8,4.844669984191531e-4
2026-10-10,20,3,wk inc rsv prop ed visits,2026-10-31,quantile,0.85,5.628693110354582e-4
2026-10-10,20,3,wk inc rsv prop ed visits,2026-10-31,quantile,0.9,6.572843600187633e-4
2026-10-10,20,3,wk inc rsv prop ed visits,2026-10-31,quantile,0.95,8.433475234441165e-4
2026-10-10,20,3,wk inc rsv prop ed visits,2026-10-31,quantile,0.975,0.001088531679266207
2026-10-10,20,3,wk inc rsv prop ed visits,2026-10-31,quantile,0.99,0.0014503646610081354
2026-10-10,21,0,wk inc rsv prop ed visits,2026-10-10,quantile,0.01,1.8215901445309176e-4
2026-10-10,21,0,wk inc rsv prop ed visits,2026-10-10,quantile,0.025,2.587159007850948e-4
2026-10-10,21,0,wk inc rsv prop ed visits,2026-10-10,quantile,0.05,3.187585960530777e-4
2026-10-10,21,0,wk inc rsv prop ed visits,2026-10-10,quantile,0.1,4.132557915257403e-4
2026-10-10,21,0,wk inc rsv prop ed visits,2026-10-10,quantile,0.15,4.744268512898611e-4
2026-10-10,21,0,wk inc rsv prop ed visits,2026-10-10,quantile,0.2,5.17184683923201e-4
2026-10-10,21,0,wk inc rsv prop ed visits,2026-10-10,quantile,0.25,5.562298029920382e-4
2026-10-10,21,0,wk inc rsv prop ed visits,2026-10-10,quantile,0.3,5.861698938697498e-4
2026-10-10,21,0,wk inc rsv prop ed visits,2026-10-10,quantile,0.35,6.223628488324272e-4
2026-10-10,21,0,wk inc rsv prop ed visits,2026-10-10,quantile,0.4,6.548794934239144e-4
2026-10-10,21,0,wk inc rsv prop ed visits,2026-10-10,quantile,0.45,6.872307376902636e-4
2026-10-10,21,0,wk inc rsv prop ed visits,2026-10-10,quantile,0.5,7.20244489664812e-4
2026-10-10,21,0,wk inc rsv prop ed visits,2026-10-10,quantile,0.55,7.567967693160533e-4
2026-10-10,21,0,wk inc rsv prop ed visits,2026-10-10,quantile,0.6,7.916032573285195e-4
2026-10-10,21,0,wk inc rsv prop ed visits,2026-10-10,quantile,0.65,8.292502057192319e-4
2026-10-10,21,0,wk inc rsv prop ed visits,2026-10-10,quantile,0.7,8.704735177871518e-4
2026-10-10,21,0,wk inc rsv prop ed visits,2026-10-10,quantile,0.75,9.133142524717775e-4
2026-10-10,21,0,wk inc rsv prop ed visits,2026-10-10,quantile,0.8,9.659240606921867e-4
2026-10-10,21,0,wk inc rsv prop ed visits,2026-10-10,quantile,0.85,0.001029264966846998
2026-10-10,21,0,wk inc rsv prop ed visits,2026-10-10,quantile,0.9,0.001106581921613942
2026-10-10,21,0,wk inc rsv prop ed visits,2026-10-10,quantile,0.95,0.001252818095790381
2026-10-10,21,0,wk inc rsv prop ed visits,2026-10-10,quantile,0.975,0.001404275550418924
2026-10-10,21,0,wk inc rsv prop ed visits,2026-10-10,quantile,0.99,0.0015967410052780456
2026-10-10,21,1,wk inc rsv prop ed visits,2026-10-17,quantile,0.01,1.9905344868553974e-4
2026-10-10,21,1,wk inc rsv prop ed visits,2026-10-17,quantile,0.025,2.4414263419848077e-4
2026-10-10,21,1,wk inc rsv prop ed visits,2026-10-17,quantile,0.05,3.390985514575249e-4
2026-10-10,21,1,wk inc rsv prop ed visits,2026-10-17,quantile,0.1,4.5142214240920903e-4
2026-10-10,21,1,wk inc rsv prop ed visits,2026-10-17,quantile,0.15,5.374483753644262e-4
2026-10-10,21,1,wk inc rsv prop ed visits,2026-10-17,quantile,0.2,5.962954701014347e-4
2026-10-10,21,1,wk inc rsv prop ed visits,2026-10-17,quantile,0.25,6.449436962476427e-4
2026-10-10,21,1,wk inc rsv prop ed visits,2026-10-17,quantile,0.3,6.887417913946495e-4
2026-10-10,21,1,wk inc rsv prop ed visits,2026-10-17,quantile,0.35,7.309455928230408e-4
2026-10-10,21,1,wk inc rsv prop ed visits,2026-10-17,quantile,0.4,7.740550825562211e-4
2026-10-10,21,1,wk inc rsv prop ed visits,2026-10-17,quantile,0.45,8.178016444647804e-4
2026-10-10,21,1,wk inc rsv prop ed visits,2026-10-17,quantile,0.5,8.627469439532185e-4
2026-10-10,21,1,wk inc rsv prop ed visits,2026-10-17,quantile,0.55,9.097402580451009e-4
2026-10-10,21,1,wk inc rsv prop ed visits,2026-10-17,quantile,0.6,9.6035619423949e-4
2026-10-10,21,1,wk inc rsv prop ed visits,2026-10-17,quantile,0.65,0.001011956139233342
2026-10-10,21,1,wk inc rsv prop ed visits,2026-10-17,quantile,0.7,0.001063800563336098
2026-10-10,21,1,wk inc rsv prop ed visits,2026-10-17,quantile,0.75,0.001132056361495835
2026-10-10,21,1,wk inc rsv prop ed visits,2026-10-17,quantile,0.8,0.0012078475991425274
2026-10-10,21,1,wk inc rsv prop ed visits,2026-10-17,quantile,0.85,0.0013045483728070487
2026-10-10,21,1,wk inc rsv prop ed visits,2026-10-17,quantile,0.9,0.0014379785120645309
2026-10-10,21,1,wk inc rsv prop ed visits,2026-10-17,quantile,0.95,0.0016375385174928069
2026-10-10,21,1,wk inc rsv prop ed visits,2026-10-17,quantile,0.975,0.001857153071110775
2026-10-10,21,1,wk inc rsv prop ed visits,2026-10-17,quantile,0.99,0.002128769456798043
2026-10-10,21,2,wk inc rsv prop ed visits,2026-10-24,quantile,0.01,2.14532939757328e-4
2026-10-10,21,2,wk inc rsv prop ed visits,2026-10-24,quantile,0.025,2.821058592882199e-4
2026-10-10,21,2,wk inc rsv prop ed visits,2026-10-24,quantile,0.05,3.840166909222248e-4
2026-10-10,21,2,wk inc rsv prop ed visits,2026-10-24,quantile,0.1,5.222518136577083e-4
2026-10-10,21,2,wk inc rsv prop ed visits,2026-10-24,quantile,0.15,6.076265330083213e-4
2026-10-10,21,2,wk inc rsv prop ed visits,2026-10-24,quantile,0.2,6.720326181681887e-4
2026-10-10,21,2,wk inc rsv prop ed visits,2026-10-24,quantile,0.25,7.294711418004071e-4
2026-10-10,21,2,wk inc rsv prop ed visits,2026-10-24,quantile,0.3,7.878630917471773e-4
2026-10-10,21,2,wk inc rsv prop ed visits,2026-10-24,quantile,0.35,8.463867317717328e-4
2026-10-10,21,2,wk inc rsv prop ed visits,2026-10-24,quantile,0.4,9.08308330409176e-4
2026-10-10,21,2,wk inc rsv prop ed visits,2026-10-24,quantile,0.45,9.742563312117118e-4
2026-10-10,21,2,wk inc rsv prop ed visits,2026-10-24,quantile,0.5,0.0010359474500153984
2026-10-10,21,2,wk inc rsv prop ed visits,2026-10-24,quantile,0.55,0.001111698227439989
2026-10-10,21,2,wk inc rsv prop ed visits,2026-10-24,quantile,0.6,0.001190199386536512
2026-10-10,21,2,wk inc rsv prop ed visits,2026-10-24,quantile,0.65,0.0012744094348337651
2026-10-10,21,2,wk inc rsv prop ed visits,2026-10-24,quantile,0.7,0.0013568219539426595
2026-10-10,21,2,wk inc rsv prop ed visits,2026-10-24,quantile,0.75,0.0014516714466907994
2026-10-10,21,2,wk inc rsv prop ed visits,2026-10-24,quantile,0.8,0.0015792458334919733
2026-10-10,21,2,wk inc rsv prop ed visits,2026-10-24,quantile,0.85,0.001744428469745696
2026-10-10,21,2,wk inc rsv prop ed visits,2026-10-24,quantile,0.9,0.0019806589773140107
2026-10-10,21,2,wk inc rsv prop ed visits,2026-10-24,quantile,0.95,0.0024470892522721103
2026-10-10,21,2,wk inc rsv prop ed visits,2026-10-24,quantile,0.975,0.002907393679683108
2026-10-10,21,2,wk inc rsv prop ed visits,2026-10-24,quantile,0.99,0.003651373883835508
2026-10-10,21,3,wk inc rsv prop ed visits,2026-10-31,quantile,0.01,2.406168293841203e-4
2026-10-10,21,3,wk inc rsv prop ed visits,2026-10-31,quantile,0.025,3.26632919527945e-4
2026-10-10,21,3,wk inc rsv prop ed visits,2026-10-31,quantile,0.05,4.4092892523392815e-4
2026-10-10,21,3,wk inc rsv prop ed visits,2026-10-31,quantile,0.1,6.0913242915044e-4
2026-10-10,21,3,wk inc rsv prop ed visits,2026-10-31,quantile,0.15,7.366292520059752e-4
2026-10-10,21,3,wk inc rsv prop ed visits,2026-10-31,quantile,0.2,8.498186049336464e-4
2026-10-10,21,3,wk inc rsv prop ed visits,2026-10-31,quantile,0.25,9.674178312189111e-4
2026-10-10,21,3,wk inc rsv prop ed visits,2026-10-31,quantile,0.3,0.0011094295946717891
2026-10-10,21,3,wk inc rsv prop ed visits,2026-10-31,quantile,0.35,0.0012591410957172098
2026-10-10,21,3,wk inc rsv prop ed visits,2026-10-31,quantile,0.4,0.0013970366073009495
2026-10-10,21,3,wk inc rsv prop ed visits,2026-10-31,quantile,0.45,0.0015290168121116431
2026-10-10,21,3,wk inc rsv prop ed visits,2026-10-31,quantile,0.5,0.0016542119130099112
2026-10-10,21,3,wk inc rsv prop ed visits,2026-10-31,quantile,0.55,0.0018057770655067781
2026-10-10,21,3,wk inc rsv prop ed visits,2026-10-31,quantile,0.6,0.0019578764698509627
2026-10-10,21,3,wk inc rsv prop ed visits,2026-10-31,quantile,0.65,0.0021921587989364687
2026-10-10,21,3,wk inc rsv prop ed visits,2026-10-31,quantile,0.7,0.002448161321539552
2026-10-10,21,3,wk inc rsv prop ed visits,2026-10-31,quantile,0.75,0.002740832235070216
2026-10-10,21,3,wk inc rsv prop ed visits,2026-10-31,quantile,0.8,0.0030381752950896334
2026-10-10,21,3,wk inc rsv prop ed visits,2026-10-31,quantile,0.85,0.0036177078792625625
2026-10-10,21,3,wk inc rsv prop ed visits,2026-10-31,quantile,0.9,0.004382689610077142
2026-10-10,21,3,wk inc rsv prop ed visits,2026-10-31,quantile,0.95,0.005250960977507371
2026-10-10,21,3,wk inc rsv prop ed visits,2026-10-31,quantile,0.975,0.0053966472623946365
2026-10-10,21,3,wk inc rsv prop ed visits,2026-10-31,quantile,0.99,0.005563055597173677
2026-10-10,22,0,wk inc rsv prop ed visits,2026-10-10,quantile,0.01,3.160711976263101e-4
2026-10-10,22,0,wk inc rsv prop ed visits,2026-10-10,quantile,0.025,3.688104416766187e-4
2026-10-10,22,0,wk inc rsv prop ed visits,2026-10-10,quantile,0.05,4.250742099812651e-4
2026-10-10,22,0,wk inc rsv prop ed visits,2026-10-10,quantile,0.1,4.972141662332375e-4
2026-10-10,22,0,wk inc rsv prop ed visits,2026-10-10,quantile,0.15,5.532013067982694e-4
2026-10-10,22,0,wk inc rsv prop ed visits,2026-10-10,quantile,0.2,6.05394444335629e-4
2026-10-10,22,0,wk inc rsv prop ed visits,2026-10-10,quantile,0.25,6.521711540192767e-4
2026-10-10,22,0,wk inc rsv prop ed visits,2026-10-10,quantile,0.3,6.956297424088745e-4
2026-10-10,22,0,wk inc rsv prop ed visits,2026-10-10,quantile,0.35,7.451137260302102e-4
2026-10-10,22,0,wk inc rsv prop ed visits,2026-10-10,quantile,0.4,7.835574252937807e-4
2026-10-10,22,0,wk inc rsv prop ed visits,2026-10-10,quantile,0.45,8.231258090039246e-4
2026-10-10,22,0,wk inc rsv prop ed visits,2026-10-10,quantile,0.5,8.622938147003855e-4
2026-10-10,22,0,wk inc rsv prop ed visits,2026-10-10,quantile,0.55,8.99842059618046e-4
2026-10-10,22,0,wk inc rsv prop ed visits,2026-10-10,quantile,0.6,9.426439827230166e-4
2026-10-10,22,0,wk inc rsv prop ed visits,2026-10-10,quantile,0.65,9.887757432944714e-4
2026-10-10,22,0,wk inc rsv prop ed visits,2026-10-10,quantile,0.7,0.0010404108147552158
2026-10-10,22,0,wk inc rsv prop ed visits,2026-10-10,quantile,0.75,0.0010979090674434699
2026-10-10,22,0,wk inc rsv prop ed visits,2026-10-10,quantile,0.8,0.001161535399579608
2026-10-10,22,0,wk inc rsv prop ed visits,2026-10-10,quantile,0.85,0.0012459132860130433
2026-10-10,22,0,wk inc rsv prop ed visits,2026-10-10,quantile,0.9,0.0013794990680745843
2026-10-10,22,0,wk inc rsv prop ed visits,2026-10-10,quantile,0.95,0.0015371164696885713
2026-10-10,22,0,wk inc rsv prop ed visits,2026-10-10,quantile,0.975,0.0016814293532641865
2026-10-10,22,0,wk inc rsv prop ed visits,2026-10-10,quantile,0.99,0.001815530474376898
2026-10-10,22,1,wk inc rsv prop ed visits,2026-10-17,quantile,0.01,3.7633952821894206e-4
2026-10-10,22,1,wk inc rsv prop ed visits,2026-10-17,quantile,0.025,4.419768456270062e-4
2026-10-10,22,1,wk inc rsv prop ed visits,2026-10-17,quantile,0.05,5.136877096222736e-4
2026-10-10,22,1,wk inc rsv prop ed visits,2026-10-17,quantile,0.1,6.039958384849574e-4
2026-10-10,22,1,wk inc rsv prop ed visits,2026-10-17,quantile,0.15,6.704313780868736e-4
2026-10-10,22,1,wk inc rsv prop ed visits,2026-10-17,quantile,0.2,7.331030732928318e-4
2026-10-10,22,1,wk inc rsv prop ed visits,2026-10-17,quantile,0.25,7.78240891839484e-4
2026-10-10,22,1,wk inc rsv prop ed visits,2026-10-17,quantile,0.3,8.329953374524277e-4
2026-10-10,22,1,wk inc rsv prop ed visits,2026-10-17,quantile,0.35,8.932634795160875e-4
2026-10-10,22,1,wk inc rsv prop ed visits,2026-10-17,quantile,0.4,9.535239740719699e-4
2026-10-10,22,1,wk inc rsv prop ed visits,2026-10-17,quantile,0.45,0.0010070273907080113
2026-10-10,22,1,wk inc rsv prop ed visits,2026-10-17,quantile,0.5,0.0010625296789341806
2026-10-10,22,1,wk inc rsv prop ed visits,2026-10-17,quantile,0.55,0.0011216599019347642
2026-10-10,22,1,wk inc rsv prop ed visits,2026-10-17,quantile,0.6,0.0012072526247517011
2026-10-10,22,1,wk inc rsv prop ed visits,2026-10-17,quantile,0.65,0.0012802291447397583
2026-10-10,22,1,wk inc rsv prop ed visits,2026-10-17,quantile,0.7,0.0013674911140303945
2026-10-10,22,1,wk inc rsv prop ed visits,2026-10-17,quantile,0.75,0.001445753549917571
2026-10-10,22,1,wk inc rsv prop ed visits,2026-10-17,quantile,0.8,0.0015409681513741677
2026-10-10,22,1,wk inc rsv prop ed visits,2026-10-17,quantile,0.85,0.0016701128192404967
2026-10-10,22,1,wk inc rsv prop ed visits,2026-10-17,quantile,0.9,0.0018179877922221874
2026-10-10,22,1,wk inc rsv prop ed visits,2026-10-17,quantile,0.95,0.002070318907844588
2026-10-10,22,1,wk inc rsv prop ed visits,2026-10-17,quantile,0.975,0.002284383119010735
2026-10-10,22,1,wk inc rsv prop ed visits,2026-10-17,quantile,0.99,0.0025742177788367015
2026-10-10,22,2,wk inc rsv prop ed visits,2026-10-24,quantile,0.01,3.8752102720084026e-4
2026-10-10,22,2,wk inc rsv prop ed visits,2026-10-24,quantile,0.025,4.7826595719854847e-4
2026-10-10,22,2,wk inc rsv prop ed visits,2026-10-24,quantile,0.05,5.608232306036753e-4
2026-10-10,22,2,wk inc rsv prop ed visits,2026-10-24,quantile,0.1,6.742589115903308e-4
2026-10-10,22,2,wk inc rsv prop ed visits,2026-10-24,quantile,0.15,7.464605461311611e-4
2026-10-10,22,2,wk inc rsv prop ed visits,2026-10-24,quantile,0.2,8.116112118971017e-4
2026-10-10,22,2,wk inc rsv prop ed visits,2026-10-24,quantile,0.25,8.91841172699388e-4
2026-10-10,22,2,wk inc rsv prop ed visits,2026-10-24,quantile,0.3,9.802578939919824e-4
2026-10-10,22,2,wk inc rsv prop ed visits,2026-10-24,quantile,0.35,0.0010560099157364054
2026-10-10,22,2,wk inc rsv prop ed visits,2026-10-24,quantile,0.4,0.001129178260162131
2026-10-10,22,2,wk inc rsv prop ed visits,2026-10-24,quantile,0.45,0.0012254341954466275
2026-10-10,22,2,wk inc rsv prop ed visits,2026-10-24,quantile,0.5,0.0013169405525373869
2026-10-10,22,2,wk inc rsv prop ed visits,2026-10-24,quantile,0.55,0.0014209021787016736
2026-10-10,22,2,wk inc rsv prop ed visits,2026-10-24,quantile,0.6,0.00150565393950685
2026-10-10,22,2,wk inc rsv prop ed visits,2026-10-24,quantile,0.65,0.0016023952474309953
2026-10-10,22,2,wk inc rsv prop ed visits,2026-10-24,quantile,0.7,0.001704991005935366
2026-10-10,22,2,wk inc rsv prop ed visits,2026-10-24,quantile,0.75,0.0018144176376525172
2026-10-10,22,2,wk inc rsv prop ed visits,2026-10-24,quantile,0.8,0.0019815799789391275
2026-10-10,22,2,wk inc rsv prop ed visits,2026-10-24,quantile,0.85,0.00218280594098455
2026-10-10,22,2,wk inc rsv prop ed visits,2026-10-24,quantile,0.9,0.002416621975675234
2026-10-10,22,2,wk inc rsv prop ed visits,2026-10-24,quantile,0.95,0.002861747702968047
2026-10-10,22,2,wk inc rsv prop ed visits,2026-10-24,quantile,0.975,0.003289234243509955
2026-10-10,22,2,wk inc rsv prop ed visits,2026-10-24,quantile,0.99,0.0038765183042084746
2026-10-10,22,3,wk inc rsv prop ed visits,2026-10-31,quantile,0.01,3.024564269295673e-4
2026-10-10,22,3,wk inc rsv prop ed visits,2026-10-31,quantile,0.025,4.0667267049577166e-4
2026-10-10,22,3,wk inc rsv prop ed visits,2026-10-31,quantile,0.05,5.725813002379171e-4
2026-10-10,22,3,wk inc rsv prop ed visits,2026-10-31,quantile,0.1,7.677830744113571e-4
2026-10-10,22,3,wk inc rsv prop ed visits,2026-10-31,quantile,0.15,9.162666686281304e-4
2026-10-10,22,3,wk inc rsv prop ed visits,2026-10-31,quantile,0.2,0.001016975928790779
2026-10-10,22,3,wk inc rsv prop ed visits,2026-10-31,quantile,0.25,0.001143743184804734
2026-10-10,22,3,wk inc rsv prop ed visits,2026-10-31,quantile,0.3,0.00125227290898674
2026-10-10,22,3,wk inc rsv prop ed visits,2026-10-31,quantile,0.35,0.0013537256772835835
2026-10-10,22,3,wk inc rsv prop ed visits,2026-10-31,quantile,0.4,0.001478067274009128
2026-10-10,22,3,wk inc rsv prop ed visits,2026-10-31,quantile,0.45,0.0016115877864026434
2026-10-10,22,3,wk inc rsv prop ed visits,2026-10-31,quantile,0.5,0.001744162271183996
2026-10-10,22,3,wk inc rsv prop ed visits,2026-10-31,quantile,0.55,0.0018805742021639224
2026-10-10,22,3,wk inc rsv prop ed visits,2026-10-31,quantile,0.6,0.0020532430498250613
2026-10-10,22,3,wk inc rsv prop ed visits,2026-10-31,quantile,0.65,0.00223023370373469
2026-10-10,22,3,wk inc rsv prop ed visits,2026-10-31,quantile,0.7,0.0024512625573498855
2026-10-10,22,3,wk inc rsv prop ed visits,2026-10-31,quantile,0.75,0.0027101628578737056
2026-10-10,22,3,wk inc rsv prop ed visits,2026-10-31,quantile,0.8,0.002982163689306127
2026-10-10,22,3,wk inc rsv prop ed visits,2026-10-31,quantile,0.85,0.0033443489727144056
2026-10-10,22,3,wk inc rsv prop ed visits,2026-10-31,quantile,0.9,0.0038925180210447924
2026-10-10,22,3,wk inc rsv prop ed visits,2026-10-31,quantile,0.95,0.004923040725022952
2026-10-10,22,3,wk inc rsv prop ed visits,2026-10-31,quantile,0.975,0.005095977312068759
2026-10-10,22,3,wk inc rsv prop ed visits,2026-10-31,quantile,0.99,0.005358637541145657
2026-10-10,23,0,wk inc rsv prop ed visits,2026-10-10,quantile,0.01,0
2026-10-10,23,0,wk inc rsv prop ed visits,2026-10-10,quantile,0.025,0
2026-10-10,23,0,wk inc rsv prop ed visits,2026-10-10,quantile,0.05,0
2026-10-10,23,0,wk inc rsv prop ed visits,2026-10-10,quantile,0.1,6.955324965289661e-6
2026-10-10,23,0,wk inc rsv prop ed visits,2026-10-10,quantile,0.15,1.8209960758261503e-5
2026-10-10,23,0,wk inc rsv prop ed visits,2026-10-10,quantile,0.2,3.020359526972954e-5
2026-10-10,23,0,wk inc rsv prop ed visits,2026-10-10,quantile,0.25,3.986048391096064e-5
2026-10-10,23,0,wk inc rsv prop ed visits,2026-10-10,quantile,0.3,4.952022708699957e-5
2026-10-10,23,0,wk inc rsv prop ed visits,2026-10-10,quantile,0.35,5.7869351180054774e-5
2026-10-10,23,0,wk inc rsv prop ed visits,2026-10-10,quantile,0.4,6.942136200533766e-5
2026-10-10,23,0,wk inc rsv prop ed visits,2026-10-10,quantile,0.45,8.295351576308762e-5
2026-10-10,23,0,wk inc rsv prop ed visits,2026-10-10,quantile,0.5,9.536681342870693e-5
2026-10-10,23,0,wk inc rsv prop ed visits,2026-10-10,quantile,0.55,1.0742484498878373e-4
2026-10-10,23,0,wk inc rsv prop ed visits,2026-10-10,quantile,0.6,1.2024435571496112e-4
2026-10-10,23,0,wk inc rsv prop ed visits,2026-10-10,quantile,0.65,1.3471417539630273e-4
2026-10-10,23,0,wk inc rsv prop ed visits,2026-10-10,quantile,0.7,1.5204213716611497e-4
2026-10-10,23,0,wk inc rsv prop ed visits,2026-10-10,quantile,0.75,1.709113750169678e-4
2026-10-10,23,0,wk inc rsv prop ed visits,2026-10-10,quantile,0.8,1.967395062777283e-4
2026-10-10,23,0,wk inc rsv prop ed visits,2026-10-10,quantile,0.85,2.2701192748587445e-4
2026-10-10,23,0,wk inc rsv prop ed visits,2026-10-10,quantile,0.9,2.689983663420629e-4
2026-10-10,23,0,wk inc rsv prop ed visits,2026-10-10,quantile,0.95,3.497345928219277e-4
2026-10-10,23,0,wk inc rsv prop ed visits,2026-10-10,quantile,0.975,4.1858037420617396e-4
2026-10-10,23,0,wk inc rsv prop ed visits,2026-10-10,quantile,0.99,4.5738542838768734e-4
2026-10-10,23,1,wk inc rsv prop ed visits,2026-10-17,quantile,0.01,0
2026-10-10,23,1,wk inc rsv prop ed visits,2026-10-17,quantile,0.025,0
2026-10-10,23,1,wk inc rsv prop ed visits,2026-10-17,quantile,0.05,0
2026-10-10,23,1,wk inc rsv prop ed visits,2026-10-17,quantile,0.1,5.594179228807454e-6
2026-10-10,23,1,wk inc rsv prop ed visits,2026-10-17,quantile,0.15,1.79853097266568e-5
2026-10-10,23,1,wk inc rsv prop ed visits,2026-10-17,quantile,0.2,2.9710102707464866e-5
2026-10-10,23,1,wk inc rsv prop ed visits,2026-10-17,quantile,0.25,4.6053625194863694e-5
2026-10-10,23,1,wk inc rsv prop ed visits,2026-10-17,quantile,0.3,6.225344313523795e-5
2026-10-10,23,1,wk inc rsv prop ed visits,2026-10-17,quantile,0.35,7.594765139847198e-5
2026-10-10,23,1,wk inc rsv prop ed visits,2026-10-17,quantile,0.4,8.86440483746234e-5
2026-10-10,23,1,wk inc rsv prop ed visits,2026-10-17,quantile,0.45,1.0095298971141045e-4
2026-10-10,23,1,wk inc rsv prop ed visits,2026-10-17,quantile,0.5,1.1491362019487475e-4
2026-10-10,23,1,wk inc rsv prop ed visits,2026-10-17,quantile,0.55,1.3062862731307145e-4
2026-10-10,23,1,wk inc rsv prop ed visits,2026-10-17,quantile,0.6,1.4712699627387064e-4
2026-10-10,23,1,wk inc rsv prop ed visits,2026-10-17,quantile,0.65,1.6371223624900397e-4
2026-10-10,23,1,wk inc rsv prop ed visits,2026-10-17,quantile,0.7,1.819781084947043e-4
2026-10-10,23,1,wk inc rsv prop ed visits,2026-10-17,quantile,0.75,2.0595738948843515e-4
2026-10-10,23,1,wk inc rsv prop ed visits,2026-10-17,quantile,0.8,2.3391769336542954e-4
2026-10-10,23,1,wk inc rsv prop ed visits,2026-10-17,quantile,0.85,2.692250503488413e-4
2026-10-10,23,1,wk inc rsv prop ed visits,2026-10-17,quantile,0.9,3.214879230061491e-4
2026-10-10,23,1,wk inc rsv prop ed visits,2026-10-17,quantile,0.95,4.090172560674081e-4
2026-10-10,23,1,wk inc rsv prop ed visits,2026-10-17,quantile,0.975,4.896940222235115e-4
2026-10-10,23,1,wk inc rsv prop ed visits,2026-10-17,quantile,0.99,5.990642400356136e-4
2026-10-10,23,2,wk inc rsv prop ed visits,2026-10-24,quantile,0.01,0
2026-10-10,23,2,wk inc rsv prop ed visits,2026-10-24,quantile,0.025,0
2026-10-10,23,2,wk inc rsv prop ed visits,2026-10-24,quantile,0.05,0
2026-10-10,23,2,wk inc rsv prop ed visits,2026-10-24,quantile,0.1,9.874517311508885e-6
2026-10-10,23,2,wk inc rsv prop ed visits,2026-10-24,quantile,0.15,2.2452517731318864e-5
2026-10-10,23,2,wk inc rsv prop ed visits,2026-10-24,quantile,0.2,3.73770164206176e-5
2026-10-10,23,2,wk inc rsv prop ed visits,2026-10-24,quantile,0.25,5.849659557200597e-5
2026-10-10,23,2,wk inc rsv prop ed visits,2026-10-24,quantile,0.3,7.72825537682336e-5
2026-10-10,23,2,wk inc rsv prop ed visits,2026-10-24,quantile,0.35,9.545425874805888e-5
2026-10-10,23,2,wk inc rsv prop ed visits,2026-10-24,quantile,0.4,1.0977287622176074e-4
2026-10-10,23,2,wk inc rsv prop ed visits,2026-10-24,quantile,0.45,1.2247262642405376e-4
2026-10-10,23,2,wk inc rsv prop ed visits,2026-10-24,quantile,0.5,1.3825083437602874e-4
2026-10-10,23,2,wk inc rsv prop ed visits,2026-10-24,quantile,0.55,1.536284506223055e-4
2026-10-10,23,2,wk inc rsv prop ed visits,2026-10-24,quantile,0.6,1.7121254748335467e-4
2026-10-10,23,2,wk inc rsv prop ed visits,2026-10-24,quantile,0.65,1.904146668026815e-4
2026-10-10,23,2,wk inc rsv prop ed visits,2026-10-24,quantile,0.7,2.1595951863811043e-4
2026-10-10,23,2,wk inc rsv prop ed visits,2026-10-24,quantile,0.75,2.4239103772631746e-4
2026-10-10,23,2,wk inc rsv prop ed visits,2026-10-24,quantile,0.8,2.7876687808464564e-4
2026-10-10,23,2,wk inc rsv prop ed visits,2026-10-24,quantile,0.85,3.184632761886846e-4
2026-10-10,23,2,wk inc rsv prop ed visits,2026-10-24,quantile,0.9,3.790502602770981e-4
2026-10-10,23,2,wk inc rsv prop ed visits,2026-10-24,quantile,0.95,4.7970524972352753e-4
2026-10-10,23,2,wk inc rsv prop ed visits,2026-10-24,quantile,0.975,5.931870313754938e-4
2026-10-10,23,2,wk inc rsv prop ed visits,2026-10-24,quantile,0.99,7.534971945041094e-4
2026-10-10,23,3,wk inc rsv prop ed visits,2026-10-31,quantile,0.01,7.404414339969985e-6
2026-10-10,23,3,wk inc rsv prop ed visits,2026-10-31,quantile,0.025,1.6203650261299695e-5
2026-10-10,23,3,wk inc rsv prop ed visits,2026-10-31,quantile,0.05,2.5474161388240622e-5
2026-10-10,23,3,wk inc rsv prop ed visits,2026-10-31,quantile,0.1,4.970076003250241e-5
2026-10-10,23,3,wk inc rsv prop ed visits,2026-10-31,quantile,0.15,8.34147766530347e-5
2026-10-10,23,3,wk inc rsv prop ed visits,2026-10-31,quantile,0.2,1.1332437051634611e-4
2026-10-10,23,3,wk inc rsv prop ed visits,2026-10-31,quantile,0.25,1.4523996821534316e-4
2026-10-10,23,3,wk inc rsv prop ed visits,2026-10-31,quantile,0.3,1.7437642093770354e-4
2026-10-10,23,3,wk inc rsv prop ed visits,2026-10-31,quantile,0.35,2.0782410046233936e-4
2026-10-10,23,3,wk inc rsv prop ed visits,2026-10-31,quantile,0.4,2.5014924847651743e-4
2026-10-10,23,3,wk inc rsv prop ed visits,2026-10-31,quantile,0.45,2.9220083720271986e-4
2026-10-10,23,3,wk inc rsv prop ed visits,2026-10-31,quantile,0.5,3.368421750430349e-4
2026-10-10,23,3,wk inc rsv prop ed visits,2026-10-31,quantile,0.55,3.7962388261113093e-4
2026-10-10,23,3,wk inc rsv prop ed visits,2026-10-31,quantile,0.6,4.406268900311421e-4
2026-10-10,23,3,wk inc rsv prop ed visits,2026-10-31,quantile,0.65,5.075501349743907e-4
2026-10-10,23,3,wk inc rsv prop ed visits,2026-10-31,quantile,0.7,5.934667339015163e-4
2026-10-10,23,3,wk inc rsv prop ed visits,2026-10-31,quantile,0.75,7.239596829149652e-4
2026-10-10,23,3,wk inc rsv prop ed visits,2026-10-31,quantile,0.8,8.875060407660481e-4
2026-10-10,23,3,wk inc rsv prop ed visits,2026-10-31,quantile,0.85,0.0010811439248134102
2026-10-10,23,3,wk inc rsv prop ed visits,2026-10-31,quantile,0.9,0.0012989157286568615
2026-10-10,23,3,wk inc rsv prop ed visits,2026-10-31,quantile,0.95,0.001373800872048581
2026-10-10,23,3,wk inc rsv prop ed visits,2026-10-31,quantile,0.975,0.0014488492874078004
2026-10-10,23,3,wk inc rsv prop ed visits,2026-10-31,quantile,0.99,0.0015448121793337718
2026-10-10,24,0,wk inc rsv prop ed visits,2026-10-10,quantile,0.01,2.6428151716399845e-5
2026-10-10,24,0,wk inc rsv prop ed visits,2026-10-10,quantile,0.025,4.4695030313683047e-5
2026-10-10,24,0,wk inc rsv prop ed visits,2026-10-10,quantile,0.05,6.511871651818289e-5
2026-10-10,24,0,wk inc rsv prop ed visits,2026-10-10,quantile,0.1,1.0574392937480177e-4
2026-10-10,24,0,wk inc rsv prop ed visits,2026-10-10,quantile,0.15,1.2986771390516522e-4
2026-10-10,24,0,wk inc rsv prop ed visits,2026-10-10,quantile,0.2,1.4675015969125457e-4
2026-10-10,24,0,wk inc rsv prop ed visits,2026-10-10,quantile,0.25,1.624580893458825e-4
2026-10-10,24,0,wk inc rsv prop ed visits,2026-10-10,quantile,0.3,1.7817658644019892e-4
2026-10-10,24,0,wk inc rsv prop ed visits,2026-10-10,quantile,0.35,1.943075127408177e-4
2026-10-10,24,0,wk inc rsv prop ed visits,2026-10-10,quantile,0.4,2.0940309126936163e-4
2026-10-10,24,0,wk inc rsv prop ed visits,2026-10-10,quantile,0.45,2.244987531488893e-4
2026-10-10,24,0,wk inc rsv prop ed visits,2026-10-10,quantile,0.5,2.408445594594633e-4
2026-10-10,24,0,wk inc rsv prop ed visits,2026-10-10,quantile,0.55,2.59347704239947e-4
2026-10-10,24,0,wk inc rsv prop ed visits,2026-10-10,quantile,0.6,2.7720774297540106e-4
2026-10-10,24,0,wk inc rsv prop ed visits,2026-10-10,quantile,0.65,2.9700602222266614e-4
2026-10-10,24,0,wk inc rsv prop ed visits,2026-10-10,quantile,0.7,3.197593811205585e-4
2026-10-10,24,0,wk inc rsv prop ed visits,2026-10-10,quantile,0.75,3.423269403753323e-4
2026-10-10,24,0,wk inc rsv prop ed visits,2026-10-10,quantile,0.8,3.6664154061239113e-4
2026-10-10,24,0,wk inc rsv prop ed visits,2026-10-10,quantile,0.85,3.9987047334904754e-4
2026-10-10,24,0,wk inc rsv prop ed visits,2026-10-10,quantile,0.9,4.4644200704925334e-4
2026-10-10,24,0,wk inc rsv prop ed visits,2026-10-10,quantile,0.95,5.334940847120759e-4
2026-10-10,24,0,wk inc rsv prop ed visits,2026-10-10,quantile,0.975,5.569254590018042e-4
2026-10-10,24,0,wk inc rsv prop ed visits,2026-10-10,quantile,0.99,5.965761140557992e-4
2026-10-10,24,1,wk inc rsv prop ed visits,2026-10-17,quantile,0.01,3.213841817948054e-5
2026-10-10,24,1,wk inc rsv prop ed visits,2026-10-17,quantile,0.025,5.608508392071378e-5
2026-10-10,24,1,wk inc rsv prop ed visits,2026-10-17,quantile,0.05,8.507810102069006e-5
2026-10-10,24,1,wk inc rsv prop ed visits,2026-10-17,quantile,0.1,1.294836230174749e-4
2026-10-10,24,1,wk inc rsv prop ed visits,2026-10-17,quantile,0.15,1.5414859117412723e-4
2026-10-10,24,1,wk inc rsv prop ed visits,2026-10-17,quantile,0.2,1.730634194606021e-4
2026-10-10,24,1,wk inc rsv prop ed visits,2026-10-17,quantile,0.25,1.9337657418582767e-4
2026-10-10,24,1,wk inc rsv prop ed visits,2026-10-17,quantile,0.3,2.1278137963120608e-4
2026-10-10,24,1,wk inc rsv prop ed visits,2026-10-17,quantile,0.35,2.3113986105605588e-4
2026-10-10,24,1,wk inc rsv prop ed visits,2026-10-17,quantile,0.4,2.4908816017295407e-4
2026-10-10,24,1,wk inc rsv prop ed visits,2026-10-17,quantile,0.45,2.6585096258716616e-4
2026-10-10,24,1,wk inc rsv prop ed visits,2026-10-17,quantile,0.5,2.8413184075010134e-4
2026-10-10,24,1,wk inc rsv prop ed visits,2026-10-17,quantile,0.55,3.0536249625593483e-4
2026-10-10,24,1,wk inc rsv prop ed visits,2026-10-17,quantile,0.6,3.275128523745559e-4
2026-10-10,24,1,wk inc rsv prop ed visits,2026-10-17,quantile,0.65,3.5366989192330375e-4
2026-10-10,24,1,wk inc rsv prop ed visits,2026-10-17,quantile,0.7,3.830888862152421e-4
2026-10-10,24,1,wk inc rsv prop ed visits,2026-10-17,quantile,0.75,4.1226734778631745e-4
2026-10-10,24,1,wk inc rsv prop ed visits,2026-10-17,quantile,0.8,4.5111982787934016e-4
2026-10-10,24,1,wk inc rsv prop ed visits,2026-10-17,quantile,0.85,4.98189113851602e-4
2026-10-10,24,1,wk inc rsv prop ed visits,2026-10-17,quantile,0.9,5.599287538942198e-4
2026-10-10,24,1,wk inc rsv prop ed visits,2026-10-17,quantile,0.95,6.48710743538303e-4
2026-10-10,24,1,wk inc rsv prop ed visits,2026-10-17,quantile,0.975,7.429846583517073e-4
2026-10-10,24,1,wk inc rsv prop ed visits,2026-10-17,quantile,0.99,8.536144616133701e-4
2026-10-10,24,2,wk inc rsv prop ed visits,2026-10-24,quantile,0.01,3.1111668632333644e-5
2026-10-10,24,2,wk inc rsv prop ed visits,2026-10-24,quantile,0.025,6.883428986120531e-5
2026-10-10,24,2,wk inc rsv prop ed visits,2026-10-24,quantile,0.05,1.0851875348992709e-4
2026-10-10,24,2,wk inc rsv prop ed visits,2026-10-24,quantile,0.1,1.5721541286487235e-4
2026-10-10,24,2,wk inc rsv prop ed visits,2026-10-24,quantile,0.15,1.8325485848019702e-4
2026-10-10,24,2,wk inc rsv prop ed visits,2026-10-24,quantile,0.2,2.0806517213027177e-4
2026-10-10,24,2,wk inc rsv prop ed visits,2026-10-24,quantile,0.25,2.2937261370778377e-4
2026-10-10,24,2,wk inc rsv prop ed visits,2026-10-24,quantile,0.3,2.522972087275296e-4
2026-10-10,24,2,wk inc rsv prop ed visits,2026-10-24,quantile,0.35,2.753550427790047e-4
2026-10-10,24,2,wk inc rsv prop ed visits,2026-10-24,quantile,0.4,2.967664833271198e-4
2026-10-10,24,2,wk inc rsv prop ed visits,2026-10-24,quantile,0.45,3.1881488464745387e-4
2026-10-10,24,2,wk inc rsv prop ed visits,2026-10-24,quantile,0.5,3.425411120773008e-4
2026-10-10,24,2,wk inc rsv prop ed visits,2026-10-24,quantile,0.55,3.689619014132674e-4
2026-10-10,24,2,wk inc rsv prop ed visits,2026-10-24,quantile,0.6,3.951017470973713e-4
2026-10-10,24,2,wk inc rsv prop ed visits,2026-10-24,quantile,0.65,4.224125644417247e-4
2026-10-10,24,2,wk inc rsv prop ed visits,2026-10-24,quantile,0.7,4.548145640070747e-4
2026-10-10,24,2,wk inc rsv prop ed visits,2026-10-24,quantile,0.75,4.920444769017507e-4
2026-10-10,24,2,wk inc rsv prop ed visits,2026-10-24,quantile,0.8,5.349231120978451e-4
2026-10-10,24,2,wk inc rsv prop ed visits,2026-10-24,quantile,0.85,5.881785008796915e-4
2026-10-10,24,2,wk inc rsv prop ed visits,2026-10-24,quantile,0.9,6.630377135899923e-4
2026-10-10,24,2,wk inc rsv prop ed visits,2026-10-24,quantile,0.95,7.716075239872623e-4
2026-10-10,24,2,wk inc rsv prop ed visits,2026-10-24,quantile,0.975,9.011079120549343e-4
2026-10-10,24,2,wk inc rsv prop ed visits,2026-10-24,quantile,0.99,0.0010925443950348353
2026-10-10,24,3,wk inc rsv prop ed visits,2026-10-31,quantile,0.01,3.503471949167508e-5
2026-10-10,24,3,wk inc rsv prop ed visits,2026-10-31,quantile,0.025,8.799538040628114e-5
2026-10-10,24,3,wk inc rsv prop ed visits,2026-10-31,quantile,0.05,1.3086273890247407e-4
2026-10-10,24,3,wk inc rsv prop ed visits,2026-10-31,quantile,0.1,2.0033042756427964e-4
2026-10-10,24,3,wk inc rsv prop ed visits,2026-10-31,quantile,0.15,2.5791947872062446e-4
2026-10-10,24,3,wk inc rsv prop ed visits,2026-10-31,quantile,0.2,3.0354135003385726e-4
2026-10-10,24,3,wk inc rsv prop ed visits,2026-10-31,quantile,0.25,3.513401440919299e-4
2026-10-10,24,3,wk inc rsv prop ed visits,2026-10-31,quantile,0.3,3.914380661918742e-4
2026-10-10,24,3,wk inc rsv prop ed visits,2026-10-31,quantile,0.35,4.4437406865130576e-4
2026-10-10,24,3,wk inc rsv prop ed visits,2026-10-31,quantile,0.4,4.8697694630479453e-4
2026-10-10,24,3,wk inc rsv prop ed visits,2026-10-31,quantile,0.45,5.308403536717235e-4
2026-10-10,24,3,wk inc rsv prop ed visits,2026-10-31,quantile,0.5,5.927334841575483e-4
2026-10-10,24,3,wk inc rsv prop ed visits,2026-10-31,quantile,0.55,6.434186436689783e-4
2026-10-10,24,3,wk inc rsv prop ed visits,2026-10-31,quantile,0.6,6.957704980062436e-4
2026-10-10,24,3,wk inc rsv prop ed visits,2026-10-31,quantile,0.65,7.564936649109063e-4
2026-10-10,24,3,wk inc rsv prop ed visits,2026-10-31,quantile,0.7,8.204160765839176e-4
2026-10-10,24,3,wk inc rsv prop ed visits,2026-10-31,quantile,0.75,9.068411875722351e-4
2026-10-10,24,3,wk inc rsv prop ed visits,2026-10-31,quantile,0.8,9.960525363029117e-4
2026-10-10,24,3,wk inc rsv prop ed visits,2026-10-31,quantile,0.85,0.001128380629417055
2026-10-10,24,3,wk inc rsv prop ed visits,2026-10-31,quantile,0.9,0.001305590175977383
2026-10-10,24,3,wk inc rsv prop ed visits,2026-10-31,quantile,0.95,0.001591449458299337
2026-10-10,24,3,wk inc rsv prop ed visits,2026-10-31,quantile,0.975,0.0016716314758300978
2026-10-10,24,3,wk inc rsv prop ed visits,2026-10-31,quantile,0.99,0.0017884762889238915
2026-10-10,25,0,wk inc rsv prop ed visits,2026-10-10,quantile,0.01,6.040786696305658e-5
2026-10-10,25,0,wk inc rsv prop ed visits,2026-10-10,quantile,0.025,9.17660805444252e-5
2026-10-10,25,0,wk inc rsv prop ed visits,2026-10-10,quantile,0.05,1.2480900317839811e-4
2026-10-10,25,0,wk inc rsv prop ed visits,2026-10-10,quantile,0.1,1.4965530690534644e-4
2026-10-10,25,0,wk inc rsv prop ed visits,2026-10-10,quantile,0.15,1.653372999914374e-4
2026-10-10,25,0,wk inc rsv prop ed visits,2026-10-10,quantile,0.2,1.788221268137113e-4
2026-10-10,25,0,wk inc rsv prop ed visits,2026-10-10,quantile,0.25,1.913986095839081e-4
2026-10-10,25,0,wk inc rsv prop ed visits,2026-10-10,quantile,0.3,2.0635659263741122e-4
2026-10-10,25,0,wk inc rsv prop ed visits,2026-10-10,quantile,0.35,2.2387508750176842e-4
2026-10-10,25,0,wk inc rsv prop ed visits,2026-10-10,quantile,0.4,2.4121651756082876e-4
2026-10-10,25,0,wk inc rsv prop ed visits,2026-10-10,quantile,0.45,2.574621720552029e-4
2026-10-10,25,0,wk inc rsv prop ed visits,2026-10-10,quantile,0.5,2.754486774910402e-4
2026-10-10,25,0,wk inc rsv prop ed visits,2026-10-10,quantile,0.55,2.9645091233316726e-4
2026-10-10,25,0,wk inc rsv prop ed visits,2026-10-10,quantile,0.6,3.1614779023446166e-4
2026-10-10,25,0,wk inc rsv prop ed visits,2026-10-10,quantile,0.65,3.3531116219519036e-4
2026-10-10,25,0,wk inc rsv prop ed visits,2026-10-10,quantile,0.7,3.5788917726384603e-4
2026-10-10,25,0,wk inc rsv prop ed visits,2026-10-10,quantile,0.75,3.852656005482461e-4
2026-10-10,25,0,wk inc rsv prop ed visits,2026-10-10,quantile,0.8,4.1272700775997294e-4
2026-10-10,25,0,wk inc rsv prop ed visits,2026-10-10,quantile,0.85,4.4884408349513084e-4
2026-10-10,25,0,wk inc rsv prop ed visits,2026-10-10,quantile,0.9,4.989788315552051e-4
2026-10-10,25,0,wk inc rsv prop ed visits,2026-10-10,quantile,0.95,5.847212760901721e-4
2026-10-10,25,0,wk inc rsv prop ed visits,2026-10-10,quantile,0.975,6.59798908450462e-4
2026-10-10,25,0,wk inc rsv prop ed visits,2026-10-10,quantile,0.99,7.48534744116482e-4
2026-10-10,25,1,wk inc rsv prop ed visits,2026-10-17,quantile,0.01,6.264184844778275e-5
2026-10-10,25,1,wk inc rsv prop ed visits,2026-10-17,quantile,0.025,8.866951096791844e-5
2026-10-10,25,1,wk inc rsv prop ed visits,2026-10-17,quantile,0.05,1.340809366519149e-4
2026-10-10,25,1,wk inc rsv prop ed visits,2026-10-17,quantile,0.1,1.6819921591843288e-4
2026-10-10,25,1,wk inc rsv prop ed visits,2026-10-17,quantile,0.15,1.883974414864286e-4
2026-10-10,25,1,wk inc rsv prop ed visits,2026-10-17,quantile,0.2,2.0862272741339048e-4
2026-10-10,25,1,wk inc rsv prop ed visits,2026-10-17,quantile,0.25,2.267799763966497e-4
2026-10-10,25,1,wk inc rsv prop ed visits,2026-10-17,quantile,0.3,2.527149177073202e-4
2026-10-10,25,1,wk inc rsv prop ed visits,2026-10-17,quantile,0.35,2.723313300699782e-4
2026-10-10,25,1,wk inc rsv prop ed visits,2026-10-17,quantile,0.4,2.9369183412299935e-4
2026-10-10,25,1,wk inc rsv prop ed visits,2026-10-17,quantile,0.45,3.149958447816413e-4
2026-10-10,25,1,wk inc rsv prop ed visits,2026-10-17,quantile,0.5,3.375743445127521e-4
2026-10-10,25,1,wk inc rsv prop ed visits,2026-10-17,quantile,0.55,3.6231414307644335e-4
2026-10-10,25,1,wk inc rsv prop ed visits,2026-10-17,quantile,0.6,3.8569187317238814e-4
2026-10-10,25,1,wk inc rsv prop ed visits,2026-10-17,quantile,0.65,4.1157218850059184e-4
2026-10-10,25,1,wk inc rsv prop ed visits,2026-10-17,quantile,0.7,4.407283723833794e-4
2026-10-10,25,1,wk inc rsv prop ed visits,2026-10-17,quantile,0.75,4.7718544429712565e-4
2026-10-10,25,1,wk inc rsv prop ed visits,2026-10-17,quantile,0.8,5.193438772360095e-4
2026-10-10,25,1,wk inc rsv prop ed visits,2026-10-17,quantile,0.85,5.703898574601026e-4
2026-10-10,25,1,wk inc rsv prop ed visits,2026-10-17,quantile,0.9,6.439484447434335e-4
2026-10-10,25,1,wk inc rsv prop ed visits,2026-10-17,quantile,0.95,7.560776308918025e-4
2026-10-10,25,1,wk inc rsv prop ed visits,2026-10-17,quantile,0.975,8.634500871695852e-4
2026-10-10,25,1,wk inc rsv prop ed visits,2026-10-17,quantile,0.99,0.0010182989771539198
2026-10-10,25,2,wk inc rsv prop ed visits,2026-10-24,quantile,0.01,6.252061286661853e-5
2026-10-10,25,2,wk inc rsv prop ed visits,2026-10-24,quantile,0.025,9.763730430843637e-5
2026-10-10,25,2,wk inc rsv prop ed visits,2026-10-24,quantile,0.05,1.4177572193562583e-4
2026-10-10,25,2,wk inc rsv prop ed visits,2026-10-24,quantile,0.1,1.8405462972347523e-4
2026-10-10,25,2,wk inc rsv prop ed visits,2026-10-24,quantile,0.15,2.1483236274091161e-4
2026-10-10,25,2,wk inc rsv prop ed visits,2026-10-24,quantile,0.2,2.399693314123864e-4
2026-10-10,25,2,wk inc rsv prop ed visits,2026-10-24,quantile,0.25,2.643857099810708e-4
2026-10-10,25,2,wk inc rsv prop ed visits,2026-10-24,quantile,0.3,2.880007267811071e-4
2026-10-10,25,2,wk inc rsv prop ed visits,2026-10-24,quantile,0.35,3.1687611477562385e-4
2026-10-10,25,2,wk inc rsv prop ed visits,2026-10-24,quantile,0.4,3.4389974664618926e-4
2026-10-10,25,2,wk inc rsv prop ed visits,2026-10-24,quantile,0.45,3.7389300035122456e-4
2026-10-10,25,2,wk inc rsv prop ed visits,2026-10-24,quantile,0.5,4.049233944616908e-4
2026-10-10,25,2,wk inc rsv prop ed visits,2026-10-24,quantile,0.55,4.375941530587995e-4
2026-10-10,25,2,wk inc rsv prop ed visits,2026-10-24,quantile,0.6,4.709437263839826e-4
2026-10-10,25,2,wk inc rsv prop ed visits,2026-10-24,quantile,0.65,5.108087918415539e-4
2026-10-10,25,2,wk inc rsv prop ed visits,2026-10-24,quantile,0.7,5.514353396007682e-4
2026-10-10,25,2,wk inc rsv prop ed visits,2026-10-24,quantile,0.75,6.044944033785802e-4
2026-10-10,25,2,wk inc rsv prop ed visits,2026-10-24,quantile,0.8,6.730406891283364e-4
2026-10-10,25,2,wk inc rsv prop ed visits,2026-10-24,quantile,0.85,7.519350457548023e-4
2026-10-10,25,2,wk inc rsv prop ed visits,2026-10-24,quantile,0.9,8.621493417714254e-4
2026-10-10,25,2,wk inc rsv prop ed visits,2026-10-24,quantile,0.95,0.0010666374315264873
2026-10-10,25,2,wk inc rsv prop ed visits,2026-10-24,quantile,0.975,0.001293440264898335
2026-10-10,25,2,wk inc rsv prop ed visits,2026-10-24,quantile,0.99,0.0016028404034541845
2026-10-10,25,3,wk inc rsv prop ed visits,2026-10-31,quantile,0.01,6.0476029535345105e-5
2026-10-10,25,3,wk inc rsv prop ed visits,2026-10-31,quantile,0.025,1.13638636679258e-4
2026-10-10,25,3,wk inc rsv prop ed visits,2026-10-31,quantile,0.05,1.6560632950950128e-4
2026-10-10,25,3,wk inc rsv prop ed visits,2026-10-31,quantile,0.1,2.4362363902903037e-4
2026-10-10,25,3,wk inc rsv prop ed visits,2026-10-31,quantile,0.15,3.081625173166604e-4
2026-10-10,25,3,wk inc rsv prop ed visits,2026-10-31,quantile,0.2,3.639907112463352e-4
2026-10-10,25,3,wk inc rsv prop ed visits,2026-10-31,quantile,0.25,4.2650257379564223e-4
2026-10-10,25,3,wk inc rsv prop ed visits,2026-10-31,quantile,0.3,4.913443900960774e-4
2026-10-10,25,3,wk inc rsv prop ed visits,2026-10-31,quantile,0.35,5.455346568254131e-4
2026-10-10,25,3,wk inc rsv prop ed visits,2026-10-31,quantile,0.4,5.972413571310694e-4
2026-10-10,25,3,wk inc rsv prop ed visits,2026-10-31,quantile,0.45,6.660311298844429e-4
2026-10-10,25,3,wk inc rsv prop ed visits,2026-10-31,quantile,0.5,7.345819260428212e-4
2026-10-10,25,3,wk inc rsv prop ed visits,2026-10-31,quantile,0.55,8.145234472227284e-4
2026-10-10,25,3,wk inc rsv prop ed visits,2026-10-31,quantile,0.6,8.865937841877264e-4
2026-10-10,25,3,wk inc rsv prop ed visits,2026-10-31,quantile,0.65,9.746678006694839e-4
2026-10-10,25,3,wk inc rsv prop ed visits,2026-10-31,quantile,0.7,0.001069525867379832
2026-10-10,25,3,wk inc rsv prop ed visits,2026-10-31,quantile,0.75,0.0011903782480699038
2026-10-10,25,3,wk inc rsv prop ed visits,2026-10-31,quantile,0.8,0.001343966131549124
2026-10-10,25,3,wk inc rsv prop ed visits,2026-10-31,quantile,0.85,0.0015452472510339035
2026-10-10,25,3,wk inc rsv prop ed visits,2026-10-31,quantile,0.9,0.0018133862443681567
2026-10-10,25,3,wk inc rsv prop ed visits,2026-10-31,quantile,0.95,0.002226556910655089
2026-10-10,25,3,wk inc rsv prop ed visits,2026-10-31,quantile,0.975,0.0023104261140712017
2026-10-10,25,3,wk inc rsv prop ed visits,2026-10-31,quantile,0.99,0.0023957915592342357
2026-10-10,26,0,wk inc rsv prop ed visits,2026-10-10,quantile,0.01,2.5873012718618423e-5
2026-10-10,26,0,wk inc rsv prop ed visits,2026-10-10,quantile,0.025,3.701181306721065e-5
2026-10-10,26,0,wk inc rsv prop ed visits,2026-10-10,quantile,0.05,5.4605890450041444e-5
2026-10-10,26,0,wk inc rsv prop ed visits,2026-10-10,quantile,0.1,7.884745348736074e-5
2026-10-10,26,0,wk inc rsv prop ed visits,2026-10-10,quantile,0.15,9.616630208195899e-5
2026-10-10,26,0,wk inc rsv prop ed visits,2026-10-10,quantile,0.2,1.0926839543292696e-4
2026-10-10,26,0,wk inc rsv prop ed visits,2026-10-10,quantile,0.25,1.1449714257775388e-4
2026-10-10,26,0,wk inc rsv prop ed visits,2026-10-10,quantile,0.3,1.2306973179194064e-4
2026-10-10,26,0,wk inc rsv prop ed visits,2026-10-10,quantile,0.35,1.306176056331278e-4
2026-10-10,26,0,wk inc rsv prop ed visits,2026-10-10,quantile,0.4,1.371945898234739e-4
2026-10-10,26,0,wk inc rsv prop ed visits,2026-10-10,quantile,0.45,1.4519021595118094e-4
2026-10-10,26,0,wk inc rsv prop ed visits,2026-10-10,quantile,0.5,1.5446051632412284e-4
2026-10-10,26,0,wk inc rsv prop ed visits,2026-10-10,quantile,0.55,1.631246862816061e-4
2026-10-10,26,0,wk inc rsv prop ed visits,2026-10-10,quantile,0.6,1.7276934691728307e-4
2026-10-10,26,0,wk inc rsv prop ed visits,2026-10-10,quantile,0.65,1.830315473700795e-4
2026-10-10,26,0,wk inc rsv prop ed visits,2026-10-10,quantile,0.7,1.9474756533292945e-4
2026-10-10,26,0,wk inc rsv prop ed visits,2026-10-10,quantile,0.75,2.1025737096403796e-4
2026-10-10,26,0,wk inc rsv prop ed visits,2026-10-10,quantile,0.8,2.3001401990905068e-4
2026-10-10,26,0,wk inc rsv prop ed visits,2026-10-10,quantile,0.85,2.513153496597941e-4
2026-10-10,26,0,wk inc rsv prop ed visits,2026-10-10,quantile,0.9,2.8545232029178924e-4
2026-10-10,26,0,wk inc rsv prop ed visits,2026-10-10,quantile,0.95,3.4491073597782505e-4
2026-10-10,26,0,wk inc rsv prop ed visits,2026-10-10,quantile,0.975,4.159338402563124e-4
2026-10-10,26,0,wk inc rsv prop ed visits,2026-10-10,quantile,0.99,4.776639342883276e-4
2026-10-10,26,1,wk inc rsv prop ed visits,2026-10-17,quantile,0.01,2.7345120243804507e-5
2026-10-10,26,1,wk inc rsv prop ed visits,2026-10-17,quantile,0.025,4.1477778910747556e-5
2026-10-10,26,1,wk inc rsv prop ed visits,2026-10-17,quantile,0.05,5.9619045024014844e-5
2026-10-10,26,1,wk inc rsv prop ed visits,2026-10-17,quantile,0.1,8.306240533923178e-5
2026-10-10,26,1,wk inc rsv prop ed visits,2026-10-17,quantile,0.15,9.372754638323422e-5
2026-10-10,26,1,wk inc rsv prop ed visits,2026-10-17,quantile,0.2,1.0748125976527617e-4
2026-10-10,26,1,wk inc rsv prop ed visits,2026-10-17,quantile,0.25,1.2120446736406497e-4
2026-10-10,26,1,wk inc rsv prop ed visits,2026-10-17,quantile,0.3,1.3429152935800744e-4
2026-10-10,26,1,wk inc rsv prop ed visits,2026-10-17,quantile,0.35,1.469128393011606e-4
2026-10-10,26,1,wk inc rsv prop ed visits,2026-10-17,quantile,0.4,1.6077799747378426e-4
2026-10-10,26,1,wk inc rsv prop ed visits,2026-10-17,quantile,0.45,1.7485951660755993e-4
2026-10-10,26,1,wk inc rsv prop ed visits,2026-10-17,quantile,0.5,1.884660598367185e-4
2026-10-10,26,1,wk inc rsv prop ed visits,2026-10-17,quantile,0.55,2.0179727407827308e-4
2026-10-10,26,1,wk inc rsv prop ed visits,2026-10-17,quantile,0.6,2.2078701084818304e-4
2026-10-10,26,1,wk inc rsv prop ed visits,2026-10-17,quantile,0.65,2.3767336749419622e-4
2026-10-10,26,1,wk inc rsv prop ed visits,2026-10-17,quantile,0.7,2.580221989150276e-4
2026-10-10,26,1,wk inc rsv prop ed visits,2026-10-17,quantile,0.75,2.8298668030636456e-4
2026-10-10,26,1,wk inc rsv prop ed visits,2026-10-17,quantile,0.8,3.0661538872851606e-4
2026-10-10,26,1,wk inc rsv prop ed visits,2026-10-17,quantile,0.85,3.394383635578242e-4
2026-10-10,26,1,wk inc rsv prop ed visits,2026-10-17,quantile,0.9,3.8177556622260607e-4
2026-10-10,26,1,wk inc rsv prop ed visits,2026-10-17,quantile,0.95,4.5245709684214506e-4
2026-10-10,26,1,wk inc rsv prop ed visits,2026-10-17,quantile,0.975,5.457984557759247e-4
2026-10-10,26,1,wk inc rsv prop ed visits,2026-10-17,quantile,0.99,6.937290355069878e-4
2026-10-10,26,2,wk inc rsv prop ed visits,2026-10-24,quantile,0.01,3.283986815566094e-5
2026-10-10,26,2,wk inc rsv prop ed visits,2026-10-24,quantile,0.025,4.698303314937956e-5
2026-10-10,26,2,wk inc rsv prop ed visits,2026-10-24,quantile,0.05,5.9349402990222176e-5
2026-10-10,26,2,wk inc rsv prop ed visits,2026-10-24,quantile,0.1,8.142108246635387e-5
2026-10-10,26,2,wk inc rsv prop ed visits,2026-10-24,quantile,0.15,1.0549377257216568e-4
2026-10-10,26,2,wk inc rsv prop ed visits,2026-10-24,quantile,0.2,1.2139914045028025e-4
2026-10-10,26,2,wk inc rsv prop ed visits,2026-10-24,quantile,0.25,1.3898740100397176e-4
2026-10-10,26,2,wk inc rsv prop ed visits,2026-10-24,quantile,0.3,1.5399521041330495e-4
2026-10-10,26,2,wk inc rsv prop ed visits,2026-10-24,quantile,0.35,1.734891215390125e-4
2026-10-10,26,2,wk inc rsv prop ed visits,2026-10-24,quantile,0.4,1.9451947530664413e-4
2026-10-10,26,2,wk inc rsv prop ed visits,2026-10-24,quantile,0.45,2.1440518352741205e-4
2026-10-10,26,2,wk inc rsv prop ed visits,2026-10-24,quantile,0.5,2.3049455733877992e-4
2026-10-10,26,2,wk inc rsv prop ed visits,2026-10-24,quantile,0.55,2.5284909705000267e-4
2026-10-10,26,2,wk inc rsv prop ed visits,2026-10-24,quantile,0.6,2.770527413921755e-4
2026-10-10,26,2,wk inc rsv prop ed visits,2026-10-24,quantile,0.65,2.9722199583266196e-4
2026-10-10,26,2,wk inc rsv prop ed visits,2026-10-24,quantile,0.7,3.217966129831352e-4
2026-10-10,26,2,wk inc rsv prop ed visits,2026-10-24,quantile,0.75,3.5351594751504634e-4
2026-10-10,26,2,wk inc rsv prop ed visits,2026-10-24,quantile,0.8,4.002666602165558e-4
2026-10-10,26,2,wk inc rsv prop ed visits,2026-10-24,quantile,0.85,4.5659621868090236e-4
2026-10-10,26,2,wk inc rsv prop ed visits,2026-10-24,quantile,0.9,5.406232697758069e-4
2026-10-10,26,2,wk inc rsv prop ed visits,2026-10-24,quantile,0.95,6.526281431719848e-4
2026-10-10,26,2,wk inc rsv prop ed visits,2026-10-24,quantile,0.975,7.632218269563184e-4
2026-10-10,26,2,wk inc rsv prop ed visits,2026-10-24,quantile,0.99,9.00151577672806e-4
2026-10-10,26,3,wk inc rsv prop ed visits,2026-10-31,quantile,0.01,2.885852522514988e-5
2026-10-10,26,3,wk inc rsv prop ed visits,2026-10-31,quantile,0.025,4.337760695674192e-5
2026-10-10,26,3,wk inc rsv prop ed visits,2026-10-31,quantile,0.05,8.210537564790089e-5
2026-10-10,26,3,wk inc rsv prop ed visits,2026-10-31,quantile,0.1,1.2712623917605255e-4
2026-10-10,26,3,wk inc rsv prop ed visits,2026-10-31,quantile,0.15,1.6918072590180617e-4
2026-10-10,26,3,wk inc rsv prop ed visits,2026-10-31,quantile,0.2,2.0489378786875325e-4
2026-10-10,26,3,wk inc rsv prop ed visits,2026-10-31,quantile,0.25,2.38975284992264e-4
2026-10-10,26,3,wk inc rsv prop ed visits,2026-10-31,quantile,0.3,2.677457706791055e-4
2026-10-10,26,3,wk inc rsv prop ed visits,2026-10-31,quantile,0.35,2.969967097530917e-4
2026-10-10,26,3,wk inc rsv prop ed visits,2026-10-31,quantile,0.4,3.3432597963929645e-4
2026-10-10,26,3,wk inc rsv prop ed visits,2026-10-31,quantile,0.45,3.695509940425389e-4
2026-10-10,26,3,wk inc rsv prop ed visits,2026-10-31,quantile,0.5,4.0077312062307657e-4
2026-10-10,26,3,wk inc rsv prop ed visits,2026-10-31,quantile,0.55,4.3988836757736366e-4
2026-10-10,26,3,wk inc rsv prop ed visits,2026-10-31,quantile,0.6,4.915106060102203e-4
2026-10-10,26,3,wk inc rsv prop ed visits,2026-10-31,quantile,0.65,5.392658454728503e-4
2026-10-10,26,3,wk inc rsv prop ed visits,2026-10-31,quantile,0.7,5.974786184728012e-4
2026-10-10,26,3,wk inc rsv prop ed visits,2026-10-31,quantile,0.75,6.597162375471183e-4
2026-10-10,26,3,wk inc rsv prop ed visits,2026-10-31,quantile,0.8,7.420278816513869e-4
2026-10-10,26,3,wk inc rsv prop ed visits,2026-10-31,quantile,0.85,8.332896518841115e-4
2026-10-10,26,3,wk inc rsv prop ed visits,2026-10-31,quantile,0.9,9.884357289909754e-4
2026-10-10,26,3,wk inc rsv prop ed visits,2026-10-31,quantile,0.95,0.0012556013776407681
2026-10-10,26,3,wk inc rsv prop ed visits,2026-10-31,quantile,0.975,0.0014809342720548458
2026-10-10,26,3,wk inc rsv prop ed visits,2026-10-31,quantile,0.99,0.001620607397766463
2026-10-10,27,0,wk inc rsv prop ed visits,2026-10-10,quantile,0.01,5.6503590074325435e-6
2026-10-10,27,0,wk inc rsv prop ed visits,2026-10-10,quantile,0.025,1.060044769639395e-5
2026-10-10,27,0,wk inc rsv prop ed visits,2026-10-10,quantile,0.05,1.545207557533876e-5
2026-10-10,27,0,wk inc rsv prop ed visits,2026-10-10,quantile,0.1,3.767299667431229e-5
2026-10-10,27,0,wk inc rsv prop ed visits,2026-10-10,quantile,0.15,4.2424645495760425e-5
2026-10-10,27,0,wk inc rsv prop ed visits,2026-10-10,quantile,0.2,4.6406890599157636e-5
2026-10-10,27,0,wk inc rsv prop ed visits,2026-10-10,quantile,0.25,4.982186340700531e-5
2026-10-10,27,0,wk inc rsv prop ed visits,2026-10-10,quantile,0.3,7.022530477850732e-5
2026-10-10,27,0,wk inc rsv prop ed visits,2026-10-10,quantile,0.35,7.369370638875356e-5
2026-10-10,27,0,wk inc rsv prop ed visits,2026-10-10,quantile,0.4,7.738472096784878e-5
2026-10-10,27,0,wk inc rsv prop ed visits,2026-10-10,quantile,0.45,8.165340448743828e-5
2026-10-10,27,0,wk inc rsv prop ed visits,2026-10-10,quantile,0.5,1.0081088499764652e-4
2026-10-10,27,0,wk inc rsv prop ed visits,2026-10-10,quantile,0.55,1.0558378299726315e-4
2026-10-10,27,0,wk inc rsv prop ed visits,2026-10-10,quantile,0.6,1.1023024946633261e-4
2026-10-10,27,0,wk inc rsv prop ed visits,2026-10-10,quantile,0.65,1.154672485372818e-4
2026-10-10,27,0,wk inc rsv prop ed visits,2026-10-10,quantile,0.7,1.3648167907040533e-4
2026-10-10,27,0,wk inc rsv prop ed visits,2026-10-10,quantile,0.75,1.446750241610346e-4
2026-10-10,27,0,wk inc rsv prop ed visits,2026-10-10,quantile,0.8,1.666525812257768e-4
2026-10-10,27,0,wk inc rsv prop ed visits,2026-10-10,quantile,0.85,1.7836426346289769e-4
2026-10-10,27,0,wk inc rsv prop ed visits,2026-10-10,quantile,0.9,2.098805625421254e-4
2026-10-10,27,0,wk inc rsv prop ed visits,2026-10-10,quantile,0.95,2.5650896701035625e-4
2026-10-10,27,0,wk inc rsv prop ed visits,2026-10-10,quantile,0.975,3.142005359826022e-4
2026-10-10,27,0,wk inc rsv prop ed visits,2026-10-10,quantile,0.99,3.930619475850188e-4
2026-10-10,27,1,wk inc rsv prop ed visits,2026-10-17,quantile,0.01,7.420477989453353e-6
2026-10-10,27,1,wk inc rsv prop ed visits,2026-10-17,quantile,0.025,1.137168807578335e-5
2026-10-10,27,1,wk inc rsv prop ed visits,2026-10-17,quantile,0.05,1.5843142735231628e-5
2026-10-10,27,1,wk inc rsv prop ed visits,2026-10-17,quantile,0.1,2.1600088446352e-5
2026-10-10,27,1,wk inc rsv prop ed visits,2026-10-17,quantile,0.15,4.365151407951908e-5
2026-10-10,27,1,wk inc rsv prop ed visits,2026-10-17,quantile,0.2,4.772210273918798e-5
2026-10-10,27,1,wk inc rsv prop ed visits,2026-10-17,quantile,0.25,5.133429734622056e-5
2026-10-10,27,1,wk inc rsv prop ed visits,2026-10-17,quantile,0.3,7.222332496109105e-5
2026-10-10,27,1,wk inc rsv prop ed visits,2026-10-17,quantile,0.35,7.72365658989467e-5
2026-10-10,27,1,wk inc rsv prop ed visits,2026-10-17,quantile,0.4,8.160815841249403e-5
2026-10-10,27,1,wk inc rsv prop ed visits,2026-10-17,quantile,0.45,8.649372111352648e-5
2026-10-10,27,1,wk inc rsv prop ed visits,2026-10-17,quantile,0.5,1.0832285407381866e-4
2026-10-10,27,1,wk inc rsv prop ed visits,2026-10-17,quantile,0.55,1.1330573141294409e-4
2026-10-10,27,1,wk inc rsv prop ed visits,2026-10-17,quantile,0.6,1.1984391892534188e-4
2026-10-10,27,1,wk inc rsv prop ed visits,2026-10-17,quantile,0.65,1.407426301265773e-4
2026-10-10,27,1,wk inc rsv prop ed visits,2026-10-17,quantile,0.7,1.4925950296463435e-4
2026-10-10,27,1,wk inc rsv prop ed visits,2026-10-17,quantile,0.75,1.7242474973573233e-4
2026-10-10,27,1,wk inc rsv prop ed visits,2026-10-17,quantile,0.8,1.8502803749572756e-4
2026-10-10,27,1,wk inc rsv prop ed visits,2026-10-17,quantile,0.85,2.150000506376053e-4
2026-10-10,27,1,wk inc rsv prop ed visits,2026-10-17,quantile,0.9,2.5937033419315604e-4
2026-10-10,27,1,wk inc rsv prop ed visits,2026-10-17,quantile,0.95,3.4596076752862277e-4
2026-10-10,27,1,wk inc rsv prop ed visits,2026-10-17,quantile,0.975,4.342312423057079e-4
2026-10-10,27,1,wk inc rsv prop ed visits,2026-10-17,quantile,0.99,5.959094628372287e-4
2026-10-10,27,2,wk inc rsv prop ed visits,2026-10-24,quantile,0.01,8.656481963909822e-6
2026-10-10,27,2,wk inc rsv prop ed visits,2026-10-24,quantile,0.025,1.1306686527282702e-5
2026-10-10,27,2,wk inc rsv prop ed visits,2026-10-24,quantile,0.05,1.5089234119018349e-5
2026-10-10,27,2,wk inc rsv prop ed visits,2026-10-24,quantile,0.1,2.1197987755540426e-5
2026-10-10,27,2,wk inc rsv prop ed visits,2026-10-24,quantile,0.15,4.367675745594087e-5
2026-10-10,27,2,wk inc rsv prop ed visits,2026-10-24,quantile,0.2,4.883550927329488e-5
2026-10-10,27,2,wk inc rsv prop ed visits,2026-10-24,quantile,0.25,5.366920045264941e-5
2026-10-10,27,2,wk inc rsv prop ed visits,2026-10-24,quantile,0.3,7.460826164758567e-5
2026-10-10,27,2,wk inc rsv prop ed visits,2026-10-24,quantile,0.35,7.996357722858534e-5
2026-10-10,27,2,wk inc rsv prop ed visits,2026-10-24,quantile,0.4,8.570387507500022e-5
2026-10-10,27,2,wk inc rsv prop ed visits,2026-10-24,quantile,0.45,1.077418075167287e-4
2026-10-10,27,2,wk inc rsv prop ed visits,2026-10-24,quantile,0.5,1.1440565642284077e-4
2026-10-10,27,2,wk inc rsv prop ed visits,2026-10-24,quantile,0.55,1.2157862811975122e-4
2026-10-10,27,2,wk inc rsv prop ed visits,2026-10-24,quantile,0.6,1.4553641363119699e-4
2026-10-10,27,2,wk inc rsv prop ed visits,2026-10-24,quantile,0.65,1.594318845594127e-4
2026-10-10,27,2,wk inc rsv prop ed visits,2026-10-24,quantile,0.7,1.8284733313447295e-4
2026-10-10,27,2,wk inc rsv prop ed visits,2026-10-24,quantile,0.75,2.1324644756864517e-4
2026-10-10,27,2,wk inc rsv prop ed visits,2026-10-24,quantile,0.8,2.4743640820133175e-4
2026-10-10,27,2,wk inc rsv prop ed visits,2026-10-24,quantile,0.85,3.05900013100318e-4
2026-10-10,27,2,wk inc rsv prop ed visits,2026-10-24,quantile,0.9,3.8533523812785017e-4
2026-10-10,27,2,wk inc rsv prop ed visits,2026-10-24,quantile,0.95,5.469084940695497e-4
2026-10-10,27,2,wk inc rsv prop ed visits,2026-10-24,quantile,0.975,7.097625406820349e-4
2026-10-10,27,2,wk inc rsv prop ed visits,2026-10-24,quantile,0.99,8.746596619200703e-4
2026-10-10,27,3,wk inc rsv prop ed visits,2026-10-31,quantile,0.01,2.1118875271488602e-5
2026-10-10,27,3,wk inc rsv prop ed visits,2026-10-31,quantile,0.025,3.2135047911511784e-5
2026-10-10,27,3,wk inc rsv prop ed visits,2026-10-31,quantile,0.05,4.4647887941404724e-5
2026-10-10,27,3,wk inc rsv prop ed visits,2026-10-31,quantile,0.1,6.486720394192772e-5
2026-10-10,27,3,wk inc rsv prop ed visits,2026-10-31,quantile,0.15,8.217261314893088e-5
2026-10-10,27,3,wk inc rsv prop ed visits,2026-10-31,quantile,0.2,9.691501381666425e-5
2026-10-10,27,3,wk inc rsv prop ed visits,2026-10-31,quantile,0.25,1.2174164330918172e-4
2026-10-10,27,3,wk inc rsv prop ed visits,2026-10-31,quantile,0.3,1.434503231528718e-4
2026-10-10,27,3,wk inc rsv prop ed visits,2026-10-31,quantile,0.35,1.670760227721579e-4
2026-10-10,27,3,wk inc rsv prop ed visits,2026-10-31,quantile,0.4,1.9202571525946891e-4
2026-10-10,27,3,wk inc rsv prop ed visits,2026-10-31,quantile,0.45,2.165508985253889e-4
2026-10-10,27,3,wk inc rsv prop ed visits,2026-10-31,quantile,0.5,2.470314774738628e-4
2026-10-10,27,3,wk inc rsv prop ed visits,2026-10-31,quantile,0.55,2.795518796715793e-4
2026-10-10,27,3,wk inc rsv prop ed visits,2026-10-31,quantile,0.6,3.1073741379717974e-4
2026-10-10,27,3,wk inc rsv prop ed visits,2026-10-31,quantile,0.65,3.4914101156942854e-4
2026-10-10,27,3,wk inc rsv prop ed visits,2026-10-31,quantile,0.7,3.9510549037490174e-4
2026-10-10,27,3,wk inc rsv prop ed visits,2026-10-31,quantile,0.75,4.4650628064586966e-4
2026-10-10,27,3,wk inc rsv prop ed visits,2026-10-31,quantile,0.8,5.099740742345346e-4
2026-10-10,27,3,wk inc rsv prop ed visits,2026-10-31,quantile,0.85,5.951529351342444e-4
2026-10-10,27,3,wk inc rsv prop ed visits,2026-10-31,quantile,0.9,7.450598770524229e-4
2026-10-10,27,3,wk inc rsv prop ed visits,2026-10-31,quantile,0.95,0.0010219961586943082
2026-10-10,27,3,wk inc rsv prop ed visits,2026-10-31,quantile,0.975,0.0014601812658313399
2026-10-10,27,3,wk inc rsv prop ed visits,2026-10-31,quantile,0.99,0.0015422973539008945
2026-10-10,28,0,wk inc rsv prop ed visits,2026-10-10,quantile,0.01,3.397742769438505e-4
2026-10-10,28,0,wk inc rsv prop ed visits,2026-10-10,quantile,0.025,4.22945851676094e-4
2026-10-10,28,0,wk inc rsv prop ed visits,2026-10-10,quantile,0.05,5.19334782253357e-4
2026-10-10,28,0,wk inc rsv prop ed visits,2026-10-10,quantile,0.1,6.308502597761846e-4
2026-10-10,28,0,wk inc rsv prop ed visits,2026-10-10,quantile,0.15,7.173184595015286e-4
2026-10-10,28,0,wk inc rsv prop ed visits,2026-10-10,quantile,0.2,7.733201459310368e-4
2026-10-10,28,0,wk inc rsv prop ed visits,2026-10-10,quantile,0.25,8.319535513521543e-4
2026-10-10,28,0,wk inc rsv prop ed visits,2026-10-10,quantile,0.3,8.827904544236957e-4
2026-10-10,28,0,wk inc rsv prop ed visits,2026-10-10,quantile,0.35,9.226218780046661e-4
2026-10-10,28,0,wk inc rsv prop ed visits,2026-10-10,quantile,0.4,9.618242565194904e-4
2026-10-10,28,0,wk inc rsv prop ed visits,2026-10-10,quantile,0.45,0.0010050835969122255
2026-10-10,28,0,wk inc rsv prop ed visits,2026-10-10,quantile,0.5,0.001052104444638723
2026-10-10,28,0,wk inc rsv prop ed visits,2026-10-10,quantile,0.55,0.0010925941812585723
2026-10-10,28,0,wk inc rsv prop ed visits,2026-10-10,quantile,0.6,0.001132160639190429
2026-10-10,28,0,wk inc rsv prop ed visits,2026-10-10,quantile,0.65,0.0011816714297459056
2026-10-10,28,0,wk inc rsv prop ed visits,2026-10-10,quantile,0.7,0.0012290430043836779
2026-10-10,28,0,wk inc rsv prop ed visits,2026-10-10,quantile,0.75,0.0012881272868946673
2026-10-10,28,0,wk inc rsv prop ed visits,2026-10-10,quantile,0.8,0.0013589500862305785
2026-10-10,28,0,wk inc rsv prop ed visits,2026-10-10,quantile,0.85,0.0014498379492636816
2026-10-10,28,0,wk inc rsv prop ed visits,2026-10-10,quantile,0.9,0.0015644034592187039
2026-10-10,28,0,wk inc rsv prop ed visits,2026-10-10,quantile,0.95,0.00173729605002129
2026-10-10,28,0,wk inc rsv prop ed visits,2026-10-10,quantile,0.975,0.0019236311424676831
2026-10-10,28,0,wk inc rsv prop ed visits,2026-10-10,quantile,0.99,0.0021278513383647564
2026-10-10,28,1,wk inc rsv prop ed visits,2026-10-17,quantile,0.01,3.615461689278963e-4
2026-10-10,28,1,wk inc rsv prop ed visits,2026-10-17,quantile,0.025,4.8309348075373855e-4
2026-10-10,28,1,wk inc rsv prop ed visits,2026-10-17,quantile,0.05,5.824848681119088e-4
2026-10-10,28,1,wk inc rsv prop ed visits,2026-10-17,quantile,0.1,7.069379479565174e-4
2026-10-10,28,1,wk inc rsv prop ed visits,2026-10-17,quantile,0.15,8.016645754840475e-4
2026-10-10,28,1,wk inc rsv prop ed visits,2026-10-17,quantile,0.2,8.820287777369666e-4
2026-10-10,28,1,wk inc rsv prop ed visits,2026-10-17,quantile,0.25,9.549652802852688e-4
2026-10-10,28,1,wk inc rsv prop ed visits,2026-10-17,quantile,0.3,0.0010274499992156737
2026-10-10,28,1,wk inc rsv prop ed visits,2026-10-17,quantile,0.35,0.0010953456568287745
2026-10-10,28,1,wk inc rsv prop ed visits,2026-10-17,quantile,0.4,0.0011574909296849503
2026-10-10,28,1,wk inc rsv prop ed visits,2026-10-17,quantile,0.45,0.0012242965627057417
2026-10-10,28,1,wk inc rsv prop ed visits,2026-10-17,quantile,0.5,0.0012886829365079788
2026-10-10,28,1,wk inc rsv prop ed visits,2026-10-17,quantile,0.55,0.0013552460410405033
2026-10-10,28,1,wk inc rsv prop ed visits,2026-10-17,quantile,0.6,0.001421140616557931
2026-10-10,28,1,wk inc rsv prop ed visits,2026-10-17,quantile,0.65,0.0014897684267120748
2026-10-10,28,1,wk inc rsv prop ed visits,2026-10-17,quantile,0.7,0.0015805248797242212
2026-10-10,28,1,wk inc rsv prop ed visits,2026-10-17,quantile,0.75,0.0016645104942619908
2026-10-10,28,1,wk inc rsv prop ed visits,2026-10-17,quantile,0.8,0.0017704373175866403
2026-10-10,28,1,wk inc rsv prop ed visits,2026-10-17,quantile,0.85,0.0018981159633387602
2026-10-10,28,1,wk inc rsv prop ed visits,2026-10-17,quantile,0.9,0.002062240805303957
2026-10-10,28,1,wk inc rsv prop ed visits,2026-10-17,quantile,0.95,0.0023425091172287293
2026-10-10,28,1,wk inc rsv prop ed visits,2026-10-17,quantile,0.975,0.002648863040077663
2026-10-10,28,1,wk inc rsv prop ed visits,2026-10-17,quantile,0.99,0.0029841834198950645
2026-10-10,28,2,wk inc rsv prop ed visits,2026-10-24,quantile,0.01,3.492888679958651e-4
2026-10-10,28,2,wk inc rsv prop ed visits,2026-10-24,quantile,0.025,4.854044408079885e-4
2026-10-10,28,2,wk inc rsv prop ed visits,2026-10-24,quantile,0.05,6.192612503952386e-4
2026-10-10,28,2,wk inc rsv prop ed visits,2026-10-24,quantile,0.1,7.964215102204806e-4
2026-10-10,28,2,wk inc rsv prop ed visits,2026-10-24,quantile,0.15,9.251662984107191e-4
2026-10-10,28,2,wk inc rsv prop ed visits,2026-10-24,quantile,0.2,0.0010374178906047572
2026-10-10,28,2,wk inc rsv prop ed visits,2026-10-24,quantile,0.25,0.0011268507120681158
2026-10-10,28,2,wk inc rsv prop ed visits,2026-10-24,quantile,0.3,0.0012186277044856136
2026-10-10,28,2,wk inc rsv prop ed visits,2026-10-24,quantile,0.35,0.0013095444503722516
2026-10-10,28,2,wk inc rsv prop ed visits,2026-10-24,quantile,0.4,0.0013939418980139695
2026-10-10,28,2,wk inc rsv prop ed visits,2026-10-24,quantile,0.45,0.0014773782695615258
2026-10-10,28,2,wk inc rsv prop ed visits,2026-10-24,quantile,0.5,0.0015541599708676767
2026-10-10,28,2,wk inc rsv prop ed visits,2026-10-24,quantile,0.55,0.0016406865530133033
2026-10-10,28,2,wk inc rsv prop ed visits,2026-10-24,quantile,0.6,0.0017422435631546907
2026-10-10,28,2,wk inc rsv prop ed visits,2026-10-24,quantile,0.65,0.0018451308558501691
2026-10-10,28,2,wk inc rsv prop ed visits,2026-10-24,quantile,0.7,0.001958092238420809
2026-10-10,28,2,wk inc rsv prop ed visits,2026-10-24,quantile,0.75,0.0020979008047239678
2026-10-10,28,2,wk inc rsv prop ed visits,2026-10-24,quantile,0.8,0.0022544299835115813
2026-10-10,28,2,wk inc rsv prop ed visits,2026-10-24,quantile,0.85,0.002485552455330919
2026-10-10,28,2,wk inc rsv prop ed visits,2026-10-24,quantile,0.9,0.0027425965065171025
2026-10-10,28,2,wk inc rsv prop ed visits,2026-10-24,quantile,0.95,0.003229631522945728
2026-10-10,28,2,wk inc rsv prop ed visits,2026-10-24,quantile,0.975,0.0038127280567068463
2026-10-10,28,2,wk inc rsv prop ed visits,2026-10-24,quantile,0.99,0.0044542146731304105
2026-10-10,28,3,wk inc rsv prop ed visits,2026-10-31,quantile,0.01,4.519690872591565e-4
2026-10-10,28,3,wk inc rsv prop ed visits,2026-10-31,quantile,0.025,6.594572003193608e-4
2026-10-10,28,3,wk inc rsv prop ed visits,2026-10-31,quantile,0.05,8.476524314309554e-4
2026-10-10,28,3,wk inc rsv prop ed visits,2026-10-31,quantile,0.1,0.0010901131559319225
2026-10-10,28,3,wk inc rsv prop ed visits,2026-10-31,quantile,0.15,0.0012272247086199278
2026-10-10,28,3,wk inc rsv prop ed visits,2026-10-31,quantile,0.2,0.0013881206426842262
2026-10-10,28,3,wk inc rsv prop ed visits,2026-10-31,quantile,0.25,0.001543534123703504
2026-10-10,28,3,wk inc rsv prop ed visits,2026-10-31,quantile,0.3,0.0016733680496180793
2026-10-10,28,3,wk inc rsv prop ed visits,2026-10-31,quantile,0.35,0.0018179071007781715
2026-10-10,28,3,wk inc rsv prop ed visits,2026-10-31,quantile,0.4,0.0019485580256972032
2026-10-10,28,3,wk inc rsv prop ed visits,2026-10-31,quantile,0.45,0.0020863227934910817
2026-10-10,28,3,wk inc rsv prop ed visits,2026-10-31,quantile,0.5,0.0022240457442495405
2026-10-10,28,3,wk inc rsv prop ed visits,2026-10-31,quantile,0.55,0.002371303005032511
2026-10-10,28,3,wk inc rsv prop ed visits,2026-10-31,quantile,0.6,0.002502038165122793
2026-10-10,28,3,wk inc rsv prop ed visits,2026-10-31,quantile,0.65,0.002669308043522279
2026-10-10,28,3,wk inc rsv prop ed visits,2026-10-31,quantile,0.7,0.0028738074342531963
2026-10-10,28,3,wk inc rsv prop ed visits,2026-10-31,quantile,0.75,0.0031157133265622976
2026-10-10,28,3,wk inc rsv prop ed visits,2026-10-31,quantile,0.8,0.0033523002536840706
2026-10-10,28,3,wk inc rsv prop ed visits,2026-10-31,quantile,0.85,0.0036859875707197886
2026-10-10,28,3,wk inc rsv prop ed visits,2026-10-31,quantile,0.9,0.004128161551867855
2026-10-10,28,3,wk inc rsv prop ed visits,2026-10-31,quantile,0.95,0.004864332976377198
2026-10-10,28,3,wk inc rsv prop ed visits,2026-10-31,quantile,0.975,0.005780392863584189
2026-10-10,28,3,wk inc rsv prop ed visits,2026-10-31,quantile,0.99,0.0067209805530365745
2026-10-10,29,0,wk inc rsv prop ed visits,2026-10-10,quantile,0.01,2.5838405157157124e-5
2026-10-10,29,0,wk inc rsv prop ed visits,2026-10-10,quantile,0.025,2.960644875911107e-5
2026-10-10,29,0,wk inc rsv prop ed visits,2026-10-10,quantile,0.05,4.480991793771398e-5
2026-10-10,29,0,wk inc rsv prop ed visits,2026-10-10,quantile,0.1,6.170752753630778e-5
2026-10-10,29,0,wk inc rsv prop ed visits,2026-10-10,quantile,0.15,6.824171657978733e-5
2026-10-10,29,0,wk inc rsv prop ed visits,2026-10-10,quantile,0.2,8.317139733350249e-5
2026-10-10,29,0,wk inc rsv prop ed visits,2026-10-10,quantile,0.25,8.842782237877424e-5
2026-10-10,29,0,wk inc rsv prop ed visits,2026-10-10,quantile,0.3,1.0414937535560141e-4
2026-10-10,29,0,wk inc rsv prop ed visits,2026-10-10,quantile,0.35,1.1713495362682423e-4
2026-10-10,29,0,wk inc rsv prop ed visits,2026-10-10,quantile,0.4,1.3458059469560895e-4
2026-10-10,29,0,wk inc rsv prop ed visits,2026-10-10,quantile,0.45,1.4392700297999808e-4
2026-10-10,29,0,wk inc rsv prop ed visits,2026-10-10,quantile,0.5,1.6302873461401462e-4
2026-10-10,29,0,wk inc rsv prop ed visits,2026-10-10,quantile,0.55,1.734164518662379e-4
2026-10-10,29,0,wk inc rsv prop ed visits,2026-10-10,quantile,0.6,1.8945714202696687e-4
2026-10-10,29,0,wk inc rsv prop ed visits,2026-10-10,quantile,0.65,2.023554791846394e-4
2026-10-10,29,0,wk inc rsv prop ed visits,2026-10-10,quantile,0.7,2.2287139429229635e-4
2026-10-10,29,0,wk inc rsv prop ed visits,2026-10-10,quantile,0.75,2.4032836755202735e-4
2026-10-10,29,0,wk inc rsv prop ed visits,2026-10-10,quantile,0.8,2.672487614081946e-4
2026-10-10,29,0,wk inc rsv prop ed visits,2026-10-10,quantile,0.85,2.9941742036413067e-4
2026-10-10,29,0,wk inc rsv prop ed visits,2026-10-10,quantile,0.9,3.6499762370813266e-4
2026-10-10,29,0,wk inc rsv prop ed visits,2026-10-10,quantile,0.95,4.5184998002745615e-4
2026-10-10,29,0,wk inc rsv prop ed visits,2026-10-10,quantile,0.975,5.059678257818778e-4
2026-10-10,29,0,wk inc rsv prop ed visits,2026-10-10,quantile,0.99,5.522220935706976e-4
2026-10-10,29,1,wk inc rsv prop ed visits,2026-10-17,quantile,0.01,1.0252066886039343e-5
2026-10-10,29,1,wk inc rsv prop ed visits,2026-10-17,quantile,0.025,2.4453676202508258e-5
2026-10-10,29,1,wk inc rsv prop ed visits,2026-10-17,quantile,0.05,2.903195604357624e-5
2026-10-10,29,1,wk inc rsv prop ed visits,2026-10-17,quantile,0.1,4.761031590692126e-5
2026-10-10,29,1,wk inc rsv prop ed visits,2026-10-17,quantile,0.15,6.340538419237016e-5
2026-10-10,29,1,wk inc rsv prop ed visits,2026-10-17,quantile,0.2,7.332334017859954e-5
2026-10-10,29,1,wk inc rsv prop ed visits,2026-10-17,quantile,0.25,9.082916078026086e-5
2026-10-10,29,1,wk inc rsv prop ed visits,2026-10-17,quantile,0.3,1.0637323236247089e-4
2026-10-10,29,1,wk inc rsv prop ed visits,2026-10-17,quantile,0.35,1.2770707793307662e-4
2026-10-10,29,1,wk inc rsv prop ed visits,2026-10-17,quantile,0.4,1.4141333707583237e-4
2026-10-10,29,1,wk inc rsv prop ed visits,2026-10-17,quantile,0.45,1.617619904797547e-4
2026-10-10,29,1,wk inc rsv prop ed visits,2026-10-17,quantile,0.5,1.750717386422375e-4
2026-10-10,29,1,wk inc rsv prop ed visits,2026-10-17,quantile,0.55,1.9375827815969505e-4
2026-10-10,29,1,wk inc rsv prop ed visits,2026-10-17,quantile,0.6,2.1282647429372403e-4
2026-10-10,29,1,wk inc rsv prop ed visits,2026-10-17,quantile,0.65,2.348191095220416e-4
2026-10-10,29,1,wk inc rsv prop ed visits,2026-10-17,quantile,0.7,2.5790699018265665e-4
2026-10-10,29,1,wk inc rsv prop ed visits,2026-10-17,quantile,0.75,2.8617299687089e-4
2026-10-10,29,1,wk inc rsv prop ed visits,2026-10-17,quantile,0.8,3.3149482613217384e-4
2026-10-10,29,1,wk inc rsv prop ed visits,2026-10-17,quantile,0.85,3.886083312581662e-4
2026-10-10,29,1,wk inc rsv prop ed visits,2026-10-17,quantile,0.9,4.6915466364876805e-4
2026-10-10,29,1,wk inc rsv prop ed visits,2026-10-17,quantile,0.95,5.84391506951368e-4
2026-10-10,29,1,wk inc rsv prop ed visits,2026-10-17,quantile,0.975,6.922348661871949e-4
2026-10-10,29,1,wk inc rsv prop ed visits,2026-10-17,quantile,0.99,7.929633382510162e-4
2026-10-10,29,2,wk inc rsv prop ed visits,2026-10-24,quantile,0.01,6.959921509108493e-6
2026-10-10,29,2,wk inc rsv prop ed visits,2026-10-24,quantile,0.025,1.0621857700688874e-5
2026-10-10,29,2,wk inc rsv prop ed visits,2026-10-24,quantile,0.05,2.572367978236586e-5
2026-10-10,29,2,wk inc rsv prop ed visits,2026-10-24,quantile,0.1,3.8889503957628585e-5
2026-10-10,29,2,wk inc rsv prop ed visits,2026-10-24,quantile,0.15,6.014382857294226e-5
2026-10-10,29,2,wk inc rsv prop ed visits,2026-10-24,quantile,0.2,7.865493037441349e-5
2026-10-10,29,2,wk inc rsv prop ed visits,2026-10-24,quantile,0.25,9.738096950432486e-5
2026-10-10,29,2,wk inc rsv prop ed visits,2026-10-24,quantile,0.3,1.1845435198156809e-4
2026-10-10,29,2,wk inc rsv prop ed visits,2026-10-24,quantile,0.35,1.3835869202613997e-4
2026-10-10,29,2,wk inc rsv prop ed visits,2026-10-24,quantile,0.4,1.6163666516298697e-4
2026-10-10,29,2,wk inc rsv prop ed visits,2026-10-24,quantile,0.45,1.821089916295148e-4
2026-10-10,29,2,wk inc rsv prop ed visits,2026-10-24,quantile,0.5,2.0673173050261801e-4
2026-10-10,29,2,wk inc rsv prop ed visits,2026-10-24,quantile,0.55,2.4117773226395214e-4
2026-10-10,29,2,wk inc rsv prop ed visits,2026-10-24,quantile,0.6,2.6782654411449866e-4
2026-10-10,29,2,wk inc rsv prop ed visits,2026-10-24,quantile,0.65,3.0577093175597676e-4
2026-10-10,29,2,wk inc rsv prop ed visits,2026-10-24,quantile,0.7,3.42734369760098e-4
2026-10-10,29,2,wk inc rsv prop ed visits,2026-10-24,quantile,0.75,3.832528804985982e-4
2026-10-10,29,2,wk inc rsv prop ed visits,2026-10-24,quantile,0.8,4.327864677666208e-4
2026-10-10,29,2,wk inc rsv prop ed visits,2026-10-24,quantile,0.85,4.8555285809791986e-4
2026-10-10,29,2,wk inc rsv prop ed visits,2026-10-24,quantile,0.9,5.674676494018982e-4
2026-10-10,29,2,wk inc rsv prop ed visits,2026-10-24,quantile,0.95,6.811477280749788e-4
2026-10-10,29,2,wk inc rsv prop ed visits,2026-10-24,quantile,0.975,8.148735075689177e-4
2026-10-10,29,2,wk inc rsv prop ed visits,2026-10-24,quantile,0.99,9.738256394131698e-4
2026-10-10,29,3,wk inc rsv prop ed visits,2026-10-31,quantile,0.01,3.961668912671637e-5
2026-10-10,29,3,wk inc rsv prop ed visits,2026-10-31,quantile,0.025,5.9099819789398466e-5
2026-10-10,29,3,wk inc rsv prop ed visits,2026-10-31,quantile,0.05,7.937098096213999e-5
2026-10-10,29,3,wk inc rsv prop ed visits,2026-10-31,quantile,0.1,1.2931121458290338e-4
2026-10-10,29,3,wk inc rsv prop ed visits,2026-10-31,quantile,0.15,1.651591807034328e-4
2026-10-10,29,3,wk inc rsv prop ed visits,2026-10-31,quantile,0.2,2.0397012944585514e-4
2026-10-10,29,3,wk inc rsv prop ed visits,2026-10-31,quantile,0.25,2.4080210365718465e-4
2026-10-10,29,3,wk inc rsv prop ed visits,2026-10-31,quantile,0.3,2.799329579568913e-4
2026-10-10,29,3,wk inc rsv prop ed visits,2026-10-31,quantile,0.35,3.1732325305473585e-4
2026-10-10,29,3,wk inc rsv prop ed visits,2026-10-31,quantile,0.4,3.528190788706667e-4
2026-10-10,29,3,wk inc rsv prop ed visits,2026-10-31,quantile,0.45,3.9702077493449986e-4
2026-10-10,29,3,wk inc rsv prop ed visits,2026-10-31,quantile,0.5,4.3536889960934215e-4
2026-10-10,29,3,wk inc rsv prop ed visits,2026-10-31,quantile,0.55,4.842142326822407e-4
2026-10-10,29,3,wk inc rsv prop ed visits,2026-10-31,quantile,0.6,5.427590504682139e-4
2026-10-10,29,3,wk inc rsv prop ed visits,2026-10-31,quantile,0.65,5.939615706552995e-4
2026-10-10,29,3,wk inc rsv prop ed visits,2026-10-31,quantile,0.7,6.646483690617155e-4
2026-10-10,29,3,wk inc rsv prop ed visits,2026-10-31,quantile,0.75,7.496731512301306e-4
2026-10-10,29,3,wk inc rsv prop ed visits,2026-10-31,quantile,0.8,8.464960662726904e-4
2026-10-10,29,3,wk inc rsv prop ed visits,2026-10-31,quantile,0.85,9.944503803603027e-4
2026-10-10,29,3,wk inc rsv prop ed visits,2026-10-31,quantile,0.9,0.001192004894985439
2026-10-10,29,3,wk inc rsv prop ed visits,2026-10-31,quantile,0.95,0.0014832495942806757
2026-10-10,29,3,wk inc rsv prop ed visits,2026-10-31,quantile,0.975,0.0015672685396630433
2026-10-10,29,3,wk inc rsv prop ed visits,2026-10-31,quantile,0.99,0.0016647317772616188
2026-10-10,30,0,wk inc rsv prop ed visits,2026-10-10,quantile,0.01,0
2026-10-10,30,0,wk inc rsv prop ed visits,2026-10-10,quantile,0.025,0
2026-10-10,30,0,wk inc rsv prop ed visits,2026-10-10,quantile,0.05,0
2026-10-10,30,0,wk inc rsv prop ed visits,2026-10-10,quantile,0.1,0
2026-10-10,30,0,wk inc rsv prop ed visits,2026-10-10,quantile,0.15,0
2026-10-10,30,0,wk inc rsv prop ed visits,2026-10-10,quantile,0.2,0
2026-10-10,30,0,wk inc rsv prop ed visits,2026-10-10,quantile,0.25,0
2026-10-10,30,0,wk inc rsv prop ed visits,2026-10-10,quantile,0.3,0
2026-10-10,30,0,wk inc rsv prop ed visits,2026-10-10,quantile,0.35,0
2026-10-10,30,0,wk inc rsv prop ed visits,2026-10-10,quantile,0.4,3.080468073875639e-6
2026-10-10,30,0,wk inc rsv prop ed visits,2026-10-10,quantile,0.45,8.620397996279856e-6
2026-10-10,30,0,wk inc rsv prop ed visits,2026-10-10,quantile,0.5,1.6141784647089016e-5
2026-10-10,30,0,wk inc rsv prop ed visits,2026-10-10,quantile,0.55,2.3803118261191956e-5
2026-10-10,30,0,wk inc rsv prop ed visits,2026-10-10,quantile,0.6,3.100903610448673e-5
2026-10-10,30,0,wk inc rsv prop ed visits,2026-10-10,quantile,0.65,3.979781874826649e-5
2026-10-10,30,0,wk inc rsv prop ed visits,2026-10-10,quantile,0.7,5.012528765631413e-5
2026-10-10,30,0,wk inc rsv prop ed visits,2026-10-10,quantile,0.75,6.268978294410752e-5
2026-10-10,30,0,wk inc rsv prop ed visits,2026-10-10,quantile,0.8,7.592222695341092e-5
2026-10-10,30,0,wk inc rsv prop ed visits,2026-10-10,quantile,0.85,9.636817701145516e-5
2026-10-10,30,0,wk inc rsv prop ed visits,2026-10-10,quantile,0.9,1.2106193539484803e-4
2026-10-10,30,0,wk inc rsv prop ed visits,2026-10-10,quantile,0.95,1.7790105819948844e-4
2026-10-10,30,0,wk inc rsv prop ed visits,2026-10-10,quantile,0.975,2.476241595424011e-4
2026-10-10,30,0,wk inc rsv prop ed visits,2026-10-10,quantile,0.99,3.191366486153534e-4
2026-10-10,30,1,wk inc rsv prop ed visits,2026-10-17,quantile,0.01,0
2026-10-10,30,1,wk inc rsv prop ed visits,2026-10-17,quantile,0.025,0
2026-10-10,30,1,wk inc rsv prop ed visits,2026-10-17,quantile,0.05,0
2026-10-10,30,1,wk inc rsv prop ed visits,2026-10-17,quantile,0.1,0
2026-10-10,30,1,wk inc rsv prop ed visits,2026-10-17,quantile,0.15,0
2026-10-10,30,1,wk inc rsv prop ed visits,2026-10-17,quantile,0.2,0
2026-10-10,30,1,wk inc rsv prop ed visits,2026-10-17,quantile,0.25,0
2026-10-10,30,1,wk inc rsv prop ed visits,2026-10-17,quantile,0.3,0
2026-10-10,30,1,wk inc rsv prop ed visits,2026-10-17,quantile,0.35,3.836037073646778e-6
2026-10-10,30,1,wk inc rsv prop ed visits,2026-10-17,quantile,0.4,1.1911703581592007e-5
2026-10-10,30,1,wk inc rsv prop ed visits,2026-10-17,quantile,0.45,2.0815756804587534e-5
2026-10-10,30,1,wk inc rsv prop ed visits,2026-10-17,quantile,0.5,3.052523517969721e-5
2026-10-10,30,1,wk inc rsv prop ed visits,2026-10-17,quantile,0.55,3.9731996077936715e-5
2026-10-10,30,1,wk inc rsv prop ed visits,2026-10-17,quantile,0.6,4.974346498137709e-5
2026-10-10,30,1,wk inc rsv prop ed visits,2026-10-17,quantile,0.65,6.333662169158641e-5
2026-10-10,30,1,wk inc rsv prop ed visits,2026-10-17,quantile,0.7,7.752866797410048e-5
2026-10-10,30,1,wk inc rsv prop ed visits,2026-10-17,quantile,0.75,9.21924496252032e-5
2026-10-10,30,1,wk inc rsv prop ed visits,2026-10-17,quantile,0.8,1.1062172188572742e-4
2026-10-10,30,1,wk inc rsv prop ed visits,2026-10-17,quantile,0.85,1.3816033559157725e-4
2026-10-10,30,1,wk inc rsv prop ed visits,2026-10-17,quantile,0.9,1.718920285725259e-4
2026-10-10,30,1,wk inc rsv prop ed visits,2026-10-17,quantile,0.95,2.516709373330235e-4
2026-10-10,30,1,wk inc rsv prop ed visits,2026-10-17,quantile,0.975,3.343345905609591e-4
2026-10-10,30,1,wk inc rsv prop ed visits,2026-10-17,quantile,0.99,4.926871562249276e-4
2026-10-10,30,2,wk inc rsv prop ed visits,2026-10-24,quantile,0.01,0
2026-10-10,30,2,wk inc rsv prop ed visits,2026-10-24,quantile,0.025,0
2026-10-10,30,2,wk inc rsv prop ed visits,2026-10-24,quantile,0.05,0
2026-10-10,30,2,wk inc rsv prop ed visits,2026-10-24,quantile,0.1,0
2026-10-10,30,2,wk inc rsv prop ed visits,2026-10-24,quantile,0.15,0
2026-10-10,30,2,wk inc rsv prop ed visits,2026-10-24,quantile,0.2,0
2026-10-10,30,2,wk inc rsv prop ed visits,2026-10-24,quantile,0.25,0
2026-10-10,30,2,wk inc rsv prop ed visits,2026-10-24,quantile,0.3,5.823345769569958e-6
2026-10-10,30,2,wk inc rsv prop ed visits,2026-10-24,quantile,0.35,1.5050253367410192e-5
2026-10-10,30,2,wk inc rsv prop ed visits,2026-10-24,quantile,0.4,2.3906892602601212e-5
2026-10-10,30,2,wk inc rsv prop ed visits,2026-10-24,quantile,0.45,3.595279917857266e-5
2026-10-10,30,2,wk inc rsv prop ed visits,2026-10-24,quantile,0.5,4.9401849567402536e-5
2026-10-10,30,2,wk inc rsv prop ed visits,2026-10-24,quantile,0.55,6.525152995121071e-5
2026-10-10,30,2,wk inc rsv prop ed visits,2026-10-24,quantile,0.6,8.091627087171809e-5
2026-10-10,30,2,wk inc rsv prop ed visits,2026-10-24,quantile,0.65,9.577389231896528e-5
2026-10-10,30,2,wk inc rsv prop ed visits,2026-10-24,quantile,0.7,1.1287596013460189e-4
2026-10-10,30,2,wk inc rsv prop ed visits,2026-10-24,quantile,0.75,1.378229896160055e-4
2026-10-10,30,2,wk inc rsv prop ed visits,2026-10-24,quantile,0.8,1.673596380066775e-4
2026-10-10,30,2,wk inc rsv prop ed visits,2026-10-24,quantile,0.85,2.0443988983358006e-4
2026-10-10,30,2,wk inc rsv prop ed visits,2026-10-24,quantile,0.9,2.762896315477255e-4
2026-10-10,30,2,wk inc rsv prop ed visits,2026-10-24,quantile,0.95,3.620915127297989e-4
2026-10-10,30,2,wk inc rsv prop ed visits,2026-10-24,quantile,0.975,4.470680583240189e-4
2026-10-10,30,2,wk inc rsv prop ed visits,2026-10-24,quantile,0.99,5.638677017128939e-4
2026-10-10,30,3,wk inc rsv prop ed visits,2026-10-31,quantile,0.01,3.4870977410752434e-6
2026-10-10,30,3,wk inc rsv prop ed visits,2026-10-31,quantile,0.025,7.421860755762882e-6
2026-10-10,30,3,wk inc rsv prop ed visits,2026-10-31,quantile,0.05,1.3698236055789275e-5
2026-10-10,30,3,wk inc rsv prop ed visits,2026-10-31,quantile,0.1,2.299687841224225e-5
2026-10-10,30,3,wk inc rsv prop ed visits,2026-10-31,quantile,0.15,3.171889990332672e-5
2026-10-10,30,3,wk inc rsv prop ed visits,2026-10-31,quantile,0.2,3.9837535703618894e-5
2026-10-10,30,3,wk inc rsv prop ed visits,2026-10-31,quantile,0.25,5.1202628388158574e-5
2026-10-10,30,3,wk inc rsv prop ed visits,2026-10-31,quantile,0.3,7.221182014847624e-5
2026-10-10,30,3,wk inc rsv prop ed visits,2026-10-31,quantile,0.35,9.024979871745908e-5
2026-10-10,30,3,wk inc rsv prop ed visits,2026-10-31,quantile,0.4,1.1147773547615431e-4
2026-10-10,30,3,wk inc rsv prop ed visits,2026-10-31,quantile,0.45,1.3019927880571783e-4
2026-10-10,30,3,wk inc rsv prop ed visits,2026-10-31,quantile,0.5,1.5296213797852786e-4
2026-10-10,30,3,wk inc rsv prop ed visits,2026-10-31,quantile,0.55,1.7288687664584692e-4
2026-10-10,30,3,wk inc rsv prop ed visits,2026-10-31,quantile,0.6,1.987153460513401e-4
2026-10-10,30,3,wk inc rsv prop ed visits,2026-10-31,quantile,0.65,2.3094672697838295e-4
2026-10-10,30,3,wk inc rsv prop ed visits,2026-10-31,quantile,0.7,2.687527342531158e-4
2026-10-10,30,3,wk inc rsv prop ed visits,2026-10-31,quantile,0.75,3.116875769836209e-4
2026-10-10,30,3,wk inc rsv prop ed visits,2026-10-31,quantile,0.8,3.733364921372986e-4
2026-10-10,30,3,wk inc rsv prop ed visits,2026-10-31,quantile,0.85,4.5602500416001157e-4
2026-10-10,30,3,wk inc rsv prop ed visits,2026-10-31,quantile,0.9,5.62758970373652e-4
2026-10-10,30,3,wk inc rsv prop ed visits,2026-10-31,quantile,0.95,7.90197898027301e-4
2026-10-10,30,3,wk inc rsv prop ed visits,2026-10-31,quantile,0.975,0.0010263680344063178
2026-10-10,30,3,wk inc rsv prop ed visits,2026-10-31,quantile,0.99,0.0013483425972193644
2026-10-10,31,0,wk inc rsv prop ed visits,2026-10-10,quantile,0.01,0
2026-10-10,31,0,wk inc rsv prop ed visits,2026-10-10,quantile,0.025,4.864505716825039e-6
2026-10-10,31,0,wk inc rsv prop ed visits,2026-10-10,quantile,0.05,1.841165356863887e-5
2026-10-10,31,0,wk inc rsv prop ed visits,2026-10-10,quantile,0.1,3.912498748160407e-5
2026-10-10,31,0,wk inc rsv prop ed visits,2026-10-10,quantile,0.15,5.401519762394804e-5
2026-10-10,31,0,wk inc rsv prop ed visits,2026-10-10,quantile,0.2,7.493313940304386e-5
2026-10-10,31,0,wk inc rsv prop ed visits,2026-10-10,quantile,0.25,8.204546541472327e-5
2026-10-10,31,0,wk inc rsv prop ed visits,2026-10-10,quantile,0.3,9.498409392256045e-5
2026-10-10,31,0,wk inc rsv prop ed visits,2026-10-10,quantile,0.35,1.0513415166584136e-4
2026-10-10,31,0,wk inc rsv prop ed visits,2026-10-10,quantile,0.4,1.3891931741782086e-4
2026-10-10,31,0,wk inc rsv prop ed visits,2026-10-10,quantile,0.45,1.476594091298805e-4
2026-10-10,31,0,wk inc rsv prop ed visits,2026-10-10,quantile,0.5,1.565900644728233e-4
2026-10-10,31,0,wk inc rsv prop ed visits,2026-10-10,quantile,0.55,1.6532984745931375e-4
2026-10-10,31,0,wk inc rsv prop ed visits,2026-10-10,quantile,0.6,2.064602335805485e-4
2026-10-10,31,0,wk inc rsv prop ed visits,2026-10-10,quantile,0.65,2.161870430631286e-4
2026-10-10,31,0,wk inc rsv prop ed visits,2026-10-10,quantile,0.7,2.2936251715564902e-4
2026-10-10,31,0,wk inc rsv prop ed visits,2026-10-10,quantile,0.75,2.71468731615606e-4
2026-10-10,31,0,wk inc rsv prop ed visits,2026-10-10,quantile,0.8,2.8787902179961853e-4
2026-10-10,31,0,wk inc rsv prop ed visits,2026-10-10,quantile,0.85,3.416789925603674e-4
2026-10-10,31,0,wk inc rsv prop ed visits,2026-10-10,quantile,0.9,4.071857001072824e-4
2026-10-10,31,0,wk inc rsv prop ed visits,2026-10-10,quantile,0.95,5.11777503989643e-4
2026-10-10,31,0,wk inc rsv prop ed visits,2026-10-10,quantile,0.975,6.26560260971386e-4
2026-10-10,31,0,wk inc rsv prop ed visits,2026-10-10,quantile,0.99,7.700205143978054e-4
2026-10-10,31,1,wk inc rsv prop ed visits,2026-10-17,quantile,0.01,0
2026-10-10,31,1,wk inc rsv prop ed visits,2026-10-17,quantile,0.025,3.667829842590364e-6
2026-10-10,31,1,wk inc rsv prop ed visits,2026-10-17,quantile,0.05,1.5641958847291413e-5
2026-10-10,31,1,wk inc rsv prop ed visits,2026-10-17,quantile,0.1,4.419241366293064e-5
2026-10-10,31,1,wk inc rsv prop ed visits,2026-10-17,quantile,0.15,7.323091596220376e-5
2026-10-10,31,1,wk inc rsv prop ed visits,2026-10-17,quantile,0.2,8.679284788493097e-5
2026-10-10,31,1,wk inc rsv prop ed visits,2026-10-17,quantile,0.25,1.0132853439985041e-4
2026-10-10,31,1,wk inc rsv prop ed visits,2026-10-17,quantile,0.3,1.1793694435566159e-4
2026-10-10,31,1,wk inc rsv prop ed visits,2026-10-17,quantile,0.35,1.544889209299132e-4
2026-10-10,31,1,wk inc rsv prop ed visits,2026-10-17,quantile,0.4,1.6638887729731678e-4
2026-10-10,31,1,wk inc rsv prop ed visits,2026-10-17,quantile,0.45,1.783495777137801e-4
2026-10-10,31,1,wk inc rsv prop ed visits,2026-10-17,quantile,0.5,2.1979135730158664e-4
2026-10-10,31,1,wk inc rsv prop ed visits,2026-10-17,quantile,0.55,2.3783055884116103e-4
2026-10-10,31,1,wk inc rsv prop ed visits,2026-10-17,quantile,0.6,2.7936189206473604e-4
2026-10-10,31,1,wk inc rsv prop ed visits,2026-10-17,quantile,0.65,3.0451551424861623e-4
2026-10-10,31,1,wk inc rsv prop ed visits,2026-10-17,quantile,0.7,3.3592801938778444e-4
2026-10-10,31,1,wk inc rsv prop ed visits,2026-10-17,quantile,0.75,3.717439257730404e-4
2026-10-10,31,1,wk inc rsv prop ed visits,2026-10-17,quantile,0.8,4.128373822905794e-4
2026-10-10,31,1,wk inc rsv prop ed visits,2026-10-17,quantile,0.85,4.663386035398863e-4
2026-10-10,31,1,wk inc rsv prop ed visits,2026-10-17,quantile,0.9,5.355374937594523e-4
2026-10-10,31,1,wk inc rsv prop ed visits,2026-10-17,quantile,0.95,6.809334654792434e-4
2026-10-10,31,1,wk inc rsv prop ed visits,2026-10-17,quantile,0.975,8.733212234259866e-4
2026-10-10,31,1,wk inc rsv prop ed visits,2026-10-17,quantile,0.99,0.0010275772089757438
2026-10-10,31,2,wk inc rsv prop ed visits,2026-10-24,quantile,0.01,0
2026-10-10,31,2,wk inc rsv prop ed visits,2026-10-24,quantile,0.025,8.758014541698155e-7
2026-10-10,31,2,wk inc rsv prop ed visits,2026-10-24,quantile,0.05,1.78996187985566e-5
2026-10-10,31,2,wk inc rsv prop ed visits,2026-10-24,quantile,0.1,4.177554898812181e-5
2026-10-10,31,2,wk inc rsv prop ed visits,2026-10-24,quantile,0.15,7.660089577759982e-5
2026-10-10,31,2,wk inc rsv prop ed visits,2026-10-24,quantile,0.2,9.433634670606685e-5
2026-10-10,31,2,wk inc rsv prop ed visits,2026-10-24,quantile,0.25,1.1209841931205869e-4
2026-10-10,31,2,wk inc rsv prop ed visits,2026-10-24,quantile,0.3,1.5899641585811222e-4
2026-10-10,31,2,wk inc rsv prop ed visits,2026-10-24,quantile,0.35,1.7653497597660948e-4
2026-10-10,31,2,wk inc rsv prop ed visits,2026-10-24,quantile,0.4,1.9761446497583196e-4
2026-10-10,31,2,wk inc rsv prop ed visits,2026-10-24,quantile,0.45,2.427439678868725e-4
2026-10-10,31,2,wk inc rsv prop ed visits,2026-10-24,quantile,0.5,2.620341998972483e-4
2026-10-10,31,2,wk inc rsv prop ed visits,2026-10-24,quantile,0.55,3.0769539195445655e-4
2026-10-10,31,2,wk inc rsv prop ed visits,2026-10-24,quantile,0.6,3.53518380221044e-4
2026-10-10,31,2,wk inc rsv prop ed visits,2026-10-24,quantile,0.65,3.8359923872305975e-4
2026-10-10,31,2,wk inc rsv prop ed visits,2026-10-24,quantile,0.7,4.366506420540755e-4
2026-10-10,31,2,wk inc rsv prop ed visits,2026-10-24,quantile,0.75,4.80071468483053e-4
2026-10-10,31,2,wk inc rsv prop ed visits,2026-10-24,quantile,0.8,5.382797533244593e-4
2026-10-10,31,2,wk inc rsv prop ed visits,2026-10-24,quantile,0.85,6.299261435867811e-4
2026-10-10,31,2,wk inc rsv prop ed visits,2026-10-24,quantile,0.9,7.408619352744295e-4
2026-10-10,31,2,wk inc rsv prop ed visits,2026-10-24,quantile,0.95,0.0010574234634163748
2026-10-10,31,2,wk inc rsv prop ed visits,2026-10-24,quantile,0.975,0.0012368090436606905
2026-10-10,31,2,wk inc rsv prop ed visits,2026-10-24,quantile,0.99,0.0014358689351406115
2026-10-10,31,3,wk inc rsv prop ed visits,2026-10-31,quantile,0.01,2.089710548900362e-5
2026-10-10,31,3,wk inc rsv prop ed visits,2026-10-31,quantile,0.025,3.0834472818628295e-5
2026-10-10,31,3,wk inc rsv prop ed visits,2026-10-31,quantile,0.05,5.263815823834094e-5
2026-10-10,31,3,wk inc rsv prop ed visits,2026-10-31,quantile,0.1,1.0060292340624212e-4
2026-10-10,31,3,wk inc rsv prop ed visits,2026-10-31,quantile,0.15,1.370910447212265e-4
2026-10-10,31,3,wk inc rsv prop ed visits,2026-10-31,quantile,0.2,1.735926399135192e-4
2026-10-10,31,3,wk inc rsv prop ed visits,2026-10-31,quantile,0.25,2.1007804392616765e-4
2026-10-10,31,3,wk inc rsv prop ed visits,2026-10-31,quantile,0.3,2.4491619724272045e-4
2026-10-10,31,3,wk inc rsv prop ed visits,2026-10-31,quantile,0.35,2.767483167238123e-4
2026-10-10,31,3,wk inc rsv prop ed visits,2026-10-31,quantile,0.4,3.0924953114630364e-4
2026-10-10,31,3,wk inc rsv prop ed visits,2026-10-31,quantile,0.45,3.4673692811299666e-4
2026-10-10,31,3,wk inc rsv prop ed visits,2026-10-31,quantile,0.5,3.87469345230342e-4
2026-10-10,31,3,wk inc rsv prop ed visits,2026-10-31,quantile,0.55,4.350042886247889e-4
2026-10-10,31,3,wk inc rsv prop ed visits,2026-10-31,quantile,0.6,4.7619265414038526e-4
2026-10-10,31,3,wk inc rsv prop ed visits,2026-10-31,quantile,0.65,5.302026693656981e-4
2026-10-10,31,3,wk inc rsv prop ed visits,2026-10-31,quantile,0.7,5.788382421812367e-4
2026-10-10,31,3,wk inc rsv prop ed visits,2026-10-31,quantile,0.75,6.481234170223275e-4
2026-10-10,31,3,wk inc rsv prop ed visits,2026-10-31,quantile,0.8,7.33716041938875e-4
2026-10-10,31,3,wk inc rsv prop ed visits,2026-10-31,quantile,0.85,8.26442741823643e-4
2026-10-10,31,3,wk inc rsv prop ed visits,2026-10-31,quantile,0.9,9.976726118828007e-4
2026-10-10,31,3,wk inc rsv prop ed visits,2026-10-31,quantile,0.95,0.0013140978630246868
2026-10-10,31,3,wk inc rsv prop ed visits,2026-10-31,quantile,0.975,0.0014506438877514415
2026-10-10,31,3,wk inc rsv prop ed visits,2026-10-31,quantile,0.99,0.001522177247910796
2026-10-10,32,0,wk inc rsv prop ed visits,2026-10-10,quantile,0.01,7.872706853637158e-6
2026-10-10,32,0,wk inc rsv prop ed visits,2026-10-10,quantile,0.025,2.9158240339713952e-5
2026-10-10,32,0,wk inc rsv prop ed visits,2026-10-10,quantile,0.05,4.530994428086362e-5
2026-10-10,32,0,wk inc rsv prop ed visits,2026-10-10,quantile,0.1,7.774492465862837e-5
2026-10-10,32,0,wk inc rsv prop ed visits,2026-10-10,quantile,0.15,1.0119838241622099e-4
2026-10-10,32,0,wk inc rsv prop ed visits,2026-10-10,quantile,0.2,1.1146220869263096e-4
2026-10-10,32,0,wk inc rsv prop ed visits,2026-10-10,quantile,0.25,1.3083857915339406e-4
2026-10-10,32,0,wk inc rsv prop ed visits,2026-10-10,quantile,0.3,1.4205465960201872e-4
2026-10-10,32,0,wk inc rsv prop ed visits,2026-10-10,quantile,0.35,1.6019450625022144e-4
2026-10-10,32,0,wk inc rsv prop ed visits,2026-10-10,quantile,0.4,1.7461337395256832e-4
2026-10-10,32,0,wk inc rsv prop ed visits,2026-10-10,quantile,0.45,1.9125000328095424e-4
2026-10-10,32,0,wk inc rsv prop ed visits,2026-10-10,quantile,0.5,2.0808999552694043e-4
2026-10-10,32,0,wk inc rsv prop ed visits,2026-10-10,quantile,0.55,2.272242618823261e-4
2026-10-10,32,0,wk inc rsv prop ed visits,2026-10-10,quantile,0.6,2.4889358521440095e-4
2026-10-10,32,0,wk inc rsv prop ed visits,2026-10-10,quantile,0.65,2.702843097673809e-4
2026-10-10,32,0,wk inc rsv prop ed visits,2026-10-10,quantile,0.7,2.968739139503388e-4
2026-10-10,32,0,wk inc rsv prop ed visits,2026-10-10,quantile,0.75,3.240267793980827e-4
2026-10-10,32,0,wk inc rsv prop ed visits,2026-10-10,quantile,0.8,3.604320485453566e-4
2026-10-10,32,0,wk inc rsv prop ed visits,2026-10-10,quantile,0.85,4.0747213330341895e-4
2026-10-10,32,0,wk inc rsv prop ed visits,2026-10-10,quantile,0.9,4.6779603715474264e-4
2026-10-10,32,0,wk inc rsv prop ed visits,2026-10-10,quantile,0.95,5.701725004527375e-4
2026-10-10,32,0,wk inc rsv prop ed visits,2026-10-10,quantile,0.975,6.629986394220797e-4
2026-10-10,32,0,wk inc rsv prop ed visits,2026-10-10,quantile,0.99,7.367523424008793e-4
2026-10-10,32,1,wk inc rsv prop ed visits,2026-10-17,quantile,0.01,1.150644443827245e-5
2026-10-10,32,1,wk inc rsv prop ed visits,2026-10-17,quantile,0.025,3.4336963201463994e-5
2026-10-10,32,1,wk inc rsv prop ed visits,2026-10-17,quantile,0.05,6.022889585098315e-5
2026-10-10,32,1,wk inc rsv prop ed visits,2026-10-17,quantile,0.1,9.344260488836007e-5
2026-10-10,32,1,wk inc rsv prop ed visits,2026-10-17,quantile,0.15,1.1887250952765767e-4
2026-10-10,32,1,wk inc rsv prop ed visits,2026-10-17,quantile,0.2,1.3766816531399765e-4
2026-10-10,32,1,wk inc rsv prop ed visits,2026-10-17,quantile,0.25,1.5703067892046402e-4
2026-10-10,32,1,wk inc rsv prop ed visits,2026-10-17,quantile,0.3,0.00017395634530788898
2026-10-10,32,1,wk inc rsv prop ed visits,2026-10-17,quantile,0.35,1.931332739761504e-4
2026-10-10,32,1,wk inc rsv prop ed visits,2026-10-17,quantile,0.4,2.1270261307746341e-4
2026-10-10,32,1,wk inc rsv prop ed visits,2026-10-17,quantile,0.45,2.317734851873515e-4
2026-10-10,32,1,wk inc rsv prop ed visits,2026-10-17,quantile,0.5,2.5379653596073687e-4
2026-10-10,32,1,wk inc rsv prop ed visits,2026-10-17,quantile,0.55,2.78580219123235e-4
2026-10-10,32,1,wk inc rsv prop ed visits,2026-10-17,quantile,0.6,3.030110806809931e-4
2026-10-10,32,1,wk inc rsv prop ed visits,2026-10-17,quantile,0.65,3.337193412863588e-4
2026-10-10,32,1,wk inc rsv prop ed visits,2026-10-17,quantile,0.7,3.6471147389757427e-4
2026-10-10,32,1,wk inc rsv prop ed visits,2026-10-17,quantile,0.75,4.0293836118137705e-4
2026-10-10,32,1,wk inc rsv prop ed visits,2026-10-17,quantile,0.8,4.496623051487386e-4
2026-10-10,32,1,wk inc rsv prop ed visits,2026-10-17,quantile,0.85,5.039218212121218e-4
2026-10-10,32,1,wk inc rsv prop ed visits,2026-10-17,quantile,0.9,5.923531001973047e-4
2026-10-10,32,1,wk inc rsv prop ed visits,2026-10-17,quantile,0.95,7.371136313965355e-4
2026-10-10,32,1,wk inc rsv prop ed visits,2026-10-17,quantile,0.975,8.838193451873787e-4
2026-10-10,32,1,wk inc rsv prop ed visits,2026-10-17,quantile,0.99,0.001088956782704442
2026-10-10,32,2,wk inc rsv prop ed visits,2026-10-24,quantile,0.01,1.623086969938192e-5
2026-10-10,32,2,wk inc rsv prop ed visits,2026-10-24,quantile,0.025,4.261480554068389e-5
2026-10-10,32,2,wk inc rsv prop ed visits,2026-10-24,quantile,0.05,6.787616924391722e-5
2026-10-10,32,2,wk inc rsv prop ed visits,2026-10-24,quantile,0.1,1.1873457498818592e-4
2026-10-10,32,2,wk inc rsv prop ed visits,2026-10-24,quantile,0.15,1.4764982236940415e-4
2026-10-10,32,2,wk inc rsv prop ed visits,2026-10-24,quantile,0.2,1.7084831582336863e-4
2026-10-10,32,2,wk inc rsv prop ed visits,2026-10-24,quantile,0.25,1.9682118782401726e-4
2026-10-10,32,2,wk inc rsv prop ed visits,2026-10-24,quantile,0.3,2.221087044892271e-4
2026-10-10,32,2,wk inc rsv prop ed visits,2026-10-24,quantile,0.35,2.463245807479991e-4
2026-10-10,32,2,wk inc rsv prop ed visits,2026-10-24,quantile,0.4,2.7234210485860597e-4
2026-10-10,32,2,wk inc rsv prop ed visits,2026-10-24,quantile,0.45,2.990177558597545e-4
2026-10-10,32,2,wk inc rsv prop ed visits,2026-10-24,quantile,0.5,3.2456924628716495e-4
2026-10-10,32,2,wk inc rsv prop ed visits,2026-10-24,quantile,0.55,3.5463880786355427e-4
2026-10-10,32,2,wk inc rsv prop ed visits,2026-10-24,quantile,0.6,3.8824712698111034e-4
2026-10-10,32,2,wk inc rsv prop ed visits,2026-10-24,quantile,0.65,4.245716155805558e-4
2026-10-10,32,2,wk inc rsv prop ed visits,2026-10-24,quantile,0.7,4.698443437493334e-4
2026-10-10,32,2,wk inc rsv prop ed visits,2026-10-24,quantile,0.75,5.289620708953971e-4
2026-10-10,32,2,wk inc rsv prop ed visits,2026-10-24,quantile,0.8,6.013456141619462e-4
2026-10-10,32,2,wk inc rsv prop ed visits,2026-10-24,quantile,0.85,6.996505678767923e-4
2026-10-10,32,2,wk inc rsv prop ed visits,2026-10-24,quantile,0.9,8.523183487339138e-4
2026-10-10,32,2,wk inc rsv prop ed visits,2026-10-24,quantile,0.95,0.0011734589201322719
2026-10-10,32,2,wk inc rsv prop ed visits,2026-10-24,quantile,0.975,0.0013560430850937518
2026-10-10,32,2,wk inc rsv prop ed visits,2026-10-24,quantile,0.99,0.001531154886395051
2026-10-10,32,3,wk inc rsv prop ed visits,2026-10-31,quantile,0.01,2.3377785412220877e-5
2026-10-10,32,3,wk inc rsv prop ed visits,2026-10-31,quantile,0.025,4.5847767582482794e-5
2026-10-10,32,3,wk inc rsv prop ed visits,2026-10-31,quantile,0.05,8.992677537854058e-5
2026-10-10,32,3,wk inc rsv prop ed visits,2026-10-31,quantile,0.1,1.454493277645074e-4
2026-10-10,32,3,wk inc rsv prop ed visits,2026-10-31,quantile,0.15,1.9127609007376598e-4
2026-10-10,32,3,wk inc rsv prop ed visits,2026-10-31,quantile,0.2,2.3482979583011856e-4
2026-10-10,32,3,wk inc rsv prop ed visits,2026-10-31,quantile,0.25,2.7620179114858296e-4
2026-10-10,32,3,wk inc rsv prop ed visits,2026-10-31,quantile,0.3,3.123657111910034e-4
2026-10-10,32,3,wk inc rsv prop ed visits,2026-10-31,quantile,0.35,3.5636877387245345e-4
2026-10-10,32,3,wk inc rsv prop ed visits,2026-10-31,quantile,0.4,4.012753337452303e-4
2026-10-10,32,3,wk inc rsv prop ed visits,2026-10-31,quantile,0.45,4.453185381071014e-4
2026-10-10,32,3,wk inc rsv prop ed visits,2026-10-31,quantile,0.5,4.928513303340861e-4
2026-10-10,32,3,wk inc rsv prop ed visits,2026-10-31,quantile,0.55,5.452152281241434e-4
2026-10-10,32,3,wk inc rsv prop ed visits,2026-10-31,quantile,0.6,6.005647446345275e-4
2026-10-10,32,3,wk inc rsv prop ed visits,2026-10-31,quantile,0.65,6.75603313457257e-4
2026-10-10,32,3,wk inc rsv prop ed visits,2026-10-31,quantile,0.7,7.398311841038588e-4
2026-10-10,32,3,wk inc rsv prop ed visits,2026-10-31,quantile,0.75,8.291904045055378e-4
2026-10-10,32,3,wk inc rsv prop ed visits,2026-10-31,quantile,0.8,9.455196727277345e-4
2026-10-10,32,3,wk inc rsv prop ed visits,2026-10-31,quantile,0.85,0.0010847117870080216
2026-10-10,32,3,wk inc rsv prop ed visits,2026-10-31,quantile,0.9,0.0012921305000278026
2026-10-10,32,3,wk inc rsv prop ed visits,2026-10-31,quantile,0.95,0.0015435339950281303
2026-10-10,32,3,wk inc rsv prop ed visits,2026-10-31,quantile,0.975,0.0016250294149837466
2026-10-10,32,3,wk inc rsv prop ed visits,2026-10-31,quantile,0.99,0.0017343581858876625
2026-10-10,33,0,wk inc rsv prop ed visits,2026-10-10,quantile,0.01,0
2026-10-10,33,0,wk inc rsv prop ed visits,2026-10-10,quantile,0.025,0
2026-10-10,33,0,wk inc rsv prop ed visits,2026-10-10,quantile,0.05,0
2026-10-10,33,0,wk inc rsv prop ed visits,2026-10-10,quantile,0.1,0
2026-10-10,33,0,wk inc rsv prop ed visits,2026-10-10,quantile,0.15,0
2026-10-10,33,0,wk inc rsv prop ed visits,2026-10-10,quantile,0.2,2.1624681078965535e-6
2026-10-10,33,0,wk inc rsv prop ed visits,2026-10-10,quantile,0.25,5.520993929055027e-6
2026-10-10,33,0,wk inc rsv prop ed visits,2026-10-10,quantile,0.3,9.709379279341715e-6
2026-10-10,33,0,wk inc rsv prop ed visits,2026-10-10,quantile,0.35,1.3521125253293331e-5
2026-10-10,33,0,wk inc rsv prop ed visits,2026-10-10,quantile,0.4,2.0182246024650106e-5
2026-10-10,33,0,wk inc rsv prop ed visits,2026-10-10,quantile,0.45,2.8223578292218762e-5
2026-10-10,33,0,wk inc rsv prop ed visits,2026-10-10,quantile,0.5,3.582913898851721e-5
2026-10-10,33,0,wk inc rsv prop ed visits,2026-10-10,quantile,0.55,4.511965213192109e-5
2026-10-10,33,0,wk inc rsv prop ed visits,2026-10-10,quantile,0.6,5.47614111277813e-5
2026-10-10,33,0,wk inc rsv prop ed visits,2026-10-10,quantile,0.65,6.645368183295413e-5
2026-10-10,33,0,wk inc rsv prop ed visits,2026-10-10,quantile,0.7,8.057511252030642e-5
2026-10-10,33,0,wk inc rsv prop ed visits,2026-10-10,quantile,0.75,9.970074815981463e-5
2026-10-10,33,0,wk inc rsv prop ed visits,2026-10-10,quantile,0.8,1.3472263431793616e-4
2026-10-10,33,0,wk inc rsv prop ed visits,2026-10-10,quantile,0.85,1.486948612074947e-4
2026-10-10,33,0,wk inc rsv prop ed visits,2026-10-10,quantile,0.9,1.8334665013125526e-4
2026-10-10,33,0,wk inc rsv prop ed visits,2026-10-10,quantile,0.95,2.9002460694280407e-4
2026-10-10,33,0,wk inc rsv prop ed visits,2026-10-10,quantile,0.975,3.4831723698977183e-4
2026-10-10,33,0,wk inc rsv prop ed visits,2026-10-10,quantile,0.99,4.616622386723276e-4
2026-10-10,33,1,wk inc rsv prop ed visits,2026-10-17,quantile,0.01,0
2026-10-10,33,1,wk inc rsv prop ed visits,2026-10-17,quantile,0.025,0
2026-10-10,33,1,wk inc rsv prop ed visits,2026-10-17,quantile,0.05,0
2026-10-10,33,1,wk inc rsv prop ed visits,2026-10-17,quantile,0.1,0
2026-10-10,33,1,wk inc rsv prop ed visits,2026-10-17,quantile,0.15,0
2026-10-10,33,1,wk inc rsv prop ed visits,2026-10-17,quantile,0.2,4.321952941184275e-6
2026-10-10,33,1,wk inc rsv prop ed visits,2026-10-17,quantile,0.25,8.198074263654198e-6
2026-10-10,33,1,wk inc rsv prop ed visits,2026-10-17,quantile,0.3,1.334511557315381e-5
2026-10-10,33,1,wk inc rsv prop ed visits,2026-10-17,quantile,0.35,1.960509199986228e-5
2026-10-10,33,1,wk inc rsv prop ed visits,2026-10-17,quantile,0.4,3.102227102016676e-5
2026-10-10,33,1,wk inc rsv prop ed visits,2026-10-17,quantile,0.45,4.227109864365785e-5
2026-10-10,33,1,wk inc rsv prop ed visits,2026-10-17,quantile,0.5,5.558295307708681e-5
2026-10-10,33,1,wk inc rsv prop ed visits,2026-10-17,quantile,0.55,7.002310929499446e-5
2026-10-10,33,1,wk inc rsv prop ed visits,2026-10-17,quantile,0.6,8.48485196622837e-5
2026-10-10,33,1,wk inc rsv prop ed visits,2026-10-17,quantile,0.65,1.0411570888876861e-4
2026-10-10,33,1,wk inc rsv prop ed visits,2026-10-17,quantile,0.7,1.25777144291859e-4
2026-10-10,33,1,wk inc rsv prop ed visits,2026-10-17,quantile,0.75,1.516547361124962e-4
2026-10-10,33,1,wk inc rsv prop ed visits,2026-10-17,quantile,0.8,1.8632688468907618e-4
2026-10-10,33,1,wk inc rsv prop ed visits,2026-10-17,quantile,0.85,2.2363988089720176e-4
2026-10-10,33,1,wk inc rsv prop ed visits,2026-10-17,quantile,0.9,3.006325730243405e-4
2026-10-10,33,1,wk inc rsv prop ed visits,2026-10-17,quantile,0.95,4.289103970717336e-4
2026-10-10,33,1,wk inc rsv prop ed visits,2026-10-17,quantile,0.975,5.343557940688531e-4
2026-10-10,33,1,wk inc rsv prop ed visits,2026-10-17,quantile,0.99,6.804777674218257e-4
2026-10-10,33,2,wk inc rsv prop ed visits,2026-10-24,quantile,0.01,0
2026-10-10,33,2,wk inc rsv prop ed visits,2026-10-24,quantile,0.025,0
2026-10-10,33,2,wk inc rsv prop ed visits,2026-10-24,quantile,0.05,0
2026-10-10,33,2,wk inc rsv prop ed visits,2026-10-24,quantile,0.1,0
2026-10-10,33,2,wk inc rsv prop ed visits,2026-10-24,quantile,0.15,0
2026-10-10,33,2,wk inc rsv prop ed visits,2026-10-24,quantile,0.2,6.4020101422433776e-6
2026-10-10,33,2,wk inc rsv prop ed visits,2026-10-24,quantile,0.25,1.2173412257793968e-5
2026-10-10,33,2,wk inc rsv prop ed visits,2026-10-24,quantile,0.3,1.892172638389384e-5
2026-10-10,33,2,wk inc rsv prop ed visits,2026-10-24,quantile,0.35,3.2742843163664e-5
2026-10-10,33,2,wk inc rsv prop ed visits,2026-10-24,quantile,0.4,4.536026701056761e-5
2026-10-10,33,2,wk inc rsv prop ed visits,2026-10-24,quantile,0.45,6.113618290375508e-5
2026-10-10,33,2,wk inc rsv prop ed visits,2026-10-24,quantile,0.5,7.760836034186356e-5
2026-10-10,33,2,wk inc rsv prop ed visits,2026-10-24,quantile,0.55,9.5471814105740335e-05
2026-10-10,33,2,wk inc rsv prop ed visits,2026-10-24,quantile,0.6,1.1589003855715655e-4
2026-10-10,33,2,wk inc rsv prop ed visits,2026-10-24,quantile,0.65,1.3950357092494615e-4
2026-10-10,33,2,wk inc rsv prop ed visits,2026-10-24,quantile,0.7,1.670754255089976e-4
2026-10-10,33,2,wk inc rsv prop ed visits,2026-10-24,quantile,0.75,2.047321165620819e-4
2026-10-10,33,2,wk inc rsv prop ed visits,2026-10-24,quantile,0.8,2.4915040297699635e-4
2026-10-10,33,2,wk inc rsv prop ed visits,2026-10-24,quantile,0.85,3.1332637857970096e-4
2026-10-10,33,2,wk inc rsv prop ed visits,2026-10-24,quantile,0.9,4.01906852436464e-4
2026-10-10,33,2,wk inc rsv prop ed visits,2026-10-24,quantile,0.95,5.42682906284183e-4
2026-10-10,33,2,wk inc rsv prop ed visits,2026-10-24,quantile,0.975,7.400629152416603e-4
2026-10-10,33,2,wk inc rsv prop ed visits,2026-10-24,quantile,0.99,9.82807602979441e-4
2026-10-10,33,3,wk inc rsv prop ed visits,2026-10-31,quantile,0.01,1.0694263000804936e-5
2026-10-10,33,3,wk inc rsv prop ed visits,2026-10-31,quantile,0.025,1.7307243158764525e-5
2026-10-10,33,3,wk inc rsv prop ed visits,2026-10-31,quantile,0.05,2.7820041774642357e-5
2026-10-10,33,3,wk inc rsv prop ed visits,2026-10-31,quantile,0.1,4.308368556814367e-5
2026-10-10,33,3,wk inc rsv prop ed visits,2026-10-31,quantile,0.15,5.683192300192696e-5
2026-10-10,33,3,wk inc rsv prop ed visits,2026-10-31,quantile,0.2,7.017138548401589e-5
2026-10-10,33,3,wk inc rsv prop ed visits,2026-10-31,quantile,0.25,8.285838380004624e-5
2026-10-10,33,3,wk inc rsv prop ed visits,2026-10-31,quantile,0.3,1.0508099930884225e-4
2026-10-10,33,3,wk inc rsv prop ed visits,2026-10-31,quantile,0.35,1.270952601675045e-4
2026-10-10,33,3,wk inc rsv prop ed visits,2026-10-31,quantile,0.4,1.4875284187553347e-4
2026-10-10,33,3,wk inc rsv prop ed visits,2026-10-31,quantile,0.45,1.7312959009596894e-4
2026-10-10,33,3,wk inc rsv prop ed visits,2026-10-31,quantile,0.5,2.009489116785977e-4
2026-10-10,33,3,wk inc rsv prop ed visits,2026-10-31,quantile,0.55,2.3077940276602858e-4
2026-10-10,33,3,wk inc rsv prop ed visits,2026-10-31,quantile,0.6,2.638793131408951e-4
2026-10-10,33,3,wk inc rsv prop ed visits,2026-10-31,quantile,0.65,2.992656029881664e-4
2026-10-10,33,3,wk inc rsv prop ed visits,2026-10-31,quantile,0.7,3.4700587810471156e-4
2026-10-10,33,3,wk inc rsv prop ed visits,2026-10-31,quantile,0.75,4.0766743421902544e-4
2026-10-10,33,3,wk inc rsv prop ed visits,2026-10-31,quantile,0.8,4.8100562422701676e-4
2026-10-10,33,3,wk inc rsv prop ed visits,2026-10-31,quantile,0.85,5.852278769875752e-4
2026-10-10,33,3,wk inc rsv prop ed visits,2026-10-31,quantile,0.9,7.135514844819493e-4
2026-10-10,33,3,wk inc rsv prop ed visits,2026-10-31,quantile,0.95,0.0010515355741502722
2026-10-10,33,3,wk inc rsv prop ed visits,2026-10-31,quantile,0.975,0.0014045357350310783
2026-10-10,33,3,wk inc rsv prop ed visits,2026-10-31,quantile,0.99,0.001490042612487667
2026-10-10,34,0,wk inc rsv prop ed visits,2026-10-10,quantile,0.01,1.7711872892348798e-4
2026-10-10,34,0,wk inc rsv prop ed visits,2026-10-10,quantile,0.025,2.1468039425746435e-4
2026-10-10,34,0,wk inc rsv prop ed visits,2026-10-10,quantile,0.05,2.6282424484531713e-4
2026-10-10,34,0,wk inc rsv prop ed visits,2026-10-10,quantile,0.1,3.1691109424651924e-4
2026-10-10,34,0,wk inc rsv prop ed visits,2026-10-10,quantile,0.15,3.6111420691957235e-4
2026-10-10,34,0,wk inc rsv prop ed visits,2026-10-10,quantile,0.2,3.884587768178776e-4
2026-10-10,34,0,wk inc rsv prop ed visits,2026-10-10,quantile,0.25,4.1423142464641746e-4
2026-10-10,34,0,wk inc rsv prop ed visits,2026-10-10,quantile,0.3,4.390297569403576e-4
2026-10-10,34,0,wk inc rsv prop ed visits,2026-10-10,quantile,0.35,4.5889675806483864e-4
2026-10-10,34,0,wk inc rsv prop ed visits,2026-10-10,quantile,0.4,4.876699361505782e-4
2026-10-10,34,0,wk inc rsv prop ed visits,2026-10-10,quantile,0.45,5.140418232244387e-4
2026-10-10,34,0,wk inc rsv prop ed visits,2026-10-10,quantile,0.5,5.374446746510358e-4
2026-10-10,34,0,wk inc rsv prop ed visits,2026-10-10,quantile,0.55,5.595622482358476e-4
2026-10-10,34,0,wk inc rsv prop ed visits,2026-10-10,quantile,0.6,5.845759686239637e-4
2026-10-10,34,0,wk inc rsv prop ed visits,2026-10-10,quantile,0.65,6.144729059837999e-4
2026-10-10,34,0,wk inc rsv prop ed visits,2026-10-10,quantile,0.7,6.478615586740806e-4
2026-10-10,34,0,wk inc rsv prop ed visits,2026-10-10,quantile,0.75,6.814811467269737e-4
2026-10-10,34,0,wk inc rsv prop ed visits,2026-10-10,quantile,0.8,7.188522861511538e-4
2026-10-10,34,0,wk inc rsv prop ed visits,2026-10-10,quantile,0.85,7.799125807391526e-4
2026-10-10,34,0,wk inc rsv prop ed visits,2026-10-10,quantile,0.9,8.463234661320721e-4
2026-10-10,34,0,wk inc rsv prop ed visits,2026-10-10,quantile,0.95,9.674268589322757e-4
2026-10-10,34,0,wk inc rsv prop ed visits,2026-10-10,quantile,0.975,0.0011255851070431455
2026-10-10,34,0,wk inc rsv prop ed visits,2026-10-10,quantile,0.99,0.0011723375393082906
2026-10-10,34,1,wk inc rsv prop ed visits,2026-10-17,quantile,0.01,1.6083416095115328e-4
2026-10-10,34,1,wk inc rsv prop ed visits,2026-10-17,quantile,0.025,2.088398554812897e-4
2026-10-10,34,1,wk inc rsv prop ed visits,2026-10-17,quantile,0.05,2.534998089245804e-4
2026-10-10,34,1,wk inc rsv prop ed visits,2026-10-17,quantile,0.1,3.1997094277890024e-4
2026-10-10,34,1,wk inc rsv prop ed visits,2026-10-17,quantile,0.15,3.7512156840272654e-4
2026-10-10,34,1,wk inc rsv prop ed visits,2026-10-17,quantile,0.2,4.1609487551385384e-4
2026-10-10,34,1,wk inc rsv prop ed visits,2026-10-17,quantile,0.25,4.50299224641038e-4
2026-10-10,34,1,wk inc rsv prop ed visits,2026-10-17,quantile,0.3,4.8479010541019877e-4
2026-10-10,34,1,wk inc rsv prop ed visits,2026-10-17,quantile,0.35,5.176547916402809e-4
2026-10-10,34,1,wk inc rsv prop ed visits,2026-10-17,quantile,0.4,5.522366008434158e-4
2026-10-10,34,1,wk inc rsv prop ed visits,2026-10-17,quantile,0.45,5.826047906111987e-4
2026-10-10,34,1,wk inc rsv prop ed visits,2026-10-17,quantile,0.5,6.189804371742949e-4
2026-10-10,34,1,wk inc rsv prop ed visits,2026-10-17,quantile,0.55,6.537591068844497e-4
2026-10-10,34,1,wk inc rsv prop ed visits,2026-10-17,quantile,0.6,6.897949965227552e-4
2026-10-10,34,1,wk inc rsv prop ed visits,2026-10-17,quantile,0.65,7.266082100804691e-4
2026-10-10,34,1,wk inc rsv prop ed visits,2026-10-17,quantile,0.7,7.678470308053485e-4
2026-10-10,34,1,wk inc rsv prop ed visits,2026-10-17,quantile,0.75,8.132240388193736e-4
2026-10-10,34,1,wk inc rsv prop ed visits,2026-10-17,quantile,0.8,8.756290782281997e-4
2026-10-10,34,1,wk inc rsv prop ed visits,2026-10-17,quantile,0.85,9.357118874222744e-4
2026-10-10,34,1,wk inc rsv prop ed visits,2026-10-17,quantile,0.9,0.0010266831494231007
2026-10-10,34,1,wk inc rsv prop ed visits,2026-10-17,quantile,0.95,0.001166514629190833
2026-10-10,34,1,wk inc rsv prop ed visits,2026-10-17,quantile,0.975,0.0013177564231666543
2026-10-10,34,1,wk inc rsv prop ed visits,2026-10-17,quantile,0.99,0.0015159523254407213
2026-10-10,34,2,wk inc rsv prop ed visits,2026-10-24,quantile,0.01,1.5050081788842265e-4
2026-10-10,34,2,wk inc rsv prop ed visits,2026-10-24,quantile,0.025,1.9956180048294876e-4
2026-10-10,34,2,wk inc rsv prop ed visits,2026-10-24,quantile,0.05,2.8081471669505313e-4
2026-10-10,34,2,wk inc rsv prop ed visits,2026-10-24,quantile,0.1,3.796005394731496e-4
2026-10-10,34,2,wk inc rsv prop ed visits,2026-10-24,quantile,0.15,4.3078844383976223e-4
2026-10-10,34,2,wk inc rsv prop ed visits,2026-10-24,quantile,0.2,4.734983013727431e-4
2026-10-10,34,2,wk inc rsv prop ed visits,2026-10-24,quantile,0.25,5.169317386493012e-4
2026-10-10,34,2,wk inc rsv prop ed visits,2026-10-24,quantile,0.3,5.558260143250826e-4
2026-10-10,34,2,wk inc rsv prop ed visits,2026-10-24,quantile,0.35,5.944306426993377e-4
2026-10-10,34,2,wk inc rsv prop ed visits,2026-10-24,quantile,0.4,6.308244235498763e-4
2026-10-10,34,2,wk inc rsv prop ed visits,2026-10-24,quantile,0.45,6.71192246895244e-4
2026-10-10,34,2,wk inc rsv prop ed visits,2026-10-24,quantile,0.5,7.070999363950805e-4
2026-10-10,34,2,wk inc rsv prop ed visits,2026-10-24,quantile,0.55,7.444829119110893e-4
2026-10-10,34,2,wk inc rsv prop ed visits,2026-10-24,quantile,0.6,7.891420451829928e-4
2026-10-10,34,2,wk inc rsv prop ed visits,2026-10-24,quantile,0.65,8.371777253297131e-4
2026-10-10,34,2,wk inc rsv prop ed visits,2026-10-24,quantile,0.7,8.857531261781984e-4
2026-10-10,34,2,wk inc rsv prop ed visits,2026-10-24,quantile,0.75,9.410283530288611e-4
2026-10-10,34,2,wk inc rsv prop ed visits,2026-10-24,quantile,0.8,0.001013743861328668
2026-10-10,34,2,wk inc rsv prop ed visits,2026-10-24,quantile,0.85,0.0011083484848662464
2026-10-10,34,2,wk inc rsv prop ed visits,2026-10-24,quantile,0.9,0.00123930981557434
2026-10-10,34,2,wk inc rsv prop ed visits,2026-10-24,quantile,0.95,0.001457561500478172
2026-10-10,34,2,wk inc rsv prop ed visits,2026-10-24,quantile,0.975,0.0016726144396150564
2026-10-10,34,2,wk inc rsv prop ed visits,2026-10-24,quantile,0.99,0.0019088623016255543
2026-10-10,34,3,wk inc rsv prop ed visits,2026-10-31,quantile,0.01,1.7528740709741572e-4
2026-10-10,34,3,wk inc rsv prop ed visits,2026-10-31,quantile,0.025,2.3720274542007625e-4
2026-10-10,34,3,wk inc rsv prop ed visits,2026-10-31,quantile,0.05,3.407115606489852e-4
2026-10-10,34,3,wk inc rsv prop ed visits,2026-10-31,quantile,0.1,4.444920521768054e-4
2026-10-10,34,3,wk inc rsv prop ed visits,2026-10-31,quantile,0.15,5.356666946639875e-4
2026-10-10,34,3,wk inc rsv prop ed visits,2026-10-31,quantile,0.2,6.178122637950792e-4
2026-10-10,34,3,wk inc rsv prop ed visits,2026-10-31,quantile,0.25,6.864847116541072e-4
2026-10-10,34,3,wk inc rsv prop ed visits,2026-10-31,quantile,0.3,7.487418501994564e-4
2026-10-10,34,3,wk inc rsv prop ed visits,2026-10-31,quantile,0.35,8.219531886555524e-4
2026-10-10,34,3,wk inc rsv prop ed visits,2026-10-31,quantile,0.4,8.850037399785183e-4
2026-10-10,34,3,wk inc rsv prop ed visits,2026-10-31,quantile,0.45,9.584821564731565e-4
2026-10-10,34,3,wk inc rsv prop ed visits,2026-10-31,quantile,0.5,0.0010338951914661927
2026-10-10,34,3,wk inc rsv prop ed visits,2026-10-31,quantile,0.55,0.0011059603007429273
2026-10-10,34,3,wk inc rsv prop ed visits,2026-10-31,quantile,0.6,0.0011950844722505801
2026-10-10,34,3,wk inc rsv prop ed visits,2026-10-31,quantile,0.65,0.0013006378094511514
2026-10-10,34,3,wk inc rsv prop ed visits,2026-10-31,quantile,0.7,0.0014119421589760465
2026-10-10,34,3,wk inc rsv prop ed visits,2026-10-31,quantile,0.75,0.0015285908361812317
2026-10-10,34,3,wk inc rsv prop ed visits,2026-10-31,quantile,0.8,0.00166518208579251
2026-10-10,34,3,wk inc rsv prop ed visits,2026-10-31,quantile,0.85,0.0018730133764695107
2026-10-10,34,3,wk inc rsv prop ed visits,2026-10-31,quantile,0.9,0.002108353922477499
2026-10-10,34,3,wk inc rsv prop ed visits,2026-10-31,quantile,0.95,0.002543581007441364
2026-10-10,34,3,wk inc rsv prop ed visits,2026-10-31,quantile,0.975,0.0030874573562276984
2026-10-10,34,3,wk inc rsv prop ed visits,2026-10-31,quantile,0.99,0.0033454818204800407
2026-10-10,35,0,wk inc rsv prop ed visits,2026-10-10,quantile,0.01,1.3706018486076277e-5
2026-10-10,35,0,wk inc rsv prop ed visits,2026-10-10,quantile,0.025,2.2769084511479647e-5
2026-10-10,35,0,wk inc rsv prop ed visits,2026-10-10,quantile,0.05,6.34622022464451e-5
2026-10-10,35,0,wk inc rsv prop ed visits,2026-10-10,quantile,0.1,7.968010159003231e-5
2026-10-10,35,0,wk inc rsv prop ed visits,2026-10-10,quantile,0.15,1.2258431405714972e-4
2026-10-10,35,0,wk inc rsv prop ed visits,2026-10-10,quantile,0.2,1.3474211860064304e-4
2026-10-10,35,0,wk inc rsv prop ed visits,2026-10-10,quantile,0.25,1.4644431051936336e-4
2026-10-10,35,0,wk inc rsv prop ed visits,2026-10-10,quantile,0.3,1.8554276446359753e-4
2026-10-10,35,0,wk inc rsv prop ed visits,2026-10-10,quantile,0.35,1.970385197151082e-4
2026-10-10,35,0,wk inc rsv prop ed visits,2026-10-10,quantile,0.4,2.3166667166342277e-4
2026-10-10,35,0,wk inc rsv prop ed visits,2026-10-10,quantile,0.45,2.4778333331305273e-4
2026-10-10,35,0,wk inc rsv prop ed visits,2026-10-10,quantile,0.5,2.607728690071332e-4
2026-10-10,35,0,wk inc rsv prop ed visits,2026-10-10,quantile,0.55,2.999945854010048e-4
2026-10-10,35,0,wk inc rsv prop ed visits,2026-10-10,quantile,0.6,3.1660392475367017e-4
2026-10-10,35,0,wk inc rsv prop ed visits,2026-10-10,quantile,0.65,3.5596210866825444e-4
2026-10-10,35,0,wk inc rsv prop ed visits,2026-10-10,quantile,0.7,3.785759753581257e-4
2026-10-10,35,0,wk inc rsv prop ed visits,2026-10-10,quantile,0.75,4.310968458021722e-4
2026-10-10,35,0,wk inc rsv prop ed visits,2026-10-10,quantile,0.8,4.891971623378129e-4
2026-10-10,35,0,wk inc rsv prop ed visits,2026-10-10,quantile,0.85,5.805461135369541e-4
2026-10-10,35,0,wk inc rsv prop ed visits,2026-10-10,quantile,0.9,7.476408930511098e-4
2026-10-10,35,0,wk inc rsv prop ed visits,2026-10-10,quantile,0.95,0.0010715282863443755
2026-10-10,35,0,wk inc rsv prop ed visits,2026-10-10,quantile,0.975,0.0011446772306599972
2026-10-10,35,0,wk inc rsv prop ed visits,2026-10-10,quantile,0.99,0.0012179137242084822
2026-10-10,35,1,wk inc rsv prop ed visits,2026-10-17,quantile,0.01,9.407292641905007e-6
2026-10-10,35,1,wk inc rsv prop ed visits,2026-10-17,quantile,0.025,2.3770876596767136e-5
2026-10-10,35,1,wk inc rsv prop ed visits,2026-10-17,quantile,0.05,7.003822840715922e-5
2026-10-10,35,1,wk inc rsv prop ed visits,2026-10-17,quantile,0.1,8.840745417274063e-5
2026-10-10,35,1,wk inc rsv prop ed visits,2026-10-17,quantile,0.15,1.3598782808598185e-4
2026-10-10,35,1,wk inc rsv prop ed visits,2026-10-17,quantile,0.2,1.533380778836099e-4
2026-10-10,35,1,wk inc rsv prop ed visits,2026-10-17,quantile,0.25,1.9354596328587895e-4
2026-10-10,35,1,wk inc rsv prop ed visits,2026-10-17,quantile,0.3,2.0878129741445624e-4
2026-10-10,35,1,wk inc rsv prop ed visits,2026-10-17,quantile,0.35,2.4908767816346803e-4
2026-10-10,35,1,wk inc rsv prop ed visits,2026-10-17,quantile,0.4,2.672761505715973e-4
2026-10-10,35,1,wk inc rsv prop ed visits,2026-10-17,quantile,0.45,3.0670264104748404e-4
2026-10-10,35,1,wk inc rsv prop ed visits,2026-10-17,quantile,0.5,3.401651071729867e-4
2026-10-10,35,1,wk inc rsv prop ed visits,2026-10-17,quantile,0.55,3.63542410673136e-4
2026-10-10,35,1,wk inc rsv prop ed visits,2026-10-17,quantile,0.6,4.067932756183846e-4
2026-10-10,35,1,wk inc rsv prop ed visits,2026-10-17,quantile,0.65,4.333433465818395e-4
2026-10-10,35,1,wk inc rsv prop ed visits,2026-10-17,quantile,0.7,4.8350064079935866e-4
2026-10-10,35,1,wk inc rsv prop ed visits,2026-10-17,quantile,0.75,5.366993157879332e-4
2026-10-10,35,1,wk inc rsv prop ed visits,2026-10-17,quantile,0.8,6.363008203011139e-4
2026-10-10,35,1,wk inc rsv prop ed visits,2026-10-17,quantile,0.85,7.798048172569698e-4
2026-10-10,35,1,wk inc rsv prop ed visits,2026-10-17,quantile,0.9,0.001010265038760872
2026-10-10,35,1,wk inc rsv prop ed visits,2026-10-17,quantile,0.95,0.001463729487935684
2026-10-10,35,1,wk inc rsv prop ed visits,2026-10-17,quantile,0.975,0.0019018249101747922
2026-10-10,35,1,wk inc rsv prop ed visits,2026-10-17,quantile,0.99,0.002095250862802054
2026-10-10,35,2,wk inc rsv prop ed visits,2026-10-24,quantile,0.01,0
2026-10-10,35,2,wk inc rsv prop ed visits,2026-10-24,quantile,0.025,2.3072468825804003e-5
2026-10-10,35,2,wk inc rsv prop ed visits,2026-10-24,quantile,0.05,7.297827286407521e-5
2026-10-10,35,2,wk inc rsv prop ed visits,2026-10-24,quantile,0.1,1.0393515254184424e-4
2026-10-10,35,2,wk inc rsv prop ed visits,2026-10-24,quantile,0.15,1.5225843071143253e-4
2026-10-10,35,2,wk inc rsv prop ed visits,2026-10-24,quantile,0.2,1.9812258942917624e-4
2026-10-10,35,2,wk inc rsv prop ed visits,2026-10-24,quantile,0.25,2.1662329331505442e-4
2026-10-10,35,2,wk inc rsv prop ed visits,2026-10-24,quantile,0.3,2.602752878279869e-4
2026-10-10,35,2,wk inc rsv prop ed visits,2026-10-24,quantile,0.35,2.811853618118976e-4
2026-10-10,35,2,wk inc rsv prop ed visits,2026-10-24,quantile,0.4,3.2138284509986904e-4
2026-10-10,35,2,wk inc rsv prop ed visits,2026-10-24,quantile,0.45,3.6415194665159577e-4
2026-10-10,35,2,wk inc rsv prop ed visits,2026-10-24,quantile,0.5,3.928732795289875e-4
2026-10-10,35,2,wk inc rsv prop ed visits,2026-10-24,quantile,0.55,4.4192138936027255e-4
2026-10-10,35,2,wk inc rsv prop ed visits,2026-10-24,quantile,0.6,5.022647117835549e-4
2026-10-10,35,2,wk inc rsv prop ed visits,2026-10-24,quantile,0.65,5.55306167936948e-4
2026-10-10,35,2,wk inc rsv prop ed visits,2026-10-24,quantile,0.7,6.253287902101552e-4
2026-10-10,35,2,wk inc rsv prop ed visits,2026-10-24,quantile,0.75,7.072194186635271e-4
2026-10-10,35,2,wk inc rsv prop ed visits,2026-10-24,quantile,0.8,8.249353686459215e-4
2026-10-10,35,2,wk inc rsv prop ed visits,2026-10-24,quantile,0.85,0.0010386970932687546
2026-10-10,35,2,wk inc rsv prop ed visits,2026-10-24,quantile,0.9,0.0014265403454637336
2026-10-10,35,2,wk inc rsv prop ed visits,2026-10-24,quantile,0.95,0.002284250126632201
2026-10-10,35,2,wk inc rsv prop ed visits,2026-10-24,quantile,0.975,0.0030805308168860143
2026-10-10,35,2,wk inc rsv prop ed visits,2026-10-24,quantile,0.99,0.0035713617664131104
2026-10-10,35,3,wk inc rsv prop ed visits,2026-10-31,quantile,0.01,3.998998827738925e-5
2026-10-10,35,3,wk inc rsv prop ed visits,2026-10-31,quantile,0.025,7.96637623078407e-5
2026-10-10,35,3,wk inc rsv prop ed visits,2026-10-31,quantile,0.05,1.2851509260644947e-4
2026-10-10,35,3,wk inc rsv prop ed visits,2026-10-31,quantile,0.1,2.0093093704575657e-4
2026-10-10,35,3,wk inc rsv prop ed visits,2026-10-31,quantile,0.15,2.7010640725266897e-4
2026-10-10,35,3,wk inc rsv prop ed visits,2026-10-31,quantile,0.2,3.3806091439897293e-4
2026-10-10,35,3,wk inc rsv prop ed visits,2026-10-31,quantile,0.25,4.0672103117492665e-4
2026-10-10,35,3,wk inc rsv prop ed visits,2026-10-31,quantile,0.3,4.734616677999053e-4
2026-10-10,35,3,wk inc rsv prop ed visits,2026-10-31,quantile,0.35,5.454663572230733e-4
2026-10-10,35,3,wk inc rsv prop ed visits,2026-10-31,quantile,0.4,6.436962987296819e-4
2026-10-10,35,3,wk inc rsv prop ed visits,2026-10-31,quantile,0.45,7.139395684619397e-4
2026-10-10,35,3,wk inc rsv prop ed visits,2026-10-31,quantile,0.5,8.031880671006402e-4
2026-10-10,35,3,wk inc rsv prop ed visits,2026-10-31,quantile,0.55,9.13329534014802e-4
2026-10-10,35,3,wk inc rsv prop ed visits,2026-10-31,quantile,0.6,0.0010371964343385092
2026-10-10,35,3,wk inc rsv prop ed visits,2026-10-31,quantile,0.65,0.0012118108807405814
2026-10-10,35,3,wk inc rsv prop ed visits,2026-10-31,quantile,0.7,0.0013962127766625988
2026-10-10,35,3,wk inc rsv prop ed visits,2026-10-31,quantile,0.75,0.0016298584882319998
2026-10-10,35,3,wk inc rsv prop ed visits,2026-10-31,quantile,0.8,0.0018559261589406674
2026-10-10,35,3,wk inc rsv prop ed visits,2026-10-31,quantile,0.85,0.0021635000551579494
2026-10-10,35,3,wk inc rsv prop ed visits,2026-10-31,quantile,0.9,0.002734342084701555
2026-10-10,35,3,wk inc rsv prop ed visits,2026-10-31,quantile,0.95,0.0028088926462374294
2026-10-10,35,3,wk inc rsv prop ed visits,2026-10-31,quantile,0.975,0.002902065806036449
2026-10-10,35,3,wk inc rsv prop ed visits,2026-10-31,quantile,0.99,0.002998959290036241
2026-10-10,36,0,wk inc rsv prop ed visits,2026-10-10,quantile,0.01,8.917454244776024e-5
2026-10-10,36,0,wk inc rsv prop ed visits,2026-10-10,quantile,0.025,1.1578627591978316e-4
2026-10-10,36,0,wk inc rsv prop ed visits,2026-10-10,quantile,0.05,1.4518612082677665e-4
2026-10-10,36,0,wk inc rsv prop ed visits,2026-10-10,quantile,0.1,1.7277059893587576e-4
2026-10-10,36,0,wk inc rsv prop ed visits,2026-10-10,quantile,0.15,1.9283019461180688e-4
2026-10-10,36,0,wk inc rsv prop ed visits,2026-10-10,quantile,0.2,2.0504048484283003e-4
2026-10-10,36,0,wk inc rsv prop ed visits,2026-10-10,quantile,0.25,2.1687808017912998e-4
2026-10-10,36,0,wk inc rsv prop ed visits,2026-10-10,quantile,0.3,2.294546570364609e-4
2026-10-10,36,0,wk inc rsv prop ed visits,2026-10-10,quantile,0.35,2.4152822041252162e-4
2026-10-10,36,0,wk inc rsv prop ed visits,2026-10-10,quantile,0.4,2.5011250884616045e-4
2026-10-10,36,0,wk inc rsv prop ed visits,2026-10-10,quantile,0.45,2.603957354218063e-4
2026-10-10,36,0,wk inc rsv prop ed visits,2026-10-10,quantile,0.5,2.6965385388200147e-4
2026-10-10,36,0,wk inc rsv prop ed visits,2026-10-10,quantile,0.55,2.8256337056113603e-4
2026-10-10,36,0,wk inc rsv prop ed visits,2026-10-10,quantile,0.6,3.0232295456393744e-4
2026-10-10,36,0,wk inc rsv prop ed visits,2026-10-10,quantile,0.65,3.228596686733232e-4
2026-10-10,36,0,wk inc rsv prop ed visits,2026-10-10,quantile,0.7,3.446690080661481e-4
2026-10-10,36,0,wk inc rsv prop ed visits,2026-10-10,quantile,0.75,3.6743011857062594e-4
2026-10-10,36,0,wk inc rsv prop ed visits,2026-10-10,quantile,0.8,3.8717473419813426e-4
2026-10-10,36,0,wk inc rsv prop ed visits,2026-10-10,quantile,0.85,4.1067931339326875e-4
2026-10-10,36,0,wk inc rsv prop ed visits,2026-10-10,quantile,0.9,4.452259889325033e-4
2026-10-10,36,0,wk inc rsv prop ed visits,2026-10-10,quantile,0.95,4.974825288871137e-4
2026-10-10,36,0,wk inc rsv prop ed visits,2026-10-10,quantile,0.975,5.46212209751632e-4
2026-10-10,36,0,wk inc rsv prop ed visits,2026-10-10,quantile,0.99,6.030753671075037e-4
2026-10-10,36,1,wk inc rsv prop ed visits,2026-10-17,quantile,0.01,9.958709544154111e-5
2026-10-10,36,1,wk inc rsv prop ed visits,2026-10-17,quantile,0.025,1.3214651280686965e-4
2026-10-10,36,1,wk inc rsv prop ed visits,2026-10-17,quantile,0.05,1.5880765625690641e-4
2026-10-10,36,1,wk inc rsv prop ed visits,2026-10-17,quantile,0.1,1.9796547287808386e-4
2026-10-10,36,1,wk inc rsv prop ed visits,2026-10-17,quantile,0.15,2.2545916981853219e-4
2026-10-10,36,1,wk inc rsv prop ed visits,2026-10-17,quantile,0.2,2.4641469666022086e-4
2026-10-10,36,1,wk inc rsv prop ed visits,2026-10-17,quantile,0.25,2.6513237026309694e-4
2026-10-10,36,1,wk inc rsv prop ed visits,2026-10-17,quantile,0.3,2.8009814663602483e-4
2026-10-10,36,1,wk inc rsv prop ed visits,2026-10-17,quantile,0.35,2.9569492890874023e-4
2026-10-10,36,1,wk inc rsv prop ed visits,2026-10-17,quantile,0.4,3.0952719092219286e-4
2026-10-10,36,1,wk inc rsv prop ed visits,2026-10-17,quantile,0.45,3.239739875769912e-4
2026-10-10,36,1,wk inc rsv prop ed visits,2026-10-17,quantile,0.5,3.3983201892640074e-4
2026-10-10,36,1,wk inc rsv prop ed visits,2026-10-17,quantile,0.55,3.60848392819665e-4
2026-10-10,36,1,wk inc rsv prop ed visits,2026-10-17,quantile,0.6,3.8363775859175033e-4
2026-10-10,36,1,wk inc rsv prop ed visits,2026-10-17,quantile,0.65,4.1052545550557376e-4
2026-10-10,36,1,wk inc rsv prop ed visits,2026-10-17,quantile,0.7,4.346119495260587e-4
2026-10-10,36,1,wk inc rsv prop ed visits,2026-10-17,quantile,0.75,4.644377167112638e-4
2026-10-10,36,1,wk inc rsv prop ed visits,2026-10-17,quantile,0.8,5.045311020688198e-4
2026-10-10,36,1,wk inc rsv prop ed visits,2026-10-17,quantile,0.85,5.568540358358393e-4
2026-10-10,36,1,wk inc rsv prop ed visits,2026-10-17,quantile,0.9,6.270109925840088e-4
2026-10-10,36,1,wk inc rsv prop ed visits,2026-10-17,quantile,0.95,7.418276456791912e-4
2026-10-10,36,1,wk inc rsv prop ed visits,2026-10-17,quantile,0.975,8.306879067099769e-4
2026-10-10,36,1,wk inc rsv prop ed visits,2026-10-17,quantile,0.99,9.501538644639644e-4
2026-10-10,36,2,wk inc rsv prop ed visits,2026-10-24,quantile,0.01,9.121318616558509e-5
2026-10-10,36,2,wk inc rsv prop ed visits,2026-10-24,quantile,0.025,1.314476168000596e-4
2026-10-10,36,2,wk inc rsv prop ed visits,2026-10-24,quantile,0.05,1.7786440785128366e-4
2026-10-10,36,2,wk inc rsv prop ed visits,2026-10-24,quantile,0.1,2.3197921561911802e-4
2026-10-10,36,2,wk inc rsv prop ed visits,2026-10-24,quantile,0.15,2.6511479887702383e-4
2026-10-10,36,2,wk inc rsv prop ed visits,2026-10-24,quantile,0.2,2.90323919240813e-4
2026-10-10,36,2,wk inc rsv prop ed visits,2026-10-24,quantile,0.25,3.1211870747958285e-4
2026-10-10,36,2,wk inc rsv prop ed visits,2026-10-24,quantile,0.3,3.327054933283433e-4
2026-10-10,36,2,wk inc rsv prop ed visits,2026-10-24,quantile,0.35,3.538909654381869e-4
2026-10-10,36,2,wk inc rsv prop ed visits,2026-10-24,quantile,0.4,3.7291836299701284e-4
2026-10-10,36,2,wk inc rsv prop ed visits,2026-10-24,quantile,0.45,3.917868966065397e-4
2026-10-10,36,2,wk inc rsv prop ed visits,2026-10-24,quantile,0.5,4.1968745826036165e-4
2026-10-10,36,2,wk inc rsv prop ed visits,2026-10-24,quantile,0.55,4.530569822774639e-4
2026-10-10,36,2,wk inc rsv prop ed visits,2026-10-24,quantile,0.6,4.869018146536659e-4
2026-10-10,36,2,wk inc rsv prop ed visits,2026-10-24,quantile,0.65,5.254466515531045e-4
2026-10-10,36,2,wk inc rsv prop ed visits,2026-10-24,quantile,0.7,5.676186158125921e-4
2026-10-10,36,2,wk inc rsv prop ed visits,2026-10-24,quantile,0.75,6.145214597871709e-4
2026-10-10,36,2,wk inc rsv prop ed visits,2026-10-24,quantile,0.8,6.821529308266927e-4
2026-10-10,36,2,wk inc rsv prop ed visits,2026-10-24,quantile,0.85,7.553381775781295e-4
2026-10-10,36,2,wk inc rsv prop ed visits,2026-10-24,quantile,0.9,8.418241747936415e-4
2026-10-10,36,2,wk inc rsv prop ed visits,2026-10-24,quantile,0.95,0.0010113970741796369
2026-10-10,36,2,wk inc rsv prop ed visits,2026-10-24,quantile,0.975,0.0011800711598286338
2026-10-10,36,2,wk inc rsv prop ed visits,2026-10-24,quantile,0.99,0.001297507598478877
2026-10-10,36,3,wk inc rsv prop ed visits,2026-10-31,quantile,0.01,6.411317458841965e-5
2026-10-10,36,3,wk inc rsv prop ed visits,2026-10-31,quantile,0.025,1.0996655475473179e-4
2026-10-10,36,3,wk inc rsv prop ed visits,2026-10-31,quantile,0.05,1.63831347302521e-4
2026-10-10,36,3,wk inc rsv prop ed visits,2026-10-31,quantile,0.1,2.2954251020569158e-4
2026-10-10,36,3,wk inc rsv prop ed visits,2026-10-31,quantile,0.15,2.832466487206025e-4
2026-10-10,36,3,wk inc rsv prop ed visits,2026-10-31,quantile,0.2,3.2725677055683204e-4
2026-10-10,36,3,wk inc rsv prop ed visits,2026-10-31,quantile,0.25,3.674527655527388e-4
2026-10-10,36,3,wk inc rsv prop ed visits,2026-10-31,quantile,0.3,4.1117623818867903e-4
2026-10-10,36,3,wk inc rsv prop ed visits,2026-10-31,quantile,0.35,4.488281042311213e-4
2026-10-10,36,3,wk inc rsv prop ed visits,2026-10-31,quantile,0.4,4.8522526568702483e-4
2026-10-10,36,3,wk inc rsv prop ed visits,2026-10-31,quantile,0.45,5.255718889958395e-4
2026-10-10,36,3,wk inc rsv prop ed visits,2026-10-31,quantile,0.5,5.691678043184507e-4
2026-10-10,36,3,wk inc rsv prop ed visits,2026-10-31,quantile,0.55,6.079031859670177e-4
2026-10-10,36,3,wk inc rsv prop ed visits,2026-10-31,quantile,0.6,6.542286132139414e-4
2026-10-10,36,3,wk inc rsv prop ed visits,2026-10-31,quantile,0.65,6.988609875871036e-4
2026-10-10,36,3,wk inc rsv prop ed visits,2026-10-31,quantile,0.7,7.668171257420267e-4
2026-10-10,36,3,wk inc rsv prop ed visits,2026-10-31,quantile,0.75,8.341719176405284e-4
2026-10-10,36,3,wk inc rsv prop ed visits,2026-10-31,quantile,0.8,9.195091170786959e-4
2026-10-10,36,3,wk inc rsv prop ed visits,2026-10-31,quantile,0.85,0.0010138624212029485
2026-10-10,36,3,wk inc rsv prop ed visits,2026-10-31,quantile,0.9,0.0011375489839122437
2026-10-10,36,3,wk inc rsv prop ed visits,2026-10-31,quantile,0.95,0.0013748984611806625
2026-10-10,36,3,wk inc rsv prop ed visits,2026-10-31,quantile,0.975,0.001650403722532531
2026-10-10,36,3,wk inc rsv prop ed visits,2026-10-31,quantile,0.99,0.0017328893319745072
2026-10-10,37,0,wk inc rsv prop ed visits,2026-10-10,quantile,0.01,1.8738625366404414e-4
2026-10-10,37,0,wk inc rsv prop ed visits,2026-10-10,quantile,0.025,2.103262880008319e-4
2026-10-10,37,0,wk inc rsv prop ed visits,2026-10-10,quantile,0.05,2.4516370938923655e-4
2026-10-10,37,0,wk inc rsv prop ed visits,2026-10-10,quantile,0.1,3.0855609211292973e-4
2026-10-10,37,0,wk inc rsv prop ed visits,2026-10-10,quantile,0.15,3.4254652053752844e-4
2026-10-10,37,0,wk inc rsv prop ed visits,2026-10-10,quantile,0.2,3.6406066325987604e-4
2026-10-10,37,0,wk inc rsv prop ed visits,2026-10-10,quantile,0.25,3.853348201906245e-4
2026-10-10,37,0,wk inc rsv prop ed visits,2026-10-10,quantile,0.3,4.012291270447018e-4
2026-10-10,37,0,wk inc rsv prop ed visits,2026-10-10,quantile,0.35,4.2403255302661254e-4
2026-10-10,37,0,wk inc rsv prop ed visits,2026-10-10,quantile,0.4,4.4905017096459284e-4
2026-10-10,37,0,wk inc rsv prop ed visits,2026-10-10,quantile,0.45,4.719654197152441e-4
2026-10-10,37,0,wk inc rsv prop ed visits,2026-10-10,quantile,0.5,4.956656312696858e-4
2026-10-10,37,0,wk inc rsv prop ed visits,2026-10-10,quantile,0.55,5.227382614152007e-4
2026-10-10,37,0,wk inc rsv prop ed visits,2026-10-10,quantile,0.6,5.49015458359176e-4
2026-10-10,37,0,wk inc rsv prop ed visits,2026-10-10,quantile,0.65,5.778448934497971e-4
2026-10-10,37,0,wk inc rsv prop ed visits,2026-10-10,quantile,0.7,6.033717324540032e-4
2026-10-10,37,0,wk inc rsv prop ed visits,2026-10-10,quantile,0.75,6.290782265479106e-4
2026-10-10,37,0,wk inc rsv prop ed visits,2026-10-10,quantile,0.8,6.539967497804079e-4
2026-10-10,37,0,wk inc rsv prop ed visits,2026-10-10,quantile,0.85,6.896605304745952e-4
2026-10-10,37,0,wk inc rsv prop ed visits,2026-10-10,quantile,0.9,7.3655418059423e-4
2026-10-10,37,0,wk inc rsv prop ed visits,2026-10-10,quantile,0.95,8.11290359195981e-4
2026-10-10,37,0,wk inc rsv prop ed visits,2026-10-10,quantile,0.975,8.738609074232076e-4
2026-10-10,37,0,wk inc rsv prop ed visits,2026-10-10,quantile,0.99,9.656682704700832e-4
2026-10-10,37,1,wk inc rsv prop ed visits,2026-10-17,quantile,0.01,1.7320564659607882e-4
2026-10-10,37,1,wk inc rsv prop ed visits,2026-10-17,quantile,0.025,2.107082392658705e-4
2026-10-10,37,1,wk inc rsv prop ed visits,2026-10-17,quantile,0.05,2.57415378107709e-4
2026-10-10,37,1,wk inc rsv prop ed visits,2026-10-17,quantile,0.1,3.238883140900599e-4
2026-10-10,37,1,wk inc rsv prop ed visits,2026-10-17,quantile,0.15,3.670957501389656e-4
2026-10-10,37,1,wk inc rsv prop ed visits,2026-10-17,quantile,0.2,4.036672774865908e-4
2026-10-10,37,1,wk inc rsv prop ed visits,2026-10-17,quantile,0.25,4.380138788679237e-4
2026-10-10,37,1,wk inc rsv prop ed visits,2026-10-17,quantile,0.3,4.693939075905504e-4
2026-10-10,37,1,wk inc rsv prop ed visits,2026-10-17,quantile,0.35,4.995622671488997e-4
2026-10-10,37,1,wk inc rsv prop ed visits,2026-10-17,quantile,0.4,5.260654436430631e-4
2026-10-10,37,1,wk inc rsv prop ed visits,2026-10-17,quantile,0.45,5.58021094062178e-4
2026-10-10,37,1,wk inc rsv prop ed visits,2026-10-17,quantile,0.5,5.928403628420824e-4
2026-10-10,37,1,wk inc rsv prop ed visits,2026-10-17,quantile,0.55,6.273632976495822e-4
2026-10-10,37,1,wk inc rsv prop ed visits,2026-10-17,quantile,0.6,6.618397701039021e-4
2026-10-10,37,1,wk inc rsv prop ed visits,2026-10-17,quantile,0.65,7.000717422283393e-4
2026-10-10,37,1,wk inc rsv prop ed visits,2026-10-17,quantile,0.7,7.432261984760819e-4
2026-10-10,37,1,wk inc rsv prop ed visits,2026-10-17,quantile,0.75,7.88282830830777e-4
2026-10-10,37,1,wk inc rsv prop ed visits,2026-10-17,quantile,0.8,8.427362377564033e-4
2026-10-10,37,1,wk inc rsv prop ed visits,2026-10-17,quantile,0.85,9.151173910279535e-4
2026-10-10,37,1,wk inc rsv prop ed visits,2026-10-17,quantile,0.9,0.0010060740502086064
2026-10-10,37,1,wk inc rsv prop ed visits,2026-10-17,quantile,0.95,0.001148475735445476
2026-10-10,37,1,wk inc rsv prop ed visits,2026-10-17,quantile,0.975,0.001257761465902582
2026-10-10,37,1,wk inc rsv prop ed visits,2026-10-17,quantile,0.99,0.0014679419287182247
2026-10-10,37,2,wk inc rsv prop ed visits,2026-10-24,quantile,0.01,2.005066977949917e-4
2026-10-10,37,2,wk inc rsv prop ed visits,2026-10-24,quantile,0.025,2.588551822588839e-4
2026-10-10,37,2,wk inc rsv prop ed visits,2026-10-24,quantile,0.05,2.969931221766865e-4
2026-10-10,37,2,wk inc rsv prop ed visits,2026-10-24,quantile,0.1,3.572592097279935e-4
2026-10-10,37,2,wk inc rsv prop ed visits,2026-10-24,quantile,0.15,4.076435900855876e-4
2026-10-10,37,2,wk inc rsv prop ed visits,2026-10-24,quantile,0.2,4.541457141743454e-4
2026-10-10,37,2,wk inc rsv prop ed visits,2026-10-24,quantile,0.25,4.938187507884788e-4
2026-10-10,37,2,wk inc rsv prop ed visits,2026-10-24,quantile,0.3,5.379770472714893e-4
2026-10-10,37,2,wk inc rsv prop ed visits,2026-10-24,quantile,0.35,5.786976738927669e-4
2026-10-10,37,2,wk inc rsv prop ed visits,2026-10-24,quantile,0.4,6.179605495780751e-4
2026-10-10,37,2,wk inc rsv prop ed visits,2026-10-24,quantile,0.45,6.595688555366256e-4
2026-10-10,37,2,wk inc rsv prop ed visits,2026-10-24,quantile,0.5,7.064208601732511e-4
2026-10-10,37,2,wk inc rsv prop ed visits,2026-10-24,quantile,0.55,7.553602242907541e-4
2026-10-10,37,2,wk inc rsv prop ed visits,2026-10-24,quantile,0.6,8.076908848173393e-4
2026-10-10,37,2,wk inc rsv prop ed visits,2026-10-24,quantile,0.65,8.664275671601859e-4
2026-10-10,37,2,wk inc rsv prop ed visits,2026-10-24,quantile,0.7,9.266100814119846e-4
2026-10-10,37,2,wk inc rsv prop ed visits,2026-10-24,quantile,0.75,9.971218267367237e-4
2026-10-10,37,2,wk inc rsv prop ed visits,2026-10-24,quantile,0.8,0.001085455587521121
2026-10-10,37,2,wk inc rsv prop ed visits,2026-10-24,quantile,0.85,0.0011979009962722453
2026-10-10,37,2,wk inc rsv prop ed visits,2026-10-24,quantile,0.9,0.0013540622086325766
2026-10-10,37,2,wk inc rsv prop ed visits,2026-10-24,quantile,0.95,0.0016121336480494565
2026-10-10,37,2,wk inc rsv prop ed visits,2026-10-24,quantile,0.975,0.001797786855955292
2026-10-10,37,2,wk inc rsv prop ed visits,2026-10-24,quantile,0.99,0.0020285980538010126
2026-10-10,37,3,wk inc rsv prop ed visits,2026-10-31,quantile,0.01,1.7679043421567608e-4
2026-10-10,37,3,wk inc rsv prop ed visits,2026-10-31,quantile,0.025,2.954205729203928e-4
2026-10-10,37,3,wk inc rsv prop ed visits,2026-10-31,quantile,0.05,3.7729992163577914e-4
2026-10-10,37,3,wk inc rsv prop ed visits,2026-10-31,quantile,0.1,4.782084181814645e-4
2026-10-10,37,3,wk inc rsv prop ed visits,2026-10-31,quantile,0.15,5.56454328145368e-4
2026-10-10,37,3,wk inc rsv prop ed visits,2026-10-31,quantile,0.2,6.249779969342483e-4
2026-10-10,37,3,wk inc rsv prop ed visits,2026-10-31,quantile,0.25,6.971593576637092e-4
2026-10-10,37,3,wk inc rsv prop ed visits,2026-10-31,quantile,0.3,7.622895970049598e-4
2026-10-10,37,3,wk inc rsv prop ed visits,2026-10-31,quantile,0.35,8.179536022009467e-4
2026-10-10,37,3,wk inc rsv prop ed visits,2026-10-31,quantile,0.4,8.803221849779595e-4
2026-10-10,37,3,wk inc rsv prop ed visits,2026-10-31,quantile,0.45,9.38048457530948e-4
2026-10-10,37,3,wk inc rsv prop ed visits,2026-10-31,quantile,0.5,0.0010059348189586088
2026-10-10,37,3,wk inc rsv prop ed visits,2026-10-31,quantile,0.55,0.0010786487876546405
2026-10-10,37,3,wk inc rsv prop ed visits,2026-10-31,quantile,0.6,0.00115426094124638
2026-10-10,37,3,wk inc rsv prop ed visits,2026-10-31,quantile,0.65,0.0012413257777563616
2026-10-10,37,3,wk inc rsv prop ed visits,2026-10-31,quantile,0.7,0.0013185708965652552
2026-10-10,37,3,wk inc rsv prop ed visits,2026-10-31,quantile,0.75,0.0014084949941122575
2026-10-10,37,3,wk inc rsv prop ed visits,2026-10-31,quantile,0.8,0.0015265164676210878
2026-10-10,37,3,wk inc rsv prop ed visits,2026-10-31,quantile,0.85,0.0016789853584065202
2026-10-10,37,3,wk inc rsv prop ed visits,2026-10-31,quantile,0.9,0.0018726511575386166
2026-10-10,37,3,wk inc rsv prop ed visits,2026-10-31,quantile,0.95,0.002220025914210006
2026-10-10,37,3,wk inc rsv prop ed visits,2026-10-31,quantile,0.975,0.002549238888317513
2026-10-10,37,3,wk inc rsv prop ed visits,2026-10-31,quantile,0.99,0.0029573779987816864
2026-10-10,38,0,wk inc rsv prop ed visits,2026-10-10,quantile,0.01,4.253418480553348e-6
2026-10-10,38,0,wk inc rsv prop ed visits,2026-10-10,quantile,0.025,1.583828513665877e-5
2026-10-10,38,0,wk inc rsv prop ed visits,2026-10-10,quantile,0.05,3.144831761714641e-5
2026-10-10,38,0,wk inc rsv prop ed visits,2026-10-10,quantile,0.1,5.407270303194851e-5
2026-10-10,38,0,wk inc rsv prop ed visits,2026-10-10,quantile,0.15,1.1609874694488456e-4
2026-10-10,38,0,wk inc rsv prop ed visits,2026-10-10,quantile,0.2,1.271044037215318e-4
2026-10-10,38,0,wk inc rsv prop ed visits,2026-10-10,quantile,0.25,1.4082197107716582e-4
2026-10-10,38,0,wk inc rsv prop ed visits,2026-10-10,quantile,0.3,2.2110897803934761e-4
2026-10-10,38,0,wk inc rsv prop ed visits,2026-10-10,quantile,0.35,2.35896925410415e-4
2026-10-10,38,0,wk inc rsv prop ed visits,2026-10-10,quantile,0.4,2.513129702084611e-4
2026-10-10,38,0,wk inc rsv prop ed visits,2026-10-10,quantile,0.45,3.295910397372688e-4
2026-10-10,38,0,wk inc rsv prop ed visits,2026-10-10,quantile,0.5,3.486019497451444e-4
2026-10-10,38,0,wk inc rsv prop ed visits,2026-10-10,quantile,0.55,3.711874169995893e-4
2026-10-10,38,0,wk inc rsv prop ed visits,2026-10-10,quantile,0.6,4.472688200711111e-4
2026-10-10,38,0,wk inc rsv prop ed visits,2026-10-10,quantile,0.65,4.747773345667853e-4
2026-10-10,38,0,wk inc rsv prop ed visits,2026-10-10,quantile,0.7,5.525061859642388e-4
2026-10-10,38,0,wk inc rsv prop ed visits,2026-10-10,quantile,0.75,5.996873256155918e-4
2026-10-10,38,0,wk inc rsv prop ed visits,2026-10-10,quantile,0.8,6.84512349273687e-4
2026-10-10,38,0,wk inc rsv prop ed visits,2026-10-10,quantile,0.85,7.935877897101713e-4
2026-10-10,38,0,wk inc rsv prop ed visits,2026-10-10,quantile,0.9,9.333648049505807e-4
2026-10-10,38,0,wk inc rsv prop ed visits,2026-10-10,quantile,0.95,0.0012436488010238425
2026-10-10,38,0,wk inc rsv prop ed visits,2026-10-10,quantile,0.975,0.001545689778335939
2026-10-10,38,0,wk inc rsv prop ed visits,2026-10-10,quantile,0.99,0.0018158827462457046
2026-10-10,38,1,wk inc rsv prop ed visits,2026-10-17,quantile,0.01,9.221462170282651e-7
2026-10-10,38,1,wk inc rsv prop ed visits,2026-10-17,quantile,0.025,9.997654468868957e-6
2026-10-10,38,1,wk inc rsv prop ed visits,2026-10-17,quantile,0.05,3.29935052909689e-5
2026-10-10,38,1,wk inc rsv prop ed visits,2026-10-17,quantile,0.1,8.996835291506397e-5
2026-10-10,38,1,wk inc rsv prop ed visits,2026-10-17,quantile,0.15,1.3000491396012416e-4
2026-10-10,38,1,wk inc rsv prop ed visits,2026-10-17,quantile,0.2,2.1115097184528134e-4
2026-10-10,38,1,wk inc rsv prop ed visits,2026-10-17,quantile,0.25,2.341402774525646e-4
2026-10-10,38,1,wk inc rsv prop ed visits,2026-10-17,quantile,0.3,2.631852280464858e-4
2026-10-10,38,1,wk inc rsv prop ed visits,2026-10-17,quantile,0.35,3.357275300989367e-4
2026-10-10,38,1,wk inc rsv prop ed visits,2026-10-17,quantile,0.4,3.699072127936792e-4
2026-10-10,38,1,wk inc rsv prop ed visits,2026-10-17,quantile,0.45,4.5012398669874254e-4
2026-10-10,38,1,wk inc rsv prop ed visits,2026-10-17,quantile,0.5,5.275103401760598e-4
2026-10-10,38,1,wk inc rsv prop ed visits,2026-10-17,quantile,0.55,5.724732851153081e-4
2026-10-10,38,1,wk inc rsv prop ed visits,2026-10-17,quantile,0.6,6.681231797652529e-4
2026-10-10,38,1,wk inc rsv prop ed visits,2026-10-17,quantile,0.65,7.676909681311802e-4
2026-10-10,38,1,wk inc rsv prop ed visits,2026-10-17,quantile,0.7,8.682389920373796e-4
2026-10-10,38,1,wk inc rsv prop ed visits,2026-10-17,quantile,0.75,9.96044612856654e-4
2026-10-10,38,1,wk inc rsv prop ed visits,2026-10-17,quantile,0.8,0.0011762449513501075
2026-10-10,38,1,wk inc rsv prop ed visits,2026-10-17,quantile,0.85,0.0014163057683066684
2026-10-10,38,1,wk inc rsv prop ed visits,2026-10-17,quantile,0.9,0.0017198950679469661
2026-10-10,38,1,wk inc rsv prop ed visits,2026-10-17,quantile,0.95,0.002412531362637832
2026-10-10,38,1,wk inc rsv prop ed visits,2026-10-17,quantile,0.975,0.0027439637776808146
2026-10-10,38,1,wk inc rsv prop ed visits,2026-10-17,quantile,0.99,0.002949055524544472
2026-10-10,38,2,wk inc rsv prop ed visits,2026-10-24,quantile,0.01,0
2026-10-10,38,2,wk inc rsv prop ed visits,2026-10-24,quantile,0.025,6.635116286767037e-6
2026-10-10,38,2,wk inc rsv prop ed visits,2026-10-24,quantile,0.05,2.727827599817332e-5
2026-10-10,38,2,wk inc rsv prop ed visits,2026-10-24,quantile,0.1,8.213298830710942e-5
2026-10-10,38,2,wk inc rsv prop ed visits,2026-10-24,quantile,0.15,1.4950143220145514e-4
2026-10-10,38,2,wk inc rsv prop ed visits,2026-10-24,quantile,0.2,2.1363072189096722e-4
2026-10-10,38,2,wk inc rsv prop ed visits,2026-10-24,quantile,0.25,3.112918716914837e-4
2026-10-10,38,2,wk inc rsv prop ed visits,2026-10-24,quantile,0.3,3.557998453860875e-4
2026-10-10,38,2,wk inc rsv prop ed visits,2026-10-24,quantile,0.35,4.4262661536741355e-4
2026-10-10,38,2,wk inc rsv prop ed visits,2026-10-24,quantile,0.4,5.314157188152248e-4
2026-10-10,38,2,wk inc rsv prop ed visits,2026-10-24,quantile,0.45,6.277599721780552e-4
2026-10-10,38,2,wk inc rsv prop ed visits,2026-10-24,quantile,0.5,7.279138128883198e-4
2026-10-10,38,2,wk inc rsv prop ed visits,2026-10-24,quantile,0.55,8.466494328898117e-4
2026-10-10,38,2,wk inc rsv prop ed visits,2026-10-24,quantile,0.6,9.748340003924964e-4
2026-10-10,38,2,wk inc rsv prop ed visits,2026-10-24,quantile,0.65,0.0011719106342853516
2026-10-10,38,2,wk inc rsv prop ed visits,2026-10-24,quantile,0.7,0.0013892866119467285
2026-10-10,38,2,wk inc rsv prop ed visits,2026-10-24,quantile,0.75,0.0016363114119579848
2026-10-10,38,2,wk inc rsv prop ed visits,2026-10-24,quantile,0.8,0.0019460007522080862
2026-10-10,38,2,wk inc rsv prop ed visits,2026-10-24,quantile,0.85,0.002461048436504492
2026-10-10,38,2,wk inc rsv prop ed visits,2026-10-24,quantile,0.9,0.0031779372885822896
2026-10-10,38,2,wk inc rsv prop ed visits,2026-10-24,quantile,0.95,0.0034532701220085977
2026-10-10,38,2,wk inc rsv prop ed visits,2026-10-24,quantile,0.975,0.0037549931038675186
2026-10-10,38,2,wk inc rsv prop ed visits,2026-10-24,quantile,0.99,0.004088969568644057
2026-10-10,38,3,wk inc rsv prop ed visits,2026-10-31,quantile,0.01,6.571608755633425e-6
2026-10-10,38,3,wk inc rsv prop ed visits,2026-10-31,quantile,0.025,1.1866203433889164e-5
2026-10-10,38,3,wk inc rsv prop ed visits,2026-10-31,quantile,0.05,2.395131761679891e-5
2026-10-10,38,3,wk inc rsv prop ed visits,2026-10-31,quantile,0.1,8.285429894840594e-5
2026-10-10,38,3,wk inc rsv prop ed visits,2026-10-31,quantile,0.15,1.514575093446794e-4
2026-10-10,38,3,wk inc rsv prop ed visits,2026-10-31,quantile,0.2,2.1881702962903008e-4
2026-10-10,38,3,wk inc rsv prop ed visits,2026-10-31,quantile,0.25,3.0730956378002074e-4
2026-10-10,38,3,wk inc rsv prop ed visits,2026-10-31,quantile,0.3,4.061787114627211e-4
2026-10-10,38,3,wk inc rsv prop ed visits,2026-10-31,quantile,0.35,5.254442032443254e-4
2026-10-10,38,3,wk inc rsv prop ed visits,2026-10-31,quantile,0.4,6.560882346822259e-4
2026-10-10,38,3,wk inc rsv prop ed visits,2026-10-31,quantile,0.45,8.008445674646521e-4
2026-10-10,38,3,wk inc rsv prop ed visits,2026-10-31,quantile,0.5,9.923720435527947e-4
2026-10-10,38,3,wk inc rsv prop ed visits,2026-10-31,quantile,0.55,0.0013155173536684639
2026-10-10,38,3,wk inc rsv prop ed visits,2026-10-31,quantile,0.6,0.0017038420443856032
2026-10-10,38,3,wk inc rsv prop ed visits,2026-10-31,quantile,0.65,0.0021007434441803977
2026-10-10,38,3,wk inc rsv prop ed visits,2026-10-31,quantile,0.7,0.002690460154156675
2026-10-10,38,3,wk inc rsv prop ed visits,2026-10-31,quantile,0.75,0.003343678816293027
2026-10-10,38,3,wk inc rsv prop ed visits,2026-10-31,quantile,0.8,0.003908912703004255
2026-10-10,38,3,wk inc rsv prop ed visits,2026-10-31,quantile,0.85,0.003938053794081839
2026-10-10,38,3,wk inc rsv prop ed visits,2026-10-31,quantile,0.9,0.003977248215317446
2026-10-10,38,3,wk inc rsv prop ed visits,2026-10-31,quantile,0.95,0.004043475856738623
2026-10-10,38,3,wk inc rsv prop ed visits,2026-10-31,quantile,0.975,0.004109250508301201
2026-10-10,38,3,wk inc rsv prop ed visits,2026-10-31,quantile,0.99,0.0041741577017934154
2026-10-10,39,0,wk inc rsv prop ed visits,2026-10-10,quantile,0.01,2.0492637145272177e-5
2026-10-10,39,0,wk inc rsv prop ed visits,2026-10-10,quantile,0.025,2.9665832163467124e-5
2026-10-10,39,0,wk inc rsv prop ed visits,2026-10-10,quantile,0.05,3.993681145361613e-5
2026-10-10,39,0,wk inc rsv prop ed visits,2026-10-10,quantile,0.1,5.864573379911088e-5
2026-10-10,39,0,wk inc rsv prop ed visits,2026-10-10,quantile,0.15,6.856867465444254e-5
2026-10-10,39,0,wk inc rsv prop ed visits,2026-10-10,quantile,0.2,8.142137021905343e-5
2026-10-10,39,0,wk inc rsv prop ed visits,2026-10-10,quantile,0.25,9.431598248474254e-5
2026-10-10,39,0,wk inc rsv prop ed visits,2026-10-10,quantile,0.3,1.0335808016268256e-4
2026-10-10,39,0,wk inc rsv prop ed visits,2026-10-10,quantile,0.35,1.1098302196393031e-4
2026-10-10,39,0,wk inc rsv prop ed visits,2026-10-10,quantile,0.4,1.1805074986245269e-4
2026-10-10,39,0,wk inc rsv prop ed visits,2026-10-10,quantile,0.45,1.2605280203775395e-4
2026-10-10,39,0,wk inc rsv prop ed visits,2026-10-10,quantile,0.5,1.354256409382178e-4
2026-10-10,39,0,wk inc rsv prop ed visits,2026-10-10,quantile,0.55,1.4392079762607588e-4
2026-10-10,39,0,wk inc rsv prop ed visits,2026-10-10,quantile,0.6,1.5230904254589811e-4
2026-10-10,39,0,wk inc rsv prop ed visits,2026-10-10,quantile,0.65,1.6306765752206325e-4
2026-10-10,39,0,wk inc rsv prop ed visits,2026-10-10,quantile,0.7,1.743023257223565e-4
2026-10-10,39,0,wk inc rsv prop ed visits,2026-10-10,quantile,0.75,1.8806452045468932e-4
2026-10-10,39,0,wk inc rsv prop ed visits,2026-10-10,quantile,0.8,2.0394041186566045e-4
2026-10-10,39,0,wk inc rsv prop ed visits,2026-10-10,quantile,0.85,2.2390545861322638e-4
2026-10-10,39,0,wk inc rsv prop ed visits,2026-10-10,quantile,0.9,2.461936064521946e-4
2026-10-10,39,0,wk inc rsv prop ed visits,2026-10-10,quantile,0.95,2.9561431545494486e-4
2026-10-10,39,0,wk inc rsv prop ed visits,2026-10-10,quantile,0.975,3.553397455710876e-4
2026-10-10,39,0,wk inc rsv prop ed visits,2026-10-10,quantile,0.99,4.5713002807198466e-4
2026-10-10,39,1,wk inc rsv prop ed visits,2026-10-17,quantile,0.01,2.15294281148617e-5
2026-10-10,39,1,wk inc rsv prop ed visits,2026-10-17,quantile,0.025,3.294978207859153e-5
2026-10-10,39,1,wk inc rsv prop ed visits,2026-10-17,quantile,0.05,4.5943556529220674e-5
2026-10-10,39,1,wk inc rsv prop ed visits,2026-10-17,quantile,0.1,6.286951776078619e-5
2026-10-10,39,1,wk inc rsv prop ed visits,2026-10-17,quantile,0.15,8.345722430266636e-5
2026-10-10,39,1,wk inc rsv prop ed visits,2026-10-17,quantile,0.2,1.0150085443521346e-4
2026-10-10,39,1,wk inc rsv prop ed visits,2026-10-17,quantile,0.25,1.1681376166892876e-4
2026-10-10,39,1,wk inc rsv prop ed visits,2026-10-17,quantile,0.3,1.3060276224475934e-4
2026-10-10,39,1,wk inc rsv prop ed visits,2026-10-17,quantile,0.35,1.4329388462061107e-4
2026-10-10,39,1,wk inc rsv prop ed visits,2026-10-17,quantile,0.4,1.5528335910185314e-4
2026-10-10,39,1,wk inc rsv prop ed visits,2026-10-17,quantile,0.45,1.6777368243655954e-4
2026-10-10,39,1,wk inc rsv prop ed visits,2026-10-17,quantile,0.5,1.8031841330865293e-4
2026-10-10,39,1,wk inc rsv prop ed visits,2026-10-17,quantile,0.55,1.9539098704622572e-4
2026-10-10,39,1,wk inc rsv prop ed visits,2026-10-17,quantile,0.6,2.096203064201256e-4
2026-10-10,39,1,wk inc rsv prop ed visits,2026-10-17,quantile,0.65,2.2556015478506172e-4
2026-10-10,39,1,wk inc rsv prop ed visits,2026-10-17,quantile,0.7,2.447342532491658e-4
2026-10-10,39,1,wk inc rsv prop ed visits,2026-10-17,quantile,0.75,2.64512451042328e-4
2026-10-10,39,1,wk inc rsv prop ed visits,2026-10-17,quantile,0.8,2.850881800191484e-4
2026-10-10,39,1,wk inc rsv prop ed visits,2026-10-17,quantile,0.85,3.174024660003224e-4
2026-10-10,39,1,wk inc rsv prop ed visits,2026-10-17,quantile,0.9,3.607908164805926e-4
2026-10-10,39,1,wk inc rsv prop ed visits,2026-10-17,quantile,0.95,4.3677323161707995e-4
2026-10-10,39,1,wk inc rsv prop ed visits,2026-10-17,quantile,0.975,5.163759676794175e-4
2026-10-10,39,1,wk inc rsv prop ed visits,2026-10-17,quantile,0.99,6.769930632022661e-4
2026-10-10,39,2,wk inc rsv prop ed visits,2026-10-24,quantile,0.01,2.295775536606467e-5
2026-10-10,39,2,wk inc rsv prop ed visits,2026-10-24,quantile,0.025,3.6230288796135535e-5
2026-10-10,39,2,wk inc rsv prop ed visits,2026-10-24,quantile,0.05,5.137011504247994e-5
2026-10-10,39,2,wk inc rsv prop ed visits,2026-10-24,quantile,0.1,8.593231208953373e-5
2026-10-10,39,2,wk inc rsv prop ed visits,2026-10-24,quantile,0.15,1.0994996818487383e-4
2026-10-10,39,2,wk inc rsv prop ed visits,2026-10-24,quantile,0.2,1.2781634654431614e-4
2026-10-10,39,2,wk inc rsv prop ed visits,2026-10-24,quantile,0.25,1.4792688114350795e-4
2026-10-10,39,2,wk inc rsv prop ed visits,2026-10-24,quantile,0.3,1.626535966746542e-4
2026-10-10,39,2,wk inc rsv prop ed visits,2026-10-24,quantile,0.35,1.7948442434279142e-4
2026-10-10,39,2,wk inc rsv prop ed visits,2026-10-24,quantile,0.4,1.9607280909743235e-4
2026-10-10,39,2,wk inc rsv prop ed visits,2026-10-24,quantile,0.45,2.1326154670800403e-4
2026-10-10,39,2,wk inc rsv prop ed visits,2026-10-24,quantile,0.5,2.3094945625046806e-4
2026-10-10,39,2,wk inc rsv prop ed visits,2026-10-24,quantile,0.55,2.511201203829048e-4
2026-10-10,39,2,wk inc rsv prop ed visits,2026-10-24,quantile,0.6,2.7153388780278736e-4
2026-10-10,39,2,wk inc rsv prop ed visits,2026-10-24,quantile,0.65,2.9370557942612997e-4
2026-10-10,39,2,wk inc rsv prop ed visits,2026-10-24,quantile,0.7,3.173304286691513e-4
2026-10-10,39,2,wk inc rsv prop ed visits,2026-10-24,quantile,0.75,3.4569248598980144e-4
2026-10-10,39,2,wk inc rsv prop ed visits,2026-10-24,quantile,0.8,3.787092628685597e-4
2026-10-10,39,2,wk inc rsv prop ed visits,2026-10-24,quantile,0.85,4.231129275962403e-4
2026-10-10,39,2,wk inc rsv prop ed visits,2026-10-24,quantile,0.9,4.8189746556136535e-4
2026-10-10,39,2,wk inc rsv prop ed visits,2026-10-24,quantile,0.95,5.928300802910728e-4
2026-10-10,39,2,wk inc rsv prop ed visits,2026-10-24,quantile,0.975,7.185622885875595e-4
2026-10-10,39,2,wk inc rsv prop ed visits,2026-10-24,quantile,0.99,8.783741042514378e-4
2026-10-10,39,3,wk inc rsv prop ed visits,2026-10-31,quantile,0.01,1.7111447191636405e-5
2026-10-10,39,3,wk inc rsv prop ed visits,2026-10-31,quantile,0.025,2.865272147860321e-5
2026-10-10,39,3,wk inc rsv prop ed visits,2026-10-31,quantile,0.05,5.920111525260529e-5
2026-10-10,39,3,wk inc rsv prop ed visits,2026-10-31,quantile,0.1,1.0645991452829262e-4
2026-10-10,39,3,wk inc rsv prop ed visits,2026-10-31,quantile,0.15,1.4128986926975834e-4
2026-10-10,39,3,wk inc rsv prop ed visits,2026-10-31,quantile,0.2,1.774226692462998e-4
2026-10-10,39,3,wk inc rsv prop ed visits,2026-10-31,quantile,0.25,2.071029889178862e-4
2026-10-10,39,3,wk inc rsv prop ed visits,2026-10-31,quantile,0.3,2.332655843681948e-4
2026-10-10,39,3,wk inc rsv prop ed visits,2026-10-31,quantile,0.35,2.608732201170949e-4
2026-10-10,39,3,wk inc rsv prop ed visits,2026-10-31,quantile,0.4,2.897384616647762e-4
2026-10-10,39,3,wk inc rsv prop ed visits,2026-10-31,quantile,0.45,3.175395342654864e-4
2026-10-10,39,3,wk inc rsv prop ed visits,2026-10-31,quantile,0.5,3.589597145476085e-4
2026-10-10,39,3,wk inc rsv prop ed visits,2026-10-31,quantile,0.55,3.9359947208051466e-4
2026-10-10,39,3,wk inc rsv prop ed visits,2026-10-31,quantile,0.6,4.332830411316969e-4
2026-10-10,39,3,wk inc rsv prop ed visits,2026-10-31,quantile,0.65,4.7464865016119716e-4
2026-10-10,39,3,wk inc rsv prop ed visits,2026-10-31,quantile,0.7,5.193515088160795e-4
2026-10-10,39,3,wk inc rsv prop ed visits,2026-10-31,quantile,0.75,5.767566113449173e-4
2026-10-10,39,3,wk inc rsv prop ed visits,2026-10-31,quantile,0.8,6.454264363583897e-4
2026-10-10,39,3,wk inc rsv prop ed visits,2026-10-31,quantile,0.85,7.262343869337807e-4
2026-10-10,39,3,wk inc rsv prop ed visits,2026-10-31,quantile,0.9,8.704435300366092e-4
2026-10-10,39,3,wk inc rsv prop ed visits,2026-10-31,quantile,0.95,0.001077857499889744
2026-10-10,39,3,wk inc rsv prop ed visits,2026-10-31,quantile,0.975,0.0013486823851412214
2026-10-10,39,3,wk inc rsv prop ed visits,2026-10-31,quantile,0.99,0.0015429222203399047
2026-10-10,40,0,wk inc rsv prop ed visits,2026-10-10,quantile,0.01,4.444889240755395e-5
2026-10-10,40,0,wk inc rsv prop ed visits,2026-10-10,quantile,0.025,7.072635950681379e-5
2026-10-10,40,0,wk inc rsv prop ed visits,2026-10-10,quantile,0.05,9.18006724799486e-5
2026-10-10,40,0,wk inc rsv prop ed visits,2026-10-10,quantile,0.1,1.3404121995764257e-4
2026-10-10,40,0,wk inc rsv prop ed visits,2026-10-10,quantile,0.15,1.8041424273000816e-4
2026-10-10,40,0,wk inc rsv prop ed visits,2026-10-10,quantile,0.2,1.960921252032822e-4
2026-10-10,40,0,wk inc rsv prop ed visits,2026-10-10,quantile,0.25,2.4076881297461234e-4
2026-10-10,40,0,wk inc rsv prop ed visits,2026-10-10,quantile,0.3,2.561986348854923e-4
2026-10-10,40,0,wk inc rsv prop ed visits,2026-10-10,quantile,0.35,2.705804719023902e-4
2026-10-10,40,0,wk inc rsv prop ed visits,2026-10-10,quantile,0.4,3.106886253926959e-4
2026-10-10,40,0,wk inc rsv prop ed visits,2026-10-10,quantile,0.45,3.2705544770697455e-4
2026-10-10,40,0,wk inc rsv prop ed visits,2026-10-10,quantile,0.5,3.710653400258302e-4
2026-10-10,40,0,wk inc rsv prop ed visits,2026-10-10,quantile,0.55,3.8954314018301093e-4
2026-10-10,40,0,wk inc rsv prop ed visits,2026-10-10,quantile,0.6,4.1903710573261703e-4
2026-10-10,40,0,wk inc rsv prop ed visits,2026-10-10,quantile,0.65,4.430670439694571e-4
2026-10-10,40,0,wk inc rsv prop ed visits,2026-10-10,quantile,0.7,4.7372793960738464e-4
2026-10-10,40,0,wk inc rsv prop ed visits,2026-10-10,quantile,0.75,5.090727183764745e-4
2026-10-10,40,0,wk inc rsv prop ed visits,2026-10-10,quantile,0.8,5.533491136317395e-4
2026-10-10,40,0,wk inc rsv prop ed visits,2026-10-10,quantile,0.85,6.038610777533786e-4
2026-10-10,40,0,wk inc rsv prop ed visits,2026-10-10,quantile,0.9,6.95189151418585e-4
2026-10-10,40,0,wk inc rsv prop ed visits,2026-10-10,quantile,0.95,8.42225096628239e-4
2026-10-10,40,0,wk inc rsv prop ed visits,2026-10-10,quantile,0.975,9.584971479146764e-4
2026-10-10,40,0,wk inc rsv prop ed visits,2026-10-10,quantile,0.99,0.0011275366948220046
2026-10-10,40,1,wk inc rsv prop ed visits,2026-10-17,quantile,0.01,5.5315847749889495e-5
2026-10-10,40,1,wk inc rsv prop ed visits,2026-10-17,quantile,0.025,7.71828530684307e-5
2026-10-10,40,1,wk inc rsv prop ed visits,2026-10-17,quantile,0.05,1.2010050158228651e-4
2026-10-10,40,1,wk inc rsv prop ed visits,2026-10-17,quantile,0.1,1.443489907723411e-4
2026-10-10,40,1,wk inc rsv prop ed visits,2026-10-17,quantile,0.15,1.96488052453655e-4
2026-10-10,40,1,wk inc rsv prop ed visits,2026-10-17,quantile,0.2,2.4341856131356677e-4
2026-10-10,40,1,wk inc rsv prop ed visits,2026-10-17,quantile,0.25,2.6178322236062766e-4
2026-10-10,40,1,wk inc rsv prop ed visits,2026-10-17,quantile,0.3,3.0727457346474613e-4
2026-10-10,40,1,wk inc rsv prop ed visits,2026-10-17,quantile,0.35,3.292617553533736e-4
2026-10-10,40,1,wk inc rsv prop ed visits,2026-10-17,quantile,0.4,3.7314919639028335e-4
2026-10-10,40,1,wk inc rsv prop ed visits,2026-10-17,quantile,0.45,4.184279069286872e-4
2026-10-10,40,1,wk inc rsv prop ed visits,2026-10-17,quantile,0.5,4.4310849591071885e-4
2026-10-10,40,1,wk inc rsv prop ed visits,2026-10-17,quantile,0.55,4.9006248649903e-4
2026-10-10,40,1,wk inc rsv prop ed visits,2026-10-17,quantile,0.6,5.248623410777102e-4
2026-10-10,40,1,wk inc rsv prop ed visits,2026-10-17,quantile,0.65,5.612704016961157e-4
2026-10-10,40,1,wk inc rsv prop ed visits,2026-10-17,quantile,0.7,6.054659612506876e-4
2026-10-10,40,1,wk inc rsv prop ed visits,2026-10-17,quantile,0.75,6.603761480582233e-4
2026-10-10,40,1,wk inc rsv prop ed visits,2026-10-17,quantile,0.8,7.16320157228767e-4
2026-10-10,40,1,wk inc rsv prop ed visits,2026-10-17,quantile,0.85,7.92197604224472e-4
2026-10-10,40,1,wk inc rsv prop ed visits,2026-10-17,quantile,0.9,8.832455531073669e-4
2026-10-10,40,1,wk inc rsv prop ed visits,2026-10-17,quantile,0.95,0.001081460030486077
2026-10-10,40,1,wk inc rsv prop ed visits,2026-10-17,quantile,0.975,0.0012483415903912557
2026-10-10,40,1,wk inc rsv prop ed visits,2026-10-17,quantile,0.99,0.0015117944795735804
2026-10-10,40,2,wk inc rsv prop ed visits,2026-10-24,quantile,0.01,6.768608720835333e-5
2026-10-10,40,2,wk inc rsv prop ed visits,2026-10-24,quantile,0.025,9.338423982988631e-5
2026-10-10,40,2,wk inc rsv prop ed visits,2026-10-24,quantile,0.05,1.3610713920855742e-4
2026-10-10,40,2,wk inc rsv prop ed visits,2026-10-24,quantile,0.1,1.9727119575604858e-4
2026-10-10,40,2,wk inc rsv prop ed visits,2026-10-24,quantile,0.15,2.2398215942582734e-4
2026-10-10,40,2,wk inc rsv prop ed visits,2026-10-24,quantile,0.2,2.761839289341321e-4
2026-10-10,40,2,wk inc rsv prop ed visits,2026-10-24,quantile,0.25,3.249275880492539e-4
2026-10-10,40,2,wk inc rsv prop ed visits,2026-10-24,quantile,0.3,3.743369618877577e-4
2026-10-10,40,2,wk inc rsv prop ed visits,2026-10-24,quantile,0.35,4.2139856939746995e-4
2026-10-10,40,2,wk inc rsv prop ed visits,2026-10-24,quantile,0.4,4.499747268874021e-4
2026-10-10,40,2,wk inc rsv prop ed visits,2026-10-24,quantile,0.45,4.971598431031047e-4
2026-10-10,40,2,wk inc rsv prop ed visits,2026-10-24,quantile,0.5,5.479231589354604e-4
2026-10-10,40,2,wk inc rsv prop ed visits,2026-10-24,quantile,0.55,6.094943727215954e-4
2026-10-10,40,2,wk inc rsv prop ed visits,2026-10-24,quantile,0.6,6.618363074214855e-4
2026-10-10,40,2,wk inc rsv prop ed visits,2026-10-24,quantile,0.65,7.110870570803078e-4
2026-10-10,40,2,wk inc rsv prop ed visits,2026-10-24,quantile,0.7,7.652561387288038e-4
2026-10-10,40,2,wk inc rsv prop ed visits,2026-10-24,quantile,0.75,8.309969133236495e-4
2026-10-10,40,2,wk inc rsv prop ed visits,2026-10-24,quantile,0.8,9.063258267811504e-4
2026-10-10,40,2,wk inc rsv prop ed visits,2026-10-24,quantile,0.85,0.0010227345252558674
2026-10-10,40,2,wk inc rsv prop ed visits,2026-10-24,quantile,0.9,0.0011567701430220878
2026-10-10,40,2,wk inc rsv prop ed visits,2026-10-24,quantile,0.95,0.0014052525150411695
2026-10-10,40,2,wk inc rsv prop ed visits,2026-10-24,quantile,0.975,0.0016083262373473572
2026-10-10,40,2,wk inc rsv prop ed visits,2026-10-24,quantile,0.99,0.0018897835199908198
2026-10-10,40,3,wk inc rsv prop ed visits,2026-10-31,quantile,0.01,1.1556297731894812e-4
2026-10-10,40,3,wk inc rsv prop ed visits,2026-10-31,quantile,0.025,1.917102536620297e-4
2026-10-10,40,3,wk inc rsv prop ed visits,2026-10-31,quantile,0.05,2.549302278552345e-4
2026-10-10,40,3,wk inc rsv prop ed visits,2026-10-31,quantile,0.1,3.3942594678523975e-4
2026-10-10,40,3,wk inc rsv prop ed visits,2026-10-31,quantile,0.15,3.9011181819569203e-4
2026-10-10,40,3,wk inc rsv prop ed visits,2026-10-31,quantile,0.2,4.3859447078460644e-4
2026-10-10,40,3,wk inc rsv prop ed visits,2026-10-31,quantile,0.25,4.9520810695162e-4
2026-10-10,40,3,wk inc rsv prop ed visits,2026-10-31,quantile,0.3,5.500837721525802e-4
2026-10-10,40,3,wk inc rsv prop ed visits,2026-10-31,quantile,0.35,6.001581464299964e-4
2026-10-10,40,3,wk inc rsv prop ed visits,2026-10-31,quantile,0.4,6.442598851436933e-4
2026-10-10,40,3,wk inc rsv prop ed visits,2026-10-31,quantile,0.45,6.95155632739874e-4
2026-10-10,40,3,wk inc rsv prop ed visits,2026-10-31,quantile,0.5,7.563336074383024e-4
2026-10-10,40,3,wk inc rsv prop ed visits,2026-10-31,quantile,0.55,8.189335342856255e-4
2026-10-10,40,3,wk inc rsv prop ed visits,2026-10-31,quantile,0.6,8.784669790394326e-4
2026-10-10,40,3,wk inc rsv prop ed visits,2026-10-31,quantile,0.65,9.401269270202136e-4
2026-10-10,40,3,wk inc rsv prop ed visits,2026-10-31,quantile,0.7,0.0010089485337216226
2026-10-10,40,3,wk inc rsv prop ed visits,2026-10-31,quantile,0.75,0.0010874956132486662
2026-10-10,40,3,wk inc rsv prop ed visits,2026-10-31,quantile,0.8,0.0011746187730106727
2026-10-10,40,3,wk inc rsv prop ed visits,2026-10-31,quantile,0.85,0.0012974406212551129
2026-10-10,40,3,wk inc rsv prop ed visits,2026-10-31,quantile,0.9,0.001456747352241926
2026-10-10,40,3,wk inc rsv prop ed visits,2026-10-31,quantile,0.95,0.0016998961172605834
2026-10-10,40,3,wk inc rsv prop ed visits,2026-10-31,quantile,0.975,0.0019117609859177563
2026-10-10,40,3,wk inc rsv prop ed visits,2026-10-31,quantile,0.99,0.0021716782071923594
2026-10-10,41,0,wk inc rsv prop ed visits,2026-10-10,quantile,0.01,5.038780508263105e-6
2026-10-10,41,0,wk inc rsv prop ed visits,2026-10-10,quantile,0.025,8.176215054536812e-6
2026-10-10,41,0,wk inc rsv prop ed visits,2026-10-10,quantile,0.05,1.1168594483044449e-5
2026-10-10,41,0,wk inc rsv prop ed visits,2026-10-10,quantile,0.1,1.530270873226882e-5
2026-10-10,41,0,wk inc rsv prop ed visits,2026-10-10,quantile,0.15,3.2983122241724764e-5
2026-10-10,41,0,wk inc rsv prop ed visits,2026-10-10,quantile,0.2,3.626706077279051e-5
2026-10-10,41,0,wk inc rsv prop ed visits,2026-10-10,quantile,0.25,3.9731528118077735e-5
2026-10-10,41,0,wk inc rsv prop ed visits,2026-10-10,quantile,0.3,4.2672450859547966e-5
2026-10-10,41,0,wk inc rsv prop ed visits,2026-10-10,quantile,0.35,5.900712854152702e-5
2026-10-10,41,0,wk inc rsv prop ed visits,2026-10-10,quantile,0.4,6.208785533461461e-5
2026-10-10,41,0,wk inc rsv prop ed visits,2026-10-10,quantile,0.45,6.570168078835607e-5
2026-10-10,41,0,wk inc rsv prop ed visits,2026-10-10,quantile,0.5,6.933886567730515e-5
2026-10-10,41,0,wk inc rsv prop ed visits,2026-10-10,quantile,0.55,8.644169525918717e-5
2026-10-10,41,0,wk inc rsv prop ed visits,2026-10-10,quantile,0.6,9.107659825987262e-5
2026-10-10,41,0,wk inc rsv prop ed visits,2026-10-10,quantile,0.65,9.692396543518842e-5
2026-10-10,41,0,wk inc rsv prop ed visits,2026-10-10,quantile,0.7,1.143428437694973e-4
2026-10-10,41,0,wk inc rsv prop ed visits,2026-10-10,quantile,0.75,1.2280594875176153e-4
2026-10-10,41,0,wk inc rsv prop ed visits,2026-10-10,quantile,0.8,1.3348058134015776e-4
2026-10-10,41,0,wk inc rsv prop ed visits,2026-10-10,quantile,0.85,1.5605636164052274e-4
2026-10-10,41,0,wk inc rsv prop ed visits,2026-10-10,quantile,0.9,1.8068355641245114e-4
2026-10-10,41,0,wk inc rsv prop ed visits,2026-10-10,quantile,0.95,2.3195461409652538e-4
2026-10-10,41,0,wk inc rsv prop ed visits,2026-10-10,quantile,0.975,2.9679836142387024e-4
2026-10-10,41,0,wk inc rsv prop ed visits,2026-10-10,quantile,0.99,4.136045007963469e-4
2026-10-10,41,1,wk inc rsv prop ed visits,2026-10-17,quantile,0.01,4.954051598594985e-6
2026-10-10,41,1,wk inc rsv prop ed visits,2026-10-17,quantile,0.025,7.351798293782463e-6
2026-10-10,41,1,wk inc rsv prop ed visits,2026-10-17,quantile,0.05,1.029656311667261e-5
2026-10-10,41,1,wk inc rsv prop ed visits,2026-10-17,quantile,0.1,1.528229109215511e-5
2026-10-10,41,1,wk inc rsv prop ed visits,2026-10-17,quantile,0.15,3.320811537332233e-5
2026-10-10,41,1,wk inc rsv prop ed visits,2026-10-17,quantile,0.2,3.652080571234761e-5
2026-10-10,41,1,wk inc rsv prop ed visits,2026-10-17,quantile,0.25,4.0050652969928274e-5
2026-10-10,41,1,wk inc rsv prop ed visits,2026-10-17,quantile,0.3,4.335128109350837e-5
2026-10-10,41,1,wk inc rsv prop ed visits,2026-10-17,quantile,0.35,4.6840315645788565e-5
2026-10-10,41,1,wk inc rsv prop ed visits,2026-10-17,quantile,0.4,6.381703444792744e-5
2026-10-10,41,1,wk inc rsv prop ed visits,2026-10-17,quantile,0.45,6.799353982037324e-5
2026-10-10,41,1,wk inc rsv prop ed visits,2026-10-17,quantile,0.5,7.27790326565037e-5
2026-10-10,41,1,wk inc rsv prop ed visits,2026-10-17,quantile,0.55,8.29102320432239e-5
2026-10-10,41,1,wk inc rsv prop ed visits,2026-10-17,quantile,0.6,9.498486577901937e-5
2026-10-10,41,1,wk inc rsv prop ed visits,2026-10-17,quantile,0.65,1.0774676427599103e-4
2026-10-10,41,1,wk inc rsv prop ed visits,2026-10-17,quantile,0.7,1.245131351030484e-4
2026-10-10,41,1,wk inc rsv prop ed visits,2026-10-17,quantile,0.75,1.425328133833938e-4
2026-10-10,41,1,wk inc rsv prop ed visits,2026-10-17,quantile,0.8,1.6390638249846992e-4
2026-10-10,41,1,wk inc rsv prop ed visits,2026-10-17,quantile,0.85,1.953897331989947e-4
2026-10-10,41,1,wk inc rsv prop ed visits,2026-10-17,quantile,0.9,2.4480355547959215e-4
2026-10-10,41,1,wk inc rsv prop ed visits,2026-10-17,quantile,0.95,3.1249931825311304e-4
2026-10-10,41,1,wk inc rsv prop ed visits,2026-10-17,quantile,0.975,4.1169709004799997e-4
2026-10-10,41,1,wk inc rsv prop ed visits,2026-10-17,quantile,0.99,5.270618815819354e-4
2026-10-10,41,2,wk inc rsv prop ed visits,2026-10-24,quantile,0.01,4.403946369925524e-6
2026-10-10,41,2,wk inc rsv prop ed visits,2026-10-24,quantile,0.025,8.215721864978437e-6
2026-10-10,41,2,wk inc rsv prop ed visits,2026-10-24,quantile,0.05,1.1435840659306264e-5
2026-10-10,41,2,wk inc rsv prop ed visits,2026-10-24,quantile,0.1,1.7361388434456568e-5
2026-10-10,41,2,wk inc rsv prop ed visits,2026-10-24,quantile,0.15,2.1679299956999628e-5
2026-10-10,41,2,wk inc rsv prop ed visits,2026-10-24,quantile,0.2,3.903646015867155e-5
2026-10-10,41,2,wk inc rsv prop ed visits,2026-10-24,quantile,0.25,4.256316413820786e-5
2026-10-10,41,2,wk inc rsv prop ed visits,2026-10-24,quantile,0.3,4.798461703269487e-5
2026-10-10,41,2,wk inc rsv prop ed visits,2026-10-24,quantile,0.35,5.857033319813675e-5
2026-10-10,41,2,wk inc rsv prop ed visits,2026-10-24,quantile,0.4,6.99979898740626e-5
2026-10-10,41,2,wk inc rsv prop ed visits,2026-10-24,quantile,0.45,8.291835205586041e-5
2026-10-10,41,2,wk inc rsv prop ed visits,2026-10-24,quantile,0.5,9.682243796919512e-5
2026-10-10,41,2,wk inc rsv prop ed visits,2026-10-24,quantile,0.55,1.1120876666510008e-4
2026-10-10,41,2,wk inc rsv prop ed visits,2026-10-24,quantile,0.6,1.2644330870240994e-4
2026-10-10,41,2,wk inc rsv prop ed visits,2026-10-24,quantile,0.65,1.4630665970361337e-4
2026-10-10,41,2,wk inc rsv prop ed visits,2026-10-24,quantile,0.7,1.6873063537887453e-4
2026-10-10,41,2,wk inc rsv prop ed visits,2026-10-24,quantile,0.75,1.9800854636324016e-4
2026-10-10,41,2,wk inc rsv prop ed visits,2026-10-24,quantile,0.8,2.328347656878346e-4
2026-10-10,41,2,wk inc rsv prop ed visits,2026-10-24,quantile,0.85,2.744016849859167e-4
2026-10-10,41,2,wk inc rsv prop ed visits,2026-10-24,quantile,0.9,3.282159041892208e-4
2026-10-10,41,2,wk inc rsv prop ed visits,2026-10-24,quantile,0.95,4.488983979367976e-4
2026-10-10,41,2,wk inc rsv prop ed visits,2026-10-24,quantile,0.975,5.93007806248775e-4
2026-10-10,41,2,wk inc rsv prop ed visits,2026-10-24,quantile,0.99,8.208718259862302e-4
2026-10-10,41,3,wk inc rsv prop ed visits,2026-10-31,quantile,0.01,1.5857581366983215e-5
2026-10-10,41,3,wk inc rsv prop ed visits,2026-10-31,quantile,0.025,2.4009049950048004e-5
2026-10-10,41,3,wk inc rsv prop ed visits,2026-10-31,quantile,0.05,3.7858246054797355e-5
2026-10-10,41,3,wk inc rsv prop ed visits,2026-10-31,quantile,0.1,5.7933029272496776e-5
2026-10-10,41,3,wk inc rsv prop ed visits,2026-10-31,quantile,0.15,7.63867284770942e-5
2026-10-10,41,3,wk inc rsv prop ed visits,2026-10-31,quantile,0.2,1.0238399485053416e-4
2026-10-10,41,3,wk inc rsv prop ed visits,2026-10-31,quantile,0.25,1.2560365591111772e-4
2026-10-10,41,3,wk inc rsv prop ed visits,2026-10-31,quantile,0.3,1.4638747406107457e-4
2026-10-10,41,3,wk inc rsv prop ed visits,2026-10-31,quantile,0.35,1.6909696726898172e-4
2026-10-10,41,3,wk inc rsv prop ed visits,2026-10-31,quantile,0.4,1.9456892692278717e-4
2026-10-10,41,3,wk inc rsv prop ed visits,2026-10-31,quantile,0.45,2.2245760023793007e-4
2026-10-10,41,3,wk inc rsv prop ed visits,2026-10-31,quantile,0.5,2.4984141177093245e-4
2026-10-10,41,3,wk inc rsv prop ed visits,2026-10-31,quantile,0.55,2.780465037301931e-4
2026-10-10,41,3,wk inc rsv prop ed visits,2026-10-31,quantile,0.6,3.099681416739832e-4
2026-10-10,41,3,wk inc rsv prop ed visits,2026-10-31,quantile,0.65,3.437147889811909e-4
2026-10-10,41,3,wk inc rsv prop ed visits,2026-10-31,quantile,0.7,3.8519913545045264e-4
2026-10-10,41,3,wk inc rsv prop ed visits,2026-10-31,quantile,0.75,4.3113207892727794e-4
2026-10-10,41,3,wk inc rsv prop ed visits,2026-10-31,quantile,0.8,4.885942995455466e-4
2026-10-10,41,3,wk inc rsv prop ed visits,2026-10-31,quantile,0.85,5.670455878897771e-4
2026-10-10,41,3,wk inc rsv prop ed visits,2026-10-31,quantile,0.9,6.743802186869189e-4
2026-10-10,41,3,wk inc rsv prop ed visits,2026-10-31,quantile,0.95,8.631963388562548e-4
2026-10-10,41,3,wk inc rsv prop ed visits,2026-10-31,quantile,0.975,0.0010868585761210428
2026-10-10,41,3,wk inc rsv prop ed visits,2026-10-31,quantile,0.99,0.0013930303090388578
2026-10-10,42,0,wk inc rsv prop ed visits,2026-10-10,quantile,0.01,2.8218486464933233e-5
2026-10-10,42,0,wk inc rsv prop ed visits,2026-10-10,quantile,0.025,3.9550222185953696e-5
2026-10-10,42,0,wk inc rsv prop ed visits,2026-10-10,quantile,0.05,5.0129546628588315e-5
2026-10-10,42,0,wk inc rsv prop ed visits,2026-10-10,quantile,0.1,6.973788729858988e-5
2026-10-10,42,0,wk inc rsv prop ed visits,2026-10-10,quantile,0.15,8.526569240784507e-5
2026-10-10,42,0,wk inc rsv prop ed visits,2026-10-10,quantile,0.2,9.74392217729989e-5
2026-10-10,42,0,wk inc rsv prop ed visits,2026-10-10,quantile,0.25,1.0653438634296015e-4
2026-10-10,42,0,wk inc rsv prop ed visits,2026-10-10,quantile,0.3,1.1321266957361557e-4
2026-10-10,42,0,wk inc rsv prop ed visits,2026-10-10,quantile,0.35,1.2084111149644546e-4
2026-10-10,42,0,wk inc rsv prop ed visits,2026-10-10,quantile,0.4,1.2828319516383104e-4
2026-10-10,42,0,wk inc rsv prop ed visits,2026-10-10,quantile,0.45,1.3384929218197128e-4
2026-10-10,42,0,wk inc rsv prop ed visits,2026-10-10,quantile,0.5,1.41760845527697e-4
2026-10-10,42,0,wk inc rsv prop ed visits,2026-10-10,quantile,0.55,1.501691165378637e-4
2026-10-10,42,0,wk inc rsv prop ed visits,2026-10-10,quantile,0.6,1.5829839310949002e-4
2026-10-10,42,0,wk inc rsv prop ed visits,2026-10-10,quantile,0.65,1.6652179675713554e-4
2026-10-10,42,0,wk inc rsv prop ed visits,2026-10-10,quantile,0.7,1.7750009501285937e-4
2026-10-10,42,0,wk inc rsv prop ed visits,2026-10-10,quantile,0.75,1.8841171866339443e-4
2026-10-10,42,0,wk inc rsv prop ed visits,2026-10-10,quantile,0.8,1.9993778338235282e-4
2026-10-10,42,0,wk inc rsv prop ed visits,2026-10-10,quantile,0.85,2.1522338223178134e-4
2026-10-10,42,0,wk inc rsv prop ed visits,2026-10-10,quantile,0.9,2.35427328284154e-4
2026-10-10,42,0,wk inc rsv prop ed visits,2026-10-10,quantile,0.95,2.662560020255288e-4
2026-10-10,42,0,wk inc rsv prop ed visits,2026-10-10,quantile,0.975,2.9916011117890314e-4
2026-10-10,42,0,wk inc rsv prop ed visits,2026-10-10,quantile,0.99,3.6174759041195646e-4
2026-10-10,42,1,wk inc rsv prop ed visits,2026-10-17,quantile,0.01,2.7751531750690466e-5
2026-10-10,42,1,wk inc rsv prop ed visits,2026-10-17,quantile,0.025,4.3523971675312446e-5
2026-10-10,42,1,wk inc rsv prop ed visits,2026-10-17,quantile,0.05,5.8180983531094785e-5
2026-10-10,42,1,wk inc rsv prop ed visits,2026-10-17,quantile,0.1,8.865701054530729e-5
2026-10-10,42,1,wk inc rsv prop ed visits,2026-10-17,quantile,0.15,1.0614729934911246e-4
2026-10-10,42,1,wk inc rsv prop ed visits,2026-10-17,quantile,0.2,1.1980013646531408e-4
2026-10-10,42,1,wk inc rsv prop ed visits,2026-10-17,quantile,0.25,1.334869547270274e-4
2026-10-10,42,1,wk inc rsv prop ed visits,2026-10-17,quantile,0.3,1.4651431057331347e-4
2026-10-10,42,1,wk inc rsv prop ed visits,2026-10-17,quantile,0.35,1.550028534725175e-4
2026-10-10,42,1,wk inc rsv prop ed visits,2026-10-17,quantile,0.4,1.6708109103329952e-4
2026-10-10,42,1,wk inc rsv prop ed visits,2026-10-17,quantile,0.45,1.763856397701188e-4
2026-10-10,42,1,wk inc rsv prop ed visits,2026-10-17,quantile,0.5,1.874777026247458e-4
2026-10-10,42,1,wk inc rsv prop ed visits,2026-10-17,quantile,0.55,2.0086616590057465e-4
2026-10-10,42,1,wk inc rsv prop ed visits,2026-10-17,quantile,0.6,2.145329230355251e-4
2026-10-10,42,1,wk inc rsv prop ed visits,2026-10-17,quantile,0.65,2.2740822197610456e-4
2026-10-10,42,1,wk inc rsv prop ed visits,2026-10-17,quantile,0.7,2.4276614556273206e-4
2026-10-10,42,1,wk inc rsv prop ed visits,2026-10-17,quantile,0.75,2.596765669913942e-4
2026-10-10,42,1,wk inc rsv prop ed visits,2026-10-17,quantile,0.8,2.786455199049558e-4
2026-10-10,42,1,wk inc rsv prop ed visits,2026-10-17,quantile,0.85,3.00745916537219e-4
2026-10-10,42,1,wk inc rsv prop ed visits,2026-10-17,quantile,0.9,3.287961276533822e-4
2026-10-10,42,1,wk inc rsv prop ed visits,2026-10-17,quantile,0.95,3.877884463917876e-4
2026-10-10,42,1,wk inc rsv prop ed visits,2026-10-17,quantile,0.975,4.5050677849709365e-4
2026-10-10,42,1,wk inc rsv prop ed visits,2026-10-17,quantile,0.99,5.468877253118188e-4
2026-10-10,42,2,wk inc rsv prop ed visits,2026-10-24,quantile,0.01,2.7703976020964403e-5
2026-10-10,42,2,wk inc rsv prop ed visits,2026-10-24,quantile,0.025,5.6285203463390424e-5
2026-10-10,42,2,wk inc rsv prop ed visits,2026-10-24,quantile,0.05,8.570162492838283e-5
2026-10-10,42,2,wk inc rsv prop ed visits,2026-10-24,quantile,0.1,1.0923658203205123e-4
2026-10-10,42,2,wk inc rsv prop ed visits,2026-10-24,quantile,0.15,1.2696248359511924e-4
2026-10-10,42,2,wk inc rsv prop ed visits,2026-10-24,quantile,0.2,1.4275060605819357e-4
2026-10-10,42,2,wk inc rsv prop ed visits,2026-10-24,quantile,0.25,1.578382035502623e-4
2026-10-10,42,2,wk inc rsv prop ed visits,2026-10-24,quantile,0.3,1.7341614316249393e-4
2026-10-10,42,2,wk inc rsv prop ed visits,2026-10-24,quantile,0.35,1.8773146209528116e-4
2026-10-10,42,2,wk inc rsv prop ed visits,2026-10-24,quantile,0.4,2.0436459370572405e-4
2026-10-10,42,2,wk inc rsv prop ed visits,2026-10-24,quantile,0.45,2.220659767218382e-4
2026-10-10,42,2,wk inc rsv prop ed visits,2026-10-24,quantile,0.5,2.387517266498239e-4
2026-10-10,42,2,wk inc rsv prop ed visits,2026-10-24,quantile,0.55,2.5654578422324033e-4
2026-10-10,42,2,wk inc rsv prop ed visits,2026-10-24,quantile,0.6,2.78248718547148e-4
2026-10-10,42,2,wk inc rsv prop ed visits,2026-10-24,quantile,0.65,2.998935778472973e-4
2026-10-10,42,2,wk inc rsv prop ed visits,2026-10-24,quantile,0.7,3.2381549948278237e-4
2026-10-10,42,2,wk inc rsv prop ed visits,2026-10-24,quantile,0.75,3.551236849133881e-4
2026-10-10,42,2,wk inc rsv prop ed visits,2026-10-24,quantile,0.8,3.8861697233042044e-4
2026-10-10,42,2,wk inc rsv prop ed visits,2026-10-24,quantile,0.85,4.273849066313253e-4
2026-10-10,42,2,wk inc rsv prop ed visits,2026-10-24,quantile,0.9,4.7996162367608896e-4
2026-10-10,42,2,wk inc rsv prop ed visits,2026-10-24,quantile,0.95,5.763379922371839e-4
2026-10-10,42,2,wk inc rsv prop ed visits,2026-10-24,quantile,0.975,6.918930959271346e-4
2026-10-10,42,2,wk inc rsv prop ed visits,2026-10-24,quantile,0.99,8.598584924300066e-4
2026-10-10,42,3,wk inc rsv prop ed visits,2026-10-31,quantile,0.01,2.243492814732536e-5
2026-10-10,42,3,wk inc rsv prop ed visits,2026-10-31,quantile,0.025,5.128720483384904e-5
2026-10-10,42,3,wk inc rsv prop ed visits,2026-10-31,quantile,0.05,9.360924496062091e-5
2026-10-10,42,3,wk inc rsv prop ed visits,2026-10-31,quantile,0.1,1.3750471001447808e-4
2026-10-10,42,3,wk inc rsv prop ed visits,2026-10-31,quantile,0.15,1.77317074699148e-4
2026-10-10,42,3,wk inc rsv prop ed visits,2026-10-31,quantile,0.2,2.096073728567406e-4
2026-10-10,42,3,wk inc rsv prop ed visits,2026-10-31,quantile,0.25,2.3884113602465508e-4
2026-10-10,42,3,wk inc rsv prop ed visits,2026-10-31,quantile,0.3,2.621351186734473e-4
2026-10-10,42,3,wk inc rsv prop ed visits,2026-10-31,quantile,0.35,2.90141581427625e-4
2026-10-10,42,3,wk inc rsv prop ed visits,2026-10-31,quantile,0.4,3.167828472649291e-4
2026-10-10,42,3,wk inc rsv prop ed visits,2026-10-31,quantile,0.45,3.4648847127255315e-4
2026-10-10,42,3,wk inc rsv prop ed visits,2026-10-31,quantile,0.5,3.768620825233707e-4
2026-10-10,42,3,wk inc rsv prop ed visits,2026-10-31,quantile,0.55,4.08331518686649e-4
2026-10-10,42,3,wk inc rsv prop ed visits,2026-10-31,quantile,0.6,4.4207650982508006e-4
2026-10-10,42,3,wk inc rsv prop ed visits,2026-10-31,quantile,0.65,4.8492602818599954e-4
2026-10-10,42,3,wk inc rsv prop ed visits,2026-10-31,quantile,0.7,5.286350827419487e-4
2026-10-10,42,3,wk inc rsv prop ed visits,2026-10-31,quantile,0.75,5.695074160676036e-4
2026-10-10,42,3,wk inc rsv prop ed visits,2026-10-31,quantile,0.8,6.217783707870122e-4
2026-10-10,42,3,wk inc rsv prop ed visits,2026-10-31,quantile,0.85,6.921771481930533e-4
2026-10-10,42,3,wk inc rsv prop ed visits,2026-10-31,quantile,0.9,7.841098091569921e-4
2026-10-10,42,3,wk inc rsv prop ed visits,2026-10-31,quantile,0.95,9.386032282991697e-4
2026-10-10,42,3,wk inc rsv prop ed visits,2026-10-31,quantile,0.975,0.0010623146218009406
2026-10-10,42,3,wk inc rsv prop ed visits,2026-10-31,quantile,0.99,0.0012612877816676493
2026-10-10,44,0,wk inc rsv prop ed visits,2026-10-10,quantile,0.01,0
2026-10-10,44,0,wk inc rsv prop ed visits,2026-10-10,quantile,0.025,0
2026-10-10,44,0,wk inc rsv prop ed visits,2026-10-10,quantile,0.05,0
2026-10-10,44,0,wk inc rsv prop ed visits,2026-10-10,quantile,0.1,5.305022066981403e-6
2026-10-10,44,0,wk inc rsv prop ed visits,2026-10-10,quantile,0.15,9.767035074169804e-6
2026-10-10,44,0,wk inc rsv prop ed visits,2026-10-10,quantile,0.2,1.5220745324917581e-5
2026-10-10,44,0,wk inc rsv prop ed visits,2026-10-10,quantile,0.25,2.024745076886192e-5
2026-10-10,44,0,wk inc rsv prop ed visits,2026-10-10,quantile,0.3,2.4516558219319222e-5
2026-10-10,44,0,wk inc rsv prop ed visits,2026-10-10,quantile,0.35,7.738876748810704e-5
2026-10-10,44,0,wk inc rsv prop ed visits,2026-10-10,quantile,0.4,8.419917538345465e-5
2026-10-10,44,0,wk inc rsv prop ed visits,2026-10-10,quantile,0.45,9.00802392944287e-5
2026-10-10,44,0,wk inc rsv prop ed visits,2026-10-10,quantile,0.5,9.628595885247411e-5
2026-10-10,44,0,wk inc rsv prop ed visits,2026-10-10,quantile,0.55,1.0268134992356846e-4
2026-10-10,44,0,wk inc rsv prop ed visits,2026-10-10,quantile,0.6,1.1001990858167512e-4
2026-10-10,44,0,wk inc rsv prop ed visits,2026-10-10,quantile,0.65,1.1881295125276429e-4
2026-10-10,44,0,wk inc rsv prop ed visits,2026-10-10,quantile,0.7,1.7576288064601175e-4
2026-10-10,44,0,wk inc rsv prop ed visits,2026-10-10,quantile,0.75,1.8708746195243985e-4
2026-10-10,44,0,wk inc rsv prop ed visits,2026-10-10,quantile,0.8,2.023316558051544e-4
2026-10-10,44,0,wk inc rsv prop ed visits,2026-10-10,quantile,0.85,2.6650785552653707e-4
2026-10-10,44,0,wk inc rsv prop ed visits,2026-10-10,quantile,0.9,2.983863558772815e-4
2026-10-10,44,0,wk inc rsv prop ed visits,2026-10-10,quantile,0.95,4.0556573814412496e-4
2026-10-10,44,0,wk inc rsv prop ed visits,2026-10-10,quantile,0.975,5.063387513664628e-4
2026-10-10,44,0,wk inc rsv prop ed visits,2026-10-10,quantile,0.99,6.316331674956956e-4
2026-10-10,44,1,wk inc rsv prop ed visits,2026-10-17,quantile,0.01,0
2026-10-10,44,1,wk inc rsv prop ed visits,2026-10-17,quantile,0.025,0
2026-10-10,44,1,wk inc rsv prop ed visits,2026-10-17,quantile,0.05,0
2026-10-10,44,1,wk inc rsv prop ed visits,2026-10-17,quantile,0.1,4.913719943813184e-6
2026-10-10,44,1,wk inc rsv prop ed visits,2026-10-17,quantile,0.15,1.0403268528768706e-5
2026-10-10,44,1,wk inc rsv prop ed visits,2026-10-17,quantile,0.2,1.5303773085772593e-5
2026-10-10,44,1,wk inc rsv prop ed visits,2026-10-17,quantile,0.25,2.0425364038101542e-5
2026-10-10,44,1,wk inc rsv prop ed visits,2026-10-17,quantile,0.3,2.905839305605053e-5
2026-10-10,44,1,wk inc rsv prop ed visits,2026-10-17,quantile,0.35,4.014983944157876e-5
2026-10-10,44,1,wk inc rsv prop ed visits,2026-10-17,quantile,0.4,8.712006803630321e-5
2026-10-10,44,1,wk inc rsv prop ed visits,2026-10-17,quantile,0.45,9.34233217854871e-5
2026-10-10,44,1,wk inc rsv prop ed visits,2026-10-17,quantile,0.5,9.977356481578675e-5
2026-10-10,44,1,wk inc rsv prop ed visits,2026-10-17,quantile,0.55,1.0712169152271255e-4
2026-10-10,44,1,wk inc rsv prop ed visits,2026-10-17,quantile,0.6,1.1449378174082255e-4
2026-10-10,44,1,wk inc rsv prop ed visits,2026-10-17,quantile,0.65,1.7093781015744942e-4
2026-10-10,44,1,wk inc rsv prop ed visits,2026-10-17,quantile,0.7,1.8571456120470984e-4
2026-10-10,44,1,wk inc rsv prop ed visits,2026-10-17,quantile,0.75,1.9690717669552536e-4
2026-10-10,44,1,wk inc rsv prop ed visits,2026-10-17,quantile,0.8,2.604655332775795e-4
2026-10-10,44,1,wk inc rsv prop ed visits,2026-10-17,quantile,0.85,2.8712056899233066e-4
2026-10-10,44,1,wk inc rsv prop ed visits,2026-10-17,quantile,0.9,3.741551488999075e-4
2026-10-10,44,1,wk inc rsv prop ed visits,2026-10-17,quantile,0.95,4.997403241083903e-4
2026-10-10,44,1,wk inc rsv prop ed visits,2026-10-17,quantile,0.975,6.739526957096962e-4
2026-10-10,44,1,wk inc rsv prop ed visits,2026-10-17,quantile,0.99,8.311998754697593e-4
2026-10-10,44,2,wk inc rsv prop ed visits,2026-10-24,quantile,0.01,0
2026-10-10,44,2,wk inc rsv prop ed visits,2026-10-24,quantile,0.025,0
2026-10-10,44,2,wk inc rsv prop ed visits,2026-10-24,quantile,0.05,0
2026-10-10,44,2,wk inc rsv prop ed visits,2026-10-24,quantile,0.1,4.536223552013233e-6
2026-10-10,44,2,wk inc rsv prop ed visits,2026-10-24,quantile,0.15,1.0184439322687588e-5
2026-10-10,44,2,wk inc rsv prop ed visits,2026-10-24,quantile,0.2,1.6495897525662648e-5
2026-10-10,44,2,wk inc rsv prop ed visits,2026-10-24,quantile,0.25,2.3030165405253575e-5
2026-10-10,44,2,wk inc rsv prop ed visits,2026-10-24,quantile,0.3,3.706341707207876e-5
2026-10-10,44,2,wk inc rsv prop ed visits,2026-10-24,quantile,0.35,4.9236759123997415e-05
2026-10-10,44,2,wk inc rsv prop ed visits,2026-10-24,quantile,0.4,9.17499837104228e-5
2026-10-10,44,2,wk inc rsv prop ed visits,2026-10-24,quantile,0.45,9.870561912061933e-5
2026-10-10,44,2,wk inc rsv prop ed visits,2026-10-24,quantile,0.5,1.0702687132113227e-4
2026-10-10,44,2,wk inc rsv prop ed visits,2026-10-24,quantile,0.55,1.1744901330249697e-4
2026-10-10,44,2,wk inc rsv prop ed visits,2026-10-24,quantile,0.6,1.334635945920304e-4
2026-10-10,44,2,wk inc rsv prop ed visits,2026-10-24,quantile,0.65,1.8705417982175753e-4
2026-10-10,44,2,wk inc rsv prop ed visits,2026-10-24,quantile,0.7,2.0130520767469074e-4
2026-10-10,44,2,wk inc rsv prop ed visits,2026-10-24,quantile,0.75,2.2021254653581336e-4
2026-10-10,44,2,wk inc rsv prop ed visits,2026-10-24,quantile,0.8,2.8792269061999676e-4
2026-10-10,44,2,wk inc rsv prop ed visits,2026-10-24,quantile,0.85,3.5866484818472896e-4
2026-10-10,44,2,wk inc rsv prop ed visits,2026-10-24,quantile,0.9,4.447761615183927e-4
2026-10-10,44,2,wk inc rsv prop ed visits,2026-10-24,quantile,0.95,6.370316497825131e-4
2026-10-10,44,2,wk inc rsv prop ed visits,2026-10-24,quantile,0.975,7.879966164992864e-4
2026-10-10,44,2,wk inc rsv prop ed visits,2026-10-24,quantile,0.99,9.794940814875476e-4
2026-10-10,44,3,wk inc rsv prop ed visits,2026-10-31,quantile,0.01,1.9391496458803427e-5
2026-10-10,44,3,wk inc rsv prop ed visits,2026-10-31,quantile,0.025,2.995969323650401e-5
2026-10-10,44,3,wk inc rsv prop ed visits,2026-10-31,quantile,0.05,4.221771285149184e-5
2026-10-10,44,3,wk inc rsv prop ed visits,2026-10-31,quantile,0.1,6.156883421818478e-5
2026-10-10,44,3,wk inc rsv prop ed visits,2026-10-31,quantile,0.15,7.639034221740583e-5
2026-10-10,44,3,wk inc rsv prop ed visits,2026-10-31,quantile,0.2,9.322684564675282e-5
2026-10-10,44,3,wk inc rsv prop ed visits,2026-10-31,quantile,0.25,1.167741885165926e-4
2026-10-10,44,3,wk inc rsv prop ed visits,2026-10-31,quantile,0.3,1.4033912982172673e-4
2026-10-10,44,3,wk inc rsv prop ed visits,2026-10-31,quantile,0.35,1.6272562287146975e-4
2026-10-10,44,3,wk inc rsv prop ed visits,2026-10-31,quantile,0.4,1.8691341173487103e-4
2026-10-10,44,3,wk inc rsv prop ed visits,2026-10-31,quantile,0.45,2.1330692680894097e-4
2026-10-10,44,3,wk inc rsv prop ed visits,2026-10-31,quantile,0.5,2.4075221489163736e-4
2026-10-10,44,3,wk inc rsv prop ed visits,2026-10-31,quantile,0.55,2.6857960543580904e-4
2026-10-10,44,3,wk inc rsv prop ed visits,2026-10-31,quantile,0.6,3.016158357824477e-4
2026-10-10,44,3,wk inc rsv prop ed visits,2026-10-31,quantile,0.65,3.319688092871198e-4
2026-10-10,44,3,wk inc rsv prop ed visits,2026-10-31,quantile,0.7,3.741755958299518e-4
2026-10-10,44,3,wk inc rsv prop ed visits,2026-10-31,quantile,0.75,4.234817439307077e-4
2026-10-10,44,3,wk inc rsv prop ed visits,2026-10-31,quantile,0.8,4.7359774128186155e-4
2026-10-10,44,3,wk inc rsv prop ed visits,2026-10-31,quantile,0.85,5.584531722834039e-4
2026-10-10,44,3,wk inc rsv prop ed visits,2026-10-31,quantile,0.9,6.694112476162688e-4
2026-10-10,44,3,wk inc rsv prop ed visits,2026-10-31,quantile,0.95,8.393361166205064e-4
2026-10-10,44,3,wk inc rsv prop ed visits,2026-10-31,quantile,0.975,0.0010241199691896946
2026-10-10,44,3,wk inc rsv prop ed visits,2026-10-31,quantile,0.99,0.0013534411657356617
2026-10-10,45,0,wk inc rsv prop ed visits,2026-10-10,quantile,0.01,1.5398784640956642e-4
2026-10-10,45,0,wk inc rsv prop ed visits,2026-10-10,quantile,0.025,2.0457211738039542e-4
2026-10-10,45,0,wk inc rsv prop ed visits,2026-10-10,quantile,0.05,2.551287594344089e-4
2026-10-10,45,0,wk inc rsv prop ed visits,2026-10-10,quantile,0.1,3.2564697101010107e-4
2026-10-10,45,0,wk inc rsv prop ed visits,2026-10-10,quantile,0.15,3.825365991413325e-4
2026-10-10,45,0,wk inc rsv prop ed visits,2026-10-10,quantile,0.2,4.3343217747180947e-4
2026-10-10,45,0,wk inc rsv prop ed visits,2026-10-10,quantile,0.25,4.694698721300969e-4
2026-10-10,45,0,wk inc rsv prop ed visits,2026-10-10,quantile,0.3,5.025425926641725e-4
2026-10-10,45,0,wk inc rsv prop ed visits,2026-10-10,quantile,0.35,5.401175226198895e-4
2026-10-10,45,0,wk inc rsv prop ed visits,2026-10-10,quantile,0.4,5.731012665781405e-4
2026-10-10,45,0,wk inc rsv prop ed visits,2026-10-10,quantile,0.45,6.103313071374152e-4
2026-10-10,45,0,wk inc rsv prop ed visits,2026-10-10,quantile,0.5,6.490892197575796e-4
2026-10-10,45,0,wk inc rsv prop ed visits,2026-10-10,quantile,0.55,6.833099845084055e-4
2026-10-10,45,0,wk inc rsv prop ed visits,2026-10-10,quantile,0.6,7.263533838282578e-4
2026-10-10,45,0,wk inc rsv prop ed visits,2026-10-10,quantile,0.65,7.682784587470818e-4
2026-10-10,45,0,wk inc rsv prop ed visits,2026-10-10,quantile,0.7,8.218850895689395e-4
2026-10-10,45,0,wk inc rsv prop ed visits,2026-10-10,quantile,0.75,8.771241801193235e-4
2026-10-10,45,0,wk inc rsv prop ed visits,2026-10-10,quantile,0.8,9.439095230160384e-4
2026-10-10,45,0,wk inc rsv prop ed visits,2026-10-10,quantile,0.85,0.0010335892734283922
2026-10-10,45,0,wk inc rsv prop ed visits,2026-10-10,quantile,0.9,0.0011341785674142547
2026-10-10,45,0,wk inc rsv prop ed visits,2026-10-10,quantile,0.95,0.0013126147951740585
2026-10-10,45,0,wk inc rsv prop ed visits,2026-10-10,quantile,0.975,0.0015138904866496498
2026-10-10,45,0,wk inc rsv prop ed visits,2026-10-10,quantile,0.99,0.001749368097100642
2026-10-10,45,1,wk inc rsv prop ed visits,2026-10-17,quantile,0.01,1.637075455863488e-4
2026-10-10,45,1,wk inc rsv prop ed visits,2026-10-17,quantile,0.025,2.2219758847989208e-4
2026-10-10,45,1,wk inc rsv prop ed visits,2026-10-17,quantile,0.05,2.814488484920687e-4
2026-10-10,45,1,wk inc rsv prop ed visits,2026-10-17,quantile,0.1,3.7234329548933083e-4
2026-10-10,45,1,wk inc rsv prop ed visits,2026-10-17,quantile,0.15,4.4675344643755287e-4
2026-10-10,45,1,wk inc rsv prop ed visits,2026-10-17,quantile,0.2,5.079966106757935e-4
2026-10-10,45,1,wk inc rsv prop ed visits,2026-10-17,quantile,0.25,5.668376816820847e-4
2026-10-10,45,1,wk inc rsv prop ed visits,2026-10-17,quantile,0.3,6.248681549783026e-4
2026-10-10,45,1,wk inc rsv prop ed visits,2026-10-17,quantile,0.35,0.00069095891200841625
2026-10-10,45,1,wk inc rsv prop ed visits,2026-10-17,quantile,0.4,7.435484052151251e-4
2026-10-10,45,1,wk inc rsv prop ed visits,2026-10-17,quantile,0.45,7.911170022308942e-4
2026-10-10,45,1,wk inc rsv prop ed visits,2026-10-17,quantile,0.5,8.427684368397472e-4
2026-10-10,45,1,wk inc rsv prop ed visits,2026-10-17,quantile,0.55,8.93039496737957e-4
2026-10-10,45,1,wk inc rsv prop ed visits,2026-10-17,quantile,0.6,9.505310575438036e-4
2026-10-10,45,1,wk inc rsv prop ed visits,2026-10-17,quantile,0.65,0.0010105087453649996
2026-10-10,45,1,wk inc rsv prop ed visits,2026-10-17,quantile,0.7,0.001078501733826231
2026-10-10,45,1,wk inc rsv prop ed visits,2026-10-17,quantile,0.75,0.0011515672937192905
2026-10-10,45,1,wk inc rsv prop ed visits,2026-10-17,quantile,0.8,0.001232928006400012
2026-10-10,45,1,wk inc rsv prop ed visits,2026-10-17,quantile,0.85,0.0013584342158951214
2026-10-10,45,1,wk inc rsv prop ed visits,2026-10-17,quantile,0.9,0.0015035061418055824
2026-10-10,45,1,wk inc rsv prop ed visits,2026-10-17,quantile,0.95,0.00176889893305018
2026-10-10,45,1,wk inc rsv prop ed visits,2026-10-17,quantile,0.975,0.0020143254652083106
2026-10-10,45,1,wk inc rsv prop ed visits,2026-10-17,quantile,0.99,0.002350919522022111
2026-10-10,45,2,wk inc rsv prop ed visits,2026-10-24,quantile,0.01,1.779839451381769e-4
2026-10-10,45,2,wk inc rsv prop ed visits,2026-10-24,quantile,0.025,2.37881888728292e-4
2026-10-10,45,2,wk inc rsv prop ed visits,2026-10-24,quantile,0.05,3.049250456645386e-4
2026-10-10,45,2,wk inc rsv prop ed visits,2026-10-24,quantile,0.1,4.434532489516087e-4
2026-10-10,45,2,wk inc rsv prop ed visits,2026-10-24,quantile,0.15,5.242712234928377e-4
2026-10-10,45,2,wk inc rsv prop ed visits,2026-10-24,quantile,0.2,6.082371079781377e-4
2026-10-10,45,2,wk inc rsv prop ed visits,2026-10-24,quantile,0.25,6.955537535397511e-4
2026-10-10,45,2,wk inc rsv prop ed visits,2026-10-24,quantile,0.3,7.760841431179394e-4
2026-10-10,45,2,wk inc rsv prop ed visits,2026-10-24,quantile,0.35,8.474385431309202e-4
2026-10-10,45,2,wk inc rsv prop ed visits,2026-10-24,quantile,0.4,9.261372598305141e-4
2026-10-10,45,2,wk inc rsv prop ed visits,2026-10-24,quantile,0.45,0.0010098465483187884
2026-10-10,45,2,wk inc rsv prop ed visits,2026-10-24,quantile,0.5,0.001071834672603683
2026-10-10,45,2,wk inc rsv prop ed visits,2026-10-24,quantile,0.55,0.0011375074528048876
2026-10-10,45,2,wk inc rsv prop ed visits,2026-10-24,quantile,0.6,0.0012124042362640385
2026-10-10,45,2,wk inc rsv prop ed visits,2026-10-24,quantile,0.65,0.0013023780479371238
2026-10-10,45,2,wk inc rsv prop ed visits,2026-10-24,quantile,0.7,0.0013905342138029971
2026-10-10,45,2,wk inc rsv prop ed visits,2026-10-24,quantile,0.75,0.0014974987742684177
2026-10-10,45,2,wk inc rsv prop ed visits,2026-10-24,quantile,0.8,0.0016171719467504156
2026-10-10,45,2,wk inc rsv prop ed visits,2026-10-24,quantile,0.85,0.0017506798005376414
2026-10-10,45,2,wk inc rsv prop ed visits,2026-10-24,quantile,0.9,0.0019811021617502514
2026-10-10,45,2,wk inc rsv prop ed visits,2026-10-24,quantile,0.95,0.002291216620461738
2026-10-10,45,2,wk inc rsv prop ed visits,2026-10-24,quantile,0.975,0.0026917268879670135
2026-10-10,45,2,wk inc rsv prop ed visits,2026-10-24,quantile,0.99,0.00332057790713233
2026-10-10,45,3,wk inc rsv prop ed visits,2026-10-31,quantile,0.01,2.0143850320044764e-4
2026-10-10,45,3,wk inc rsv prop ed visits,2026-10-31,quantile,0.025,2.8199818194139597e-4
2026-10-10,45,3,wk inc rsv prop ed visits,2026-10-31,quantile,0.05,3.754856930767131e-4
2026-10-10,45,3,wk inc rsv prop ed visits,2026-10-31,quantile,0.1,5.094118251860761e-4
2026-10-10,45,3,wk inc rsv prop ed visits,2026-10-31,quantile,0.15,6.226480566539851e-4
2026-10-10,45,3,wk inc rsv prop ed visits,2026-10-31,quantile,0.2,7.322026513709055e-4
2026-10-10,45,3,wk inc rsv prop ed visits,2026-10-31,quantile,0.25,8.275888122005306e-4
2026-10-10,45,3,wk inc rsv prop ed visits,2026-10-31,quantile,0.3,9.273057545661237e-4
2026-10-10,45,3,wk inc rsv prop ed visits,2026-10-31,quantile,0.35,0.0010406828826843033
2026-10-10,45,3,wk inc rsv prop ed visits,2026-10-31,quantile,0.4,0.0011772070790373114
2026-10-10,45,3,wk inc rsv prop ed visits,2026-10-31,quantile,0.45,0.001300251484102675
2026-10-10,45,3,wk inc rsv prop ed visits,2026-10-31,quantile,0.5,0.0014201446997858238
2026-10-10,45,3,wk inc rsv prop ed visits,2026-10-31,quantile,0.55,0.0015469441597019116
2026-10-10,45,3,wk inc rsv prop ed visits,2026-10-31,quantile,0.6,0.0017095274390261307
2026-10-10,45,3,wk inc rsv prop ed visits,2026-10-31,quantile,0.65,0.0018667263578908734
2026-10-10,45,3,wk inc rsv prop ed visits,2026-10-31,quantile,0.7,0.002067750732669477
2026-10-10,45,3,wk inc rsv prop ed visits,2026-10-31,quantile,0.75,0.002316154556895793
2026-10-10,45,3,wk inc rsv prop ed visits,2026-10-31,quantile,0.8,0.0025763966681669097
2026-10-10,45,3,wk inc rsv prop ed visits,2026-10-31,quantile,0.85,0.00296452653826219
2026-10-10,45,3,wk inc rsv prop ed visits,2026-10-31,quantile,0.9,0.0034524180112188267
2026-10-10,45,3,wk inc rsv prop ed visits,2026-10-31,quantile,0.95,0.004372013905788123
2026-10-10,45,3,wk inc rsv prop ed visits,2026-10-31,quantile,0.975,0.004541186709496251
2026-10-10,45,3,wk inc rsv prop ed visits,2026-10-31,quantile,0.99,0.004821475657804233
2026-10-10,46,0,wk inc rsv prop ed visits,2026-10-10,quantile,0.01,0
2026-10-10,46,0,wk inc rsv prop ed visits,2026-10-10,quantile,0.025,6.544360227809092e-6
2026-10-10,46,0,wk inc rsv prop ed visits,2026-10-10,quantile,0.05,3.052924814269433e-5
2026-10-10,46,0,wk inc rsv prop ed visits,2026-10-10,quantile,0.1,6.809489592960419e-5
2026-10-10,46,0,wk inc rsv prop ed visits,2026-10-10,quantile,0.15,1.0199640378083658e-4
2026-10-10,46,0,wk inc rsv prop ed visits,2026-10-10,quantile,0.2,1.2430856335543864e-4
2026-10-10,46,0,wk inc rsv prop ed visits,2026-10-10,quantile,0.25,1.6509160562765466e-4
2026-10-10,46,0,wk inc rsv prop ed visits,2026-10-10,quantile,0.3,1.7634650226551208e-4
2026-10-10,46,0,wk inc rsv prop ed visits,2026-10-10,quantile,0.35,1.880397678315458e-4
2026-10-10,46,0,wk inc rsv prop ed visits,2026-10-10,quantile,0.4,2.082519617648962e-4
2026-10-10,46,0,wk inc rsv prop ed visits,2026-10-10,quantile,0.45,2.3050537959896922e-4
2026-10-10,46,0,wk inc rsv prop ed visits,2026-10-10,quantile,0.5,3.013270834160387e-4
2026-10-10,46,0,wk inc rsv prop ed visits,2026-10-10,quantile,0.55,3.164106035949359e-4
2026-10-10,46,0,wk inc rsv prop ed visits,2026-10-10,quantile,0.6,3.3308199886422586e-4
2026-10-10,46,0,wk inc rsv prop ed visits,2026-10-10,quantile,0.65,3.511754350629955e-4
2026-10-10,46,0,wk inc rsv prop ed visits,2026-10-10,quantile,0.7,4.4138209172059557e-4
2026-10-10,46,0,wk inc rsv prop ed visits,2026-10-10,quantile,0.75,4.6723489485662236e-4
2026-10-10,46,0,wk inc rsv prop ed visits,2026-10-10,quantile,0.8,4.957702986639518e-4
2026-10-10,46,0,wk inc rsv prop ed visits,2026-10-10,quantile,0.85,6.038880988156906e-4
2026-10-10,46,0,wk inc rsv prop ed visits,2026-10-10,quantile,0.9,6.703158693521105e-4
2026-10-10,46,0,wk inc rsv prop ed visits,2026-10-10,quantile,0.95,8.942714993800353e-4
2026-10-10,46,0,wk inc rsv prop ed visits,2026-10-10,quantile,0.975,9.962163737411826e-4
2026-10-10,46,0,wk inc rsv prop ed visits,2026-10-10,quantile,0.99,0.0011846117937206494
2026-10-10,46,1,wk inc rsv prop ed visits,2026-10-17,quantile,0.01,0
2026-10-10,46,1,wk inc rsv prop ed visits,2026-10-17,quantile,0.025,0
2026-10-10,46,1,wk inc rsv prop ed visits,2026-10-17,quantile,0.05,1.6037319381956712e-5
2026-10-10,46,1,wk inc rsv prop ed visits,2026-10-17,quantile,0.1,5.873792177190779e-5
2026-10-10,46,1,wk inc rsv prop ed visits,2026-10-17,quantile,0.15,9.391645521900931e-5
2026-10-10,46,1,wk inc rsv prop ed visits,2026-10-17,quantile,0.2,1.558630685924974e-4
2026-10-10,46,1,wk inc rsv prop ed visits,2026-10-17,quantile,0.25,1.734867920332577e-4
2026-10-10,46,1,wk inc rsv prop ed visits,2026-10-17,quantile,0.3,1.8659346178837103e-4
2026-10-10,46,1,wk inc rsv prop ed visits,2026-10-17,quantile,0.35,1.9982432964612754e-4
2026-10-10,46,1,wk inc rsv prop ed visits,2026-10-17,quantile,0.4,2.173943795334015e-4
2026-10-10,46,1,wk inc rsv prop ed visits,2026-10-17,quantile,0.45,3.035777883765148e-4
2026-10-10,46,1,wk inc rsv prop ed visits,2026-10-17,quantile,0.5,3.182914085959938e-4
2026-10-10,46,1,wk inc rsv prop ed visits,2026-10-17,quantile,0.55,3.352150808300545e-4
2026-10-10,46,1,wk inc rsv prop ed visits,2026-10-17,quantile,0.6,4.1709147139458913e-4
2026-10-10,46,1,wk inc rsv prop ed visits,2026-10-17,quantile,0.65,4.438991568234068e-4
2026-10-10,46,1,wk inc rsv prop ed visits,2026-10-17,quantile,0.7,4.6542380165104613e-4
2026-10-10,46,1,wk inc rsv prop ed visits,2026-10-17,quantile,0.75,5.594736365637481e-4
2026-10-10,46,1,wk inc rsv prop ed visits,2026-10-17,quantile,0.8,5.96638905123315e-4
2026-10-10,46,1,wk inc rsv prop ed visits,2026-10-17,quantile,0.85,7.057620639229374e-4
2026-10-10,46,1,wk inc rsv prop ed visits,2026-10-17,quantile,0.9,8.507817761926027e-4
2026-10-10,46,1,wk inc rsv prop ed visits,2026-10-17,quantile,0.95,0.0011967324584883268
2026-10-10,46,1,wk inc rsv prop ed visits,2026-10-17,quantile,0.975,0.0013762445570054192
2026-10-10,46,1,wk inc rsv prop ed visits,2026-10-17,quantile,0.99,0.0014992793569157357
2026-10-10,46,2,wk inc rsv prop ed visits,2026-10-24,quantile,0.01,0
2026-10-10,46,2,wk inc rsv prop ed visits,2026-10-24,quantile,0.025,0
2026-10-10,46,2,wk inc rsv prop ed visits,2026-10-24,quantile,0.05,7.006330091493345e-6
2026-10-10,46,2,wk inc rsv prop ed visits,2026-10-24,quantile,0.1,4.560450316880842e-5
2026-10-10,46,2,wk inc rsv prop ed visits,2026-10-24,quantile,0.15,8.34956610339562e-5
2026-10-10,46,2,wk inc rsv prop ed visits,2026-10-24,quantile,0.2,1.5550216957370487e-4
2026-10-10,46,2,wk inc rsv prop ed visits,2026-10-24,quantile,0.25,1.8094645613039617e-4
2026-10-10,46,2,wk inc rsv prop ed visits,2026-10-24,quantile,0.3,1.94735310357672e-4
2026-10-10,46,2,wk inc rsv prop ed visits,2026-10-24,quantile,0.35,2.1017528960000462e-4
2026-10-10,46,2,wk inc rsv prop ed visits,2026-10-24,quantile,0.4,2.9925525409003884e-4
2026-10-10,46,2,wk inc rsv prop ed visits,2026-10-24,quantile,0.45,3.179141072025273e-4
2026-10-10,46,2,wk inc rsv prop ed visits,2026-10-24,quantile,0.5,3.3566103219269795e-4
2026-10-10,46,2,wk inc rsv prop ed visits,2026-10-24,quantile,0.55,4.244877161023778e-4
2026-10-10,46,2,wk inc rsv prop ed visits,2026-10-24,quantile,0.6,4.4922817004750887e-4
2026-10-10,46,2,wk inc rsv prop ed visits,2026-10-24,quantile,0.65,5.372295266056099e-4
2026-10-10,46,2,wk inc rsv prop ed visits,2026-10-24,quantile,0.7,5.666607185764085e-4
2026-10-10,46,2,wk inc rsv prop ed visits,2026-10-24,quantile,0.75,6.656319984909365e-4
2026-10-10,46,2,wk inc rsv prop ed visits,2026-10-24,quantile,0.8,7.754680435386185e-4
2026-10-10,46,2,wk inc rsv prop ed visits,2026-10-24,quantile,0.85,9.035360885108175e-4
2026-10-10,46,2,wk inc rsv prop ed visits,2026-10-24,quantile,0.9,0.001153470099600455
2026-10-10,46,2,wk inc rsv prop ed visits,2026-10-24,quantile,0.95,0.001580231624068296
2026-10-10,46,2,wk inc rsv prop ed visits,2026-10-24,quantile,0.975,0.0017196457587598506
2026-10-10,46,2,wk inc rsv prop ed visits,2026-10-24,quantile,0.99,0.0019142195400477318
2026-10-10,46,3,wk inc rsv prop ed visits,2026-10-31,quantile,0.01,2.081016514742966e-5
2026-10-10,46,3,wk inc rsv prop ed visits,2026-10-31,quantile,0.025,3.12384886270547e-5
2026-10-10,46,3,wk inc rsv prop ed visits,2026-10-31,quantile,0.05,4.306511919911093e-5
2026-10-10,46,3,wk inc rsv prop ed visits,2026-10-31,quantile,0.1,8.531125471357857e-5
2026-10-10,46,3,wk inc rsv prop ed visits,2026-10-31,quantile,0.15,1.3257607183749645e-4
2026-10-10,46,3,wk inc rsv prop ed visits,2026-10-31,quantile,0.2,1.8890145196730413e-4
2026-10-10,46,3,wk inc rsv prop ed visits,2026-10-31,quantile,0.25,2.5021490845232076e-4
2026-10-10,46,3,wk inc rsv prop ed visits,2026-10-31,quantile,0.3,3.0949082964884284e-4
2026-10-10,46,3,wk inc rsv prop ed visits,2026-10-31,quantile,0.35,3.7234370855640633e-4
2026-10-10,46,3,wk inc rsv prop ed visits,2026-10-31,quantile,0.4,4.506243793655977e-4
2026-10-10,46,3,wk inc rsv prop ed visits,2026-10-31,quantile,0.45,5.38647631774926e-4
2026-10-10,46,3,wk inc rsv prop ed visits,2026-10-31,quantile,0.5,6.423348615117101e-4
2026-10-10,46,3,wk inc rsv prop ed visits,2026-10-31,quantile,0.55,7.514856516429e-4
2026-10-10,46,3,wk inc rsv prop ed visits,2026-10-31,quantile,0.6,9.161296790190634e-4
2026-10-10,46,3,wk inc rsv prop ed visits,2026-10-31,quantile,0.65,0.0010734309851842456
2026-10-10,46,3,wk inc rsv prop ed visits,2026-10-31,quantile,0.7,0.0013014623138956779
2026-10-10,46,3,wk inc rsv prop ed visits,2026-10-31,quantile,0.75,0.0017347212712335983
2026-10-10,46,3,wk inc rsv prop ed visits,2026-10-31,quantile,0.8,0.0018788603046064438
2026-10-10,46,3,wk inc rsv prop ed visits,2026-10-31,quantile,0.85,0.0019121620721277665
2026-10-10,46,3,wk inc rsv prop ed visits,2026-10-31,quantile,0.9,0.0019565056653021527
2026-10-10,46,3,wk inc rsv prop ed visits,2026-10-31,quantile,0.95,0.0020302769872753996
2026-10-10,46,3,wk inc rsv prop ed visits,2026-10-31,quantile,0.975,0.0020970566290391267
2026-10-10,46,3,wk inc rsv prop ed visits,2026-10-31,quantile,0.99,0.0021794786419510395
2026-10-10,47,0,wk inc rsv prop ed visits,2026-10-10,quantile,0.01,2.854492999820653e-4
2026-10-10,47,0,wk inc rsv prop ed visits,2026-10-10,quantile,0.025,3.3926452353556254e-4
2026-10-10,47,0,wk inc rsv prop ed visits,2026-10-10,quantile,0.05,3.8414662133680224e-4
2026-10-10,47,0,wk inc rsv prop ed visits,2026-10-10,quantile,0.1,4.4518771444538143e-4
2026-10-10,47,0,wk inc rsv prop ed visits,2026-10-10,quantile,0.15,5.040445706031131e-4
2026-10-10,47,0,wk inc rsv prop ed visits,2026-10-10,quantile,0.2,5.474418599275228e-4
2026-10-10,47,0,wk inc rsv prop ed visits,2026-10-10,quantile,0.25,5.818864481644084e-4
2026-10-10,47,0,wk inc rsv prop ed visits,2026-10-10,quantile,0.3,6.063592728371755e-4
2026-10-10,47,0,wk inc rsv prop ed visits,2026-10-10,quantile,0.35,6.323412060189812e-4
2026-10-10,47,0,wk inc rsv prop ed visits,2026-10-10,quantile,0.4,6.578417982497953e-4
2026-10-10,47,0,wk inc rsv prop ed visits,2026-10-10,quantile,0.45,6.825946395302218e-4
2026-10-10,47,0,wk inc rsv prop ed visits,2026-10-10,quantile,0.5,7.096843129150187e-4
2026-10-10,47,0,wk inc rsv prop ed visits,2026-10-10,quantile,0.55,7.308991768925576e-4
2026-10-10,47,0,wk inc rsv prop ed visits,2026-10-10,quantile,0.6,7.543186255996217e-4
2026-10-10,47,0,wk inc rsv prop ed visits,2026-10-10,quantile,0.65,7.797015458138549e-4
2026-10-10,47,0,wk inc rsv prop ed visits,2026-10-10,quantile,0.7,8.100374285013853e-4
2026-10-10,47,0,wk inc rsv prop ed visits,2026-10-10,quantile,0.75,8.425534379872157e-4
2026-10-10,47,0,wk inc rsv prop ed visits,2026-10-10,quantile,0.8,8.8891111793508e-4
2026-10-10,47,0,wk inc rsv prop ed visits,2026-10-10,quantile,0.85,9.438661270529154e-4
2026-10-10,47,0,wk inc rsv prop ed visits,2026-10-10,quantile,0.9,0.001010609815842117
2026-10-10,47,0,wk inc rsv prop ed visits,2026-10-10,quantile,0.95,0.0011558695434503406
2026-10-10,47,0,wk inc rsv prop ed visits,2026-10-10,quantile,0.975,0.001304919160489452
2026-10-10,47,0,wk inc rsv prop ed visits,2026-10-10,quantile,0.99,0.0014528900859557554
2026-10-10,47,1,wk inc rsv prop ed visits,2026-10-17,quantile,0.01,3.2723753261388005e-4
2026-10-10,47,1,wk inc rsv prop ed visits,2026-10-17,quantile,0.025,3.9521417074242157e-4
2026-10-10,47,1,wk inc rsv prop ed visits,2026-10-17,quantile,0.05,4.510262451445623e-4
2026-10-10,47,1,wk inc rsv prop ed visits,2026-10-17,quantile,0.1,5.159767868433944e-4
2026-10-10,47,1,wk inc rsv prop ed visits,2026-10-17,quantile,0.15,5.788771295740675e-4
2026-10-10,47,1,wk inc rsv prop ed visits,2026-10-17,quantile,0.2,6.267091428774061e-4
2026-10-10,47,1,wk inc rsv prop ed visits,2026-10-17,quantile,0.25,6.773439161950422e-4
2026-10-10,47,1,wk inc rsv prop ed visits,2026-10-17,quantile,0.3,7.155642003127106e-4
2026-10-10,47,1,wk inc rsv prop ed visits,2026-10-17,quantile,0.35,7.596424751111506e-4
2026-10-10,47,1,wk inc rsv prop ed visits,2026-10-17,quantile,0.4,8.016070228072539e-4
2026-10-10,47,1,wk inc rsv prop ed visits,2026-10-17,quantile,0.45,8.356869617069692e-4
2026-10-10,47,1,wk inc rsv prop ed visits,2026-10-17,quantile,0.5,8.798149153506963e-4
2026-10-10,47,1,wk inc rsv prop ed visits,2026-10-17,quantile,0.55,9.218901991703975e-4
2026-10-10,47,1,wk inc rsv prop ed visits,2026-10-17,quantile,0.6,9.650491262808341e-4
2026-10-10,47,1,wk inc rsv prop ed visits,2026-10-17,quantile,0.65,0.0010234041149309262
2026-10-10,47,1,wk inc rsv prop ed visits,2026-10-17,quantile,0.7,0.0010718430997032828
2026-10-10,47,1,wk inc rsv prop ed visits,2026-10-17,quantile,0.75,0.0011268366060816944
2026-10-10,47,1,wk inc rsv prop ed visits,2026-10-17,quantile,0.8,0.001198786362613008
2026-10-10,47,1,wk inc rsv prop ed visits,2026-10-17,quantile,0.85,0.0012719851546591876
2026-10-10,47,1,wk inc rsv prop ed visits,2026-10-17,quantile,0.9,0.0013847920994579125
2026-10-10,47,1,wk inc rsv prop ed visits,2026-10-17,quantile,0.95,0.001578464758040448
2026-10-10,47,1,wk inc rsv prop ed visits,2026-10-17,quantile,0.975,0.0017612685249029105
2026-10-10,47,1,wk inc rsv prop ed visits,2026-10-17,quantile,0.99,0.0020029723927186193
2026-10-10,47,2,wk inc rsv prop ed visits,2026-10-24,quantile,0.01,3.2965666897993986e-4
2026-10-10,47,2,wk inc rsv prop ed visits,2026-10-24,quantile,0.025,3.839851484416152e-4
2026-10-10,47,2,wk inc rsv prop ed visits,2026-10-24,quantile,0.05,4.5381060553103793e-4
2026-10-10,47,2,wk inc rsv prop ed visits,2026-10-24,quantile,0.1,5.670198085016562e-4
2026-10-10,47,2,wk inc rsv prop ed visits,2026-10-24,quantile,0.15,6.496826741712652e-4
2026-10-10,47,2,wk inc rsv prop ed visits,2026-10-24,quantile,0.2,7.22277611686047e-4
2026-10-10,47,2,wk inc rsv prop ed visits,2026-10-24,quantile,0.25,7.767218870012117e-4
2026-10-10,47,2,wk inc rsv prop ed visits,2026-10-24,quantile,0.3,8.325785609015659e-4
2026-10-10,47,2,wk inc rsv prop ed visits,2026-10-24,quantile,0.35,8.897059806444068e-4
2026-10-10,47,2,wk inc rsv prop ed visits,2026-10-24,quantile,0.4,9.591001512908048e-4
2026-10-10,47,2,wk inc rsv prop ed visits,2026-10-24,quantile,0.45,0.0010186223122656303
2026-10-10,47,2,wk inc rsv prop ed visits,2026-10-24,quantile,0.5,0.0010872632274134997
2026-10-10,47,2,wk inc rsv prop ed visits,2026-10-24,quantile,0.55,0.0011535858663180324
2026-10-10,47,2,wk inc rsv prop ed visits,2026-10-24,quantile,0.6,0.001235178410436289
2026-10-10,47,2,wk inc rsv prop ed visits,2026-10-24,quantile,0.65,0.0013122155191097687
2026-10-10,47,2,wk inc rsv prop ed visits,2026-10-24,quantile,0.7,0.0014035760482292168
2026-10-10,47,2,wk inc rsv prop ed visits,2026-10-24,quantile,0.75,0.0014949222883721648
2026-10-10,47,2,wk inc rsv prop ed visits,2026-10-24,quantile,0.8,0.001591659552000969
2026-10-10,47,2,wk inc rsv prop ed visits,2026-10-24,quantile,0.85,0.0017437451820461088
2026-10-10,47,2,wk inc rsv prop ed visits,2026-10-24,quantile,0.9,0.0019450202839585392
2026-10-10,47,2,wk inc rsv prop ed visits,2026-10-24,quantile,0.95,0.002325405313461968
2026-10-10,47,2,wk inc rsv prop ed visits,2026-10-24,quantile,0.975,0.0026219808248669676
2026-10-10,47,2,wk inc rsv prop ed visits,2026-10-24,quantile,0.99,0.0029394829684815755
2026-10-10,47,3,wk inc rsv prop ed visits,2026-10-31,quantile,0.01,4.003024860913117e-4
2026-10-10,47,3,wk inc rsv prop ed visits,2026-10-31,quantile,0.025,5.361164482775974e-4
2026-10-10,47,3,wk inc rsv prop ed visits,2026-10-31,quantile,0.05,6.362386567783255e-4
2026-10-10,47,3,wk inc rsv prop ed visits,2026-10-31,quantile,0.1,7.999580972399759e-4
2026-10-10,47,3,wk inc rsv prop ed visits,2026-10-31,quantile,0.15,9.106803898206216e-4
2026-10-10,47,3,wk inc rsv prop ed visits,2026-10-31,quantile,0.2,0.0010156695244763992
2026-10-10,47,3,wk inc rsv prop ed visits,2026-10-31,quantile,0.25,0.0011116109743498236
2026-10-10,47,3,wk inc rsv prop ed visits,2026-10-31,quantile,0.3,0.0011950760528551714
2026-10-10,47,3,wk inc rsv prop ed visits,2026-10-31,quantile,0.35,0.0012823140642958082
2026-10-10,47,3,wk inc rsv prop ed visits,2026-10-31,quantile,0.4,0.001360159012573219
2026-10-10,47,3,wk inc rsv prop ed visits,2026-10-31,quantile,0.45,0.0014420042323922894
2026-10-10,47,3,wk inc rsv prop ed visits,2026-10-31,quantile,0.5,0.0015278252489727005
2026-10-10,47,3,wk inc rsv prop ed visits,2026-10-31,quantile,0.55,0.001628097939071951
2026-10-10,47,3,wk inc rsv prop ed visits,2026-10-31,quantile,0.6,0.0017261811216087236
2026-10-10,47,3,wk inc rsv prop ed visits,2026-10-31,quantile,0.65,0.0018301296586060362
2026-10-10,47,3,wk inc rsv prop ed visits,2026-10-31,quantile,0.7,0.00193478424716022
2026-10-10,47,3,wk inc rsv prop ed visits,2026-10-31,quantile,0.75,0.002069082083054304
2026-10-10,47,3,wk inc rsv prop ed visits,2026-10-31,quantile,0.8,0.0022124685552252625
2026-10-10,47,3,wk inc rsv prop ed visits,2026-10-31,quantile,0.85,0.0024351757483306513
2026-10-10,47,3,wk inc rsv prop ed visits,2026-10-31,quantile,0.9,0.002668238572761319
2026-10-10,47,3,wk inc rsv prop ed visits,2026-10-31,quantile,0.95,0.003100147271145935
2026-10-10,47,3,wk inc rsv prop ed visits,2026-10-31,quantile,0.975,0.003455497167698417
2026-10-10,47,3,wk inc rsv prop ed visits,2026-10-31,quantile,0.99,0.003949549350547491
2026-10-10,48,0,wk inc rsv prop ed visits,2026-10-10,quantile,0.01,4.95829085008766e-4
2026-10-10,48,0,wk inc rsv prop ed visits,2026-10-10,quantile,0.025,5.83405289254447e-4
2026-10-10,48,0,wk inc rsv prop ed visits,2026-10-10,quantile,0.05,6.644359475364856e-4
2026-10-10,48,0,wk inc rsv prop ed visits,2026-10-10,quantile,0.1,7.378723761035145e-4
2026-10-10,48,0,wk inc rsv prop ed visits,2026-10-10,quantile,0.15,7.697382903441824e-4
2026-10-10,48,0,wk inc rsv prop ed visits,2026-10-10,quantile,0.2,7.916688298684269e-4
2026-10-10,48,0,wk inc rsv prop ed visits,2026-10-10,quantile,0.25,8.114996348544366e-4
2026-10-10,48,0,wk inc rsv prop ed visits,2026-10-10,quantile,0.3,8.310409167553468e-4
2026-10-10,48,0,wk inc rsv prop ed visits,2026-10-10,quantile,0.35,8.481561817956603e-4
2026-10-10,48,0,wk inc rsv prop ed visits,2026-10-10,quantile,0.4,8.645607045020586e-4
2026-10-10,48,0,wk inc rsv prop ed visits,2026-10-10,quantile,0.45,8.806705702143472e-4
2026-10-10,48,0,wk inc rsv prop ed visits,2026-10-10,quantile,0.5,8.984644415483495e-4
2026-10-10,48,0,wk inc rsv prop ed visits,2026-10-10,quantile,0.55,9.155090793644817e-4
2026-10-10,48,0,wk inc rsv prop ed visits,2026-10-10,quantile,0.6,9.447032359168167e-4
2026-10-10,48,0,wk inc rsv prop ed visits,2026-10-10,quantile,0.65,9.78727400869722e-4
2026-10-10,48,0,wk inc rsv prop ed visits,2026-10-10,quantile,0.7,0.001019730735052965
2026-10-10,48,0,wk inc rsv prop ed visits,2026-10-10,quantile,0.75,0.0010656042184854194
2026-10-10,48,0,wk inc rsv prop ed visits,2026-10-10,quantile,0.8,0.0011212279248563961
2026-10-10,48,0,wk inc rsv prop ed visits,2026-10-10,quantile,0.85,0.0011815348618448066
2026-10-10,48,0,wk inc rsv prop ed visits,2026-10-10,quantile,0.9,0.001261465242833259
2026-10-10,48,0,wk inc rsv prop ed visits,2026-10-10,quantile,0.95,0.0013908852000566727
2026-10-10,48,0,wk inc rsv prop ed visits,2026-10-10,quantile,0.975,0.0015120715760546487
2026-10-10,48,0,wk inc rsv prop ed visits,2026-10-10,quantile,0.99,0.0016519413606271628
2026-10-10,48,1,wk inc rsv prop ed visits,2026-10-17,quantile,0.01,5.417770835206059e-4
2026-10-10,48,1,wk inc rsv prop ed visits,2026-10-17,quantile,0.025,6.294838777093708e-4
2026-10-10,48,1,wk inc rsv prop ed visits,2026-10-17,quantile,0.05,7.307165043122484e-4
2026-10-10,48,1,wk inc rsv prop ed visits,2026-10-17,quantile,0.1,8.05484468241765e-4
2026-10-10,48,1,wk inc rsv prop ed visits,2026-10-17,quantile,0.15,8.542263416365379e-4
2026-10-10,48,1,wk inc rsv prop ed visits,2026-10-17,quantile,0.2,8.879047138930725e-4
2026-10-10,48,1,wk inc rsv prop ed visits,2026-10-17,quantile,0.25,9.191266634982764e-4
2026-10-10,48,1,wk inc rsv prop ed visits,2026-10-17,quantile,0.3,9.503483520094643e-4
2026-10-10,48,1,wk inc rsv prop ed visits,2026-10-17,quantile,0.35,9.760805585652974e-4
2026-10-10,48,1,wk inc rsv prop ed visits,2026-10-17,quantile,0.4,0.001003961108703748
2026-10-10,48,1,wk inc rsv prop ed visits,2026-10-17,quantile,0.45,0.001032038746372108
2026-10-10,48,1,wk inc rsv prop ed visits,2026-10-17,quantile,0.5,0.0010589065038977474
2026-10-10,48,1,wk inc rsv prop ed visits,2026-10-17,quantile,0.55,0.0010848641567439907
2026-10-10,48,1,wk inc rsv prop ed visits,2026-10-17,quantile,0.6,0.0011205825148986519
2026-10-10,48,1,wk inc rsv prop ed visits,2026-10-17,quantile,0.65,0.0011697693189145937
2026-10-10,48,1,wk inc rsv prop ed visits,2026-10-17,quantile,0.7,0.001219038676973707
2026-10-10,48,1,wk inc rsv prop ed visits,2026-10-17,quantile,0.75,0.0012734267531321346
2026-10-10,48,1,wk inc rsv prop ed visits,2026-10-17,quantile,0.8,0.001336897360660205
2026-10-10,48,1,wk inc rsv prop ed visits,2026-10-17,quantile,0.85,0.0014174444199755445
2026-10-10,48,1,wk inc rsv prop ed visits,2026-10-17,quantile,0.9,0.001537410008502309
2026-10-10,48,1,wk inc rsv prop ed visits,2026-10-17,quantile,0.95,0.0017155185307088372
2026-10-10,48,1,wk inc rsv prop ed visits,2026-10-17,quantile,0.975,0.001893223982490194
2026-10-10,48,1,wk inc rsv prop ed visits,2026-10-17,quantile,0.99,0.002087607821262355
2026-10-10,48,2,wk inc rsv prop ed visits,2026-10-24,quantile,0.01,5.253390305929801e-4
2026-10-10,48,2,wk inc rsv prop ed visits,2026-10-24,quantile,0.025,6.724255810370831e-4
2026-10-10,48,2,wk inc rsv prop ed visits,2026-10-24,quantile,0.05,7.64529291546822e-4
2026-10-10,48,2,wk inc rsv prop ed visits,2026-10-24,quantile,0.1,8.518725154498097e-4
2026-10-10,48,2,wk inc rsv prop ed visits,2026-10-24,quantile,0.15,9.096628068211896e-4
2026-10-10,48,2,wk inc rsv prop ed visits,2026-10-24,quantile,0.2,9.622190518118927e-4
2026-10-10,48,2,wk inc rsv prop ed visits,2026-10-24,quantile,0.25,0.001018677582229662
2026-10-10,48,2,wk inc rsv prop ed visits,2026-10-24,quantile,0.3,0.0010578668039038655
2026-10-10,48,2,wk inc rsv prop ed visits,2026-10-24,quantile,0.35,0.001105971473290369
2026-10-10,48,2,wk inc rsv prop ed visits,2026-10-24,quantile,0.4,0.0011457161359909617
2026-10-10,48,2,wk inc rsv prop ed visits,2026-10-24,quantile,0.45,0.0011861234000871339
2026-10-10,48,2,wk inc rsv prop ed visits,2026-10-24,quantile,0.5,0.0012224833426915896
2026-10-10,48,2,wk inc rsv prop ed visits,2026-10-24,quantile,0.55,0.0012628248587597316
2026-10-10,48,2,wk inc rsv prop ed visits,2026-10-24,quantile,0.6,0.0013161328182995109
2026-10-10,48,2,wk inc rsv prop ed visits,2026-10-24,quantile,0.65,0.0013732280210538175
2026-10-10,48,2,wk inc rsv prop ed visits,2026-10-24,quantile,0.7,0.0014440738414493574
2026-10-10,48,2,wk inc rsv prop ed visits,2026-10-24,quantile,0.75,0.0015235805880565387
2026-10-10,48,2,wk inc rsv prop ed visits,2026-10-24,quantile,0.8,0.001620371229238107
2026-10-10,48,2,wk inc rsv prop ed visits,2026-10-24,quantile,0.85,0.0017303346832042619
2026-10-10,48,2,wk inc rsv prop ed visits,2026-10-24,quantile,0.9,0.0018797831912117195
2026-10-10,48,2,wk inc rsv prop ed visits,2026-10-24,quantile,0.95,0.002169465827344107
2026-10-10,48,2,wk inc rsv prop ed visits,2026-10-24,quantile,0.975,0.0024344642958498124
2026-10-10,48,2,wk inc rsv prop ed visits,2026-10-24,quantile,0.99,0.002766848699747104
2026-10-10,48,3,wk inc rsv prop ed visits,2026-10-31,quantile,0.01,5.362386640221869e-4
2026-10-10,48,3,wk inc rsv prop ed visits,2026-10-31,quantile,0.025,7.360224924569557e-4
2026-10-10,48,3,wk inc rsv prop ed visits,2026-10-31,quantile,0.05,8.883105720592521e-4
2026-10-10,48,3,wk inc rsv prop ed visits,2026-10-31,quantile,0.1,0.0010465500098642794
2026-10-10,48,3,wk inc rsv prop ed visits,2026-10-31,quantile,0.15,0.0011641380482241693
2026-10-10,48,3,wk inc rsv prop ed visits,2026-10-31,quantile,0.2,0.0012712659750329452
2026-10-10,48,3,wk inc rsv prop ed visits,2026-10-31,quantile,0.25,0.001363821276515871
2026-10-10,48,3,wk inc rsv prop ed visits,2026-10-31,quantile,0.3,0.0014709796246273397
2026-10-10,48,3,wk inc rsv prop ed visits,2026-10-31,quantile,0.35,0.0015815921632638048
2026-10-10,48,3,wk inc rsv prop ed visits,2026-10-31,quantile,0.4,0.0017015073102408678
2026-10-10,48,3,wk inc rsv prop ed visits,2026-10-31,quantile,0.45,0.0017935175191728745
2026-10-10,48,3,wk inc rsv prop ed visits,2026-10-31,quantile,0.5,0.0019064653352466533
2026-10-10,48,3,wk inc rsv prop ed visits,2026-10-31,quantile,0.55,0.002043887944557593
2026-10-10,48,3,wk inc rsv prop ed visits,2026-10-31,quantile,0.6,0.0021533915663229665
2026-10-10,48,3,wk inc rsv prop ed visits,2026-10-31,quantile,0.65,0.0022855115964855012
2026-10-10,48,3,wk inc rsv prop ed visits,2026-10-31,quantile,0.7,0.002433609327386946
2026-10-10,48,3,wk inc rsv prop ed visits,2026-10-31,quantile,0.75,0.0026087613084451134
2026-10-10,48,3,wk inc rsv prop ed visits,2026-10-31,quantile,0.8,0.002782544077983713
2026-10-10,48,3,wk inc rsv prop ed visits,2026-10-31,quantile,0.85,0.002985835283262456
2026-10-10,48,3,wk inc rsv prop ed visits,2026-10-31,quantile,0.9,0.0033238108882728276
2026-10-10,48,3,wk inc rsv prop ed visits,2026-10-31,quantile,0.95,0.003815463732649158
2026-10-10,48,3,wk inc rsv prop ed visits,2026-10-31,quantile,0.975,0.004216137636646939
2026-10-10,48,3,wk inc rsv prop ed visits,2026-10-31,quantile,0.99,0.004828289936561123
2026-10-10,49,0,wk inc rsv prop ed visits,2026-10-10,quantile,0.01,6.7624612283173735e-6
2026-10-10,49,0,wk inc rsv prop ed visits,2026-10-10,quantile,0.025,1.2908416616679119e-5
2026-10-10,49,0,wk inc rsv prop ed visits,2026-10-10,quantile,0.05,4.1590492721117426e-5
2026-10-10,49,0,wk inc rsv prop ed visits,2026-10-10,quantile,0.1,5.439052452692881e-5
2026-10-10,49,0,wk inc rsv prop ed visits,2026-10-10,quantile,0.15,8.215697009859488e-5
2026-10-10,49,0,wk inc rsv prop ed visits,2026-10-10,quantile,0.2,9.669972928955749e-5
2026-10-10,49,0,wk inc rsv prop ed visits,2026-10-10,quantile,0.25,1.1919558418910537e-4
2026-10-10,49,0,wk inc rsv prop ed visits,2026-10-10,quantile,0.3,1.3684723366443318e-4
2026-10-10,49,0,wk inc rsv prop ed visits,2026-10-10,quantile,0.35,1.4903166800740546e-4
2026-10-10,49,0,wk inc rsv prop ed visits,2026-10-10,quantile,0.4,1.7606105913116379e-4
2026-10-10,49,0,wk inc rsv prop ed visits,2026-10-10,quantile,0.45,1.8694713513138188e-4
2026-10-10,49,0,wk inc rsv prop ed visits,2026-10-10,quantile,0.5,2.069344003075475e-4
2026-10-10,49,0,wk inc rsv prop ed visits,2026-10-10,quantile,0.55,2.3013065050904625e-4
2026-10-10,49,0,wk inc rsv prop ed visits,2026-10-10,quantile,0.6,2.508080282258635e-4
2026-10-10,49,0,wk inc rsv prop ed visits,2026-10-10,quantile,0.65,2.7765339469982506e-4
2026-10-10,49,0,wk inc rsv prop ed visits,2026-10-10,quantile,0.7,3.0699390302847966e-4
2026-10-10,49,0,wk inc rsv prop ed visits,2026-10-10,quantile,0.75,3.4188726018057893e-4
2026-10-10,49,0,wk inc rsv prop ed visits,2026-10-10,quantile,0.8,3.8792939793163856e-4
2026-10-10,49,0,wk inc rsv prop ed visits,2026-10-10,quantile,0.85,4.4479807491762163e-4
2026-10-10,49,0,wk inc rsv prop ed visits,2026-10-10,quantile,0.9,5.187363654607883e-4
2026-10-10,49,0,wk inc rsv prop ed visits,2026-10-10,quantile,0.95,6.356415918083128e-4
2026-10-10,49,0,wk inc rsv prop ed visits,2026-10-10,quantile,0.975,6.870769260326722e-4
2026-10-10,49,0,wk inc rsv prop ed visits,2026-10-10,quantile,0.99,7.502268181563816e-4
2026-10-10,49,1,wk inc rsv prop ed visits,2026-10-17,quantile,0.01,2.2123282553535567e-6
2026-10-10,49,1,wk inc rsv prop ed visits,2026-10-17,quantile,0.025,7.591273861212753e-6
2026-10-10,49,1,wk inc rsv prop ed visits,2026-10-17,quantile,0.05,3.649492728643619e-5
2026-10-10,49,1,wk inc rsv prop ed visits,2026-10-17,quantile,0.1,4.961489395955981e-5
2026-10-10,49,1,wk inc rsv prop ed visits,2026-10-17,quantile,0.15,8.002792752592758e-5
2026-10-10,49,1,wk inc rsv prop ed visits,2026-10-17,quantile,0.2,8.868653177844066e-5
2026-10-10,49,1,wk inc rsv prop ed visits,2026-10-17,quantile,0.25,1.056191846005497e-4
2026-10-10,49,1,wk inc rsv prop ed visits,2026-10-17,quantile,0.3,1.4326698473447546e-4
2026-10-10,49,1,wk inc rsv prop ed visits,2026-10-17,quantile,0.35,1.553321537067678e-4
2026-10-10,49,1,wk inc rsv prop ed visits,2026-10-17,quantile,0.4,1.8451271665584975e-4
2026-10-10,49,1,wk inc rsv prop ed visits,2026-10-17,quantile,0.45,1.970883157444032e-4
2026-10-10,49,1,wk inc rsv prop ed visits,2026-10-17,quantile,0.5,2.2309206044770192e-4
2026-10-10,49,1,wk inc rsv prop ed visits,2026-10-17,quantile,0.55,2.5217141157204075e-4
2026-10-10,49,1,wk inc rsv prop ed visits,2026-10-17,quantile,0.6,2.8376472561875393e-4
2026-10-10,49,1,wk inc rsv prop ed visits,2026-10-17,quantile,0.65,3.1672025883995255e-4
2026-10-10,49,1,wk inc rsv prop ed visits,2026-10-17,quantile,0.7,3.532045951295394e-4
2026-10-10,49,1,wk inc rsv prop ed visits,2026-10-17,quantile,0.75,4.0560727372246564e-4
2026-10-10,49,1,wk inc rsv prop ed visits,2026-10-17,quantile,0.8,4.723266639340445e-4
2026-10-10,49,1,wk inc rsv prop ed visits,2026-10-17,quantile,0.85,5.453228864060979e-4
2026-10-10,49,1,wk inc rsv prop ed visits,2026-10-17,quantile,0.9,6.607764947890411e-4
2026-10-10,49,1,wk inc rsv prop ed visits,2026-10-17,quantile,0.95,8.478353757051694e-4
2026-10-10,49,1,wk inc rsv prop ed visits,2026-10-17,quantile,0.975,9.4031878347511e-4
2026-10-10,49,1,wk inc rsv prop ed visits,2026-10-17,quantile,0.99,0.001014757726960279
2026-10-10,49,2,wk inc rsv prop ed visits,2026-10-24,quantile,0.01,0
2026-10-10,49,2,wk inc rsv prop ed visits,2026-10-24,quantile,0.025,5.695440189008321e-7
2026-10-10,49,2,wk inc rsv prop ed visits,2026-10-24,quantile,0.05,2.9933039924086734e-5
2026-10-10,49,2,wk inc rsv prop ed visits,2026-10-24,quantile,0.1,3.9910133583751403e-5
2026-10-10,49,2,wk inc rsv prop ed visits,2026-10-24,quantile,0.15,7.067527285258366e-5
2026-10-10,49,2,wk inc rsv prop ed visits,2026-10-24,quantile,0.2,9.609903594723366e-5
2026-10-10,49,2,wk inc rsv prop ed visits,2026-10-24,quantile,0.25,1.3770760674265526e-4
2026-10-10,49,2,wk inc rsv prop ed visits,2026-10-24,quantile,0.3,1.502723341717235e-4
2026-10-10,49,2,wk inc rsv prop ed visits,2026-10-24,quantile,0.35,1.6312903474278805e-4
2026-10-10,49,2,wk inc rsv prop ed visits,2026-10-24,quantile,0.4,1.942394838784831e-4
2026-10-10,49,2,wk inc rsv prop ed visits,2026-10-24,quantile,0.45,2.124350539421407e-4
2026-10-10,49,2,wk inc rsv prop ed visits,2026-10-24,quantile,0.5,2.431354176752064e-4
2026-10-10,49,2,wk inc rsv prop ed visits,2026-10-24,quantile,0.55,2.755038501180687e-4
2026-10-10,49,2,wk inc rsv prop ed visits,2026-10-24,quantile,0.6,3.133440695591466e-4
2026-10-10,49,2,wk inc rsv prop ed visits,2026-10-24,quantile,0.65,3.61410769505551e-4
2026-10-10,49,2,wk inc rsv prop ed visits,2026-10-24,quantile,0.7,4.094061850089863e-4
2026-10-10,49,2,wk inc rsv prop ed visits,2026-10-24,quantile,0.75,4.7481626429091573e-4
2026-10-10,49,2,wk inc rsv prop ed visits,2026-10-24,quantile,0.8,5.578886919724291e-4
2026-10-10,49,2,wk inc rsv prop ed visits,2026-10-24,quantile,0.85,6.742540640994144e-4
2026-10-10,49,2,wk inc rsv prop ed visits,2026-10-24,quantile,0.9,8.604201964072276e-4
2026-10-10,49,2,wk inc rsv prop ed visits,2026-10-24,quantile,0.95,0.0011715665563125429
2026-10-10,49,2,wk inc rsv prop ed visits,2026-10-24,quantile,0.975,0.0012881183498195067
2026-10-10,49,2,wk inc rsv prop ed visits,2026-10-24,quantile,0.99,0.0015555880517343764
2026-10-10,49,3,wk inc rsv prop ed visits,2026-10-31,quantile,0.01,1.2448748676720408e-5
2026-10-10,49,3,wk inc rsv prop ed visits,2026-10-31,quantile,0.025,1.9562789372916502e-5
2026-10-10,49,3,wk inc rsv prop ed visits,2026-10-31,quantile,0.05,2.867431206291279e-5
2026-10-10,49,3,wk inc rsv prop ed visits,2026-10-31,quantile,0.1,4.6727114993709645e-5
2026-10-10,49,3,wk inc rsv prop ed visits,2026-10-31,quantile,0.15,8.394817530207314e-5
2026-10-10,49,3,wk inc rsv prop ed visits,2026-10-31,quantile,0.2,1.1706996221723391e-4
2026-10-10,49,3,wk inc rsv prop ed visits,2026-10-31,quantile,0.25,1.5207627161213904e-4
2026-10-10,49,3,wk inc rsv prop ed visits,2026-10-31,quantile,0.3,2.0031112058320916e-4
2026-10-10,49,3,wk inc rsv prop ed visits,2026-10-31,quantile,0.35,2.5071477927582364e-4
2026-10-10,49,3,wk inc rsv prop ed visits,2026-10-31,quantile,0.4,3.0185479759997614e-4
2026-10-10,49,3,wk inc rsv prop ed visits,2026-10-31,quantile,0.45,3.713207019277209e-4
2026-10-10,49,3,wk inc rsv prop ed visits,2026-10-31,quantile,0.5,4.2875698186661717e-4
2026-10-10,49,3,wk inc rsv prop ed visits,2026-10-31,quantile,0.55,5.21519704356274e-4
2026-10-10,49,3,wk inc rsv prop ed visits,2026-10-31,quantile,0.6,6.13734203223608e-4
2026-10-10,49,3,wk inc rsv prop ed visits,2026-10-31,quantile,0.65,7.274118304029432e-4
2026-10-10,49,3,wk inc rsv prop ed visits,2026-10-31,quantile,0.7,9.190797861409945e-4
2026-10-10,49,3,wk inc rsv prop ed visits,2026-10-31,quantile,0.75,0.0011119629194325184
2026-10-10,49,3,wk inc rsv prop ed visits,2026-10-31,quantile,0.8,0.0013371516988133173
2026-10-10,49,3,wk inc rsv prop ed visits,2026-10-31,quantile,0.85,0.0013633352274099767
2026-10-10,49,3,wk inc rsv prop ed visits,2026-10-31,quantile,0.9,0.0014006487232240254
2026-10-10,49,3,wk inc rsv prop ed visits,2026-10-31,quantile,0.95,0.0014615184602858964
2026-10-10,49,3,wk inc rsv prop ed visits,2026-10-31,quantile,0.975,0.0015105803917189295
2026-10-10,49,3,wk inc rsv prop ed visits,2026-10-31,quantile,0.99,0.001580764474340545
2026-10-10,50,0,wk inc rsv prop ed visits,2026-10-10,quantile,0.01,0
2026-10-10,50,0,wk inc rsv prop ed visits,2026-10-10,quantile,0.025,0
2026-10-10,50,0,wk inc rsv prop ed visits,2026-10-10,quantile,0.05,0
2026-10-10,50,0,wk inc rsv prop ed visits,2026-10-10,quantile,0.1,0
2026-10-10,50,0,wk inc rsv prop ed visits,2026-10-10,quantile,0.15,0
2026-10-10,50,0,wk inc rsv prop ed visits,2026-10-10,quantile,0.2,2.5089650196820754e-8
2026-10-10,50,0,wk inc rsv prop ed visits,2026-10-10,quantile,0.25,4.572992410809434e-6
2026-10-10,50,0,wk inc rsv prop ed visits,2026-10-10,quantile,0.3,8.522029621972953e-6
2026-10-10,50,0,wk inc rsv prop ed visits,2026-10-10,quantile,0.35,1.3244646351272032e-5
2026-10-10,50,0,wk inc rsv prop ed visits,2026-10-10,quantile,0.4,1.8055272542870903e-5
2026-10-10,50,0,wk inc rsv prop ed visits,2026-10-10,quantile,0.45,2.636537506575788e-5
2026-10-10,50,0,wk inc rsv prop ed visits,2026-10-10,quantile,0.5,3.7910292646783754e-5
2026-10-10,50,0,wk inc rsv prop ed visits,2026-10-10,quantile,0.55,5.0818106387728935e-5
2026-10-10,50,0,wk inc rsv prop ed visits,2026-10-10,quantile,0.6,6.605562326277283e-5
2026-10-10,50,0,wk inc rsv prop ed visits,2026-10-10,quantile,0.65,8.20049673963818e-5
2026-10-10,50,0,wk inc rsv prop ed visits,2026-10-10,quantile,0.7,1.0196869970812503e-4
2026-10-10,50,0,wk inc rsv prop ed visits,2026-10-10,quantile,0.75,1.229587850574367e-4
2026-10-10,50,0,wk inc rsv prop ed visits,2026-10-10,quantile,0.8,1.650377507001097e-4
2026-10-10,50,0,wk inc rsv prop ed visits,2026-10-10,quantile,0.85,1.9401175542772177e-4
2026-10-10,50,0,wk inc rsv prop ed visits,2026-10-10,quantile,0.9,2.6044391202215296e-4
2026-10-10,50,0,wk inc rsv prop ed visits,2026-10-10,quantile,0.95,3.914415285925458e-4
2026-10-10,50,0,wk inc rsv prop ed visits,2026-10-10,quantile,0.975,4.925631684702142e-4
2026-10-10,50,0,wk inc rsv prop ed visits,2026-10-10,quantile,0.99,5.549391636049813e-4
2026-10-10,50,1,wk inc rsv prop ed visits,2026-10-17,quantile,0.01,0
2026-10-10,50,1,wk inc rsv prop ed visits,2026-10-17,quantile,0.025,0
2026-10-10,50,1,wk inc rsv prop ed visits,2026-10-17,quantile,0.05,0
2026-10-10,50,1,wk inc rsv prop ed visits,2026-10-17,quantile,0.1,0
2026-10-10,50,1,wk inc rsv prop ed visits,2026-10-17,quantile,0.15,0
2026-10-10,50,1,wk inc rsv prop ed visits,2026-10-17,quantile,0.2,0
2026-10-10,50,1,wk inc rsv prop ed visits,2026-10-17,quantile,0.25,1.7639643034830982e-6
2026-10-10,50,1,wk inc rsv prop ed visits,2026-10-17,quantile,0.3,5.5380395171549e-6
2026-10-10,50,1,wk inc rsv prop ed visits,2026-10-17,quantile,0.35,1.0856071125964914e-5
2026-10-10,50,1,wk inc rsv prop ed visits,2026-10-17,quantile,0.4,1.704262351989118e-5
2026-10-10,50,1,wk inc rsv prop ed visits,2026-10-17,quantile,0.45,3.2407037462500316e-5
2026-10-10,50,1,wk inc rsv prop ed visits,2026-10-17,quantile,0.5,4.76245410242958e-5
2026-10-10,50,1,wk inc rsv prop ed visits,2026-10-17,quantile,0.55,6.594149878401921e-5
2026-10-10,50,1,wk inc rsv prop ed visits,2026-10-17,quantile,0.6,8.54014417357772e-5
2026-10-10,50,1,wk inc rsv prop ed visits,2026-10-17,quantile,0.65,1.0533686761545143e-4
2026-10-10,50,1,wk inc rsv prop ed visits,2026-10-17,quantile,0.7,1.3128153601420927e-4
2026-10-10,50,1,wk inc rsv prop ed visits,2026-10-17,quantile,0.75,1.6830991152283568e-4
2026-10-10,50,1,wk inc rsv prop ed visits,2026-10-17,quantile,0.8,2.2802783923787034e-4
2026-10-10,50,1,wk inc rsv prop ed visits,2026-10-17,quantile,0.85,2.815023917320372e-4
2026-10-10,50,1,wk inc rsv prop ed visits,2026-10-17,quantile,0.9,3.5799519541550816e-4
2026-10-10,50,1,wk inc rsv prop ed visits,2026-10-17,quantile,0.95,4.629077869537752e-4
2026-10-10,50,1,wk inc rsv prop ed visits,2026-10-17,quantile,0.975,5.507602213639475e-4
2026-10-10,50,1,wk inc rsv prop ed visits,2026-10-17,quantile,0.99,6.844791264328066e-4
2026-10-10,50,2,wk inc rsv prop ed visits,2026-10-24,quantile,0.01,0
2026-10-10,50,2,wk inc rsv prop ed visits,2026-10-24,quantile,0.025,0
2026-10-10,50,2,wk inc rsv prop ed visits,2026-10-24,quantile,0.05,0
2026-10-10,50,2,wk inc rsv prop ed visits,2026-10-24,quantile,0.1,0
2026-10-10,50,2,wk inc rsv prop ed visits,2026-10-24,quantile,0.15,0
2026-10-10,50,2,wk inc rsv prop ed visits,2026-10-24,quantile,0.2,0
2026-10-10,50,2,wk inc rsv prop ed visits,2026-10-24,quantile,0.25,2.521193876000487e-6
2026-10-10,50,2,wk inc rsv prop ed visits,2026-10-24,quantile,0.3,7.4170601164310545e-6
2026-10-10,50,2,wk inc rsv prop ed visits,2026-10-24,quantile,0.35,1.1618891347046116e-5
2026-10-10,50,2,wk inc rsv prop ed visits,2026-10-24,quantile,0.4,2.22364177903258e-5
2026-10-10,50,2,wk inc rsv prop ed visits,2026-10-24,quantile,0.45,3.972352312238901e-5
2026-10-10,50,2,wk inc rsv prop ed visits,2026-10-24,quantile,0.5,6.111840280377728e-5
2026-10-10,50,2,wk inc rsv prop ed visits,2026-10-24,quantile,0.55,8.390691072597426e-5
2026-10-10,50,2,wk inc rsv prop ed visits,2026-10-24,quantile,0.6,1.1209056568246454e-4
2026-10-10,50,2,wk inc rsv prop ed visits,2026-10-24,quantile,0.65,1.4838818856772516e-4
2026-10-10,50,2,wk inc rsv prop ed visits,2026-10-24,quantile,0.7,1.9283084179836133e-4
2026-10-10,50,2,wk inc rsv prop ed visits,2026-10-24,quantile,0.75,2.6255460999365836e-4
2026-10-10,50,2,wk inc rsv prop ed visits,2026-10-24,quantile,0.8,3.0496920520408597e-4
2026-10-10,50,2,wk inc rsv prop ed visits,2026-10-24,quantile,0.85,3.336341150439368e-4
2026-10-10,50,2,wk inc rsv prop ed visits,2026-10-24,quantile,0.9,3.907791970990433e-4
2026-10-10,50,2,wk inc rsv prop ed visits,2026-10-24,quantile,0.95,5.223042220770134e-4
2026-10-10,50,2,wk inc rsv prop ed visits,2026-10-24,quantile,0.975,6.637298108399306e-4
2026-10-10,50,2,wk inc rsv prop ed visits,2026-10-24,quantile,0.99,8.572651014295521e-4
2026-10-10,50,3,wk inc rsv prop ed visits,2026-10-31,quantile,0.01,1.195110322773282e-5
2026-10-10,50,3,wk inc rsv prop ed visits,2026-10-31,quantile,0.025,2.326364386274614e-5
2026-10-10,50,3,wk inc rsv prop ed visits,2026-10-31,quantile,0.05,3.5306325509581106e-5
2026-10-10,50,3,wk inc rsv prop ed visits,2026-10-31,quantile,0.1,5.352626104264061e-5
2026-10-10,50,3,wk inc rsv prop ed visits,2026-10-31,quantile,0.15,6.804010290093623e-5
2026-10-10,50,3,wk inc rsv prop ed visits,2026-10-31,quantile,0.2,8.175305792616e-5
2026-10-10,50,3,wk inc rsv prop ed visits,2026-10-31,quantile,0.25,9.48661712519475e-5
2026-10-10,50,3,wk inc rsv prop ed visits,2026-10-31,quantile,0.3,1.0823640790589488e-4
2026-10-10,50,3,wk inc rsv prop ed visits,2026-10-31,quantile,0.35,1.2973537561416262e-4
2026-10-10,50,3,wk inc rsv prop ed visits,2026-10-31,quantile,0.4,1.5640234358827598e-4
2026-10-10,50,3,wk inc rsv prop ed visits,2026-10-31,quantile,0.45,1.9168872972640164e-4
2026-10-10,50,3,wk inc rsv prop ed visits,2026-10-31,quantile,0.5,2.27493547494385e-4
2026-10-10,50,3,wk inc rsv prop ed visits,2026-10-31,quantile,0.55,2.734985493104401e-4
2026-10-10,50,3,wk inc rsv prop ed visits,2026-10-31,quantile,0.6,3.1508379891140645e-4
2026-10-10,50,3,wk inc rsv prop ed visits,2026-10-31,quantile,0.65,3.7028407730192053e-4
2026-10-10,50,3,wk inc rsv prop ed visits,2026-10-31,quantile,0.7,4.469776947456763e-4
2026-10-10,50,3,wk inc rsv prop ed visits,2026-10-31,quantile,0.75,5.624018008278306e-4
2026-10-10,50,3,wk inc rsv prop ed visits,2026-10-31,quantile,0.8,6.848881948829278e-4
2026-10-10,50,3,wk inc rsv prop ed visits,2026-10-31,quantile,0.85,9.207527233733915e-4
2026-10-10,50,3,wk inc rsv prop ed visits,2026-10-31,quantile,0.9,0.0013057852088196953
2026-10-10,50,3,wk inc rsv prop ed visits,2026-10-31,quantile,0.95,0.0013773640774737317
2026-10-10,50,3,wk inc rsv prop ed visits,2026-10-31,quantile,0.975,0.0014470046789370533
2026-10-10,50,3,wk inc rsv prop ed visits,2026-10-31,quantile,0.99,0.0015399380095859703
2026-10-10,51,0,wk inc rsv prop ed visits,2026-10-10,quantile,0.01,1.4939126714120843e-4
2026-10-10,51,0,wk inc rsv prop ed visits,2026-10-10,quantile,0.025,1.8319441284314446e-4
2026-10-10,51,0,wk inc rsv prop ed visits,2026-10-10,quantile,0.05,2.114512126427871e-4
2026-10-10,51,0,wk inc rsv prop ed visits,2026-10-10,quantile,0.1,2.3997576920880447e-4
2026-10-10,51,0,wk inc rsv prop ed visits,2026-10-10,quantile,0.15,2.6897208252578094e-4
2026-10-10,51,0,wk inc rsv prop ed visits,2026-10-10,quantile,0.2,2.9683335517451765e-4
2026-10-10,51,0,wk inc rsv prop ed visits,2026-10-10,quantile,0.25,3.230461250983354e-4
2026-10-10,51,0,wk inc rsv prop ed visits,2026-10-10,quantile,0.3,3.4629271899096084e-4
2026-10-10,51,0,wk inc rsv prop ed visits,2026-10-10,quantile,0.35,3.721558329563172e-4
2026-10-10,51,0,wk inc rsv prop ed visits,2026-10-10,quantile,0.4,4.02776213615317e-4
2026-10-10,51,0,wk inc rsv prop ed visits,2026-10-10,quantile,0.45,4.2824422847758385e-4
2026-10-10,51,0,wk inc rsv prop ed visits,2026-10-10,quantile,0.5,4.5334826558841753e-4
2026-10-10,51,0,wk inc rsv prop ed visits,2026-10-10,quantile,0.55,4.804693512291757e-4
2026-10-10,51,0,wk inc rsv prop ed visits,2026-10-10,quantile,0.6,5.164386750540725e-4
2026-10-10,51,0,wk inc rsv prop ed visits,2026-10-10,quantile,0.65,5.472563571928931e-4
2026-10-10,51,0,wk inc rsv prop ed visits,2026-10-10,quantile,0.7,5.782446371695855e-4
2026-10-10,51,0,wk inc rsv prop ed visits,2026-10-10,quantile,0.75,6.20417129434131e-4
2026-10-10,51,0,wk inc rsv prop ed visits,2026-10-10,quantile,0.8,6.601887563308468e-4
2026-10-10,51,0,wk inc rsv prop ed visits,2026-10-10,quantile,0.85,7.14739142110239e-4
2026-10-10,51,0,wk inc rsv prop ed visits,2026-10-10,quantile,0.9,8.058868587468649e-4
2026-10-10,51,0,wk inc rsv prop ed visits,2026-10-10,quantile,0.95,9.077966750232944e-4
2026-10-10,51,0,wk inc rsv prop ed visits,2026-10-10,quantile,0.975,9.891588063092353e-4
2026-10-10,51,0,wk inc rsv prop ed visits,2026-10-10,quantile,0.99,0.001032730977696729
2026-10-10,51,1,wk inc rsv prop ed visits,2026-10-17,quantile,0.01,1.5872071377325767e-4
2026-10-10,51,1,wk inc rsv prop ed visits,2026-10-17,quantile,0.025,1.9246276139583398e-4
2026-10-10,51,1,wk inc rsv prop ed visits,2026-10-17,quantile,0.05,2.210624209661762e-4
2026-10-10,51,1,wk inc rsv prop ed visits,2026-10-17,quantile,0.1,2.5807831147046565e-4
2026-10-10,51,1,wk inc rsv prop ed visits,2026-10-17,quantile,0.15,2.8747506066189395e-4
2026-10-10,51,1,wk inc rsv prop ed visits,2026-10-17,quantile,0.2,3.232376759651509e-4
2026-10-10,51,1,wk inc rsv prop ed visits,2026-10-17,quantile,0.25,3.654252081511809e-4
2026-10-10,51,1,wk inc rsv prop ed visits,2026-10-17,quantile,0.3,4.066997941801126e-4
2026-10-10,51,1,wk inc rsv prop ed visits,2026-10-17,quantile,0.35,4.434657173271516e-4
2026-10-10,51,1,wk inc rsv prop ed visits,2026-10-17,quantile,0.4,4.8727711346101266e-4
2026-10-10,51,1,wk inc rsv prop ed visits,2026-10-17,quantile,0.45,5.331666766575459e-4
2026-10-10,51,1,wk inc rsv prop ed visits,2026-10-17,quantile,0.5,5.663123732007464e-4
2026-10-10,51,1,wk inc rsv prop ed visits,2026-10-17,quantile,0.55,6.131470739524024e-4
2026-10-10,51,1,wk inc rsv prop ed visits,2026-10-17,quantile,0.6,6.610344642324873e-4
2026-10-10,51,1,wk inc rsv prop ed visits,2026-10-17,quantile,0.65,7.091415784202409e-4
2026-10-10,51,1,wk inc rsv prop ed visits,2026-10-17,quantile,0.7,7.73086330841148e-4
2026-10-10,51,1,wk inc rsv prop ed visits,2026-10-17,quantile,0.75,8.295672370126064e-4
2026-10-10,51,1,wk inc rsv prop ed visits,2026-10-17,quantile,0.8,8.938142321248191e-4
2026-10-10,51,1,wk inc rsv prop ed visits,2026-10-17,quantile,0.85,9.615721436563732e-4
2026-10-10,51,1,wk inc rsv prop ed visits,2026-10-17,quantile,0.9,0.0010671508346593989
2026-10-10,51,1,wk inc rsv prop ed visits,2026-10-17,quantile,0.95,0.0012374604651599098
2026-10-10,51,1,wk inc rsv prop ed visits,2026-10-17,quantile,0.975,0.0014005464622329328
2026-10-10,51,1,wk inc rsv prop ed visits,2026-10-17,quantile,0.99,0.0016411629414011045
2026-10-10,51,2,wk inc rsv prop ed visits,2026-10-24,quantile,0.01,1.493169187893996e-4
2026-10-10,51,2,wk inc rsv prop ed visits,2026-10-24,quantile,0.025,1.8787359131475597e-4
2026-10-10,51,2,wk inc rsv prop ed visits,2026-10-24,quantile,0.05,2.206770772007953e-4
2026-10-10,51,2,wk inc rsv prop ed visits,2026-10-24,quantile,0.1,2.7460074908412037e-4
2026-10-10,51,2,wk inc rsv prop ed visits,2026-10-24,quantile,0.15,3.1073639604460525e-4
2026-10-10,51,2,wk inc rsv prop ed visits,2026-10-24,quantile,0.2,3.5857881238516307e-4
2026-10-10,51,2,wk inc rsv prop ed visits,2026-10-24,quantile,0.25,4.183905518064904e-4
2026-10-10,51,2,wk inc rsv prop ed visits,2026-10-24,quantile,0.3,4.708266612080751e-4
2026-10-10,51,2,wk inc rsv prop ed visits,2026-10-24,quantile,0.35,5.313840181856489e-4
2026-10-10,51,2,wk inc rsv prop ed visits,2026-10-24,quantile,0.4,6.084999640695295e-4
2026-10-10,51,2,wk inc rsv prop ed visits,2026-10-24,quantile,0.45,6.596887829121035e-4
2026-10-10,51,2,wk inc rsv prop ed visits,2026-10-24,quantile,0.5,7.125012652231021e-4
2026-10-10,51,2,wk inc rsv prop ed visits,2026-10-24,quantile,0.55,7.831316411289344e-4
2026-10-10,51,2,wk inc rsv prop ed visits,2026-10-24,quantile,0.6,8.524233902731486e-4
2026-10-10,51,2,wk inc rsv prop ed visits,2026-10-24,quantile,0.65,9.132571634072582e-4
2026-10-10,51,2,wk inc rsv prop ed visits,2026-10-24,quantile,0.7,9.79648063975297e-4
2026-10-10,51,2,wk inc rsv prop ed visits,2026-10-24,quantile,0.75,0.0010660905626113672
2026-10-10,51,2,wk inc rsv prop ed visits,2026-10-24,quantile,0.8,0.0011590737376214431
2026-10-10,51,2,wk inc rsv prop ed visits,2026-10-24,quantile,0.85,0.0012821588467844859
2026-10-10,51,2,wk inc rsv prop ed visits,2026-10-24,quantile,0.9,0.0014584729118363071
2026-10-10,51,2,wk inc rsv prop ed visits,2026-10-24,quantile,0.95,0.001767667109718519
2026-10-10,51,2,wk inc rsv prop ed visits,2026-10-24,quantile,0.975,0.002106500925174703
2026-10-10,51,2,wk inc rsv prop ed visits,2026-10-24,quantile,0.99,0.002540395359508141
2026-10-10,51,3,wk inc rsv prop ed visits,2026-10-31,quantile,0.01,1.8230940732183852e-4
2026-10-10,51,3,wk inc rsv prop ed visits,2026-10-31,quantile,0.025,2.4262751663263742e-4
2026-10-10,51,3,wk inc rsv prop ed visits,2026-10-31,quantile,0.05,3.138261119569291e-4
2026-10-10,51,3,wk inc rsv prop ed visits,2026-10-31,quantile,0.1,4.40188920407706e-4
2026-10-10,51,3,wk inc rsv prop ed visits,2026-10-31,quantile,0.15,5.251106079401044e-4
2026-10-10,51,3,wk inc rsv prop ed visits,2026-10-31,quantile,0.2,5.999389968379316e-4
2026-10-10,51,3,wk inc rsv prop ed visits,2026-10-31,quantile,0.25,6.776716098573405e-4
2026-10-10,51,3,wk inc rsv prop ed visits,2026-10-31,quantile,0.3,7.739025587795804e-4
2026-10-10,51,3,wk inc rsv prop ed visits,2026-10-31,quantile,0.35,8.602936180058587e-4
2026-10-10,51,3,wk inc rsv prop ed visits,2026-10-31,quantile,0.4,9.320991379131143e-4
2026-10-10,51,3,wk inc rsv prop ed visits,2026-10-31,quantile,0.45,0.0010145003998907097
2026-10-10,51,3,wk inc rsv prop ed visits,2026-10-31,quantile,0.5,0.001107196900972151
2026-10-10,51,3,wk inc rsv prop ed visits,2026-10-31,quantile,0.55,0.001205573548014811
2026-10-10,51,3,wk inc rsv prop ed visits,2026-10-31,quantile,0.6,0.0013166838706118052
2026-10-10,51,3,wk inc rsv prop ed visits,2026-10-31,quantile,0.65,0.0014447628981248033
2026-10-10,51,3,wk inc rsv prop ed visits,2026-10-31,quantile,0.7,0.0016007623290000676
2026-10-10,51,3,wk inc rsv prop ed visits,2026-10-31,quantile,0.75,0.0017611143009141383
2026-10-10,51,3,wk inc rsv prop ed visits,2026-10-31,quantile,0.8,0.0019761371935086416
2026-10-10,51,3,wk inc rsv prop ed visits,2026-10-31,quantile,0.85,0.002277276171123699
2026-10-10,51,3,wk inc rsv prop ed visits,2026-10-31,quantile,0.9,0.0026789112764773063
2026-10-10,51,3,wk inc rsv prop ed visits,2026-10-31,quantile,0.95,0.003179941868248416
2026-10-10,51,3,wk inc rsv prop ed visits,2026-10-31,quantile,0.975,0.0033189126729561104
2026-10-10,51,3,wk inc rsv prop ed visits,2026-10-31,quantile,0.99,0.0034495176802362597
2026-10-10,53,0,wk inc rsv prop ed visits,2026-10-10,quantile,0.01,2.373879870150281e-5
2026-10-10,53,0,wk inc rsv prop ed visits,2026-10-10,quantile,0.025,3.868820050312503e-5
2026-10-10,53,0,wk inc rsv prop ed visits,2026-10-10,quantile,0.05,5.4312030021023175e-5
2026-10-10,53,0,wk inc rsv prop ed visits,2026-10-10,quantile,0.1,7.454637437812669e-5
2026-10-10,53,0,wk inc rsv prop ed visits,2026-10-10,quantile,0.15,9.353495650024895e-5
2026-10-10,53,0,wk inc rsv prop ed visits,2026-10-10,quantile,0.2,1.1188245769020217e-4
2026-10-10,53,0,wk inc rsv prop ed visits,2026-10-10,quantile,0.25,1.2245482963863186e-4
2026-10-10,53,0,wk inc rsv prop ed visits,2026-10-10,quantile,0.3,1.3805066443042506e-4
2026-10-10,53,0,wk inc rsv prop ed visits,2026-10-10,quantile,0.35,1.4508068159922098e-4
2026-10-10,53,0,wk inc rsv prop ed visits,2026-10-10,quantile,0.4,1.5575292609021913e-4
2026-10-10,53,0,wk inc rsv prop ed visits,2026-10-10,quantile,0.45,1.618340743830818e-4
2026-10-10,53,0,wk inc rsv prop ed visits,2026-10-10,quantile,0.5,1.7277065918346168e-4
2026-10-10,53,0,wk inc rsv prop ed visits,2026-10-10,quantile,0.55,1.8059763759125101e-4
2026-10-10,53,0,wk inc rsv prop ed visits,2026-10-10,quantile,0.6,1.910380606308913e-4
2026-10-10,53,0,wk inc rsv prop ed visits,2026-10-10,quantile,0.65,2.053666596149394e-4
2026-10-10,53,0,wk inc rsv prop ed visits,2026-10-10,quantile,0.7,2.203174561399107e-4
2026-10-10,53,0,wk inc rsv prop ed visits,2026-10-10,quantile,0.75,2.356509782224562e-4
2026-10-10,53,0,wk inc rsv prop ed visits,2026-10-10,quantile,0.8,2.559514083159708e-4
2026-10-10,53,0,wk inc rsv prop ed visits,2026-10-10,quantile,0.85,2.8462270483470254e-4
2026-10-10,53,0,wk inc rsv prop ed visits,2026-10-10,quantile,0.9,3.2225233911465235e-4
2026-10-10,53,0,wk inc rsv prop ed visits,2026-10-10,quantile,0.95,3.908860383017449e-4
2026-10-10,53,0,wk inc rsv prop ed visits,2026-10-10,quantile,0.975,4.7723719964365755e-4
2026-10-10,53,0,wk inc rsv prop ed visits,2026-10-10,quantile,0.99,5.297822187050239e-4
2026-10-10,53,1,wk inc rsv prop ed visits,2026-10-17,quantile,0.01,2.6153299989730538e-5
2026-10-10,53,1,wk inc rsv prop ed visits,2026-10-17,quantile,0.025,4.376470914840341e-5
2026-10-10,53,1,wk inc rsv prop ed visits,2026-10-17,quantile,0.05,6.135927497029978e-5
2026-10-10,53,1,wk inc rsv prop ed visits,2026-10-17,quantile,0.1,8.360226501052836e-5
2026-10-10,53,1,wk inc rsv prop ed visits,2026-10-17,quantile,0.15,1.0442311548943187e-4
2026-10-10,53,1,wk inc rsv prop ed visits,2026-10-17,quantile,0.2,1.2347629228767146e-4
2026-10-10,53,1,wk inc rsv prop ed visits,2026-10-17,quantile,0.25,1.4128660250253895e-4
2026-10-10,53,1,wk inc rsv prop ed visits,2026-10-17,quantile,0.3,1.5572083544521684e-4
2026-10-10,53,1,wk inc rsv prop ed visits,2026-10-17,quantile,0.35,1.7066003246106343e-4
2026-10-10,53,1,wk inc rsv prop ed visits,2026-10-17,quantile,0.4,1.8480614622894375e-4
2026-10-10,53,1,wk inc rsv prop ed visits,2026-10-17,quantile,0.45,1.9826184849483085e-4
2026-10-10,53,1,wk inc rsv prop ed visits,2026-10-17,quantile,0.5,2.1462786837624895e-4
2026-10-10,53,1,wk inc rsv prop ed visits,2026-10-17,quantile,0.55,2.3056613594240393e-4
2026-10-10,53,1,wk inc rsv prop ed visits,2026-10-17,quantile,0.6,2.496202623734991e-4
2026-10-10,53,1,wk inc rsv prop ed visits,2026-10-17,quantile,0.65,2.675244156375156e-4
2026-10-10,53,1,wk inc rsv prop ed visits,2026-10-17,quantile,0.7,2.8483301491851197e-4
2026-10-10,53,1,wk inc rsv prop ed visits,2026-10-17,quantile,0.75,3.0693618157892166e-4
2026-10-10,53,1,wk inc rsv prop ed visits,2026-10-17,quantile,0.8,3.3818678205477216e-4
2026-10-10,53,1,wk inc rsv prop ed visits,2026-10-17,quantile,0.85,3.790037529283214e-4
2026-10-10,53,1,wk inc rsv prop ed visits,2026-10-17,quantile,0.9,4.213836891777967e-4
2026-10-10,53,1,wk inc rsv prop ed visits,2026-10-17,quantile,0.95,5.100225189079436e-4
2026-10-10,53,1,wk inc rsv prop ed visits,2026-10-17,quantile,0.975,6.060706212441974e-4
2026-10-10,53,1,wk inc rsv prop ed visits,2026-10-17,quantile,0.99,7.493994009944276e-4
2026-10-10,53,2,wk inc rsv prop ed visits,2026-10-24,quantile,0.01,2.5837902424530268e-5
2026-10-10,53,2,wk inc rsv prop ed visits,2026-10-24,quantile,0.025,4.3310669071849685e-5
2026-10-10,53,2,wk inc rsv prop ed visits,2026-10-24,quantile,0.05,6.476266832390688e-5
2026-10-10,53,2,wk inc rsv prop ed visits,2026-10-24,quantile,0.1,1.0165455702078829e-4
2026-10-10,53,2,wk inc rsv prop ed visits,2026-10-24,quantile,0.15,1.315580517150126e-4
2026-10-10,53,2,wk inc rsv prop ed visits,2026-10-24,quantile,0.2,1.5688936414129303e-4
2026-10-10,53,2,wk inc rsv prop ed visits,2026-10-24,quantile,0.25,1.7819887485377015e-4
2026-10-10,53,2,wk inc rsv prop ed visits,2026-10-24,quantile,0.3,1.980160212956015e-4
2026-10-10,53,2,wk inc rsv prop ed visits,2026-10-24,quantile,0.35,2.1737470544728189e-4
2026-10-10,53,2,wk inc rsv prop ed visits,2026-10-24,quantile,0.4,2.3567722335202047e-4
2026-10-10,53,2,wk inc rsv prop ed visits,2026-10-24,quantile,0.45,2.561781684719631e-4
2026-10-10,53,2,wk inc rsv prop ed visits,2026-10-24,quantile,0.5,2.737530690219077e-4
2026-10-10,53,2,wk inc rsv prop ed visits,2026-10-24,quantile,0.55,2.9433212525989047e-4
2026-10-10,53,2,wk inc rsv prop ed visits,2026-10-24,quantile,0.6,3.189787472460366e-4
2026-10-10,53,2,wk inc rsv prop ed visits,2026-10-24,quantile,0.65,3.443563513116773e-4
2026-10-10,53,2,wk inc rsv prop ed visits,2026-10-24,quantile,0.7,3.734436891533095e-4
2026-10-10,53,2,wk inc rsv prop ed visits,2026-10-24,quantile,0.75,4.0943033892661617e-4
2026-10-10,53,2,wk inc rsv prop ed visits,2026-10-24,quantile,0.8,4.5172177489824565e-4
2026-10-10,53,2,wk inc rsv prop ed visits,2026-10-24,quantile,0.85,5.1266346044477e-4
2026-10-10,53,2,wk inc rsv prop ed visits,2026-10-24,quantile,0.9,5.975994763446186e-4
2026-10-10,53,2,wk inc rsv prop ed visits,2026-10-24,quantile,0.95,7.439922244864628e-4
2026-10-10,53,2,wk inc rsv prop ed visits,2026-10-24,quantile,0.975,9.378602381948568e-4
2026-10-10,53,2,wk inc rsv prop ed visits,2026-10-24,quantile,0.99,0.0011909526925082741
2026-10-10,53,3,wk inc rsv prop ed visits,2026-10-31,quantile,0.01,2.6451306483152782e-5
2026-10-10,53,3,wk inc rsv prop ed visits,2026-10-31,quantile,0.025,4.897848572477738e-5
2026-10-10,53,3,wk inc rsv prop ed visits,2026-10-31,quantile,0.05,8.219600064538564e-5
2026-10-10,53,3,wk inc rsv prop ed visits,2026-10-31,quantile,0.1,1.3452942011218098e-4
2026-10-10,53,3,wk inc rsv prop ed visits,2026-10-31,quantile,0.15,1.7387713859935103e-4
2026-10-10,53,3,wk inc rsv prop ed visits,2026-10-31,quantile,0.2,2.0912087449210105e-4
2026-10-10,53,3,wk inc rsv prop ed visits,2026-10-31,quantile,0.25,2.3851907625952753e-4
2026-10-10,53,3,wk inc rsv prop ed visits,2026-10-31,quantile,0.3,2.7060808746218976e-4
2026-10-10,53,3,wk inc rsv prop ed visits,2026-10-31,quantile,0.35,3.0562834029302223e-4
2026-10-10,53,3,wk inc rsv prop ed visits,2026-10-31,quantile,0.4,3.378166128653366e-4
2026-10-10,53,3,wk inc rsv prop ed visits,2026-10-31,quantile,0.45,3.669366739645775e-4
2026-10-10,53,3,wk inc rsv prop ed visits,2026-10-31,quantile,0.5,4.0284979518853643e-4
2026-10-10,53,3,wk inc rsv prop ed visits,2026-10-31,quantile,0.55,4.484819821636044e-4
2026-10-10,53,3,wk inc rsv prop ed visits,2026-10-31,quantile,0.6,4.904354038050842e-4
2026-10-10,53,3,wk inc rsv prop ed visits,2026-10-31,quantile,0.65,5.380879401638365e-4
2026-10-10,53,3,wk inc rsv prop ed visits,2026-10-31,quantile,0.7,5.863211933273644e-4
2026-10-10,53,3,wk inc rsv prop ed visits,2026-10-31,quantile,0.75,6.466832184617497e-4
2026-10-10,53,3,wk inc rsv prop ed visits,2026-10-31,quantile,0.8,7.235143118369417e-4
2026-10-10,53,3,wk inc rsv prop ed visits,2026-10-31,quantile,0.85,8.317199513863934e-4
2026-10-10,53,3,wk inc rsv prop ed visits,2026-10-31,quantile,0.9,9.782258063787022e-4
2026-10-10,53,3,wk inc rsv prop ed visits,2026-10-31,quantile,0.95,0.0012051935027842836
2026-10-10,53,3,wk inc rsv prop ed visits,2026-10-31,quantile,0.975,0.0015275272988519674
2026-10-10,53,3,wk inc rsv prop ed visits,2026-10-31,quantile,0.99,0.0016698438854819378
2026-10-10,54,0,wk inc rsv prop ed visits,2026-10-10,quantile,0.01,6.64631628557099e-5
2026-10-10,54,0,wk inc rsv prop ed visits,2026-10-10,quantile,0.025,1.0580542188237849e-4
2026-10-10,54,0,wk inc rsv prop ed visits,2026-10-10,quantile,0.05,1.2928942060747524e-4
2026-10-10,54,0,wk inc rsv prop ed visits,2026-10-10,quantile,0.1,1.8568540521504093e-4
2026-10-10,54,0,wk inc rsv prop ed visits,2026-10-10,quantile,0.15,2.17678579229401e-4
2026-10-10,54,0,wk inc rsv prop ed visits,2026-10-10,quantile,0.2,2.549076688485632e-4
2026-10-10,54,0,wk inc rsv prop ed visits,2026-10-10,quantile,0.25,2.872319488124651e-4
2026-10-10,54,0,wk inc rsv prop ed visits,2026-10-10,quantile,0.3,3.1892551109681094e-4
2026-10-10,54,0,wk inc rsv prop ed visits,2026-10-10,quantile,0.35,3.497356770909377e-4
2026-10-10,54,0,wk inc rsv prop ed visits,2026-10-10,quantile,0.4,3.766233396194017e-4
2026-10-10,54,0,wk inc rsv prop ed visits,2026-10-10,quantile,0.45,4.052971695667492e-4
2026-10-10,54,0,wk inc rsv prop ed visits,2026-10-10,quantile,0.5,4.329579209734847e-4
2026-10-10,54,0,wk inc rsv prop ed visits,2026-10-10,quantile,0.55,4.6756248237022724e-4
2026-10-10,54,0,wk inc rsv prop ed visits,2026-10-10,quantile,0.6,5.018813085283363e-4
2026-10-10,54,0,wk inc rsv prop ed visits,2026-10-10,quantile,0.65,5.382915760254758e-4
2026-10-10,54,0,wk inc rsv prop ed visits,2026-10-10,quantile,0.7,5.780930655986717e-4
2026-10-10,54,0,wk inc rsv prop ed visits,2026-10-10,quantile,0.75,6.207021620823346e-4
2026-10-10,54,0,wk inc rsv prop ed visits,2026-10-10,quantile,0.8,6.808533089802531e-4
2026-10-10,54,0,wk inc rsv prop ed visits,2026-10-10,quantile,0.85,7.582128840089374e-4
2026-10-10,54,0,wk inc rsv prop ed visits,2026-10-10,quantile,0.9,8.613195035878404e-4
2026-10-10,54,0,wk inc rsv prop ed visits,2026-10-10,quantile,0.95,0.0010328721931316001
2026-10-10,54,0,wk inc rsv prop ed visits,2026-10-10,quantile,0.975,0.0012119762110364787
2026-10-10,54,0,wk inc rsv prop ed visits,2026-10-10,quantile,0.99,0.001295805218077424
2026-10-10,54,1,wk inc rsv prop ed visits,2026-10-17,quantile,0.01,6.24449062151334e-5
2026-10-10,54,1,wk inc rsv prop ed visits,2026-10-17,quantile,0.025,7.54505375974834e-5
2026-10-10,54,1,wk inc rsv prop ed visits,2026-10-17,quantile,0.05,1.1577174907153775e-4
2026-10-10,54,1,wk inc rsv prop ed visits,2026-10-17,quantile,0.1,1.7541340832938015e-4
2026-10-10,54,1,wk inc rsv prop ed visits,2026-10-17,quantile,0.15,2.2323224809488618e-4
2026-10-10,54,1,wk inc rsv prop ed visits,2026-10-17,quantile,0.2,2.7211929653020434e-4
2026-10-10,54,1,wk inc rsv prop ed visits,2026-10-17,quantile,0.25,3.078910186962694e-4
2026-10-10,54,1,wk inc rsv prop ed visits,2026-10-17,quantile,0.3,3.5717585140965225e-4
2026-10-10,54,1,wk inc rsv prop ed visits,2026-10-17,quantile,0.35,4.02252622811159e-4
2026-10-10,54,1,wk inc rsv prop ed visits,2026-10-17,quantile,0.4,4.3577002680262846e-4
2026-10-10,54,1,wk inc rsv prop ed visits,2026-10-17,quantile,0.45,4.6765513618648926e-4
2026-10-10,54,1,wk inc rsv prop ed visits,2026-10-17,quantile,0.5,5.045931127209772e-4
2026-10-10,54,1,wk inc rsv prop ed visits,2026-10-17,quantile,0.55,5.466853739007013e-4
2026-10-10,54,1,wk inc rsv prop ed visits,2026-10-17,quantile,0.6,5.895077107125318e-4
2026-10-10,54,1,wk inc rsv prop ed visits,2026-10-17,quantile,0.65,6.323266865267694e-4
2026-10-10,54,1,wk inc rsv prop ed visits,2026-10-17,quantile,0.7,6.812302876292701e-4
2026-10-10,54,1,wk inc rsv prop ed visits,2026-10-17,quantile,0.75,7.356861323231125e-4
2026-10-10,54,1,wk inc rsv prop ed visits,2026-10-17,quantile,0.8,8.110124898981987e-4
2026-10-10,54,1,wk inc rsv prop ed visits,2026-10-17,quantile,0.85,9.04857631428508e-4
2026-10-10,54,1,wk inc rsv prop ed visits,2026-10-17,quantile,0.9,0.0010228347910117366
2026-10-10,54,1,wk inc rsv prop ed visits,2026-10-17,quantile,0.95,0.001230822415916866
2026-10-10,54,1,wk inc rsv prop ed visits,2026-10-17,quantile,0.975,0.0014481357026874008
2026-10-10,54,1,wk inc rsv prop ed visits,2026-10-17,quantile,0.99,0.0016344002110582196
2026-10-10,54,2,wk inc rsv prop ed visits,2026-10-24,quantile,0.01,3.352520041986283e-5
2026-10-10,54,2,wk inc rsv prop ed visits,2026-10-24,quantile,0.025,7.063721173111469e-5
2026-10-10,54,2,wk inc rsv prop ed visits,2026-10-24,quantile,0.05,1.0021683057626777e-4
2026-10-10,54,2,wk inc rsv prop ed visits,2026-10-24,quantile,0.1,1.6640319518310235e-4
2026-10-10,54,2,wk inc rsv prop ed visits,2026-10-24,quantile,0.15,2.3337404342538048e-4
2026-10-10,54,2,wk inc rsv prop ed visits,2026-10-24,quantile,0.2,2.846627003641434e-4
2026-10-10,54,2,wk inc rsv prop ed visits,2026-10-24,quantile,0.25,3.3557451712116473e-4
2026-10-10,54,2,wk inc rsv prop ed visits,2026-10-24,quantile,0.3,3.9356766869348225e-4
2026-10-10,54,2,wk inc rsv prop ed visits,2026-10-24,quantile,0.35,4.6324363551983615e-4
2026-10-10,54,2,wk inc rsv prop ed visits,2026-10-24,quantile,0.4,5.164378835393695e-4
2026-10-10,54,2,wk inc rsv prop ed visits,2026-10-24,quantile,0.45,5.577381555697002e-4
2026-10-10,54,2,wk inc rsv prop ed visits,2026-10-24,quantile,0.5,5.987320464593212e-4
2026-10-10,54,2,wk inc rsv prop ed visits,2026-10-24,quantile,0.55,6.436762325885978e-4
2026-10-10,54,2,wk inc rsv prop ed visits,2026-10-24,quantile,0.6,6.927896585289826e-4
2026-10-10,54,2,wk inc rsv prop ed visits,2026-10-24,quantile,0.65,7.443671075254501e-4
2026-10-10,54,2,wk inc rsv prop ed visits,2026-10-24,quantile,0.7,8.070908090595178e-4
2026-10-10,54,2,wk inc rsv prop ed visits,2026-10-24,quantile,0.75,8.756915287242679e-4
2026-10-10,54,2,wk inc rsv prop ed visits,2026-10-24,quantile,0.8,9.684721578360791e-4
2026-10-10,54,2,wk inc rsv prop ed visits,2026-10-24,quantile,0.85,0.0010842227611540895
2026-10-10,54,2,wk inc rsv prop ed visits,2026-10-24,quantile,0.9,0.001242737325877423
2026-10-10,54,2,wk inc rsv prop ed visits,2026-10-24,quantile,0.95,0.0015221596541626658
2026-10-10,54,2,wk inc rsv prop ed visits,2026-10-24,quantile,0.975,0.0018172779639644544
2026-10-10,54,2,wk inc rsv prop ed visits,2026-10-24,quantile,0.99,0.0023132483814640157
2026-10-10,54,3,wk inc rsv prop ed visits,2026-10-31,quantile,0.01,9.482336934983503e-5
2026-10-10,54,3,wk inc rsv prop ed visits,2026-10-31,quantile,0.025,1.2767934025279643e-4
2026-10-10,54,3,wk inc rsv prop ed visits,2026-10-31,quantile,0.05,1.811047657517455e-4
2026-10-10,54,3,wk inc rsv prop ed visits,2026-10-31,quantile,0.1,2.776140312540996e-4
2026-10-10,54,3,wk inc rsv prop ed visits,2026-10-31,quantile,0.15,3.5681842513536296e-4
2026-10-10,54,3,wk inc rsv prop ed visits,2026-10-31,quantile,0.2,4.413944747307494e-4
2026-10-10,54,3,wk inc rsv prop ed visits,2026-10-31,quantile,0.25,5.247290347646288e-4
2026-10-10,54,3,wk inc rsv prop ed visits,2026-10-31,quantile,0.3,6.092729321298706e-4
2026-10-10,54,3,wk inc rsv prop ed visits,2026-10-31,quantile,0.35,6.930392083766583e-4
2026-10-10,54,3,wk inc rsv prop ed visits,2026-10-31,quantile,0.4,7.609193721434122e-4
2026-10-10,54,3,wk inc rsv prop ed visits,2026-10-31,quantile,0.45,8.54318852582047e-4
2026-10-10,54,3,wk inc rsv prop ed visits,2026-10-31,quantile,0.5,9.38622591356075e-4
2026-10-10,54,3,wk inc rsv prop ed visits,2026-10-31,quantile,0.55,0.0010498031402068324
2026-10-10,54,3,wk inc rsv prop ed visits,2026-10-31,quantile,0.6,0.0011916634753984226
2026-10-10,54,3,wk inc rsv prop ed visits,2026-10-31,quantile,0.65,0.0013750835319650072
2026-10-10,54,3,wk inc rsv prop ed visits,2026-10-31,quantile,0.7,0.001597536132807925
2026-10-10,54,3,wk inc rsv prop ed visits,2026-10-31,quantile,0.75,0.0018125348985562886
2026-10-10,54,3,wk inc rsv prop ed visits,2026-10-31,quantile,0.8,0.002110207902242949
2026-10-10,54,3,wk inc rsv prop ed visits,2026-10-31,quantile,0.85,0.0024872142275685497
2026-10-10,54,3,wk inc rsv prop ed visits,2026-10-31,quantile,0.9,0.0027313592792344702
2026-10-10,54,3,wk inc rsv prop ed visits,2026-10-31,quantile,0.95,0.0028366569393790285
2026-10-10,54,3,wk inc rsv prop ed visits,2026-10-31,quantile,0.975,0.0029534722700306397
2026-10-10,54,3,wk inc rsv prop ed visits,2026-10-31,quantile,0.99,0.003118166463244439
2026-10-10,55,0,wk inc rsv prop ed visits,2026-10-10,quantile,0.01,3.210830739076602e-6
2026-10-10,55,0,wk inc rsv prop ed visits,2026-10-10,quantile,0.025,6.182502362099676e-6
2026-10-10,55,0,wk inc rsv prop ed visits,2026-10-10,quantile,0.05,1.992269205114697e-5
2026-10-10,55,0,wk inc rsv prop ed visits,2026-10-10,quantile,0.1,2.774920417578731e-5
2026-10-10,55,0,wk inc rsv prop ed visits,2026-10-10,quantile,0.15,3.9375900237249236e-5
2026-10-10,55,0,wk inc rsv prop ed visits,2026-10-10,quantile,0.2,4.8199776564979724e-5
2026-10-10,55,0,wk inc rsv prop ed visits,2026-10-10,quantile,0.25,5.925907960879331e-5
2026-10-10,55,0,wk inc rsv prop ed visits,2026-10-10,quantile,0.3,6.887971934697854e-5
2026-10-10,55,0,wk inc rsv prop ed visits,2026-10-10,quantile,0.35,7.904594869941387e-5
2026-10-10,55,0,wk inc rsv prop ed visits,2026-10-10,quantile,0.4,9.051220066220462e-5
2026-10-10,55,0,wk inc rsv prop ed visits,2026-10-10,quantile,0.45,1.0035474678054487e-4
2026-10-10,55,0,wk inc rsv prop ed visits,2026-10-10,quantile,0.5,1.1061857702524252e-4
2026-10-10,55,0,wk inc rsv prop ed visits,2026-10-10,quantile,0.55,1.241939530717891e-4
2026-10-10,55,0,wk inc rsv prop ed visits,2026-10-10,quantile,0.6,1.365372440232827e-4
2026-10-10,55,0,wk inc rsv prop ed visits,2026-10-10,quantile,0.65,1.5180319571695973e-4
2026-10-10,55,0,wk inc rsv prop ed visits,2026-10-10,quantile,0.7,1.6760181318507654e-4
2026-10-10,55,0,wk inc rsv prop ed visits,2026-10-10,quantile,0.75,1.9100758671064657e-4
2026-10-10,55,0,wk inc rsv prop ed visits,2026-10-10,quantile,0.8,2.1182093595404375e-4
2026-10-10,55,0,wk inc rsv prop ed visits,2026-10-10,quantile,0.85,2.4566727009142945e-4
2026-10-10,55,0,wk inc rsv prop ed visits,2026-10-10,quantile,0.9,2.863685794939685e-4
2026-10-10,55,0,wk inc rsv prop ed visits,2026-10-10,quantile,0.95,3.6017468265255254e-4
2026-10-10,55,0,wk inc rsv prop ed visits,2026-10-10,quantile,0.975,4.1708252517951017e-4
2026-10-10,55,0,wk inc rsv prop ed visits,2026-10-10,quantile,0.99,4.4289261087386984e-4
2026-10-10,55,1,wk inc rsv prop ed visits,2026-10-17,quantile,0.01,4.841211962681884e-6
2026-10-10,55,1,wk inc rsv prop ed visits,2026-10-17,quantile,0.025,1.781013531539807e-5
2026-10-10,55,1,wk inc rsv prop ed visits,2026-10-17,quantile,0.05,2.3942946309171915e-5
2026-10-10,55,1,wk inc rsv prop ed visits,2026-10-17,quantile,0.1,4.177536689205901e-5
2026-10-10,55,1,wk inc rsv prop ed visits,2026-10-17,quantile,0.15,4.759477544984824e-5
2026-10-10,55,1,wk inc rsv prop ed visits,2026-10-17,quantile,0.2,6.217365135285864e-5
2026-10-10,55,1,wk inc rsv prop ed visits,2026-10-17,quantile,0.25,7.645055667281783e-5
2026-10-10,55,1,wk inc rsv prop ed visits,2026-10-17,quantile,0.3,8.969210735791236e-5
2026-10-10,55,1,wk inc rsv prop ed visits,2026-10-17,quantile,0.35,1.0503143383264539e-4
2026-10-10,55,1,wk inc rsv prop ed visits,2026-10-17,quantile,0.4,1.177445907225312e-4
2026-10-10,55,1,wk inc rsv prop ed visits,2026-10-17,quantile,0.45,1.3452081085236245e-4
2026-10-10,55,1,wk inc rsv prop ed visits,2026-10-17,quantile,0.5,1.503510273198086e-4
2026-10-10,55,1,wk inc rsv prop ed visits,2026-10-17,quantile,0.55,1.634146193822051e-4
2026-10-10,55,1,wk inc rsv prop ed visits,2026-10-17,quantile,0.6,1.7941479217210181e-4
2026-10-10,55,1,wk inc rsv prop ed visits,2026-10-17,quantile,0.65,1.9649591516748474e-4
2026-10-10,55,1,wk inc rsv prop ed visits,2026-10-17,quantile,0.7,2.161558875826707e-4
2026-10-10,55,1,wk inc rsv prop ed visits,2026-10-17,quantile,0.75,2.3852252749194695e-4
2026-10-10,55,1,wk inc rsv prop ed visits,2026-10-17,quantile,0.8,2.622762681328473e-4
2026-10-10,55,1,wk inc rsv prop ed visits,2026-10-17,quantile,0.85,0.00029666999258932296
2026-10-10,55,1,wk inc rsv prop ed visits,2026-10-17,quantile,0.9,3.445073390209811e-4
2026-10-10,55,1,wk inc rsv prop ed visits,2026-10-17,quantile,0.95,4.2864426225549607e-4
2026-10-10,55,1,wk inc rsv prop ed visits,2026-10-17,quantile,0.975,5.176403476140053e-4
2026-10-10,55,1,wk inc rsv prop ed visits,2026-10-17,quantile,0.99,6.242147712393357e-4
2026-10-10,55,2,wk inc rsv prop ed visits,2026-10-24,quantile,0.01,7.46602748706167e-6
2026-10-10,55,2,wk inc rsv prop ed visits,2026-10-24,quantile,0.025,1.3739525301954956e-5
2026-10-10,55,2,wk inc rsv prop ed visits,2026-10-24,quantile,0.05,3.05479330512134e-5
2026-10-10,55,2,wk inc rsv prop ed visits,2026-10-24,quantile,0.1,4.210016450947575e-5
2026-10-10,55,2,wk inc rsv prop ed visits,2026-10-24,quantile,0.15,6.023817474258154e-5
2026-10-10,55,2,wk inc rsv prop ed visits,2026-10-24,quantile,0.2,7.949832972754302e-5
2026-10-10,55,2,wk inc rsv prop ed visits,2026-10-24,quantile,0.25,9.923550119390998e-5
2026-10-10,55,2,wk inc rsv prop ed visits,2026-10-24,quantile,0.3,1.1911547092550508e-4
2026-10-10,55,2,wk inc rsv prop ed visits,2026-10-24,quantile,0.35,1.3831334951232792e-4
2026-10-10,55,2,wk inc rsv prop ed visits,2026-10-24,quantile,0.4,1.6234082297055376e-4
2026-10-10,55,2,wk inc rsv prop ed visits,2026-10-24,quantile,0.45,1.8437774829390536e-4
2026-10-10,55,2,wk inc rsv prop ed visits,2026-10-24,quantile,0.5,2.0061122129155985e-4
2026-10-10,55,2,wk inc rsv prop ed visits,2026-10-24,quantile,0.55,2.2122600551872088e-4
2026-10-10,55,2,wk inc rsv prop ed visits,2026-10-24,quantile,0.6,2.4260395070968652e-4
2026-10-10,55,2,wk inc rsv prop ed visits,2026-10-24,quantile,0.65,2.6533053322277196e-4
2026-10-10,55,2,wk inc rsv prop ed visits,2026-10-24,quantile,0.7,2.910881624249019e-4
2026-10-10,55,2,wk inc rsv prop ed visits,2026-10-24,quantile,0.75,3.224447877069152e-4
2026-10-10,55,2,wk inc rsv prop ed visits,2026-10-24,quantile,0.8,3.6037838442152473e-4
2026-10-10,55,2,wk inc rsv prop ed visits,2026-10-24,quantile,0.85,4.02019070010133e-4
2026-10-10,55,2,wk inc rsv prop ed visits,2026-10-24,quantile,0.9,4.668127441898956e-4
2026-10-10,55,2,wk inc rsv prop ed visits,2026-10-24,quantile,0.95,6.016044813532822e-4
2026-10-10,55,2,wk inc rsv prop ed visits,2026-10-24,quantile,0.975,7.730042900332054e-4
2026-10-10,55,2,wk inc rsv prop ed visits,2026-10-24,quantile,0.99,9.876835721581738e-4
2026-10-10,55,3,wk inc rsv prop ed visits,2026-10-31,quantile,0.01,1.2405029607434045e-5
2026-10-10,55,3,wk inc rsv prop ed visits,2026-10-31,quantile,0.025,1.9981036808619826e-5
2026-10-10,55,3,wk inc rsv prop ed visits,2026-10-31,quantile,0.05,2.9145249944937617e-5
2026-10-10,55,3,wk inc rsv prop ed visits,2026-10-31,quantile,0.1,4.89932628321428e-5
2026-10-10,55,3,wk inc rsv prop ed visits,2026-10-31,quantile,0.15,8.316112588907469e-5
2026-10-10,55,3,wk inc rsv prop ed visits,2026-10-31,quantile,0.2,1.16015491969532e-4
2026-10-10,55,3,wk inc rsv prop ed visits,2026-10-31,quantile,0.25,1.4784424361995033e-4
2026-10-10,55,3,wk inc rsv prop ed visits,2026-10-31,quantile,0.3,1.7944963756989505e-4
2026-10-10,55,3,wk inc rsv prop ed visits,2026-10-31,quantile,0.35,2.1477485519226503e-4
2026-10-10,55,3,wk inc rsv prop ed visits,2026-10-31,quantile,0.4,2.551848826606969e-4
2026-10-10,55,3,wk inc rsv prop ed visits,2026-10-31,quantile,0.45,3.004385799253381e-4
2026-10-10,55,3,wk inc rsv prop ed visits,2026-10-31,quantile,0.5,3.53902801037227e-4
2026-10-10,55,3,wk inc rsv prop ed visits,2026-10-31,quantile,0.55,4.0032252808199436e-4
2026-10-10,55,3,wk inc rsv prop ed visits,2026-10-31,quantile,0.6,4.519867686776961e-4
2026-10-10,55,3,wk inc rsv prop ed visits,2026-10-31,quantile,0.65,5.093844055638367e-4
2026-10-10,55,3,wk inc rsv prop ed visits,2026-10-31,quantile,0.7,5.741041985811511e-4
2026-10-10,55,3,wk inc rsv prop ed visits,2026-10-31,quantile,0.75,6.828411890935848e-4
2026-10-10,55,3,wk inc rsv prop ed visits,2026-10-31,quantile,0.8,8.070616988166342e-4
2026-10-10,55,3,wk inc rsv prop ed visits,2026-10-31,quantile,0.85,9.956482189852193e-4
2026-10-10,55,3,wk inc rsv prop ed visits,2026-10-31,quantile,0.9,0.0012057128827348334
2026-10-10,55,3,wk inc rsv prop ed visits,2026-10-31,quantile,0.95,0.0013486705811746023
2026-10-10,55,3,wk inc rsv prop ed visits,2026-10-31,quantile,0.975,0.001411976553496605
2026-10-10,55,3,wk inc rsv prop ed visits,2026-10-31,quantile,0.99,0.001502366168788262
2026-10-10,56,0,wk inc rsv prop ed visits,2026-10-10,quantile,0.01,0
2026-10-10,56,0,wk inc rsv prop ed visits,2026-10-10,quantile,0.025,3.597258423433919e-5
2026-10-10,56,0,wk inc rsv prop ed visits,2026-10-10,quantile,0.05,7.861978862664537e-5
2026-10-10,56,0,wk inc rsv prop ed visits,2026-10-10,quantile,0.1,1.40422045830741e-4
2026-10-10,56,0,wk inc rsv prop ed visits,2026-10-10,quantile,0.15,1.8409821621008133e-4
2026-10-10,56,0,wk inc rsv prop ed visits,2026-10-10,quantile,0.2,2.258142613953729e-4
2026-10-10,56,0,wk inc rsv prop ed visits,2026-10-10,quantile,0.25,2.707362659135259e-4
2026-10-10,56,0,wk inc rsv prop ed visits,2026-10-10,quantile,0.3,3.131196837095695e-4
2026-10-10,56,0,wk inc rsv prop ed visits,2026-10-10,quantile,0.35,3.70006048500762e-4
2026-10-10,56,0,wk inc rsv prop ed visits,2026-10-10,quantile,0.4,4.3695696979531985e-4
2026-10-10,56,0,wk inc rsv prop ed visits,2026-10-10,quantile,0.45,4.72043292146729e-4
2026-10-10,56,0,wk inc rsv prop ed visits,2026-10-10,quantile,0.5,5.02613738788914e-4
2026-10-10,56,0,wk inc rsv prop ed visits,2026-10-10,quantile,0.55,5.355892209808487e-4
2026-10-10,56,0,wk inc rsv prop ed visits,2026-10-10,quantile,0.6,5.701800209288396e-4
2026-10-10,56,0,wk inc rsv prop ed visits,2026-10-10,quantile,0.65,6.127757988818374e-4
2026-10-10,56,0,wk inc rsv prop ed visits,2026-10-10,quantile,0.7,6.539158969859934e-4
2026-10-10,56,0,wk inc rsv prop ed visits,2026-10-10,quantile,0.75,7.017813802450096e-4
2026-10-10,56,0,wk inc rsv prop ed visits,2026-10-10,quantile,0.8,7.565498465135273e-4
2026-10-10,56,0,wk inc rsv prop ed visits,2026-10-10,quantile,0.85,8.166608832410745e-4
2026-10-10,56,0,wk inc rsv prop ed visits,2026-10-10,quantile,0.9,9.074060125434684e-4
2026-10-10,56,0,wk inc rsv prop ed visits,2026-10-10,quantile,0.95,0.001179725044118811
2026-10-10,56,0,wk inc rsv prop ed visits,2026-10-10,quantile,0.975,0.001268297800339032
2026-10-10,56,0,wk inc rsv prop ed visits,2026-10-10,quantile,0.99,0.0013369481190648401
2026-10-10,56,1,wk inc rsv prop ed visits,2026-10-17,quantile,0.01,0
2026-10-10,56,1,wk inc rsv prop ed visits,2026-10-17,quantile,0.025,5.202438344383232e-6
2026-10-10,56,1,wk inc rsv prop ed visits,2026-10-17,quantile,0.05,3.9330159290213064e-5
2026-10-10,56,1,wk inc rsv prop ed visits,2026-10-17,quantile,0.1,9.031416657427532e-5
2026-10-10,56,1,wk inc rsv prop ed visits,2026-10-17,quantile,0.15,1.5229600022563842e-4
2026-10-10,56,1,wk inc rsv prop ed visits,2026-10-17,quantile,0.2,2.138197581269381e-4
2026-10-10,56,1,wk inc rsv prop ed visits,2026-10-17,quantile,0.25,2.760818630415174e-4
2026-10-10,56,1,wk inc rsv prop ed visits,2026-10-17,quantile,0.3,3.2037610645800044e-4
2026-10-10,56,1,wk inc rsv prop ed visits,2026-10-17,quantile,0.35,3.937938789839384e-4
2026-10-10,56,1,wk inc rsv prop ed visits,2026-10-17,quantile,0.4,4.6235238611790693e-4
2026-10-10,56,1,wk inc rsv prop ed visits,2026-10-17,quantile,0.45,4.969843803221515e-4
2026-10-10,56,1,wk inc rsv prop ed visits,2026-10-17,quantile,0.5,5.333449441374177e-4
2026-10-10,56,1,wk inc rsv prop ed visits,2026-10-17,quantile,0.55,5.700183312070417e-4
2026-10-10,56,1,wk inc rsv prop ed visits,2026-10-17,quantile,0.6,6.081411103116974e-4
2026-10-10,56,1,wk inc rsv prop ed visits,2026-10-17,quantile,0.65,6.497324564643442e-4
2026-10-10,56,1,wk inc rsv prop ed visits,2026-10-17,quantile,0.7,6.953016209822493e-4
2026-10-10,56,1,wk inc rsv prop ed visits,2026-10-17,quantile,0.75,7.457031273611129e-4
2026-10-10,56,1,wk inc rsv prop ed visits,2026-10-17,quantile,0.8,8.064680497929181e-4
2026-10-10,56,1,wk inc rsv prop ed visits,2026-10-17,quantile,0.85,8.833859961591377e-4
2026-10-10,56,1,wk inc rsv prop ed visits,2026-10-17,quantile,0.9,9.805815754863354e-4
2026-10-10,56,1,wk inc rsv prop ed visits,2026-10-17,quantile,0.95,0.0013201688934436934
2026-10-10,56,1,wk inc rsv prop ed visits,2026-10-17,quantile,0.975,0.001757820475081456
2026-10-10,56,1,wk inc rsv prop ed visits,2026-10-17,quantile,0.99,0.0020588700958836955
2026-10-10,56,2,wk inc rsv prop ed visits,2026-10-24,quantile,0.01,0
2026-10-10,56,2,wk inc rsv prop ed visits,2026-10-24,quantile,0.025,0
2026-10-10,56,2,wk inc rsv prop ed visits,2026-10-24,quantile,0.05,1.5708268094298053e-5
2026-10-10,56,2,wk inc rsv prop ed visits,2026-10-24,quantile,0.1,9.022655200747831e-5
2026-10-10,56,2,wk inc rsv prop ed visits,2026-10-24,quantile,0.15,1.6866029465161485e-4
2026-10-10,56,2,wk inc rsv prop ed visits,2026-10-24,quantile,0.2,2.3209615247153415e-4
2026-10-10,56,2,wk inc rsv prop ed visits,2026-10-24,quantile,0.25,3.0356144153078236e-4
2026-10-10,56,2,wk inc rsv prop ed visits,2026-10-24,quantile,0.3,3.867973680730056e-4
2026-10-10,56,2,wk inc rsv prop ed visits,2026-10-24,quantile,0.35,4.475083440847677e-4
2026-10-10,56,2,wk inc rsv prop ed visits,2026-10-24,quantile,0.4,4.8321234143906713e-4
2026-10-10,56,2,wk inc rsv prop ed visits,2026-10-24,quantile,0.45,5.148936414916454e-4
2026-10-10,56,2,wk inc rsv prop ed visits,2026-10-24,quantile,0.5,5.509695801133657e-4
2026-10-10,56,2,wk inc rsv prop ed visits,2026-10-24,quantile,0.55,5.963586168937398e-4
2026-10-10,56,2,wk inc rsv prop ed visits,2026-10-24,quantile,0.6,6.371523427546035e-4
2026-10-10,56,2,wk inc rsv prop ed visits,2026-10-24,quantile,0.65,6.81723867756599e-4
2026-10-10,56,2,wk inc rsv prop ed visits,2026-10-24,quantile,0.7,7.287842898402679e-4
2026-10-10,56,2,wk inc rsv prop ed visits,2026-10-24,quantile,0.75,7.829675106850041e-4
2026-10-10,56,2,wk inc rsv prop ed visits,2026-10-24,quantile,0.8,8.453823589381752e-4
2026-10-10,56,2,wk inc rsv prop ed visits,2026-10-24,quantile,0.85,9.241224671070798e-4
2026-10-10,56,2,wk inc rsv prop ed visits,2026-10-24,quantile,0.9,0.0010971125140029358
2026-10-10,56,2,wk inc rsv prop ed visits,2026-10-24,quantile,0.95,0.0015303826547795568
2026-10-10,56,2,wk inc rsv prop ed visits,2026-10-24,quantile,0.975,0.0022914209572199745
2026-10-10,56,2,wk inc rsv prop ed visits,2026-10-24,quantile,0.99,0.002705701974056602
2026-10-10,56,3,wk inc rsv prop ed visits,2026-10-31,quantile,0.01,5.866647527296407e-5
2026-10-10,56,3,wk inc rsv prop ed visits,2026-10-31,quantile,0.025,8.299686440454054e-5
2026-10-10,56,3,wk inc rsv prop ed visits,2026-10-31,quantile,0.05,1.0871577763813205e-4
2026-10-10,56,3,wk inc rsv prop ed visits,2026-10-31,quantile,0.1,1.7302737017719464e-4
2026-10-10,56,3,wk inc rsv prop ed visits,2026-10-31,quantile,0.15,2.314029676110049e-4
2026-10-10,56,3,wk inc rsv prop ed visits,2026-10-31,quantile,0.2,3.0385062853124066e-4
2026-10-10,56,3,wk inc rsv prop ed visits,2026-10-31,quantile,0.25,3.774800148136607e-4
2026-10-10,56,3,wk inc rsv prop ed visits,2026-10-31,quantile,0.3,4.575133055233859e-4
2026-10-10,56,3,wk inc rsv prop ed visits,2026-10-31,quantile,0.35,5.452949342589594e-4
2026-10-10,56,3,wk inc rsv prop ed visits,2026-10-31,quantile,0.4,6.253711705842847e-4
2026-10-10,56,3,wk inc rsv prop ed visits,2026-10-31,quantile,0.45,7.160342735012459e-4
2026-10-10,56,3,wk inc rsv prop ed visits,2026-10-31,quantile,0.5,8.313966216848501e-4
2026-10-10,56,3,wk inc rsv prop ed visits,2026-10-31,quantile,0.55,9.507356977411742e-4
2026-10-10,56,3,wk inc rsv prop ed visits,2026-10-31,quantile,0.6,0.0011026643384435138
2026-10-10,56,3,wk inc rsv prop ed visits,2026-10-31,quantile,0.65,0.0012800656785295576
2026-10-10,56,3,wk inc rsv prop ed visits,2026-10-31,quantile,0.7,0.0014979152876458501
2026-10-10,56,3,wk inc rsv prop ed visits,2026-10-31,quantile,0.75,0.0018482912055214878
2026-10-10,56,3,wk inc rsv prop ed visits,2026-10-31,quantile,0.8,0.0021979854997443544
2026-10-10,56,3,wk inc rsv prop ed visits,2026-10-31,quantile,0.85,0.002501680952233222
2026-10-10,56,3,wk inc rsv prop ed visits,2026-10-31,quantile,0.9,0.0025619993447407365
2026-10-10,56,3,wk inc rsv prop ed visits,2026-10-31,quantile,0.95,0.002654281534396943
2026-10-10,56,3,wk inc rsv prop ed visits,2026-10-31,quantile,0.975,0.0027510901456241094
2026-10-10,56,3,wk inc rsv prop ed visits,2026-10-31,quantile,0.99,0.002861101939554167
2026-10-10,US,0,wk inc rsv prop ed visits,2026-10-10,quantile,0.01,3.6369650728168264e-4
2026-10-10,US,0,wk inc rsv prop ed visits,2026-10-10,quantile,0.025,3.889093658321374e-4
2026-10-10,US,0,wk inc rsv prop ed visits,2026-10-10,quantile,0.05,4.7914845487802315e-4
2026-10-10,US,0,wk inc rsv prop ed visits,2026-10-10,quantile,0.1,5.293849917226859e-4
2026-10-10,US,0,wk inc rsv prop ed visits,2026-10-10,quantile,0.15,5.558145137291e-4
2026-10-10,US,0,wk inc rsv prop ed visits,2026-10-10,quantile,0.2,5.753415077163618e-4
2026-10-10,US,0,wk inc rsv prop ed visits,2026-10-10,quantile,0.25,5.906660660595991e-4
2026-10-10,US,0,wk inc rsv prop ed visits,2026-10-10,quantile,0.3,5.973005583775831e-4
2026-10-10,US,0,wk inc rsv prop ed visits,2026-10-10,quantile,0.35,6.044841776344189e-4
2026-10-10,US,0,wk inc rsv prop ed visits,2026-10-10,quantile,0.4,6.132138665403385e-4
2026-10-10,US,0,wk inc rsv prop ed visits,2026-10-10,quantile,0.45,6.379306878461031e-4
2026-10-10,US,0,wk inc rsv prop ed visits,2026-10-10,quantile,0.5,6.651275068716828e-4
2026-10-10,US,0,wk inc rsv prop ed visits,2026-10-10,quantile,0.55,6.900211088379864e-4
2026-10-10,US,0,wk inc rsv prop ed visits,2026-10-10,quantile,0.6,7.034209307776472e-4
2026-10-10,US,0,wk inc rsv prop ed visits,2026-10-10,quantile,0.65,7.205523827308407e-4
2026-10-10,US,0,wk inc rsv prop ed visits,2026-10-10,quantile,0.7,7.370404887825997e-4
2026-10-10,US,0,wk inc rsv prop ed visits,2026-10-10,quantile,0.75,7.582037169493052e-4
2026-10-10,US,0,wk inc rsv prop ed visits,2026-10-10,quantile,0.8,7.782319932180587e-4
2026-10-10,US,0,wk inc rsv prop ed visits,2026-10-10,quantile,0.85,8.060715126452466e-4
2026-10-10,US,0,wk inc rsv prop ed visits,2026-10-10,quantile,0.9,8.362721258080035e-4
2026-10-10,US,0,wk inc rsv prop ed visits,2026-10-10,quantile,0.95,8.954907247081523e-4
2026-10-10,US,0,wk inc rsv prop ed visits,2026-10-10,quantile,0.975,9.643154872614758e-4
2026-10-10,US,0,wk inc rsv prop ed visits,2026-10-10,quantile,0.99,0.0010564744686680412
2026-10-10,US,1,wk inc rsv prop ed visits,2026-10-17,quantile,0.01,3.8433265669205423e-4
2026-10-10,US,1,wk inc rsv prop ed visits,2026-10-17,quantile,0.025,4.989046159108248e-4
2026-10-10,US,1,wk inc rsv prop ed visits,2026-10-17,quantile,0.05,5.51727795921238e-4
2026-10-10,US,1,wk inc rsv prop ed visits,2026-10-17,quantile,0.1,6.096216542741099e-4
2026-10-10,US,1,wk inc rsv prop ed visits,2026-10-17,quantile,0.15,6.345927135590741e-4
2026-10-10,US,1,wk inc rsv prop ed visits,2026-10-17,quantile,0.2,6.520757209708093e-4
2026-10-10,US,1,wk inc rsv prop ed visits,2026-10-17,quantile,0.25,6.693611229167618e-4
2026-10-10,US,1,wk inc rsv prop ed visits,2026-10-17,quantile,0.3,6.843028925770092e-4
2026-10-10,US,1,wk inc rsv prop ed visits,2026-10-17,quantile,0.35,6.982371046266499e-4
2026-10-10,US,1,wk inc rsv prop ed visits,2026-10-17,quantile,0.4,7.227067754855081e-4
2026-10-10,US,1,wk inc rsv prop ed visits,2026-10-17,quantile,0.45,7.574677658199772e-4
2026-10-10,US,1,wk inc rsv prop ed visits,2026-10-17,quantile,0.5,7.916155989547315e-4
2026-10-10,US,1,wk inc rsv prop ed visits,2026-10-17,quantile,0.55,8.293292769263684e-4
2026-10-10,US,1,wk inc rsv prop ed visits,2026-10-17,quantile,0.6,8.743896816861118e-4
2026-10-10,US,1,wk inc rsv prop ed visits,2026-10-17,quantile,0.65,9.13741423793201e-4
2026-10-10,US,1,wk inc rsv prop ed visits,2026-10-17,quantile,0.7,9.436742162082586e-4
2026-10-10,US,1,wk inc rsv prop ed visits,2026-10-17,quantile,0.75,9.770528962013579e-4
2026-10-10,US,1,wk inc rsv prop ed visits,2026-10-17,quantile,0.8,0.0010179344768132964
2026-10-10,US,1,wk inc rsv prop ed visits,2026-10-17,quantile,0.85,0.001067703320096007
2026-10-10,US,1,wk inc rsv prop ed visits,2026-10-17,quantile,0.9,0.001126857091202649
2026-10-10,US,1,wk inc rsv prop ed visits,2026-10-17,quantile,0.95,0.001237224514871267
2026-10-10,US,1,wk inc rsv prop ed visits,2026-10-17,quantile,0.975,0.0013840014214092883
2026-10-10,US,1,wk inc rsv prop ed visits,2026-10-17,quantile,0.99,0.0015012429927904278
2026-10-10,US,2,wk inc rsv prop ed visits,2026-10-24,quantile,0.01,4.677254652889806e-4
2026-10-10,US,2,wk inc rsv prop ed visits,2026-10-24,quantile,0.025,5.388058423860416e-4
2026-10-10,US,2,wk inc rsv prop ed visits,2026-10-24,quantile,0.05,5.973898464302072e-4
2026-10-10,US,2,wk inc rsv prop ed visits,2026-10-24,quantile,0.1,6.621065175065139e-4
2026-10-10,US,2,wk inc rsv prop ed visits,2026-10-24,quantile,0.15,7.00684490754905e-4
2026-10-10,US,2,wk inc rsv prop ed visits,2026-10-24,quantile,0.2,7.306460376427321e-4
2026-10-10,US,2,wk inc rsv prop ed visits,2026-10-24,quantile,0.25,7.567424771009758e-4
2026-10-10,US,2,wk inc rsv prop ed visits,2026-10-24,quantile,0.3,7.81238721256441e-4
2026-10-10,US,2,wk inc rsv prop ed visits,2026-10-24,quantile,0.35,8.123910719238799e-4
2026-10-10,US,2,wk inc rsv prop ed visits,2026-10-24,quantile,0.4,8.534810234907071e-4
2026-10-10,US,2,wk inc rsv prop ed visits,2026-10-24,quantile,0.45,8.99005885786336e-4
2026-10-10,US,2,wk inc rsv prop ed visits,2026-10-24,quantile,0.5,9.43403573717493e-4
2026-10-10,US,2,wk inc rsv prop ed visits,2026-10-24,quantile,0.55,9.93608042558907e-4
2026-10-10,US,2,wk inc rsv prop ed visits,2026-10-24,quantile,0.6,0.001044275697533844
2026-10-10,US,2,wk inc rsv prop ed visits,2026-10-24,quantile,0.65,0.0011019445094831997
2026-10-10,US,2,wk inc rsv prop ed visits,2026-10-24,quantile,0.7,0.0011644317408959506
2026-10-10,US,2,wk inc rsv prop ed visits,2026-10-24,quantile,0.75,0.0012335580819844514
2026-10-10,US,2,wk inc rsv prop ed visits,2026-10-24,quantile,0.8,0.0013081423829310942
2026-10-10,US,2,wk inc rsv prop ed visits,2026-10-24,quantile,0.85,0.001409599067834572
2026-10-10,US,2,wk inc rsv prop ed visits,2026-10-24,quantile,0.9,0.0015383402649664368
2026-10-10,US,2,wk inc rsv prop ed visits,2026-10-24,quantile,0.95,0.0016911719471651692
2026-10-10,US,2,wk inc rsv prop ed visits,2026-10-24,quantile,0.975,0.0018786267486777838
2026-10-10,US,2,wk inc rsv prop ed visits,2026-10-24,quantile,0.99,0.002037730905449215
2026-10-10,US,3,wk inc rsv prop ed visits,2026-10-31,quantile,0.01,2.2850945072191335e-4
2026-10-10,US,3,wk inc rsv prop ed visits,2026-10-31,quantile,0.025,3.875474896206934e-4
2026-10-10,US,3,wk inc rsv prop ed visits,2026-10-31,quantile,0.05,5.096276349205722e-4
2026-10-10,US,3,wk inc rsv prop ed visits,2026-10-31,quantile,0.1,6.6380173857938e-4
2026-10-10,US,3,wk inc rsv prop ed visits,2026-10-31,quantile,0.15,7.70418807864144e-4
2026-10-10,US,3,wk inc rsv prop ed visits,2026-10-31,quantile,0.2,8.606588950872919e-4
2026-10-10,US,3,wk inc rsv prop ed visits,2026-10-31,quantile,0.25,9.364932384660089e-4
2026-10-10,US,3,wk inc rsv prop ed visits,2026-10-31,quantile,0.3,0.0010054518172725004
2026-10-10,US,3,wk inc rsv prop ed visits,2026-10-31,quantile,0.35,0.0010699273210640291
2026-10-10,US,3,wk inc rsv prop ed visits,2026-10-31,quantile,0.4,0.0011618934158613044
2026-10-10,US,3,wk inc rsv prop ed visits,2026-10-31,quantile,0.45,0.0012678697817775637
2026-10-10,US,3,wk inc rsv prop ed visits,2026-10-31,quantile,0.5,0.0013676863294971443
2026-10-10,US,3,wk inc rsv prop ed visits,2026-10-31,quantile,0.55,0.0014693479017953474
2026-10-10,US,3,wk inc rsv prop ed visits,2026-10-31,quantile,0.6,0.001591192483592812
2026-10-10,US,3,wk inc rsv prop ed visits,2026-10-31,quantile,0.65,0.0017088524889501146
2026-10-10,US,3,wk inc rsv prop ed visits,2026-10-31,quantile,0.7,0.001827607068665566
2026-10-10,US,3,wk inc rsv prop ed visits,2026-10-31,quantile,0.75,0.0019678203946134182
2026-10-10,US,3,wk inc rsv prop ed visits,2026-10-31,quantile,0.8,0.0021270178892974067
2026-10-10,US,3,wk inc rsv prop ed visits,2026-10-31,quantile,0.85,0.0023302994061382525
2026-10-10,US,3,wk inc rsv prop ed visits,2026-10-31,quantile,0.9,0.002607958364210216
2026-10-10,US,3,wk inc rsv prop ed visits,2026-10-31,quantile,0.95,0.0030674202834703604
2026-10-10,US,3,wk inc rsv prop ed visits,2026-10-31,quantile,0.975,0.0034906334086262127
2026-10-10,US,3,wk inc rsv prop ed visits,2026-10-31,quantile,0.99,0.004020656720542613
